ISO-10303-21;
HEADER;
FILE_DESCRIPTION(('FreeCAD Model'),'2;1');
FILE_NAME('Open CASCADE Shape Model','2026-09-03T20:23:51',(''),(''),
  'Open CASCADE STEP processor 7.8','FreeCAD','Unknown');
FILE_SCHEMA(('AUTOMOTIVE_DESIGN { 1 0 10303 214 1 1 1 1 }'));
ENDSEC;
DATA;
#1 = APPLICATION_PROTOCOL_DEFINITION('international standard',
  'automotive_design',2000,#2);
#2 = APPLICATION_CONTEXT(
  'core data for automotive mechanical design processes');
#3 = SHAPE_DEFINITION_REPRESENTATION(#4,#10);
#4 = PRODUCT_DEFINITION_SHAPE('','',#5);
#5 = PRODUCT_DEFINITION('design','',#6,#9);
#6 = PRODUCT_DEFINITION_FORMATION('','',#7);
#7 = PRODUCT('Top','Top','',(#8));
#8 = PRODUCT_CONTEXT('',#2,'mechanical');
#9 = PRODUCT_DEFINITION_CONTEXT('part definition',#2,'design');
#10 = ADVANCED_BREP_SHAPE_REPRESENTATION('',(#11,#15),#9525);
#11 = AXIS2_PLACEMENT_3D('',#12,#13,#14);
#12 = CARTESIAN_POINT('',(0.,0.,0.));
#13 = DIRECTION('',(0.,0.,1.));
#14 = DIRECTION('',(1.,0.,-0.));
#15 = MANIFOLD_SOLID_BREP('',#16);
#16 = CLOSED_SHELL('',(#17,#49,#72,#95,#118,#141,#164,#187,#210,#233,
    #256,#279,#302,#325,#348,#371,#394,#417,#440,#463,#486,#509,#532,
    #555,#578,#601,#624,#645,#661,#693,#716,#739,#762,#785,#808,#831,
    #854,#877,#900,#923,#946,#969,#992,#1015,#1038,#1061,#1084,#1107,
    #1130,#1153,#1176,#1199,#1222,#1245,#1268,#1289,#1305,#1337,#1360,
    #1392,#1415,#1436,#1452,#1475,#1498,#1521,#1544,#1560,#1583,#1606,
    #1622,#1645,#1675,#1698,#1714,#1746,#1769,#1792,#1824,#1847,#1868,
    #1884,#1907,#1930,#1953,#1976,#1992,#2008,#2031,#2054,#2070,#2093,
    #2116,#2139,#2160,#2176,#2199,#2215,#2238,#2261,#2284,#2307,#2330,
    #2353,#2376,#2399,#2422,#2443,#2459,#2482,#2498,#2519,#2535,#2551,
    #2567,#2583,#2599,#2631,#2654,#2677,#2705,#2721,#2737,#2753,#2776,
    #2792,#2813,#2834,#2850,#2871,#2887,#2910,#2931,#2947,#2958,#2979,
    #2990,#3006,#3017,#3040,#3063,#3079,#3102,#3118,#3134,#3164,#3187,
    #3210,#3233,#3256,#3279,#3295,#3318,#3341,#3369,#3385,#3401,#3412,
    #3435,#3458,#3481,#3504,#3527,#3550,#3580,#3596,#3619,#3642,#3665,
    #3681,#3704,#3720,#3743,#3759,#3782,#3798,#3821,#3837,#3853,#3876,
    #3899,#3922,#3945,#3966,#3987,#3998,#4028,#4051,#4074,#4097,#4120,
    #4143,#4166,#4189,#4205,#4228,#4251,#4274,#4297,#4320,#4343,#4366,
    #4389,#4412,#4428,#4439,#4455,#4471,#4501,#4524,#4540,#4563,#4586,
    #4609,#4625,#4648,#4664,#4680,#4691,#4707,#4728,#4744,#4755,#4776,
    #4792,#4808,#4819,#4849,#4872,#4895,#4911,#4927,#4950,#4973,#4996,
    #5026,#5049,#5072,#5102,#5125,#5148,#5164,#5185,#5208,#5231,#5247,
    #5270,#5293,#5316,#5339,#5362,#5385,#5408,#5431,#5447,#5463,#5474,
    #5504,#5527,#5550,#5580,#5603,#5619,#5642,#5665,#5688,#5711,#5732,
    #5748,#5771,#5794,#5817,#5840,#5863,#5886,#5916,#5939,#5955,#5966,
    #5989,#6005,#6028,#6044,#6060,#6071,#6094,#6110,#6133,#6149,#6172,
    #6188,#6211,#6227,#6248,#6259,#6280,#6296,#6312,#6328,#6344,#6360,
    #6376,#6397,#6413,#6429,#6445,#6461,#6477,#6493,#6509,#6525,#6548,
    #6564,#6580,#6603,#6624,#6640,#6656,#6672,#6688,#6704,#6725,#6741,
    #6757,#6773,#6789,#6805,#6821,#6837,#6858,#6874,#6890,#6901,#6922,
    #6938,#6954,#6970,#6986,#7002,#7025,#7041,#7057,#7073,#7094,#7110,
    #7126,#7142,#7158,#7174,#7190,#7201,#7222,#7238,#7254,#7270,#7286,
    #7302,#7318,#7329,#7352,#7368,#7391,#7407,#7430,#7446,#7469,#7485,
    #7506,#7522,#7538,#7554,#7570,#7586,#7602,#7618,#7634,#7650,#7666,
    #7682,#7698,#7714,#7730,#7746,#7762,#7773,#7796,#7812,#7828,#7851,
    #7867,#7890,#7906,#7929,#7945,#7968,#7984,#8007,#8023,#8046,#8062,
    #8085,#8108,#8124,#8145,#8161,#8177,#8193,#8209,#8225,#8241,#8252,
    #8275,#8291,#8314,#8330,#8353,#8369,#8392,#8408,#8429,#8445,#8461,
    #8477,#8493,#8509,#8525,#8541,#8557,#8573,#8589,#8605,#8621,#8637,
    #8653,#8669,#8685,#8696,#8717,#8733,#8749,#8765,#8781,#8797,#8820,
    #8836,#8852,#8868,#8889,#8905,#8921,#8937,#8953,#8969,#8985,#8996,
    #9017,#9028,#9044,#9055,#9071,#9087,#9108,#9124,#9140,#9151,#9167,
    #9178,#9194,#9215,#9231,#9242,#9263,#9279,#9295,#9311,#9327,#9338,
    #9354,#9370,#9386,#9402,#9418,#9434,#9450,#9466,#9482,#9498,#9514));
#17 = ADVANCED_FACE('',(#18),#44,.T.);
#18 = FACE_BOUND('',#19,.T.);
#19 = EDGE_LOOP('',(#20,#30,#38));
#20 = ORIENTED_EDGE('',*,*,#21,.T.);
#21 = EDGE_CURVE('',#22,#24,#26,.T.);
#22 = VERTEX_POINT('',#23);
#23 = CARTESIAN_POINT('',(-19.02697875499,-3.863620001078,
    11.795755290985));
#24 = VERTEX_POINT('',#25);
#25 = CARTESIAN_POINT('',(-18.86222076416,-3.863620001078,
    11.073903155327));
#26 = LINE('',#27,#28);
#27 = CARTESIAN_POINT('',(-19.02697875499,-3.863620001078,
    11.795755290985));
#28 = VECTOR('',#29,1.);
#29 = DIRECTION('',(0.222520871566,0.,-0.974927926422));
#30 = ORIENTED_EDGE('',*,*,#31,.T.);
#31 = EDGE_CURVE('',#24,#32,#34,.T.);
#32 = VERTEX_POINT('',#33);
#33 = CARTESIAN_POINT('',(-18.86222076416,11.173180192709,
    11.073903155327));
#34 = LINE('',#35,#36);
#35 = CARTESIAN_POINT('',(-18.86222076416,-3.863620001078,
    11.073903155327));
#36 = VECTOR('',#37,1.);
#37 = DIRECTION('',(0.,1.,0.));
#38 = ORIENTED_EDGE('',*,*,#39,.T.);
#39 = EDGE_CURVE('',#32,#22,#40,.T.);
#40 = LINE('',#41,#42);
#41 = CARTESIAN_POINT('',(-18.86222076416,11.173180192709,
    11.073903155327));
#42 = VECTOR('',#43,1.);
#43 = DIRECTION('',(-1.094372571609E-02,-0.99878989864,4.79476093395E-02
    ));
#44 = PLANE('',#45);
#45 = AXIS2_PLACEMENT_3D('',#46,#47,#48);
#46 = CARTESIAN_POINT('',(-18.90442373863,3.474230645962,11.258806522393
    ));
#47 = DIRECTION('',(0.974927926422,0.,0.222520871566));
#48 = DIRECTION('',(-0.222520871566,0.,0.974927926422));
#49 = ADVANCED_FACE('',(#50),#67,.T.);
#50 = FACE_BOUND('',#51,.T.);
#51 = EDGE_LOOP('',(#52,#60,#61));
#52 = ORIENTED_EDGE('',*,*,#53,.T.);
#53 = EDGE_CURVE('',#54,#22,#56,.T.);
#54 = VERTEX_POINT('',#55);
#55 = CARTESIAN_POINT('',(-19.02697875499,11.173180192709,
    11.795755290985));
#56 = LINE('',#57,#58);
#57 = CARTESIAN_POINT('',(-19.02697875499,11.173180192709,
    11.795755290985));
#58 = VECTOR('',#59,1.);
#59 = DIRECTION('',(0.,-1.,0.));
#60 = ORIENTED_EDGE('',*,*,#39,.F.);
#61 = ORIENTED_EDGE('',*,*,#62,.T.);
#62 = EDGE_CURVE('',#32,#54,#63,.T.);
#63 = LINE('',#64,#65);
#64 = CARTESIAN_POINT('',(-18.86222076416,11.173180192709,
    11.073903155327));
#65 = VECTOR('',#66,1.);
#66 = DIRECTION('',(-0.222520871566,0.,0.974927926422));
#67 = PLANE('',#68);
#68 = AXIS2_PLACEMENT_3D('',#69,#70,#71);
#69 = CARTESIAN_POINT('',(-18.98477578052,3.835329545669,11.610851923919
    ));
#70 = DIRECTION('',(0.974927926422,0.,0.222520871566));
#71 = DIRECTION('',(-0.222520871566,0.,0.974927926422));
#72 = ADVANCED_FACE('',(#73),#90,.T.);
#73 = FACE_BOUND('',#74,.T.);
#74 = EDGE_LOOP('',(#75,#83,#84));
#75 = ORIENTED_EDGE('',*,*,#76,.T.);
#76 = EDGE_CURVE('',#77,#22,#79,.T.);
#77 = VERTEX_POINT('',#78);
#78 = CARTESIAN_POINT('',(-18.86222076416,-3.863620001078,
    12.517607426643));
#79 = LINE('',#80,#81);
#80 = CARTESIAN_POINT('',(-18.86222076416,-3.863620001078,
    12.517607426643));
#81 = VECTOR('',#82,1.);
#82 = DIRECTION('',(-0.222520871566,0.,-0.974927926422));
#83 = ORIENTED_EDGE('',*,*,#53,.F.);
#84 = ORIENTED_EDGE('',*,*,#85,.T.);
#85 = EDGE_CURVE('',#54,#77,#86,.T.);
#86 = LINE('',#87,#88);
#87 = CARTESIAN_POINT('',(-19.02697875499,11.173180192709,
    11.795755290985));
#88 = VECTOR('',#89,1.);
#89 = DIRECTION('',(1.094372571609E-02,-0.99878989864,4.79476093395E-02)
  );
#90 = PLANE('',#91);
#91 = AXIS2_PLACEMENT_3D('',#92,#93,#94);
#92 = CARTESIAN_POINT('',(-18.98477578052,3.474230645962,11.980658658052
    ));
#93 = DIRECTION('',(0.974927926422,0.,-0.222520871566));
#94 = DIRECTION('',(0.222520871566,0.,0.974927926422));
#95 = ADVANCED_FACE('',(#96),#113,.T.);
#96 = FACE_BOUND('',#97,.T.);
#97 = EDGE_LOOP('',(#98,#106,#107));
#98 = ORIENTED_EDGE('',*,*,#99,.T.);
#99 = EDGE_CURVE('',#100,#77,#102,.T.);
#100 = VERTEX_POINT('',#101);
#101 = CARTESIAN_POINT('',(-18.86222076416,11.173180192709,
    12.517607426643));
#102 = LINE('',#103,#104);
#103 = CARTESIAN_POINT('',(-18.86222076416,11.173180192709,
    12.517607426643));
#104 = VECTOR('',#105,1.);
#105 = DIRECTION('',(0.,-1.,0.));
#106 = ORIENTED_EDGE('',*,*,#85,.F.);
#107 = ORIENTED_EDGE('',*,*,#108,.T.);
#108 = EDGE_CURVE('',#54,#100,#109,.T.);
#109 = LINE('',#110,#111);
#110 = CARTESIAN_POINT('',(-19.02697875499,11.173180192709,
    11.795755290985));
#111 = VECTOR('',#112,1.);
#112 = DIRECTION('',(0.222520871566,0.,0.974927926422));
#113 = PLANE('',#114);
#114 = AXIS2_PLACEMENT_3D('',#115,#116,#117);
#115 = CARTESIAN_POINT('',(-18.90442373863,3.835329545669,
    12.332704059577));
#116 = DIRECTION('',(0.974927926422,0.,-0.222520871566));
#117 = DIRECTION('',(0.222520871566,0.,0.974927926422));
#118 = ADVANCED_FACE('',(#119),#136,.T.);
#119 = FACE_BOUND('',#120,.T.);
#120 = EDGE_LOOP('',(#121,#129,#130));
#121 = ORIENTED_EDGE('',*,*,#122,.T.);
#122 = EDGE_CURVE('',#123,#77,#125,.T.);
#123 = VERTEX_POINT('',#124);
#124 = CARTESIAN_POINT('',(-18.40057864189,-3.863620001078,
    13.096488940716));
#125 = LINE('',#126,#127);
#126 = CARTESIAN_POINT('',(-18.40057864189,-3.863620001078,
    13.096488940716));
#127 = VECTOR('',#128,1.);
#128 = DIRECTION('',(-0.623489405159,0.,-0.781831798825));
#129 = ORIENTED_EDGE('',*,*,#99,.F.);
#130 = ORIENTED_EDGE('',*,*,#131,.T.);
#131 = EDGE_CURVE('',#100,#123,#132,.T.);
#132 = LINE('',#133,#134);
#133 = CARTESIAN_POINT('',(-18.86222076416,11.173180192709,
    12.517607426643));
#134 = VECTOR('',#135,1.);
#135 = DIRECTION('',(3.06636705273E-02,-0.998789895214,
    3.845106667179E-02));
#136 = PLANE('',#137);
#137 = AXIS2_PLACEMENT_3D('',#138,#139,#140);
#138 = CARTESIAN_POINT('',(-18.74397052775,3.474230396337,
    12.665888687359));
#139 = DIRECTION('',(0.781831798825,0.,-0.623489405159));
#140 = DIRECTION('',(0.623489405159,0.,0.781831798825));
#141 = ADVANCED_FACE('',(#142),#159,.T.);
#142 = FACE_BOUND('',#143,.T.);
#143 = EDGE_LOOP('',(#144,#152,#153));
#144 = ORIENTED_EDGE('',*,*,#145,.T.);
#145 = EDGE_CURVE('',#146,#123,#148,.T.);
#146 = VERTEX_POINT('',#147);
#147 = CARTESIAN_POINT('',(-18.40057864189,11.173180192709,
    13.096488940716));
#148 = LINE('',#149,#150);
#149 = CARTESIAN_POINT('',(-18.40057864189,11.173180192709,
    13.096488940716));
#150 = VECTOR('',#151,1.);
#151 = DIRECTION('',(0.,-1.,0.));
#152 = ORIENTED_EDGE('',*,*,#131,.F.);
#153 = ORIENTED_EDGE('',*,*,#154,.T.);
#154 = EDGE_CURVE('',#100,#146,#155,.T.);
#155 = LINE('',#156,#157);
#156 = CARTESIAN_POINT('',(-18.86222076416,11.173180192709,
    12.517607426643));
#157 = VECTOR('',#158,1.);
#158 = DIRECTION('',(0.623489405159,0.,0.781831798825));
#159 = PLANE('',#160);
#160 = AXIS2_PLACEMENT_3D('',#161,#162,#163);
#161 = CARTESIAN_POINT('',(-18.51882887829,3.835329795294,12.94820768));
#162 = DIRECTION('',(0.781831798825,0.,-0.623489405159));
#163 = DIRECTION('',(0.623489405159,0.,0.781831798825));
#164 = ADVANCED_FACE('',(#165),#182,.T.);
#165 = FACE_BOUND('',#166,.T.);
#166 = EDGE_LOOP('',(#167,#175,#176));
#167 = ORIENTED_EDGE('',*,*,#168,.T.);
#168 = EDGE_CURVE('',#169,#123,#171,.T.);
#169 = VERTEX_POINT('',#170);
#170 = CARTESIAN_POINT('',(-17.73348636627,-3.863620001078,
    13.417743253708));
#171 = LINE('',#172,#173);
#172 = CARTESIAN_POINT('',(-17.73348636627,-3.863620001078,
    13.417743253708));
#173 = VECTOR('',#174,1.);
#174 = DIRECTION('',(-0.900969076633,0.,-0.433883305683));
#175 = ORIENTED_EDGE('',*,*,#145,.F.);
#176 = ORIENTED_EDGE('',*,*,#177,.T.);
#177 = EDGE_CURVE('',#146,#169,#178,.T.);
#178 = LINE('',#179,#180);
#179 = CARTESIAN_POINT('',(-18.40057864189,11.173180192709,
    13.096488940716));
#180 = VECTOR('',#181,1.);
#181 = DIRECTION('',(4.431029319271E-02,-0.998789897018,
    2.133868629326E-02));
#182 = PLANE('',#183);
#183 = AXIS2_PLACEMENT_3D('',#184,#185,#186);
#184 = CARTESIAN_POINT('',(-18.22970208172,3.474230527737,
    13.178778653774));
#185 = DIRECTION('',(0.433883305683,0.,-0.900969076633));
#186 = DIRECTION('',(-0.900969076633,0.,-0.433883305683));
#187 = ADVANCED_FACE('',(#188),#205,.T.);
#188 = FACE_BOUND('',#189,.T.);
#189 = EDGE_LOOP('',(#190,#198,#199));
#190 = ORIENTED_EDGE('',*,*,#191,.T.);
#191 = EDGE_CURVE('',#192,#169,#194,.T.);
#192 = VERTEX_POINT('',#193);
#193 = CARTESIAN_POINT('',(-17.73348636627,11.173180192709,
    13.417743253708));
#194 = LINE('',#195,#196);
#195 = CARTESIAN_POINT('',(-17.73348636627,11.173180192709,
    13.417743253708));
#196 = VECTOR('',#197,1.);
#197 = DIRECTION('',(0.,-1.,0.));
#198 = ORIENTED_EDGE('',*,*,#177,.F.);
#199 = ORIENTED_EDGE('',*,*,#200,.T.);
#200 = EDGE_CURVE('',#146,#192,#201,.T.);
#201 = LINE('',#202,#203);
#202 = CARTESIAN_POINT('',(-18.40057864189,11.173180192709,
    13.096488940716));
#203 = VECTOR('',#204,1.);
#204 = DIRECTION('',(0.900969076633,0.,0.433883305683));
#205 = PLANE('',#206);
#206 = AXIS2_PLACEMENT_3D('',#207,#208,#209);
#207 = CARTESIAN_POINT('',(-17.90436292644,3.835329663895,
    13.335453540649));
#208 = DIRECTION('',(0.433883305683,0.,-0.900969076633));
#209 = DIRECTION('',(-0.900969076633,0.,-0.433883305683));
#210 = ADVANCED_FACE('',(#211),#228,.T.);
#211 = FACE_BOUND('',#212,.T.);
#212 = EDGE_LOOP('',(#213,#221,#222));
#213 = ORIENTED_EDGE('',*,*,#214,.T.);
#214 = EDGE_CURVE('',#215,#169,#217,.T.);
#215 = VERTEX_POINT('',#216);
#216 = CARTESIAN_POINT('',(-16.99307007789,-3.863620001078,
    13.417743253708));
#217 = LINE('',#218,#219);
#218 = CARTESIAN_POINT('',(-16.99307007789,-3.863620001078,
    13.417743253708));
#219 = VECTOR('',#220,1.);
#220 = DIRECTION('',(-1.,0.,0.));
#221 = ORIENTED_EDGE('',*,*,#191,.F.);
#222 = ORIENTED_EDGE('',*,*,#223,.T.);
#223 = EDGE_CURVE('',#192,#215,#224,.T.);
#224 = LINE('',#225,#226);
#225 = CARTESIAN_POINT('',(-17.73348636627,11.173180192709,
    13.417743253708));
#226 = VECTOR('',#227,1.);
#227 = DIRECTION('',(4.918069663386E-02,-0.998789897365,0.));
#228 = PLANE('',#229);
#229 = AXIS2_PLACEMENT_3D('',#230,#231,#232);
#230 = CARTESIAN_POINT('',(-17.54382776484,3.474230553053,
    13.417743253708));
#231 = DIRECTION('',(-0.,-0.,-1.));
#232 = DIRECTION('',(-1.,0.,0.));
#233 = ADVANCED_FACE('',(#234),#251,.T.);
#234 = FACE_BOUND('',#235,.T.);
#235 = EDGE_LOOP('',(#236,#244,#245));
#236 = ORIENTED_EDGE('',*,*,#237,.T.);
#237 = EDGE_CURVE('',#238,#215,#240,.T.);
#238 = VERTEX_POINT('',#239);
#239 = CARTESIAN_POINT('',(-16.99307007789,11.173180192709,
    13.417743253708));
#240 = LINE('',#241,#242);
#241 = CARTESIAN_POINT('',(-16.99307007789,11.173180192709,
    13.417743253708));
#242 = VECTOR('',#243,1.);
#243 = DIRECTION('',(0.,-1.,0.));
#244 = ORIENTED_EDGE('',*,*,#223,.F.);
#245 = ORIENTED_EDGE('',*,*,#246,.T.);
#246 = EDGE_CURVE('',#192,#238,#247,.T.);
#247 = LINE('',#248,#249);
#248 = CARTESIAN_POINT('',(-17.73348636627,11.173180192709,
    13.417743253708));
#249 = VECTOR('',#250,1.);
#250 = DIRECTION('',(1.,0.,0.));
#251 = PLANE('',#252);
#252 = AXIS2_PLACEMENT_3D('',#253,#254,#255);
#253 = CARTESIAN_POINT('',(-17.18272867932,3.835329638578,
    13.417743253708));
#254 = DIRECTION('',(-0.,-0.,-1.));
#255 = DIRECTION('',(-1.,0.,0.));
#256 = ADVANCED_FACE('',(#257),#274,.T.);
#257 = FACE_BOUND('',#258,.T.);
#258 = EDGE_LOOP('',(#259,#267,#268));
#259 = ORIENTED_EDGE('',*,*,#260,.T.);
#260 = EDGE_CURVE('',#261,#215,#263,.T.);
#261 = VERTEX_POINT('',#262);
#262 = CARTESIAN_POINT('',(-16.32597931623,-3.863620001078,
    13.096488940716));
#263 = LINE('',#264,#265);
#264 = CARTESIAN_POINT('',(-16.32597931623,-3.863620001078,
    13.096488940716));
#265 = VECTOR('',#266,1.);
#266 = DIRECTION('',(-0.900968691701,0.,0.433884105004));
#267 = ORIENTED_EDGE('',*,*,#237,.F.);
#268 = ORIENTED_EDGE('',*,*,#269,.T.);
#269 = EDGE_CURVE('',#238,#261,#270,.T.);
#270 = LINE('',#271,#272);
#271 = CARTESIAN_POINT('',(-16.99307007789,11.173180192709,
    13.417743253708));
#272 = VECTOR('',#273,1.);
#273 = DIRECTION('',(4.43101928285E-02,-0.998789901468,
    -2.133868638836E-02));
#274 = PLANE('',#275);
#275 = AXIS2_PLACEMENT_3D('',#276,#277,#278);
#276 = CARTESIAN_POINT('',(-16.82219391307,3.474230851973,
    13.335453544286));
#277 = DIRECTION('',(-0.433884105004,-0.,-0.900968691701));
#278 = DIRECTION('',(-0.900968691701,0.,0.433884105004));
#279 = ADVANCED_FACE('',(#280),#297,.T.);
#280 = FACE_BOUND('',#281,.T.);
#281 = EDGE_LOOP('',(#282,#290,#291));
#282 = ORIENTED_EDGE('',*,*,#283,.T.);
#283 = EDGE_CURVE('',#284,#261,#286,.T.);
#284 = VERTEX_POINT('',#285);
#285 = CARTESIAN_POINT('',(-16.32597931623,11.173180192709,
    13.096488940716));
#286 = LINE('',#287,#288);
#287 = CARTESIAN_POINT('',(-16.32597931623,11.173180192709,
    13.096488940716));
#288 = VECTOR('',#289,1.);
#289 = DIRECTION('',(0.,-1.,0.));
#290 = ORIENTED_EDGE('',*,*,#269,.F.);
#291 = ORIENTED_EDGE('',*,*,#292,.T.);
#292 = EDGE_CURVE('',#238,#284,#293,.T.);
#293 = LINE('',#294,#295);
#294 = CARTESIAN_POINT('',(-16.99307007789,11.173180192709,
    13.417743253708));
#295 = VECTOR('',#296,1.);
#296 = DIRECTION('',(0.900968691701,0.,-0.433884105004));
#297 = PLANE('',#298);
#298 = AXIS2_PLACEMENT_3D('',#299,#300,#301);
#299 = CARTESIAN_POINT('',(-16.49685548105,3.835329339658,
    13.178778650138));
#300 = DIRECTION('',(-0.433884105004,-0.,-0.900968691701));
#301 = DIRECTION('',(-0.900968691701,0.,0.433884105004));
#302 = ADVANCED_FACE('',(#303),#320,.T.);
#303 = FACE_BOUND('',#304,.T.);
#304 = EDGE_LOOP('',(#305,#313,#314));
#305 = ORIENTED_EDGE('',*,*,#306,.T.);
#306 = EDGE_CURVE('',#307,#261,#309,.T.);
#307 = VERTEX_POINT('',#308);
#308 = CARTESIAN_POINT('',(-15.86433719396,-3.863620001078,
    12.517607426643));
#309 = LINE('',#310,#311);
#310 = CARTESIAN_POINT('',(-15.86433719396,-3.863620001078,
    12.517607426643));
#311 = VECTOR('',#312,1.);
#312 = DIRECTION('',(-0.623489405159,0.,0.781831798825));
#313 = ORIENTED_EDGE('',*,*,#283,.F.);
#314 = ORIENTED_EDGE('',*,*,#315,.T.);
#315 = EDGE_CURVE('',#284,#307,#316,.T.);
#316 = LINE('',#317,#318);
#317 = CARTESIAN_POINT('',(-16.32597931623,11.173180192709,
    13.096488940716));
#318 = VECTOR('',#319,1.);
#319 = DIRECTION('',(3.06636705273E-02,-0.998789895214,
    -3.845106667179E-02));
#320 = PLANE('',#321);
#321 = AXIS2_PLACEMENT_3D('',#322,#323,#324);
#322 = CARTESIAN_POINT('',(-16.20772907983,3.474230396337,12.94820768));
#323 = DIRECTION('',(-0.781831798825,-0.,-0.623489405159));
#324 = DIRECTION('',(0.623489405159,0.,-0.781831798825));
#325 = ADVANCED_FACE('',(#326),#343,.T.);
#326 = FACE_BOUND('',#327,.T.);
#327 = EDGE_LOOP('',(#328,#336,#337));
#328 = ORIENTED_EDGE('',*,*,#329,.T.);
#329 = EDGE_CURVE('',#330,#307,#332,.T.);
#330 = VERTEX_POINT('',#331);
#331 = CARTESIAN_POINT('',(-15.86433719396,11.173180192709,
    12.517607426643));
#332 = LINE('',#333,#334);
#333 = CARTESIAN_POINT('',(-15.86433719396,11.173180192709,
    12.517607426643));
#334 = VECTOR('',#335,1.);
#335 = DIRECTION('',(0.,-1.,0.));
#336 = ORIENTED_EDGE('',*,*,#315,.F.);
#337 = ORIENTED_EDGE('',*,*,#338,.T.);
#338 = EDGE_CURVE('',#284,#330,#339,.T.);
#339 = LINE('',#340,#341);
#340 = CARTESIAN_POINT('',(-16.32597931623,11.173180192709,
    13.096488940716));
#341 = VECTOR('',#342,1.);
#342 = DIRECTION('',(0.623489405159,0.,-0.781831798825));
#343 = PLANE('',#344);
#344 = AXIS2_PLACEMENT_3D('',#345,#346,#347);
#345 = CARTESIAN_POINT('',(-15.98258743037,3.835329795294,
    12.665888687359));
#346 = DIRECTION('',(-0.781831798825,-0.,-0.623489405159));
#347 = DIRECTION('',(0.623489405159,0.,-0.781831798825));
#348 = ADVANCED_FACE('',(#349),#366,.T.);
#349 = FACE_BOUND('',#350,.T.);
#350 = EDGE_LOOP('',(#351,#359,#360));
#351 = ORIENTED_EDGE('',*,*,#352,.T.);
#352 = EDGE_CURVE('',#353,#307,#355,.T.);
#353 = VERTEX_POINT('',#354);
#354 = CARTESIAN_POINT('',(-15.69957920312,-3.863620001078,
    11.795755290985));
#355 = LINE('',#356,#357);
#356 = CARTESIAN_POINT('',(-15.69957920312,-3.863620001078,
    11.795755290985));
#357 = VECTOR('',#358,1.);
#358 = DIRECTION('',(-0.222520871566,0.,0.974927926422));
#359 = ORIENTED_EDGE('',*,*,#329,.F.);
#360 = ORIENTED_EDGE('',*,*,#361,.T.);
#361 = EDGE_CURVE('',#330,#353,#362,.T.);
#362 = LINE('',#363,#364);
#363 = CARTESIAN_POINT('',(-15.86433719396,11.173180192709,
    12.517607426643));
#364 = VECTOR('',#365,1.);
#365 = DIRECTION('',(1.094372571609E-02,-0.99878989864,
    -4.79476093395E-02));
#366 = PLANE('',#367);
#367 = AXIS2_PLACEMENT_3D('',#368,#369,#370);
#368 = CARTESIAN_POINT('',(-15.82213421949,3.474230645962,
    12.332704059577));
#369 = DIRECTION('',(-0.974927926422,-0.,-0.222520871566));
#370 = DIRECTION('',(0.222520871566,0.,-0.974927926422));
#371 = ADVANCED_FACE('',(#372),#389,.T.);
#372 = FACE_BOUND('',#373,.T.);
#373 = EDGE_LOOP('',(#374,#382,#383));
#374 = ORIENTED_EDGE('',*,*,#375,.T.);
#375 = EDGE_CURVE('',#376,#353,#378,.T.);
#376 = VERTEX_POINT('',#377);
#377 = CARTESIAN_POINT('',(-15.69957920312,11.173180192709,
    11.795755290985));
#378 = LINE('',#379,#380);
#379 = CARTESIAN_POINT('',(-15.69957920312,11.173180192709,
    11.795755290985));
#380 = VECTOR('',#381,1.);
#381 = DIRECTION('',(0.,-1.,0.));
#382 = ORIENTED_EDGE('',*,*,#361,.F.);
#383 = ORIENTED_EDGE('',*,*,#384,.T.);
#384 = EDGE_CURVE('',#330,#376,#385,.T.);
#385 = LINE('',#386,#387);
#386 = CARTESIAN_POINT('',(-15.86433719396,11.173180192709,
    12.517607426643));
#387 = VECTOR('',#388,1.);
#388 = DIRECTION('',(0.222520871566,0.,-0.974927926422));
#389 = PLANE('',#390);
#390 = AXIS2_PLACEMENT_3D('',#391,#392,#393);
#391 = CARTESIAN_POINT('',(-15.7417821776,3.835329545669,11.980658658052
    ));
#392 = DIRECTION('',(-0.974927926422,-0.,-0.222520871566));
#393 = DIRECTION('',(0.222520871566,0.,-0.974927926422));
#394 = ADVANCED_FACE('',(#395),#412,.T.);
#395 = FACE_BOUND('',#396,.T.);
#396 = EDGE_LOOP('',(#397,#405,#406));
#397 = ORIENTED_EDGE('',*,*,#398,.T.);
#398 = EDGE_CURVE('',#399,#353,#401,.T.);
#399 = VERTEX_POINT('',#400);
#400 = CARTESIAN_POINT('',(-15.86433719396,-3.863620001078,
    11.073903155327));
#401 = LINE('',#402,#403);
#402 = CARTESIAN_POINT('',(-15.86433719396,-3.863620001078,
    11.073903155327));
#403 = VECTOR('',#404,1.);
#404 = DIRECTION('',(0.222520871566,0.,0.974927926422));
#405 = ORIENTED_EDGE('',*,*,#375,.F.);
#406 = ORIENTED_EDGE('',*,*,#407,.T.);
#407 = EDGE_CURVE('',#376,#399,#408,.T.);
#408 = LINE('',#409,#410);
#409 = CARTESIAN_POINT('',(-15.69957920312,11.173180192709,
    11.795755290985));
#410 = VECTOR('',#411,1.);
#411 = DIRECTION('',(-1.094372571609E-02,-0.99878989864,
    -4.79476093395E-02));
#412 = PLANE('',#413);
#413 = AXIS2_PLACEMENT_3D('',#414,#415,#416);
#414 = CARTESIAN_POINT('',(-15.7417821776,3.474230645962,11.610851923919
    ));
#415 = DIRECTION('',(-0.974927926422,0.,0.222520871566));
#416 = DIRECTION('',(-0.222520871566,0.,-0.974927926422));
#417 = ADVANCED_FACE('',(#418),#435,.T.);
#418 = FACE_BOUND('',#419,.T.);
#419 = EDGE_LOOP('',(#420,#428,#429));
#420 = ORIENTED_EDGE('',*,*,#421,.T.);
#421 = EDGE_CURVE('',#422,#399,#424,.T.);
#422 = VERTEX_POINT('',#423);
#423 = CARTESIAN_POINT('',(-15.86433719396,11.173180192709,
    11.073903155327));
#424 = LINE('',#425,#426);
#425 = CARTESIAN_POINT('',(-15.86433719396,11.173180192709,
    11.073903155327));
#426 = VECTOR('',#427,1.);
#427 = DIRECTION('',(0.,-1.,0.));
#428 = ORIENTED_EDGE('',*,*,#407,.F.);
#429 = ORIENTED_EDGE('',*,*,#430,.T.);
#430 = EDGE_CURVE('',#376,#422,#431,.T.);
#431 = LINE('',#432,#433);
#432 = CARTESIAN_POINT('',(-15.69957920312,11.173180192709,
    11.795755290985));
#433 = VECTOR('',#434,1.);
#434 = DIRECTION('',(-0.222520871566,0.,-0.974927926422));
#435 = PLANE('',#436);
#436 = AXIS2_PLACEMENT_3D('',#437,#438,#439);
#437 = CARTESIAN_POINT('',(-15.82213421949,3.835329545669,
    11.258806522393));
#438 = DIRECTION('',(-0.974927926422,0.,0.222520871566));
#439 = DIRECTION('',(-0.222520871566,0.,-0.974927926422));
#440 = ADVANCED_FACE('',(#441),#458,.T.);
#441 = FACE_BOUND('',#442,.T.);
#442 = EDGE_LOOP('',(#443,#451,#452));
#443 = ORIENTED_EDGE('',*,*,#444,.T.);
#444 = EDGE_CURVE('',#445,#399,#447,.T.);
#445 = VERTEX_POINT('',#446);
#446 = CARTESIAN_POINT('',(-16.32597931623,-3.863620001078,
    10.495022398233));
#447 = LINE('',#448,#449);
#448 = CARTESIAN_POINT('',(-16.32597931623,-3.863620001078,
    10.495022398233));
#449 = VECTOR('',#450,1.);
#450 = DIRECTION('',(0.623489903527,0.,0.78183140139));
#451 = ORIENTED_EDGE('',*,*,#421,.F.);
#452 = ORIENTED_EDGE('',*,*,#453,.T.);
#453 = EDGE_CURVE('',#422,#445,#454,.T.);
#454 = LINE('',#455,#456);
#455 = CARTESIAN_POINT('',(-15.86433719396,11.173180192709,
    11.073903155327));
#456 = VECTOR('',#457,1.);
#457 = DIRECTION('',(-3.066367058658E-02,-0.998789897145,
    -3.845101646529E-02));
#458 = PLANE('',#459);
#459 = AXIS2_PLACEMENT_3D('',#460,#461,#462);
#460 = CARTESIAN_POINT('',(-15.9825874281,3.474230537018,10.925622091355
    ));
#461 = DIRECTION('',(-0.78183140139,0.,0.623489903527));
#462 = DIRECTION('',(-0.623489903527,0.,-0.78183140139));
#463 = ADVANCED_FACE('',(#464),#481,.T.);
#464 = FACE_BOUND('',#465,.T.);
#465 = EDGE_LOOP('',(#466,#474,#475));
#466 = ORIENTED_EDGE('',*,*,#467,.T.);
#467 = EDGE_CURVE('',#468,#445,#470,.T.);
#468 = VERTEX_POINT('',#469);
#469 = CARTESIAN_POINT('',(-16.32597931623,11.173180192709,
    10.495022398233));
#470 = LINE('',#471,#472);
#471 = CARTESIAN_POINT('',(-16.32597931623,11.173180192709,
    10.495022398233));
#472 = VECTOR('',#473,1.);
#473 = DIRECTION('',(0.,-1.,0.));
#474 = ORIENTED_EDGE('',*,*,#453,.F.);
#475 = ORIENTED_EDGE('',*,*,#476,.T.);
#476 = EDGE_CURVE('',#422,#468,#477,.T.);
#477 = LINE('',#478,#479);
#478 = CARTESIAN_POINT('',(-15.86433719396,11.173180192709,
    11.073903155327));
#479 = VECTOR('',#480,1.);
#480 = DIRECTION('',(-0.623489903527,0.,-0.78183140139));
#481 = PLANE('',#482);
#482 = AXIS2_PLACEMENT_3D('',#483,#484,#485);
#483 = CARTESIAN_POINT('',(-16.20772908209,3.835329654613,
    10.643303462205));
#484 = DIRECTION('',(-0.78183140139,0.,0.623489903527));
#485 = DIRECTION('',(-0.623489903527,0.,-0.78183140139));
#486 = ADVANCED_FACE('',(#487),#504,.T.);
#487 = FACE_BOUND('',#488,.T.);
#488 = EDGE_LOOP('',(#489,#497,#498));
#489 = ORIENTED_EDGE('',*,*,#490,.T.);
#490 = EDGE_CURVE('',#491,#445,#493,.T.);
#491 = VERTEX_POINT('',#492);
#492 = CARTESIAN_POINT('',(-16.99307007789,-3.863620001078,
    10.173768085241));
#493 = LINE('',#494,#495);
#494 = CARTESIAN_POINT('',(-16.99307007789,-3.863620001078,
    10.173768085241));
#495 = VECTOR('',#496,1.);
#496 = DIRECTION('',(0.900968691701,0.,0.433884105004));
#497 = ORIENTED_EDGE('',*,*,#467,.F.);
#498 = ORIENTED_EDGE('',*,*,#499,.T.);
#499 = EDGE_CURVE('',#468,#491,#500,.T.);
#500 = LINE('',#501,#502);
#501 = CARTESIAN_POINT('',(-16.32597931623,11.173180192709,
    10.495022398233));
#502 = VECTOR('',#503,1.);
#503 = DIRECTION('',(-4.43101928285E-02,-0.998789901468,
    -2.133868638836E-02));
#504 = PLANE('',#505);
#505 = AXIS2_PLACEMENT_3D('',#506,#507,#508);
#506 = CARTESIAN_POINT('',(-16.49685548105,3.474230851973,
    10.412732688811));
#507 = DIRECTION('',(-0.433884105004,0.,0.900968691701));
#508 = DIRECTION('',(0.900968691701,0.,0.433884105004));
#509 = ADVANCED_FACE('',(#510),#527,.T.);
#510 = FACE_BOUND('',#511,.T.);
#511 = EDGE_LOOP('',(#512,#520,#521));
#512 = ORIENTED_EDGE('',*,*,#513,.T.);
#513 = EDGE_CURVE('',#514,#491,#516,.T.);
#514 = VERTEX_POINT('',#515);
#515 = CARTESIAN_POINT('',(-16.99307007789,11.173180192709,
    10.173768085241));
#516 = LINE('',#517,#518);
#517 = CARTESIAN_POINT('',(-16.99307007789,11.173180192709,
    10.173768085241));
#518 = VECTOR('',#519,1.);
#519 = DIRECTION('',(0.,-1.,0.));
#520 = ORIENTED_EDGE('',*,*,#499,.F.);
#521 = ORIENTED_EDGE('',*,*,#522,.T.);
#522 = EDGE_CURVE('',#468,#514,#523,.T.);
#523 = LINE('',#524,#525);
#524 = CARTESIAN_POINT('',(-16.32597931623,11.173180192709,
    10.495022398233));
#525 = VECTOR('',#526,1.);
#526 = DIRECTION('',(-0.900968691701,0.,-0.433884105004));
#527 = PLANE('',#528);
#528 = AXIS2_PLACEMENT_3D('',#529,#530,#531);
#529 = CARTESIAN_POINT('',(-16.82219391307,3.835329339658,
    10.256057794664));
#530 = DIRECTION('',(-0.433884105004,0.,0.900968691701));
#531 = DIRECTION('',(0.900968691701,0.,0.433884105004));
#532 = ADVANCED_FACE('',(#533),#550,.T.);
#533 = FACE_BOUND('',#534,.T.);
#534 = EDGE_LOOP('',(#535,#543,#544));
#535 = ORIENTED_EDGE('',*,*,#536,.T.);
#536 = EDGE_CURVE('',#537,#491,#539,.T.);
#537 = VERTEX_POINT('',#538);
#538 = CARTESIAN_POINT('',(-17.73348636627,-3.863620001078,
    10.173768085241));
#539 = LINE('',#540,#541);
#540 = CARTESIAN_POINT('',(-17.73348636627,-3.863620001078,
    10.173768085241));
#541 = VECTOR('',#542,1.);
#542 = DIRECTION('',(1.,0.,0.));
#543 = ORIENTED_EDGE('',*,*,#513,.F.);
#544 = ORIENTED_EDGE('',*,*,#545,.T.);
#545 = EDGE_CURVE('',#514,#537,#546,.T.);
#546 = LINE('',#547,#548);
#547 = CARTESIAN_POINT('',(-16.99307007789,11.173180192709,
    10.173768085241));
#548 = VECTOR('',#549,1.);
#549 = DIRECTION('',(-4.918069663386E-02,-0.998789897365,0.));
#550 = PLANE('',#551);
#551 = AXIS2_PLACEMENT_3D('',#552,#553,#554);
#552 = CARTESIAN_POINT('',(-17.18272867932,3.474230553053,
    10.173768085241));
#553 = DIRECTION('',(0.,0.,1.));
#554 = DIRECTION('',(1.,0.,-0.));
#555 = ADVANCED_FACE('',(#556),#573,.T.);
#556 = FACE_BOUND('',#557,.T.);
#557 = EDGE_LOOP('',(#558,#566,#567));
#558 = ORIENTED_EDGE('',*,*,#559,.T.);
#559 = EDGE_CURVE('',#560,#537,#562,.T.);
#560 = VERTEX_POINT('',#561);
#561 = CARTESIAN_POINT('',(-17.73348636627,11.173180192709,
    10.173768085241));
#562 = LINE('',#563,#564);
#563 = CARTESIAN_POINT('',(-17.73348636627,11.173180192709,
    10.173768085241));
#564 = VECTOR('',#565,1.);
#565 = DIRECTION('',(0.,-1.,0.));
#566 = ORIENTED_EDGE('',*,*,#545,.F.);
#567 = ORIENTED_EDGE('',*,*,#568,.T.);
#568 = EDGE_CURVE('',#514,#560,#569,.T.);
#569 = LINE('',#570,#571);
#570 = CARTESIAN_POINT('',(-16.99307007789,11.173180192709,
    10.173768085241));
#571 = VECTOR('',#572,1.);
#572 = DIRECTION('',(-1.,0.,0.));
#573 = PLANE('',#574);
#574 = AXIS2_PLACEMENT_3D('',#575,#576,#577);
#575 = CARTESIAN_POINT('',(-17.54382776484,3.835329638578,
    10.173768085241));
#576 = DIRECTION('',(0.,0.,1.));
#577 = DIRECTION('',(1.,0.,-0.));
#578 = ADVANCED_FACE('',(#579),#596,.T.);
#579 = FACE_BOUND('',#580,.T.);
#580 = EDGE_LOOP('',(#581,#589,#590));
#581 = ORIENTED_EDGE('',*,*,#582,.T.);
#582 = EDGE_CURVE('',#583,#537,#585,.T.);
#583 = VERTEX_POINT('',#584);
#584 = CARTESIAN_POINT('',(-18.40057864189,-3.863620001078,
    10.495022398233));
#585 = LINE('',#586,#587);
#586 = CARTESIAN_POINT('',(-18.40057864189,-3.863620001078,
    10.495022398233));
#587 = VECTOR('',#588,1.);
#588 = DIRECTION('',(0.900969076633,0.,-0.433883305683));
#589 = ORIENTED_EDGE('',*,*,#559,.F.);
#590 = ORIENTED_EDGE('',*,*,#591,.T.);
#591 = EDGE_CURVE('',#560,#583,#592,.T.);
#592 = LINE('',#593,#594);
#593 = CARTESIAN_POINT('',(-17.73348636627,11.173180192709,
    10.173768085241));
#594 = VECTOR('',#595,1.);
#595 = DIRECTION('',(-4.431029319271E-02,-0.998789897018,
    2.133868629326E-02));
#596 = PLANE('',#597);
#597 = AXIS2_PLACEMENT_3D('',#598,#599,#600);
#598 = CARTESIAN_POINT('',(-17.90436292644,3.474230527737,10.2560577983)
  );
#599 = DIRECTION('',(0.433883305683,0.,0.900969076633));
#600 = DIRECTION('',(0.900969076633,0.,-0.433883305683));
#601 = ADVANCED_FACE('',(#602),#619,.T.);
#602 = FACE_BOUND('',#603,.T.);
#603 = EDGE_LOOP('',(#604,#612,#613));
#604 = ORIENTED_EDGE('',*,*,#605,.T.);
#605 = EDGE_CURVE('',#606,#583,#608,.T.);
#606 = VERTEX_POINT('',#607);
#607 = CARTESIAN_POINT('',(-18.40057864189,11.173180192709,
    10.495022398233));
#608 = LINE('',#609,#610);
#609 = CARTESIAN_POINT('',(-18.40057864189,11.173180192709,
    10.495022398233));
#610 = VECTOR('',#611,1.);
#611 = DIRECTION('',(0.,-1.,0.));
#612 = ORIENTED_EDGE('',*,*,#591,.F.);
#613 = ORIENTED_EDGE('',*,*,#614,.T.);
#614 = EDGE_CURVE('',#560,#606,#615,.T.);
#615 = LINE('',#616,#617);
#616 = CARTESIAN_POINT('',(-17.73348636627,11.173180192709,
    10.173768085241));
#617 = VECTOR('',#618,1.);
#618 = DIRECTION('',(-0.900969076633,0.,0.433883305683));
#619 = PLANE('',#620);
#620 = AXIS2_PLACEMENT_3D('',#621,#622,#623);
#621 = CARTESIAN_POINT('',(-18.22970208172,3.835329663895,
    10.412732685175));
#622 = DIRECTION('',(0.433883305683,0.,0.900969076633));
#623 = DIRECTION('',(0.900969076633,0.,-0.433883305683));
#624 = ADVANCED_FACE('',(#625),#640,.T.);
#625 = FACE_BOUND('',#626,.T.);
#626 = EDGE_LOOP('',(#627,#633,#634));
#627 = ORIENTED_EDGE('',*,*,#628,.T.);
#628 = EDGE_CURVE('',#24,#583,#629,.T.);
#629 = LINE('',#630,#631);
#630 = CARTESIAN_POINT('',(-18.86222076416,-3.863620001078,
    11.073903155327));
#631 = VECTOR('',#632,1.);
#632 = DIRECTION('',(0.623489903527,0.,-0.78183140139));
#633 = ORIENTED_EDGE('',*,*,#605,.F.);
#634 = ORIENTED_EDGE('',*,*,#635,.T.);
#635 = EDGE_CURVE('',#606,#24,#636,.T.);
#636 = LINE('',#637,#638);
#637 = CARTESIAN_POINT('',(-18.40057864189,11.173180192709,
    10.495022398233));
#638 = VECTOR('',#639,1.);
#639 = DIRECTION('',(-3.066367058658E-02,-0.998789897145,
    3.845101646529E-02));
#640 = PLANE('',#641);
#641 = AXIS2_PLACEMENT_3D('',#642,#643,#644);
#642 = CARTESIAN_POINT('',(-18.51882887602,3.474230537018,
    10.643303462205));
#643 = DIRECTION('',(0.78183140139,0.,0.623489903527));
#644 = DIRECTION('',(-0.623489903527,0.,0.78183140139));
#645 = ADVANCED_FACE('',(#646),#656,.T.);
#646 = FACE_BOUND('',#647,.T.);
#647 = EDGE_LOOP('',(#648,#649,#650));
#648 = ORIENTED_EDGE('',*,*,#31,.F.);
#649 = ORIENTED_EDGE('',*,*,#635,.F.);
#650 = ORIENTED_EDGE('',*,*,#651,.T.);
#651 = EDGE_CURVE('',#606,#32,#652,.T.);
#652 = LINE('',#653,#654);
#653 = CARTESIAN_POINT('',(-18.40057864189,11.173180192709,
    10.495022398233));
#654 = VECTOR('',#655,1.);
#655 = DIRECTION('',(-0.623489903527,0.,0.78183140139));
#656 = PLANE('',#657);
#657 = AXIS2_PLACEMENT_3D('',#658,#659,#660);
#658 = CARTESIAN_POINT('',(-18.74397053002,3.835329654613,
    10.925622091355));
#659 = DIRECTION('',(0.78183140139,0.,0.623489903527));
#660 = DIRECTION('',(-0.623489903527,0.,0.78183140139));
#661 = ADVANCED_FACE('',(#662),#688,.T.);
#662 = FACE_BOUND('',#663,.T.);
#663 = EDGE_LOOP('',(#664,#674,#682));
#664 = ORIENTED_EDGE('',*,*,#665,.T.);
#665 = EDGE_CURVE('',#666,#668,#670,.T.);
#666 = VERTEX_POINT('',#667);
#667 = CARTESIAN_POINT('',(17.206121814251,-3.863620001078,
    11.795755290985));
#668 = VERTEX_POINT('',#669);
#669 = CARTESIAN_POINT('',(17.37087829113,-3.863620001078,
    11.073903155327));
#670 = LINE('',#671,#672);
#671 = CARTESIAN_POINT('',(17.206121814251,-3.863620001078,
    11.795755290985));
#672 = VECTOR('',#673,1.);
#673 = DIRECTION('',(0.222518928071,0.,-0.97492837001));
#674 = ORIENTED_EDGE('',*,*,#675,.T.);
#675 = EDGE_CURVE('',#668,#676,#678,.T.);
#676 = VERTEX_POINT('',#677);
#677 = CARTESIAN_POINT('',(17.37087829113,11.173180192709,
    11.073903155327));
#678 = LINE('',#679,#680);
#679 = CARTESIAN_POINT('',(17.37087829113,-3.863620001078,
    11.073903155327));
#680 = VECTOR('',#681,1.);
#681 = DIRECTION('',(0.,1.,0.));
#682 = ORIENTED_EDGE('',*,*,#683,.T.);
#683 = EDGE_CURVE('',#676,#666,#684,.T.);
#684 = LINE('',#685,#686);
#685 = CARTESIAN_POINT('',(17.37087829113,11.173180192709,
    11.073903155327));
#686 = VECTOR('',#687,1.);
#687 = DIRECTION('',(-1.094362516645E-02,-0.99878989974,
    4.794760939222E-02));
#688 = PLANE('',#689);
#689 = AXIS2_PLACEMENT_3D('',#690,#691,#692);
#690 = CARTESIAN_POINT('',(17.328675704917,3.474230726041,
    11.258806520375));
#691 = DIRECTION('',(0.97492837001,0.,0.222518928071));
#692 = DIRECTION('',(-0.222518928071,0.,0.97492837001));
#693 = ADVANCED_FACE('',(#694),#711,.T.);
#694 = FACE_BOUND('',#695,.T.);
#695 = EDGE_LOOP('',(#696,#704,#705));
#696 = ORIENTED_EDGE('',*,*,#697,.T.);
#697 = EDGE_CURVE('',#698,#666,#700,.T.);
#698 = VERTEX_POINT('',#699);
#699 = CARTESIAN_POINT('',(17.206121814251,11.173180192709,
    11.795755290985));
#700 = LINE('',#701,#702);
#701 = CARTESIAN_POINT('',(17.206121814251,11.173180192709,
    11.795755290985));
#702 = VECTOR('',#703,1.);
#703 = DIRECTION('',(0.,-1.,0.));
#704 = ORIENTED_EDGE('',*,*,#683,.F.);
#705 = ORIENTED_EDGE('',*,*,#706,.T.);
#706 = EDGE_CURVE('',#676,#698,#707,.T.);
#707 = LINE('',#708,#709);
#708 = CARTESIAN_POINT('',(17.37087829113,11.173180192709,
    11.073903155327));
#709 = VECTOR('',#710,1.);
#710 = DIRECTION('',(-0.222518928071,0.,0.97492837001));
#711 = PLANE('',#712);
#712 = AXIS2_PLACEMENT_3D('',#713,#714,#715);
#713 = CARTESIAN_POINT('',(17.248324400464,3.83532946559,11.610851925936
    ));
#714 = DIRECTION('',(0.97492837001,0.,0.222518928071));
#715 = DIRECTION('',(-0.222518928071,0.,0.97492837001));
#716 = ADVANCED_FACE('',(#717),#734,.T.);
#717 = FACE_BOUND('',#718,.T.);
#718 = EDGE_LOOP('',(#719,#727,#728));
#719 = ORIENTED_EDGE('',*,*,#720,.T.);
#720 = EDGE_CURVE('',#721,#666,#723,.T.);
#721 = VERTEX_POINT('',#722);
#722 = CARTESIAN_POINT('',(17.37087829113,-3.863620001078,
    12.517607426643));
#723 = LINE('',#724,#725);
#724 = CARTESIAN_POINT('',(17.37087829113,-3.863620001078,
    12.517607426643));
#725 = VECTOR('',#726,1.);
#726 = DIRECTION('',(-0.222518928071,0.,-0.97492837001));
#727 = ORIENTED_EDGE('',*,*,#697,.F.);
#728 = ORIENTED_EDGE('',*,*,#729,.T.);
#729 = EDGE_CURVE('',#698,#721,#730,.T.);
#730 = LINE('',#731,#732);
#731 = CARTESIAN_POINT('',(17.206121814251,11.173180192709,
    11.795755290985));
#732 = VECTOR('',#733,1.);
#733 = DIRECTION('',(1.094362516645E-02,-0.99878989974,
    4.794760939222E-02));
#734 = PLANE('',#735);
#735 = AXIS2_PLACEMENT_3D('',#736,#737,#738);
#736 = CARTESIAN_POINT('',(17.248324400464,3.474230726041,
    11.980658656034));
#737 = DIRECTION('',(0.97492837001,0.,-0.222518928071));
#738 = DIRECTION('',(0.222518928071,0.,0.97492837001));
#739 = ADVANCED_FACE('',(#740),#757,.T.);
#740 = FACE_BOUND('',#741,.T.);
#741 = EDGE_LOOP('',(#742,#750,#751));
#742 = ORIENTED_EDGE('',*,*,#743,.T.);
#743 = EDGE_CURVE('',#744,#721,#746,.T.);
#744 = VERTEX_POINT('',#745);
#745 = CARTESIAN_POINT('',(17.37087829113,11.173180192709,
    12.517607426643));
#746 = LINE('',#747,#748);
#747 = CARTESIAN_POINT('',(17.37087829113,11.173180192709,
    12.517607426643));
#748 = VECTOR('',#749,1.);
#749 = DIRECTION('',(0.,-1.,0.));
#750 = ORIENTED_EDGE('',*,*,#729,.F.);
#751 = ORIENTED_EDGE('',*,*,#752,.T.);
#752 = EDGE_CURVE('',#698,#744,#753,.T.);
#753 = LINE('',#754,#755);
#754 = CARTESIAN_POINT('',(17.206121814251,11.173180192709,
    11.795755290985));
#755 = VECTOR('',#756,1.);
#756 = DIRECTION('',(0.222518928071,0.,0.97492837001));
#757 = PLANE('',#758);
#758 = AXIS2_PLACEMENT_3D('',#759,#760,#761);
#759 = CARTESIAN_POINT('',(17.328675704917,3.83532946559,12.332704061595
    ));
#760 = DIRECTION('',(0.97492837001,0.,-0.222518928071));
#761 = DIRECTION('',(0.222518928071,0.,0.97492837001));
#762 = ADVANCED_FACE('',(#763),#780,.T.);
#763 = FACE_BOUND('',#764,.T.);
#764 = EDGE_LOOP('',(#765,#773,#774));
#765 = ORIENTED_EDGE('',*,*,#766,.T.);
#766 = EDGE_CURVE('',#767,#721,#769,.T.);
#767 = VERTEX_POINT('',#768);
#768 = CARTESIAN_POINT('',(17.832521927357,-3.863620001078,
    13.096488940716));
#769 = LINE('',#770,#771);
#770 = CARTESIAN_POINT('',(17.832521927357,-3.863620001078,
    13.096488940716));
#771 = VECTOR('',#772,1.);
#772 = DIRECTION('',(-0.623490655025,0.,-0.78183080209));
#773 = ORIENTED_EDGE('',*,*,#743,.F.);
#774 = ORIENTED_EDGE('',*,*,#775,.T.);
#775 = EDGE_CURVE('',#744,#767,#776,.T.);
#776 = LINE('',#777,#778);
#777 = CARTESIAN_POINT('',(17.37087829113,11.173180192709,
    12.517607426643));
#778 = VECTOR('',#779,1.);
#779 = DIRECTION('',(3.066377099443E-02,-0.998789892134,
    3.845106655324E-02));
#780 = PLANE('',#781);
#781 = AXIS2_PLACEMENT_3D('',#782,#783,#784);
#782 = CARTESIAN_POINT('',(17.489128918953,3.474230171959,
    12.665888691893));
#783 = DIRECTION('',(0.78183080209,0.,-0.623490655025));
#784 = DIRECTION('',(0.623490655025,0.,0.78183080209));
#785 = ADVANCED_FACE('',(#786),#803,.T.);
#786 = FACE_BOUND('',#787,.T.);
#787 = EDGE_LOOP('',(#788,#796,#797));
#788 = ORIENTED_EDGE('',*,*,#789,.T.);
#789 = EDGE_CURVE('',#790,#767,#792,.T.);
#790 = VERTEX_POINT('',#791);
#791 = CARTESIAN_POINT('',(17.832521927357,11.173180192709,
    13.096488940716));
#792 = LINE('',#793,#794);
#793 = CARTESIAN_POINT('',(17.832521927357,11.173180192709,
    13.096488940716));
#794 = VECTOR('',#795,1.);
#795 = DIRECTION('',(0.,-1.,0.));
#796 = ORIENTED_EDGE('',*,*,#775,.F.);
#797 = ORIENTED_EDGE('',*,*,#798,.T.);
#798 = EDGE_CURVE('',#744,#790,#799,.T.);
#799 = LINE('',#800,#801);
#800 = CARTESIAN_POINT('',(17.37087829113,11.173180192709,
    12.517607426643));
#801 = VECTOR('',#802,1.);
#802 = DIRECTION('',(0.623490655025,0.,0.78183080209));
#803 = PLANE('',#804);
#804 = AXIS2_PLACEMENT_3D('',#805,#806,#807);
#805 = CARTESIAN_POINT('',(17.714271299534,3.835330019672,
    12.948207675466));
#806 = DIRECTION('',(0.78183080209,0.,-0.623490655025));
#807 = DIRECTION('',(0.623490655025,0.,0.78183080209));
#808 = ADVANCED_FACE('',(#809),#826,.T.);
#809 = FACE_BOUND('',#810,.T.);
#810 = EDGE_LOOP('',(#811,#819,#820));
#811 = ORIENTED_EDGE('',*,*,#812,.T.);
#812 = EDGE_CURVE('',#813,#767,#815,.T.);
#813 = VERTEX_POINT('',#814);
#814 = CARTESIAN_POINT('',(18.499614202976,-3.863620001078,
    13.417743253708));
#815 = LINE('',#816,#817);
#816 = CARTESIAN_POINT('',(18.499614202976,-3.863620001078,
    13.417743253708));
#817 = VECTOR('',#818,1.);
#818 = DIRECTION('',(-0.900969076633,0.,-0.433883305683));
#819 = ORIENTED_EDGE('',*,*,#789,.F.);
#820 = ORIENTED_EDGE('',*,*,#821,.T.);
#821 = EDGE_CURVE('',#790,#813,#822,.T.);
#822 = LINE('',#823,#824);
#823 = CARTESIAN_POINT('',(17.832521927357,11.173180192709,
    13.096488940716));
#824 = VECTOR('',#825,1.);
#825 = DIRECTION('',(4.431029319271E-02,-0.998789897018,
    2.133868629326E-02));
#826 = PLANE('',#827);
#827 = AXIS2_PLACEMENT_3D('',#828,#829,#830);
#828 = CARTESIAN_POINT('',(18.003398487528,3.474230527737,
    13.178778653774));
#829 = DIRECTION('',(0.433883305683,0.,-0.900969076633));
#830 = DIRECTION('',(-0.900969076633,0.,-0.433883305683));
#831 = ADVANCED_FACE('',(#832),#849,.T.);
#832 = FACE_BOUND('',#833,.T.);
#833 = EDGE_LOOP('',(#834,#842,#843));
#834 = ORIENTED_EDGE('',*,*,#835,.T.);
#835 = EDGE_CURVE('',#836,#813,#838,.T.);
#836 = VERTEX_POINT('',#837);
#837 = CARTESIAN_POINT('',(18.499614202976,11.173180192709,
    13.417743253708));
#838 = LINE('',#839,#840);
#839 = CARTESIAN_POINT('',(18.499614202976,11.173180192709,
    13.417743253708));
#840 = VECTOR('',#841,1.);
#841 = DIRECTION('',(0.,-1.,0.));
#842 = ORIENTED_EDGE('',*,*,#821,.F.);
#843 = ORIENTED_EDGE('',*,*,#844,.T.);
#844 = EDGE_CURVE('',#790,#836,#845,.T.);
#845 = LINE('',#846,#847);
#846 = CARTESIAN_POINT('',(17.832521927357,11.173180192709,
    13.096488940716));
#847 = VECTOR('',#848,1.);
#848 = DIRECTION('',(0.900969076633,0.,0.433883305683));
#849 = PLANE('',#850);
#850 = AXIS2_PLACEMENT_3D('',#851,#852,#853);
#851 = CARTESIAN_POINT('',(18.328737642805,3.835329663895,
    13.335453540649));
#852 = DIRECTION('',(0.433883305683,0.,-0.900969076633));
#853 = DIRECTION('',(-0.900969076633,0.,-0.433883305683));
#854 = ADVANCED_FACE('',(#855),#872,.T.);
#855 = FACE_BOUND('',#856,.T.);
#856 = EDGE_LOOP('',(#857,#865,#866));
#857 = ORIENTED_EDGE('',*,*,#858,.T.);
#858 = EDGE_CURVE('',#859,#813,#861,.T.);
#859 = VERTEX_POINT('',#860);
#860 = CARTESIAN_POINT('',(19.240030491352,-3.863620001078,
    13.417743253708));
#861 = LINE('',#862,#863);
#862 = CARTESIAN_POINT('',(19.240030491352,-3.863620001078,
    13.417743253708));
#863 = VECTOR('',#864,1.);
#864 = DIRECTION('',(-1.,0.,0.));
#865 = ORIENTED_EDGE('',*,*,#835,.F.);
#866 = ORIENTED_EDGE('',*,*,#867,.T.);
#867 = EDGE_CURVE('',#836,#859,#868,.T.);
#868 = LINE('',#869,#870);
#869 = CARTESIAN_POINT('',(18.499614202976,11.173180192709,
    13.417743253708));
#870 = VECTOR('',#871,1.);
#871 = DIRECTION('',(4.918069663386E-02,-0.998789897365,0.));
#872 = PLANE('',#873);
#873 = AXIS2_PLACEMENT_3D('',#874,#875,#876);
#874 = CARTESIAN_POINT('',(18.689272804402,3.474230553053,
    13.417743253708));
#875 = DIRECTION('',(-0.,-0.,-1.));
#876 = DIRECTION('',(-1.,0.,0.));
#877 = ADVANCED_FACE('',(#878),#895,.T.);
#878 = FACE_BOUND('',#879,.T.);
#879 = EDGE_LOOP('',(#880,#888,#889));
#880 = ORIENTED_EDGE('',*,*,#881,.T.);
#881 = EDGE_CURVE('',#882,#859,#884,.T.);
#882 = VERTEX_POINT('',#883);
#883 = CARTESIAN_POINT('',(19.240030491352,11.173180192709,
    13.417743253708));
#884 = LINE('',#885,#886);
#885 = CARTESIAN_POINT('',(19.240030491352,11.173180192709,
    13.417743253708));
#886 = VECTOR('',#887,1.);
#887 = DIRECTION('',(0.,-1.,0.));
#888 = ORIENTED_EDGE('',*,*,#867,.F.);
#889 = ORIENTED_EDGE('',*,*,#890,.T.);
#890 = EDGE_CURVE('',#836,#882,#891,.T.);
#891 = LINE('',#892,#893);
#892 = CARTESIAN_POINT('',(18.499614202976,11.173180192709,
    13.417743253708));
#893 = VECTOR('',#894,1.);
#894 = DIRECTION('',(1.,0.,0.));
#895 = PLANE('',#896);
#896 = AXIS2_PLACEMENT_3D('',#897,#898,#899);
#897 = CARTESIAN_POINT('',(19.050371889926,3.835329638578,
    13.417743253708));
#898 = DIRECTION('',(-0.,-0.,-1.));
#899 = DIRECTION('',(-1.,0.,0.));
#900 = ADVANCED_FACE('',(#901),#918,.T.);
#901 = FACE_BOUND('',#902,.T.);
#902 = EDGE_LOOP('',(#903,#911,#912));
#903 = ORIENTED_EDGE('',*,*,#904,.T.);
#904 = EDGE_CURVE('',#905,#859,#907,.T.);
#905 = VERTEX_POINT('',#906);
#906 = CARTESIAN_POINT('',(19.907119739056,-3.863620001078,
    13.096488940716));
#907 = LINE('',#908,#909);
#908 = CARTESIAN_POINT('',(19.907119739056,-3.863620001078,
    13.096488940716));
#909 = VECTOR('',#910,1.);
#910 = DIRECTION('',(-0.900968306766,0.,0.433884904327));
#911 = ORIENTED_EDGE('',*,*,#881,.F.);
#912 = ORIENTED_EDGE('',*,*,#913,.T.);
#913 = EDGE_CURVE('',#882,#905,#914,.T.);
#914 = LINE('',#915,#916);
#915 = CARTESIAN_POINT('',(19.240030491352,11.173180192709,
    13.417743253708));
#916 = VECTOR('',#917,1.);
#917 = DIRECTION('',(4.431009246423E-02,-0.998789905919,
    -2.133868648343E-02));
#918 = PLANE('',#919);
#919 = AXIS2_PLACEMENT_3D('',#920,#921,#922);
#920 = CARTESIAN_POINT('',(19.410906260818,3.474231176209,
    13.335453547922));
#921 = DIRECTION('',(-0.433884904327,-0.,-0.900968306766));
#922 = DIRECTION('',(-0.900968306766,0.,0.433884904327));
#923 = ADVANCED_FACE('',(#924),#941,.T.);
#924 = FACE_BOUND('',#925,.T.);
#925 = EDGE_LOOP('',(#926,#934,#935));
#926 = ORIENTED_EDGE('',*,*,#927,.T.);
#927 = EDGE_CURVE('',#928,#905,#930,.T.);
#928 = VERTEX_POINT('',#929);
#929 = CARTESIAN_POINT('',(19.907119739056,11.173180192709,
    13.096488940716));
#930 = LINE('',#931,#932);
#931 = CARTESIAN_POINT('',(19.907119739056,11.173180192709,
    13.096488940716));
#932 = VECTOR('',#933,1.);
#933 = DIRECTION('',(0.,-1.,0.));
#934 = ORIENTED_EDGE('',*,*,#913,.F.);
#935 = ORIENTED_EDGE('',*,*,#936,.T.);
#936 = EDGE_CURVE('',#882,#928,#937,.T.);
#937 = LINE('',#938,#939);
#938 = CARTESIAN_POINT('',(19.240030491352,11.173180192709,
    13.417743253708));
#939 = VECTOR('',#940,1.);
#940 = DIRECTION('',(0.900968306766,0.,-0.433884904327));
#941 = PLANE('',#942);
#942 = AXIS2_PLACEMENT_3D('',#943,#944,#945);
#943 = CARTESIAN_POINT('',(19.73624396959,3.835329015422,13.178778646502
    ));
#944 = DIRECTION('',(-0.433884904327,-0.,-0.900968306766));
#945 = DIRECTION('',(-0.900968306766,0.,0.433884904327));
#946 = ADVANCED_FACE('',(#947),#964,.T.);
#947 = FACE_BOUND('',#948,.T.);
#948 = EDGE_LOOP('',(#949,#957,#958));
#949 = ORIENTED_EDGE('',*,*,#950,.T.);
#950 = EDGE_CURVE('',#951,#905,#953,.T.);
#951 = VERTEX_POINT('',#952);
#952 = CARTESIAN_POINT('',(20.368763375282,-3.863620001078,
    12.517607426643));
#953 = LINE('',#954,#955);
#954 = CARTESIAN_POINT('',(20.368763375282,-3.863620001078,
    12.517607426643));
#955 = VECTOR('',#956,1.);
#956 = DIRECTION('',(-0.623490655025,0.,0.78183080209));
#957 = ORIENTED_EDGE('',*,*,#927,.F.);
#958 = ORIENTED_EDGE('',*,*,#959,.T.);
#959 = EDGE_CURVE('',#928,#951,#960,.T.);
#960 = LINE('',#961,#962);
#961 = CARTESIAN_POINT('',(19.907119739056,11.173180192709,
    13.096488940716));
#962 = VECTOR('',#963,1.);
#963 = DIRECTION('',(3.066377099443E-02,-0.998789892134,
    -3.845106655324E-02));
#964 = PLANE('',#965);
#965 = AXIS2_PLACEMENT_3D('',#966,#967,#968);
#966 = CARTESIAN_POINT('',(20.025370366879,3.474230171959,
    12.948207675466));
#967 = DIRECTION('',(-0.78183080209,-0.,-0.623490655025));
#968 = DIRECTION('',(0.623490655025,0.,-0.78183080209));
#969 = ADVANCED_FACE('',(#970),#987,.T.);
#970 = FACE_BOUND('',#971,.T.);
#971 = EDGE_LOOP('',(#972,#980,#981));
#972 = ORIENTED_EDGE('',*,*,#973,.T.);
#973 = EDGE_CURVE('',#974,#951,#976,.T.);
#974 = VERTEX_POINT('',#975);
#975 = CARTESIAN_POINT('',(20.368763375282,11.173180192709,
    12.517607426643));
#976 = LINE('',#977,#978);
#977 = CARTESIAN_POINT('',(20.368763375282,11.173180192709,
    12.517607426643));
#978 = VECTOR('',#979,1.);
#979 = DIRECTION('',(0.,-1.,0.));
#980 = ORIENTED_EDGE('',*,*,#959,.F.);
#981 = ORIENTED_EDGE('',*,*,#982,.T.);
#982 = EDGE_CURVE('',#928,#974,#983,.T.);
#983 = LINE('',#984,#985);
#984 = CARTESIAN_POINT('',(19.907119739056,11.173180192709,
    13.096488940716));
#985 = VECTOR('',#986,1.);
#986 = DIRECTION('',(0.623490655025,0.,-0.78183080209));
#987 = PLANE('',#988);
#988 = AXIS2_PLACEMENT_3D('',#989,#990,#991);
#989 = CARTESIAN_POINT('',(20.250512747459,3.835330019672,
    12.665888691893));
#990 = DIRECTION('',(-0.78183080209,-0.,-0.623490655025));
#991 = DIRECTION('',(0.623490655025,0.,-0.78183080209));
#992 = ADVANCED_FACE('',(#993),#1010,.T.);
#993 = FACE_BOUND('',#994,.T.);
#994 = EDGE_LOOP('',(#995,#1003,#1004));
#995 = ORIENTED_EDGE('',*,*,#996,.T.);
#996 = EDGE_CURVE('',#997,#951,#999,.T.);
#997 = VERTEX_POINT('',#998);
#998 = CARTESIAN_POINT('',(20.533522880077,-3.863620001078,
    11.795755290985));
#999 = LINE('',#1000,#1001);
#1000 = CARTESIAN_POINT('',(20.533522880077,-3.863620001078,
    11.795755290985));
#1001 = VECTOR('',#1002,1.);
#1002 = DIRECTION('',(-0.222522815058,0.,0.974927482831));
#1003 = ORIENTED_EDGE('',*,*,#973,.F.);
#1004 = ORIENTED_EDGE('',*,*,#1005,.T.);
#1005 = EDGE_CURVE('',#974,#997,#1006,.T.);
#1006 = LINE('',#1007,#1008);
#1007 = CARTESIAN_POINT('',(20.368763375282,11.173180192709,
    12.517607426643));
#1008 = VECTOR('',#1009,1.);
#1009 = DIRECTION('',(1.094382626572E-02,-0.998789897541,
    -4.794760928672E-02));
#1010 = PLANE('',#1011);
#1011 = AXIS2_PLACEMENT_3D('',#1012,#1013,#1014);
#1012 = CARTESIAN_POINT('',(20.410966738022,3.474230565882,
    12.332704057559));
#1013 = DIRECTION('',(-0.974927482831,-0.,-0.222522815058));
#1014 = DIRECTION('',(0.222522815058,0.,-0.974927482831));
#1015 = ADVANCED_FACE('',(#1016),#1033,.T.);
#1016 = FACE_BOUND('',#1017,.T.);
#1017 = EDGE_LOOP('',(#1018,#1026,#1027));
#1018 = ORIENTED_EDGE('',*,*,#1019,.T.);
#1019 = EDGE_CURVE('',#1020,#997,#1022,.T.);
#1020 = VERTEX_POINT('',#1021);
#1021 = CARTESIAN_POINT('',(20.533522880077,11.173180192709,
    11.795755290985));
#1022 = LINE('',#1023,#1024);
#1023 = CARTESIAN_POINT('',(20.533522880077,11.173180192709,
    11.795755290985));
#1024 = VECTOR('',#1025,1.);
#1025 = DIRECTION('',(0.,-1.,0.));
#1026 = ORIENTED_EDGE('',*,*,#1005,.F.);
#1027 = ORIENTED_EDGE('',*,*,#1028,.T.);
#1028 = EDGE_CURVE('',#974,#1020,#1029,.T.);
#1029 = LINE('',#1030,#1031);
#1030 = CARTESIAN_POINT('',(20.368763375282,11.173180192709,
    12.517607426643));
#1031 = VECTOR('',#1032,1.);
#1032 = DIRECTION('',(0.222522815058,0.,-0.974927482831));
#1033 = PLANE('',#1034);
#1034 = AXIS2_PLACEMENT_3D('',#1035,#1036,#1037);
#1035 = CARTESIAN_POINT('',(20.491319517338,3.83532962575,11.98065866007
    ));
#1036 = DIRECTION('',(-0.974927482831,-0.,-0.222522815058));
#1037 = DIRECTION('',(0.222522815058,0.,-0.974927482831));
#1038 = ADVANCED_FACE('',(#1039),#1056,.T.);
#1039 = FACE_BOUND('',#1040,.T.);
#1040 = EDGE_LOOP('',(#1041,#1049,#1050));
#1041 = ORIENTED_EDGE('',*,*,#1042,.T.);
#1042 = EDGE_CURVE('',#1043,#997,#1045,.T.);
#1043 = VERTEX_POINT('',#1044);
#1044 = CARTESIAN_POINT('',(20.368763375282,-3.863620001078,
    11.073903155327));
#1045 = LINE('',#1046,#1047);
#1046 = CARTESIAN_POINT('',(20.368763375282,-3.863620001078,
    11.073903155327));
#1047 = VECTOR('',#1048,1.);
#1048 = DIRECTION('',(0.222522815058,0.,0.974927482831));
#1049 = ORIENTED_EDGE('',*,*,#1019,.F.);
#1050 = ORIENTED_EDGE('',*,*,#1051,.T.);
#1051 = EDGE_CURVE('',#1020,#1043,#1052,.T.);
#1052 = LINE('',#1053,#1054);
#1053 = CARTESIAN_POINT('',(20.533522880077,11.173180192709,
    11.795755290985));
#1054 = VECTOR('',#1055,1.);
#1055 = DIRECTION('',(-1.094382626572E-02,-0.998789897541,
    -4.794760928672E-02));
#1056 = PLANE('',#1057);
#1057 = AXIS2_PLACEMENT_3D('',#1058,#1059,#1060);
#1058 = CARTESIAN_POINT('',(20.491319517338,3.474230565882,
    11.610851921901));
#1059 = DIRECTION('',(-0.974927482831,0.,0.222522815058));
#1060 = DIRECTION('',(-0.222522815058,0.,-0.974927482831));
#1061 = ADVANCED_FACE('',(#1062),#1079,.T.);
#1062 = FACE_BOUND('',#1063,.T.);
#1063 = EDGE_LOOP('',(#1064,#1072,#1073));
#1064 = ORIENTED_EDGE('',*,*,#1065,.T.);
#1065 = EDGE_CURVE('',#1066,#1043,#1068,.T.);
#1066 = VERTEX_POINT('',#1067);
#1067 = CARTESIAN_POINT('',(20.368763375282,11.173180192709,
    11.073903155327));
#1068 = LINE('',#1069,#1070);
#1069 = CARTESIAN_POINT('',(20.368763375282,11.173180192709,
    11.073903155327));
#1070 = VECTOR('',#1071,1.);
#1071 = DIRECTION('',(0.,-1.,0.));
#1072 = ORIENTED_EDGE('',*,*,#1051,.F.);
#1073 = ORIENTED_EDGE('',*,*,#1074,.T.);
#1074 = EDGE_CURVE('',#1020,#1066,#1075,.T.);
#1075 = LINE('',#1076,#1077);
#1076 = CARTESIAN_POINT('',(20.533522880077,11.173180192709,
    11.795755290985));
#1077 = VECTOR('',#1078,1.);
#1078 = DIRECTION('',(-0.222522815058,0.,-0.974927482831));
#1079 = PLANE('',#1080);
#1080 = AXIS2_PLACEMENT_3D('',#1081,#1082,#1083);
#1081 = CARTESIAN_POINT('',(20.410966738022,3.83532962575,
    11.258806524411));
#1082 = DIRECTION('',(-0.974927482831,0.,0.222522815058));
#1083 = DIRECTION('',(-0.222522815058,0.,-0.974927482831));
#1084 = ADVANCED_FACE('',(#1085),#1102,.T.);
#1085 = FACE_BOUND('',#1086,.T.);
#1086 = EDGE_LOOP('',(#1087,#1095,#1096));
#1087 = ORIENTED_EDGE('',*,*,#1088,.T.);
#1088 = EDGE_CURVE('',#1089,#1043,#1091,.T.);
#1089 = VERTEX_POINT('',#1090);
#1090 = CARTESIAN_POINT('',(19.907119739056,-3.863620001078,
    10.495022398233));
#1091 = LINE('',#1092,#1093);
#1092 = CARTESIAN_POINT('',(19.907119739056,-3.863620001078,
    10.495022398233));
#1093 = VECTOR('',#1094,1.);
#1094 = DIRECTION('',(0.623491153393,0.,0.781830404654));
#1095 = ORIENTED_EDGE('',*,*,#1065,.F.);
#1096 = ORIENTED_EDGE('',*,*,#1097,.T.);
#1097 = EDGE_CURVE('',#1066,#1089,#1098,.T.);
#1098 = LINE('',#1099,#1100);
#1099 = CARTESIAN_POINT('',(20.368763375282,11.173180192709,
    11.073903155327));
#1100 = VECTOR('',#1101,1.);
#1101 = DIRECTION('',(-3.066377105371E-02,-0.998789894065,
    -3.845101634673E-02));
#1102 = PLANE('',#1103);
#1103 = AXIS2_PLACEMENT_3D('',#1104,#1105,#1106);
#1104 = CARTESIAN_POINT('',(20.250512749726,3.47423031264,
    10.925622086821));
#1105 = DIRECTION('',(-0.781830404654,0.,0.623491153393));
#1106 = DIRECTION('',(-0.623491153393,0.,-0.781830404654));
#1107 = ADVANCED_FACE('',(#1108),#1125,.T.);
#1108 = FACE_BOUND('',#1109,.T.);
#1109 = EDGE_LOOP('',(#1110,#1118,#1119));
#1110 = ORIENTED_EDGE('',*,*,#1111,.T.);
#1111 = EDGE_CURVE('',#1112,#1089,#1114,.T.);
#1112 = VERTEX_POINT('',#1113);
#1113 = CARTESIAN_POINT('',(19.907119739056,11.173180192709,
    10.495022398233));
#1114 = LINE('',#1115,#1116);
#1115 = CARTESIAN_POINT('',(19.907119739056,11.173180192709,
    10.495022398233));
#1116 = VECTOR('',#1117,1.);
#1117 = DIRECTION('',(0.,-1.,0.));
#1118 = ORIENTED_EDGE('',*,*,#1097,.F.);
#1119 = ORIENTED_EDGE('',*,*,#1120,.T.);
#1120 = EDGE_CURVE('',#1066,#1112,#1121,.T.);
#1121 = LINE('',#1122,#1123);
#1122 = CARTESIAN_POINT('',(20.368763375282,11.173180192709,
    11.073903155327));
#1123 = VECTOR('',#1124,1.);
#1124 = DIRECTION('',(-0.623491153393,0.,-0.781830404654));
#1125 = PLANE('',#1126);
#1126 = AXIS2_PLACEMENT_3D('',#1127,#1128,#1129);
#1127 = CARTESIAN_POINT('',(20.025370364612,3.835329878992,
    10.643303466739));
#1128 = DIRECTION('',(-0.781830404654,0.,0.623491153393));
#1129 = DIRECTION('',(-0.623491153393,0.,-0.781830404654));
#1130 = ADVANCED_FACE('',(#1131),#1148,.T.);
#1131 = FACE_BOUND('',#1132,.T.);
#1132 = EDGE_LOOP('',(#1133,#1141,#1142));
#1133 = ORIENTED_EDGE('',*,*,#1134,.T.);
#1134 = EDGE_CURVE('',#1135,#1089,#1137,.T.);
#1135 = VERTEX_POINT('',#1136);
#1136 = CARTESIAN_POINT('',(19.240030491352,-3.863620001078,
    10.173768085241));
#1137 = LINE('',#1138,#1139);
#1138 = CARTESIAN_POINT('',(19.240030491352,-3.863620001078,
    10.173768085241));
#1139 = VECTOR('',#1140,1.);
#1140 = DIRECTION('',(0.900968306766,0.,0.433884904327));
#1141 = ORIENTED_EDGE('',*,*,#1111,.F.);
#1142 = ORIENTED_EDGE('',*,*,#1143,.T.);
#1143 = EDGE_CURVE('',#1112,#1135,#1144,.T.);
#1144 = LINE('',#1145,#1146);
#1145 = CARTESIAN_POINT('',(19.907119739056,11.173180192709,
    10.495022398233));
#1146 = VECTOR('',#1147,1.);
#1147 = DIRECTION('',(-4.431009246423E-02,-0.998789905919,
    -2.133868648343E-02));
#1148 = PLANE('',#1149);
#1149 = AXIS2_PLACEMENT_3D('',#1150,#1151,#1152);
#1150 = CARTESIAN_POINT('',(19.73624396959,3.474231176209,
    10.412732692447));
#1151 = DIRECTION('',(-0.433884904327,0.,0.900968306766));
#1152 = DIRECTION('',(0.900968306766,0.,0.433884904327));
#1153 = ADVANCED_FACE('',(#1154),#1171,.T.);
#1154 = FACE_BOUND('',#1155,.T.);
#1155 = EDGE_LOOP('',(#1156,#1164,#1165));
#1156 = ORIENTED_EDGE('',*,*,#1157,.T.);
#1157 = EDGE_CURVE('',#1158,#1135,#1160,.T.);
#1158 = VERTEX_POINT('',#1159);
#1159 = CARTESIAN_POINT('',(19.240030491352,11.173180192709,
    10.173768085241));
#1160 = LINE('',#1161,#1162);
#1161 = CARTESIAN_POINT('',(19.240030491352,11.173180192709,
    10.173768085241));
#1162 = VECTOR('',#1163,1.);
#1163 = DIRECTION('',(0.,-1.,0.));
#1164 = ORIENTED_EDGE('',*,*,#1143,.F.);
#1165 = ORIENTED_EDGE('',*,*,#1166,.T.);
#1166 = EDGE_CURVE('',#1112,#1158,#1167,.T.);
#1167 = LINE('',#1168,#1169);
#1168 = CARTESIAN_POINT('',(19.907119739056,11.173180192709,
    10.495022398233));
#1169 = VECTOR('',#1170,1.);
#1170 = DIRECTION('',(-0.900968306766,0.,-0.433884904327));
#1171 = PLANE('',#1172);
#1172 = AXIS2_PLACEMENT_3D('',#1173,#1174,#1175);
#1173 = CARTESIAN_POINT('',(19.410906260818,3.835329015422,
    10.256057791028));
#1174 = DIRECTION('',(-0.433884904327,0.,0.900968306766));
#1175 = DIRECTION('',(0.900968306766,0.,0.433884904327));
#1176 = ADVANCED_FACE('',(#1177),#1194,.T.);
#1177 = FACE_BOUND('',#1178,.T.);
#1178 = EDGE_LOOP('',(#1179,#1187,#1188));
#1179 = ORIENTED_EDGE('',*,*,#1180,.T.);
#1180 = EDGE_CURVE('',#1181,#1135,#1183,.T.);
#1181 = VERTEX_POINT('',#1182);
#1182 = CARTESIAN_POINT('',(18.499614202976,-3.863620001078,
    10.173768085241));
#1183 = LINE('',#1184,#1185);
#1184 = CARTESIAN_POINT('',(18.499614202976,-3.863620001078,
    10.173768085241));
#1185 = VECTOR('',#1186,1.);
#1186 = DIRECTION('',(1.,0.,0.));
#1187 = ORIENTED_EDGE('',*,*,#1157,.F.);
#1188 = ORIENTED_EDGE('',*,*,#1189,.T.);
#1189 = EDGE_CURVE('',#1158,#1181,#1190,.T.);
#1190 = LINE('',#1191,#1192);
#1191 = CARTESIAN_POINT('',(19.240030491352,11.173180192709,
    10.173768085241));
#1192 = VECTOR('',#1193,1.);
#1193 = DIRECTION('',(-4.918069663386E-02,-0.998789897365,0.));
#1194 = PLANE('',#1195);
#1195 = AXIS2_PLACEMENT_3D('',#1196,#1197,#1198);
#1196 = CARTESIAN_POINT('',(19.050371889926,3.474230553053,
    10.173768085241));
#1197 = DIRECTION('',(0.,0.,1.));
#1198 = DIRECTION('',(1.,0.,-0.));
#1199 = ADVANCED_FACE('',(#1200),#1217,.T.);
#1200 = FACE_BOUND('',#1201,.T.);
#1201 = EDGE_LOOP('',(#1202,#1210,#1211));
#1202 = ORIENTED_EDGE('',*,*,#1203,.T.);
#1203 = EDGE_CURVE('',#1204,#1181,#1206,.T.);
#1204 = VERTEX_POINT('',#1205);
#1205 = CARTESIAN_POINT('',(18.499614202976,11.173180192709,
    10.173768085241));
#1206 = LINE('',#1207,#1208);
#1207 = CARTESIAN_POINT('',(18.499614202976,11.173180192709,
    10.173768085241));
#1208 = VECTOR('',#1209,1.);
#1209 = DIRECTION('',(0.,-1.,0.));
#1210 = ORIENTED_EDGE('',*,*,#1189,.F.);
#1211 = ORIENTED_EDGE('',*,*,#1212,.T.);
#1212 = EDGE_CURVE('',#1158,#1204,#1213,.T.);
#1213 = LINE('',#1214,#1215);
#1214 = CARTESIAN_POINT('',(19.240030491352,11.173180192709,
    10.173768085241));
#1215 = VECTOR('',#1216,1.);
#1216 = DIRECTION('',(-1.,0.,0.));
#1217 = PLANE('',#1218);
#1218 = AXIS2_PLACEMENT_3D('',#1219,#1220,#1221);
#1219 = CARTESIAN_POINT('',(18.689272804402,3.835329638578,
    10.173768085241));
#1220 = DIRECTION('',(0.,0.,1.));
#1221 = DIRECTION('',(1.,0.,-0.));
#1222 = ADVANCED_FACE('',(#1223),#1240,.T.);
#1223 = FACE_BOUND('',#1224,.T.);
#1224 = EDGE_LOOP('',(#1225,#1233,#1234));
#1225 = ORIENTED_EDGE('',*,*,#1226,.T.);
#1226 = EDGE_CURVE('',#1227,#1181,#1229,.T.);
#1227 = VERTEX_POINT('',#1228);
#1228 = CARTESIAN_POINT('',(17.832521927357,-3.863620001078,
    10.495022398233));
#1229 = LINE('',#1230,#1231);
#1230 = CARTESIAN_POINT('',(17.832521927357,-3.863620001078,
    10.495022398233));
#1231 = VECTOR('',#1232,1.);
#1232 = DIRECTION('',(0.900969076633,0.,-0.433883305683));
#1233 = ORIENTED_EDGE('',*,*,#1203,.F.);
#1234 = ORIENTED_EDGE('',*,*,#1235,.T.);
#1235 = EDGE_CURVE('',#1204,#1227,#1236,.T.);
#1236 = LINE('',#1237,#1238);
#1237 = CARTESIAN_POINT('',(18.499614202976,11.173180192709,
    10.173768085241));
#1238 = VECTOR('',#1239,1.);
#1239 = DIRECTION('',(-4.431029319271E-02,-0.998789897018,
    2.133868629326E-02));
#1240 = PLANE('',#1241);
#1241 = AXIS2_PLACEMENT_3D('',#1242,#1243,#1244);
#1242 = CARTESIAN_POINT('',(18.328737642805,3.474230527737,10.2560577983
    ));
#1243 = DIRECTION('',(0.433883305683,0.,0.900969076633));
#1244 = DIRECTION('',(0.900969076633,0.,-0.433883305683));
#1245 = ADVANCED_FACE('',(#1246),#1263,.T.);
#1246 = FACE_BOUND('',#1247,.T.);
#1247 = EDGE_LOOP('',(#1248,#1256,#1257));
#1248 = ORIENTED_EDGE('',*,*,#1249,.T.);
#1249 = EDGE_CURVE('',#1250,#1227,#1252,.T.);
#1250 = VERTEX_POINT('',#1251);
#1251 = CARTESIAN_POINT('',(17.832521927357,11.173180192709,
    10.495022398233));
#1252 = LINE('',#1253,#1254);
#1253 = CARTESIAN_POINT('',(17.832521927357,11.173180192709,
    10.495022398233));
#1254 = VECTOR('',#1255,1.);
#1255 = DIRECTION('',(0.,-1.,0.));
#1256 = ORIENTED_EDGE('',*,*,#1235,.F.);
#1257 = ORIENTED_EDGE('',*,*,#1258,.T.);
#1258 = EDGE_CURVE('',#1204,#1250,#1259,.T.);
#1259 = LINE('',#1260,#1261);
#1260 = CARTESIAN_POINT('',(18.499614202976,11.173180192709,
    10.173768085241));
#1261 = VECTOR('',#1262,1.);
#1262 = DIRECTION('',(-0.900969076633,0.,0.433883305683));
#1263 = PLANE('',#1264);
#1264 = AXIS2_PLACEMENT_3D('',#1265,#1266,#1267);
#1265 = CARTESIAN_POINT('',(18.003398487528,3.835329663895,
    10.412732685175));
#1266 = DIRECTION('',(0.433883305683,0.,0.900969076633));
#1267 = DIRECTION('',(0.900969076633,0.,-0.433883305683));
#1268 = ADVANCED_FACE('',(#1269),#1284,.T.);
#1269 = FACE_BOUND('',#1270,.T.);
#1270 = EDGE_LOOP('',(#1271,#1277,#1278));
#1271 = ORIENTED_EDGE('',*,*,#1272,.T.);
#1272 = EDGE_CURVE('',#668,#1227,#1273,.T.);
#1273 = LINE('',#1274,#1275);
#1274 = CARTESIAN_POINT('',(17.37087829113,-3.863620001078,
    11.073903155327));
#1275 = VECTOR('',#1276,1.);
#1276 = DIRECTION('',(0.623491153393,0.,-0.781830404654));
#1277 = ORIENTED_EDGE('',*,*,#1249,.F.);
#1278 = ORIENTED_EDGE('',*,*,#1279,.T.);
#1279 = EDGE_CURVE('',#1250,#668,#1280,.T.);
#1280 = LINE('',#1281,#1282);
#1281 = CARTESIAN_POINT('',(17.832521927357,11.173180192709,
    10.495022398233));
#1282 = VECTOR('',#1283,1.);
#1283 = DIRECTION('',(-3.066377105371E-02,-0.998789894065,
    3.845101634673E-02));
#1284 = PLANE('',#1285);
#1285 = AXIS2_PLACEMENT_3D('',#1286,#1287,#1288);
#1286 = CARTESIAN_POINT('',(17.714271301801,3.47423031264,
    10.643303466739));
#1287 = DIRECTION('',(0.781830404654,0.,0.623491153393));
#1288 = DIRECTION('',(-0.623491153393,0.,0.781830404654));
#1289 = ADVANCED_FACE('',(#1290),#1300,.T.);
#1290 = FACE_BOUND('',#1291,.T.);
#1291 = EDGE_LOOP('',(#1292,#1293,#1294));
#1292 = ORIENTED_EDGE('',*,*,#675,.F.);
#1293 = ORIENTED_EDGE('',*,*,#1279,.F.);
#1294 = ORIENTED_EDGE('',*,*,#1295,.T.);
#1295 = EDGE_CURVE('',#1250,#676,#1296,.T.);
#1296 = LINE('',#1297,#1298);
#1297 = CARTESIAN_POINT('',(17.832521927357,11.173180192709,
    10.495022398233));
#1298 = VECTOR('',#1299,1.);
#1299 = DIRECTION('',(-0.623491153393,0.,0.781830404654));
#1300 = PLANE('',#1301);
#1301 = AXIS2_PLACEMENT_3D('',#1302,#1303,#1304);
#1302 = CARTESIAN_POINT('',(17.489128916686,3.835329878992,
    10.925622086821));
#1303 = DIRECTION('',(0.781830404654,0.,0.623491153393));
#1304 = DIRECTION('',(-0.623491153393,0.,0.781830404654));
#1305 = ADVANCED_FACE('',(#1306),#1332,.T.);
#1306 = FACE_BOUND('',#1307,.T.);
#1307 = EDGE_LOOP('',(#1308,#1318,#1326));
#1308 = ORIENTED_EDGE('',*,*,#1309,.T.);
#1309 = EDGE_CURVE('',#1310,#1312,#1314,.T.);
#1310 = VERTEX_POINT('',#1311);
#1311 = CARTESIAN_POINT('',(22.08927063942,0.16228049323,68.844156599045
    ));
#1312 = VERTEX_POINT('',#1313);
#1313 = CARTESIAN_POINT('',(10.405271941423,0.16228049323,
    68.844156599045));
#1314 = LINE('',#1315,#1316);
#1315 = CARTESIAN_POINT('',(22.08927063942,0.16228049323,68.844156599045
    ));
#1316 = VECTOR('',#1317,1.);
#1317 = DIRECTION('',(-1.,0.,0.));
#1318 = ORIENTED_EDGE('',*,*,#1319,.T.);
#1319 = EDGE_CURVE('',#1312,#1320,#1322,.T.);
#1320 = VERTEX_POINT('',#1321);
#1321 = CARTESIAN_POINT('',(10.405271941423,-0.599719584361,
    69.606155872345));
#1322 = LINE('',#1323,#1324);
#1323 = CARTESIAN_POINT('',(10.405271941423,0.16228049323,
    68.844156599045));
#1324 = VECTOR('',#1325,1.);
#1325 = DIRECTION('',(0.,-0.707107154362,0.707106408011));
#1326 = ORIENTED_EDGE('',*,*,#1327,.T.);
#1327 = EDGE_CURVE('',#1320,#1310,#1328,.T.);
#1328 = LINE('',#1329,#1330);
#1329 = CARTESIAN_POINT('',(10.405271941423,-0.599719584361,
    69.606155872345));
#1330 = VECTOR('',#1331,1.);
#1331 = DIRECTION('',(0.995773639516,6.494177294835E-02,
    -6.494170440239E-02));
#1332 = PLANE('',#1333);
#1333 = AXIS2_PLACEMENT_3D('',#1334,#1335,#1336);
#1334 = CARTESIAN_POINT('',(15.990261315836,-3.698595379415E-02,
    69.043422835743));
#1335 = DIRECTION('',(0.,0.707106408011,0.707107154362));
#1336 = DIRECTION('',(0.,0.707107154362,-0.707106408011));
#1337 = ADVANCED_FACE('',(#1338),#1355,.T.);
#1338 = FACE_BOUND('',#1339,.T.);
#1339 = EDGE_LOOP('',(#1340,#1348,#1349));
#1340 = ORIENTED_EDGE('',*,*,#1341,.T.);
#1341 = EDGE_CURVE('',#1342,#1310,#1344,.T.);
#1342 = VERTEX_POINT('',#1343);
#1343 = CARTESIAN_POINT('',(22.85126991272,-0.599719584361,
    69.606155872345));
#1344 = LINE('',#1345,#1346);
#1345 = CARTESIAN_POINT('',(22.85126991272,-0.599719584361,
    69.606155872345));
#1346 = VECTOR('',#1347,1.);
#1347 = DIRECTION('',(-0.577350066059,0.577350675452,-0.577350066059));
#1348 = ORIENTED_EDGE('',*,*,#1327,.F.);
#1349 = ORIENTED_EDGE('',*,*,#1350,.T.);
#1350 = EDGE_CURVE('',#1320,#1342,#1351,.T.);
#1351 = LINE('',#1352,#1353);
#1352 = CARTESIAN_POINT('',(10.405271941423,-0.599719584361,
    69.606155872345));
#1353 = VECTOR('',#1354,1.);
#1354 = DIRECTION('',(1.,0.,0.));
#1355 = PLANE('',#1356);
#1356 = AXIS2_PLACEMENT_3D('',#1357,#1358,#1359);
#1357 = CARTESIAN_POINT('',(16.755328994708,-0.404681726726,
    69.411118220573));
#1358 = DIRECTION('',(0.,0.707106408011,0.707107154362));
#1359 = DIRECTION('',(0.,0.707107154362,-0.707106408011));
#1360 = ADVANCED_FACE('',(#1361),#1387,.T.);
#1361 = FACE_BOUND('',#1362,.T.);
#1362 = EDGE_LOOP('',(#1363,#1373,#1381));
#1363 = ORIENTED_EDGE('',*,*,#1364,.T.);
#1364 = EDGE_CURVE('',#1365,#1367,#1369,.T.);
#1365 = VERTEX_POINT('',#1366);
#1366 = CARTESIAN_POINT('',(22.08927063942,7.147279793024,
    68.844156599045));
#1367 = VERTEX_POINT('',#1368);
#1368 = CARTESIAN_POINT('',(22.85126991272,7.909279823303,
    69.606155872345));
#1369 = LINE('',#1370,#1371);
#1370 = CARTESIAN_POINT('',(22.08927063942,7.147279793024,
    68.844156599045));
#1371 = VECTOR('',#1372,1.);
#1372 = DIRECTION('',(0.577350078007,0.577350651554,0.577350078007));
#1373 = ORIENTED_EDGE('',*,*,#1374,.T.);
#1374 = EDGE_CURVE('',#1367,#1375,#1377,.T.);
#1375 = VERTEX_POINT('',#1376);
#1376 = CARTESIAN_POINT('',(10.405271941423,7.909279823303,
    69.606155872345));
#1377 = LINE('',#1378,#1379);
#1378 = CARTESIAN_POINT('',(22.85126991272,7.909279823303,
    69.606155872345));
#1379 = VECTOR('',#1380,1.);
#1380 = DIRECTION('',(-1.,0.,0.));
#1381 = ORIENTED_EDGE('',*,*,#1382,.T.);
#1382 = EDGE_CURVE('',#1375,#1365,#1383,.T.);
#1383 = LINE('',#1384,#1385);
#1384 = CARTESIAN_POINT('',(10.405271941423,7.909279823303,
    69.606155872345));
#1385 = VECTOR('',#1386,1.);
#1386 = DIRECTION('',(0.995773639777,-6.494176893323E-02,
    -6.494170441938E-02));
#1387 = PLANE('',#1388);
#1388 = AXIS2_PLACEMENT_3D('',#1389,#1390,#1391);
#1389 = CARTESIAN_POINT('',(16.755328988647,7.714241978,69.411118220794)
  );
#1390 = DIRECTION('',(0.,-0.707106429963,0.70710713241));
#1391 = DIRECTION('',(0.,0.70710713241,0.707106429963));
#1392 = ADVANCED_FACE('',(#1393),#1410,.T.);
#1393 = FACE_BOUND('',#1394,.T.);
#1394 = EDGE_LOOP('',(#1395,#1403,#1404));
#1395 = ORIENTED_EDGE('',*,*,#1396,.T.);
#1396 = EDGE_CURVE('',#1397,#1365,#1399,.T.);
#1397 = VERTEX_POINT('',#1398);
#1398 = CARTESIAN_POINT('',(10.405271941423,7.147279793024,
    68.844156599045));
#1399 = LINE('',#1400,#1401);
#1400 = CARTESIAN_POINT('',(10.405271941423,7.147279793024,
    68.844156599045));
#1401 = VECTOR('',#1402,1.);
#1402 = DIRECTION('',(1.,0.,0.));
#1403 = ORIENTED_EDGE('',*,*,#1382,.F.);
#1404 = ORIENTED_EDGE('',*,*,#1405,.T.);
#1405 = EDGE_CURVE('',#1375,#1397,#1406,.T.);
#1406 = LINE('',#1407,#1408);
#1407 = CARTESIAN_POINT('',(10.405271941423,7.909279823303,
    69.606155872345));
#1408 = VECTOR('',#1409,1.);
#1409 = DIRECTION('',(0.,-0.70710713241,-0.707106429963));
#1410 = PLANE('',#1411);
#1411 = AXIS2_PLACEMENT_3D('',#1412,#1413,#1414);
#1412 = CARTESIAN_POINT('',(15.990261323432,7.346546227405,
    69.043422835472));
#1413 = DIRECTION('',(0.,-0.707106429963,0.70710713241));
#1414 = DIRECTION('',(0.,0.70710713241,0.707106429963));
#1415 = ADVANCED_FACE('',(#1416),#1431,.T.);
#1416 = FACE_BOUND('',#1417,.T.);
#1417 = EDGE_LOOP('',(#1418,#1424,#1425));
#1418 = ORIENTED_EDGE('',*,*,#1419,.T.);
#1419 = EDGE_CURVE('',#1342,#1367,#1420,.T.);
#1420 = LINE('',#1421,#1422);
#1421 = CARTESIAN_POINT('',(22.85126991272,-0.599719584361,
    69.606155872345));
#1422 = VECTOR('',#1423,1.);
#1423 = DIRECTION('',(0.,1.,0.));
#1424 = ORIENTED_EDGE('',*,*,#1364,.F.);
#1425 = ORIENTED_EDGE('',*,*,#1426,.T.);
#1426 = EDGE_CURVE('',#1365,#1342,#1427,.T.);
#1427 = LINE('',#1428,#1429);
#1428 = CARTESIAN_POINT('',(22.08927063942,7.147279793024,
    68.844156599045));
#1429 = VECTOR('',#1430,1.);
#1430 = DIRECTION('',(9.742254194097E-02,-0.990463374711,
    9.742254194097E-02));
#1431 = PLANE('',#1432);
#1432 = AXIS2_PLACEMENT_3D('',#1433,#1434,#1435);
#1433 = CARTESIAN_POINT('',(22.653944494816,3.775587689797,
    69.408830454441));
#1434 = DIRECTION('',(-0.707106781187,0.,0.707106781187));
#1435 = DIRECTION('',(-0.707106781187,0.,-0.707106781187));
#1436 = ADVANCED_FACE('',(#1437),#1447,.T.);
#1437 = FACE_BOUND('',#1438,.T.);
#1438 = EDGE_LOOP('',(#1439,#1440,#1441));
#1439 = ORIENTED_EDGE('',*,*,#1341,.F.);
#1440 = ORIENTED_EDGE('',*,*,#1426,.F.);
#1441 = ORIENTED_EDGE('',*,*,#1442,.T.);
#1442 = EDGE_CURVE('',#1365,#1310,#1443,.T.);
#1443 = LINE('',#1444,#1445);
#1444 = CARTESIAN_POINT('',(22.08927063942,7.147279793024,
    68.844156599045));
#1445 = VECTOR('',#1446,1.);
#1446 = DIRECTION('',(0.,-1.,0.));
#1447 = PLANE('',#1448);
#1448 = AXIS2_PLACEMENT_3D('',#1449,#1450,#1451);
#1449 = CARTESIAN_POINT('',(22.305243972298,3.152972539005,
    69.060129931923));
#1450 = DIRECTION('',(-0.707106781187,0.,0.707106781187));
#1451 = DIRECTION('',(-0.707106781187,0.,-0.707106781187));
#1452 = ADVANCED_FACE('',(#1453),#1470,.T.);
#1453 = FACE_BOUND('',#1454,.T.);
#1454 = EDGE_LOOP('',(#1455,#1456,#1464));
#1455 = ORIENTED_EDGE('',*,*,#1442,.F.);
#1456 = ORIENTED_EDGE('',*,*,#1457,.T.);
#1457 = EDGE_CURVE('',#1365,#1458,#1460,.T.);
#1458 = VERTEX_POINT('',#1459);
#1459 = CARTESIAN_POINT('',(22.08927063942,7.147279793024,
    59.700153207779));
#1460 = LINE('',#1461,#1462);
#1461 = CARTESIAN_POINT('',(22.08927063942,7.147279793024,
    68.844156599045));
#1462 = VECTOR('',#1463,1.);
#1463 = DIRECTION('',(0.,0.,-1.));
#1464 = ORIENTED_EDGE('',*,*,#1465,.T.);
#1465 = EDGE_CURVE('',#1458,#1310,#1466,.T.);
#1466 = LINE('',#1467,#1468);
#1467 = CARTESIAN_POINT('',(22.08927063942,7.147279793024,
    59.700153207779));
#1468 = VECTOR('',#1469,1.);
#1469 = DIRECTION('',(0.,-0.607040172267,0.794671145351));
#1470 = PLANE('',#1471);
#1471 = AXIS2_PLACEMENT_3D('',#1472,#1473,#1474);
#1472 = CARTESIAN_POINT('',(22.08927063942,4.810368109325,65.42774286961
    ));
#1473 = DIRECTION('',(-1.,-0.,-0.));
#1474 = DIRECTION('',(0.,0.,-1.));
#1475 = ADVANCED_FACE('',(#1476),#1493,.T.);
#1476 = FACE_BOUND('',#1477,.T.);
#1477 = EDGE_LOOP('',(#1478,#1486,#1487));
#1478 = ORIENTED_EDGE('',*,*,#1479,.T.);
#1479 = EDGE_CURVE('',#1480,#1310,#1482,.T.);
#1480 = VERTEX_POINT('',#1481);
#1481 = CARTESIAN_POINT('',(22.08927063942,0.16228049323,52.207157325745
    ));
#1482 = LINE('',#1483,#1484);
#1483 = CARTESIAN_POINT('',(22.08927063942,0.16228049323,52.207157325745
    ));
#1484 = VECTOR('',#1485,1.);
#1485 = DIRECTION('',(0.,0.,1.));
#1486 = ORIENTED_EDGE('',*,*,#1465,.F.);
#1487 = ORIENTED_EDGE('',*,*,#1488,.T.);
#1488 = EDGE_CURVE('',#1458,#1480,#1489,.T.);
#1489 = LINE('',#1490,#1491);
#1490 = CARTESIAN_POINT('',(22.08927063942,7.147279793024,
    59.700153207779));
#1491 = VECTOR('',#1492,1.);
#1492 = DIRECTION('',(0.,-0.681876564579,-0.731467258787));
#1493 = PLANE('',#1494);
#1494 = AXIS2_PLACEMENT_3D('',#1495,#1496,#1497);
#1495 = CARTESIAN_POINT('',(22.08927063942,2.141141403966,
    60.428620670637));
#1496 = DIRECTION('',(-1.,-0.,-0.));
#1497 = DIRECTION('',(0.,0.,-1.));
#1498 = ADVANCED_FACE('',(#1499),#1516,.T.);
#1499 = FACE_BOUND('',#1500,.T.);
#1500 = EDGE_LOOP('',(#1501,#1509,#1510));
#1501 = ORIENTED_EDGE('',*,*,#1502,.T.);
#1502 = EDGE_CURVE('',#1503,#1480,#1505,.T.);
#1503 = VERTEX_POINT('',#1504);
#1504 = CARTESIAN_POINT('',(22.08927063942,18.767780065536,
    52.207157325745));
#1505 = LINE('',#1506,#1507);
#1506 = CARTESIAN_POINT('',(22.08927063942,18.767780065536,
    52.207157325745));
#1507 = VECTOR('',#1508,1.);
#1508 = DIRECTION('',(0.,-1.,0.));
#1509 = ORIENTED_EDGE('',*,*,#1488,.F.);
#1510 = ORIENTED_EDGE('',*,*,#1511,.T.);
#1511 = EDGE_CURVE('',#1458,#1503,#1512,.T.);
#1512 = LINE('',#1513,#1514);
#1513 = CARTESIAN_POINT('',(22.08927063942,7.147279793024,
    59.700153207779));
#1514 = VECTOR('',#1515,1.);
#1515 = DIRECTION('',(0.,0.840431738552,-0.541917422523));
#1516 = PLANE('',#1517);
#1517 = AXIS2_PLACEMENT_3D('',#1518,#1519,#1520);
#1518 = CARTESIAN_POINT('',(22.08927063942,9.201913480747,
    54.320294931932));
#1519 = DIRECTION('',(-1.,-0.,-0.));
#1520 = DIRECTION('',(0.,0.,-1.));
#1521 = ADVANCED_FACE('',(#1522),#1539,.T.);
#1522 = FACE_BOUND('',#1523,.T.);
#1523 = EDGE_LOOP('',(#1524,#1532,#1533));
#1524 = ORIENTED_EDGE('',*,*,#1525,.T.);
#1525 = EDGE_CURVE('',#1526,#1503,#1528,.T.);
#1526 = VERTEX_POINT('',#1527);
#1527 = CARTESIAN_POINT('',(22.08927063942,18.767780065536,
    59.700153207779));
#1528 = LINE('',#1529,#1530);
#1529 = CARTESIAN_POINT('',(22.08927063942,18.767780065536,
    59.700153207779));
#1530 = VECTOR('',#1531,1.);
#1531 = DIRECTION('',(0.,0.,-1.));
#1532 = ORIENTED_EDGE('',*,*,#1511,.F.);
#1533 = ORIENTED_EDGE('',*,*,#1534,.T.);
#1534 = EDGE_CURVE('',#1458,#1526,#1535,.T.);
#1535 = LINE('',#1536,#1537);
#1536 = CARTESIAN_POINT('',(22.08927063942,7.147279793024,
    59.700153207779));
#1537 = VECTOR('',#1538,1.);
#1538 = DIRECTION('',(0.,1.,0.));
#1539 = PLANE('',#1540);
#1540 = AXIS2_PLACEMENT_3D('',#1541,#1542,#1543);
#1541 = CARTESIAN_POINT('',(22.08927063942,14.279198402356,
    57.275323739838));
#1542 = DIRECTION('',(-1.,-0.,-0.));
#1543 = DIRECTION('',(0.,0.,-1.));
#1544 = ADVANCED_FACE('',(#1545),#1555,.T.);
#1545 = FACE_BOUND('',#1546,.T.);
#1546 = EDGE_LOOP('',(#1547,#1548,#1549));
#1547 = ORIENTED_EDGE('',*,*,#1457,.F.);
#1548 = ORIENTED_EDGE('',*,*,#1396,.F.);
#1549 = ORIENTED_EDGE('',*,*,#1550,.T.);
#1550 = EDGE_CURVE('',#1397,#1458,#1551,.T.);
#1551 = LINE('',#1552,#1553);
#1552 = CARTESIAN_POINT('',(10.405271941423,7.147279793024,
    68.844156599045));
#1553 = VECTOR('',#1554,1.);
#1554 = DIRECTION('',(0.787504856738,0.,-0.616308446002));
#1555 = PLANE('',#1556);
#1556 = AXIS2_PLACEMENT_3D('',#1557,#1558,#1559);
#1557 = CARTESIAN_POINT('',(17.745088752461,7.147279793024,
    65.769972365451));
#1558 = DIRECTION('',(-0.,-1.,-0.));
#1559 = DIRECTION('',(0.,0.,-1.));
#1560 = ADVANCED_FACE('',(#1561),#1578,.T.);
#1561 = FACE_BOUND('',#1562,.T.);
#1562 = EDGE_LOOP('',(#1563,#1571,#1572));
#1563 = ORIENTED_EDGE('',*,*,#1564,.T.);
#1564 = EDGE_CURVE('',#1565,#1458,#1567,.T.);
#1565 = VERTEX_POINT('',#1566);
#1566 = CARTESIAN_POINT('',(10.405271941423,7.147279793024,
    59.700153207779));
#1567 = LINE('',#1568,#1569);
#1568 = CARTESIAN_POINT('',(10.405271941423,7.147279793024,
    59.700153207779));
#1569 = VECTOR('',#1570,1.);
#1570 = DIRECTION('',(1.,0.,0.));
#1571 = ORIENTED_EDGE('',*,*,#1550,.F.);
#1572 = ORIENTED_EDGE('',*,*,#1573,.T.);
#1573 = EDGE_CURVE('',#1397,#1565,#1574,.T.);
#1574 = LINE('',#1575,#1576);
#1575 = CARTESIAN_POINT('',(10.405271941423,7.147279793024,
    68.844156599045));
#1576 = VECTOR('',#1577,1.);
#1577 = DIRECTION('',(0.,0.,-1.));
#1578 = PLANE('',#1579);
#1579 = AXIS2_PLACEMENT_3D('',#1580,#1581,#1582);
#1580 = CARTESIAN_POINT('',(14.749453828382,7.147279793024,
    62.774337441373));
#1581 = DIRECTION('',(-0.,-1.,-0.));
#1582 = DIRECTION('',(0.,0.,-1.));
#1583 = ADVANCED_FACE('',(#1584),#1601,.T.);
#1584 = FACE_BOUND('',#1585,.T.);
#1585 = EDGE_LOOP('',(#1586,#1594,#1595));
#1586 = ORIENTED_EDGE('',*,*,#1587,.T.);
#1587 = EDGE_CURVE('',#1588,#1565,#1590,.T.);
#1588 = VERTEX_POINT('',#1589);
#1589 = CARTESIAN_POINT('',(10.405271941423,14.068781518936,
    64.653151512146));
#1590 = LINE('',#1591,#1592);
#1591 = CARTESIAN_POINT('',(10.405271941423,14.068781518936,
    64.653151512146));
#1592 = VECTOR('',#1593,1.);
#1593 = DIRECTION('',(0.,-0.813229218856,-0.58194350035));
#1594 = ORIENTED_EDGE('',*,*,#1573,.F.);
#1595 = ORIENTED_EDGE('',*,*,#1596,.T.);
#1596 = EDGE_CURVE('',#1397,#1588,#1597,.T.);
#1597 = LINE('',#1598,#1599);
#1598 = CARTESIAN_POINT('',(10.405271941423,7.147279793024,
    68.844156599045));
#1599 = VECTOR('',#1600,1.);
#1600 = DIRECTION('',(0.,0.855408359776,-0.517954185257));
#1601 = PLANE('',#1602);
#1602 = AXIS2_PLACEMENT_3D('',#1603,#1604,#1605);
#1603 = CARTESIAN_POINT('',(10.405271941423,9.378931524836,
    64.357734820629));
#1604 = DIRECTION('',(-1.,-0.,-0.));
#1605 = DIRECTION('',(0.,0.,-1.));
#1606 = ADVANCED_FACE('',(#1607),#1617,.T.);
#1607 = FACE_BOUND('',#1608,.T.);
#1608 = EDGE_LOOP('',(#1609,#1615,#1616));
#1609 = ORIENTED_EDGE('',*,*,#1610,.T.);
#1610 = EDGE_CURVE('',#1375,#1588,#1611,.T.);
#1611 = LINE('',#1612,#1613);
#1612 = CARTESIAN_POINT('',(10.405271941423,7.909279823303,
    69.606155872345));
#1613 = VECTOR('',#1614,1.);
#1614 = DIRECTION('',(0.,0.779298554437,-0.626652824978));
#1615 = ORIENTED_EDGE('',*,*,#1596,.F.);
#1616 = ORIENTED_EDGE('',*,*,#1405,.F.);
#1617 = PLANE('',#1618);
#1618 = AXIS2_PLACEMENT_3D('',#1619,#1620,#1621);
#1619 = CARTESIAN_POINT('',(10.405271941423,10.590022991671,
    67.081351324301));
#1620 = DIRECTION('',(-1.,-0.,-0.));
#1621 = DIRECTION('',(0.,0.,-1.));
#1622 = ADVANCED_FACE('',(#1623),#1640,.T.);
#1623 = FACE_BOUND('',#1624,.T.);
#1624 = EDGE_LOOP('',(#1625,#1633,#1634));
#1625 = ORIENTED_EDGE('',*,*,#1626,.T.);
#1626 = EDGE_CURVE('',#1627,#1588,#1629,.T.);
#1627 = VERTEX_POINT('',#1628);
#1628 = CARTESIAN_POINT('',(10.405271941423,14.068781518936,
    69.606155872345));
#1629 = LINE('',#1630,#1631);
#1630 = CARTESIAN_POINT('',(10.405271941423,14.068781518936,
    69.606155872345));
#1631 = VECTOR('',#1632,1.);
#1632 = DIRECTION('',(0.,0.,-1.));
#1633 = ORIENTED_EDGE('',*,*,#1610,.F.);
#1634 = ORIENTED_EDGE('',*,*,#1635,.T.);
#1635 = EDGE_CURVE('',#1375,#1627,#1636,.T.);
#1636 = LINE('',#1637,#1638);
#1637 = CARTESIAN_POINT('',(10.405271941423,7.909279823303,
    69.606155872345));
#1638 = VECTOR('',#1639,1.);
#1639 = DIRECTION('',(0.,1.,0.));
#1640 = PLANE('',#1641);
#1641 = AXIS2_PLACEMENT_3D('',#1642,#1643,#1644);
#1642 = CARTESIAN_POINT('',(10.405271941423,11.791180949602,
    67.931803970727));
#1643 = DIRECTION('',(-1.,-0.,-0.));
#1644 = DIRECTION('',(0.,0.,-1.));
#1645 = ADVANCED_FACE('',(#1646),#1670,.T.);
#1646 = FACE_BOUND('',#1647,.T.);
#1647 = EDGE_LOOP('',(#1648,#1656,#1664));
#1648 = ORIENTED_EDGE('',*,*,#1649,.T.);
#1649 = EDGE_CURVE('',#1588,#1650,#1652,.T.);
#1650 = VERTEX_POINT('',#1651);
#1651 = CARTESIAN_POINT('',(10.405271941423,19.529779338837,
    64.653151512146));
#1652 = LINE('',#1653,#1654);
#1653 = CARTESIAN_POINT('',(10.405271941423,14.068781518936,
    64.653151512146));
#1654 = VECTOR('',#1655,1.);
#1655 = DIRECTION('',(0.,1.,0.));
#1656 = ORIENTED_EDGE('',*,*,#1657,.T.);
#1657 = EDGE_CURVE('',#1650,#1658,#1660,.T.);
#1658 = VERTEX_POINT('',#1659);
#1659 = CARTESIAN_POINT('',(10.405271941423,19.529779338837,
    60.462158536911));
#1660 = LINE('',#1661,#1662);
#1661 = CARTESIAN_POINT('',(10.405271941423,19.529779338837,
    64.653151512146));
#1662 = VECTOR('',#1663,1.);
#1663 = DIRECTION('',(0.,0.,-1.));
#1664 = ORIENTED_EDGE('',*,*,#1665,.T.);
#1665 = EDGE_CURVE('',#1658,#1588,#1666,.T.);
#1666 = LINE('',#1667,#1668);
#1667 = CARTESIAN_POINT('',(10.405271941423,19.529779338837,
    60.462158536911));
#1668 = VECTOR('',#1669,1.);
#1669 = DIRECTION('',(0.,-0.793309701573,0.608818295873));
#1670 = PLANE('',#1671);
#1671 = AXIS2_PLACEMENT_3D('',#1672,#1673,#1674);
#1672 = CARTESIAN_POINT('',(10.405271941423,17.491324189671,
    63.249698785313));
#1673 = DIRECTION('',(-1.,-0.,-0.));
#1674 = DIRECTION('',(0.,0.,-1.));
#1675 = ADVANCED_FACE('',(#1676),#1693,.T.);
#1676 = FACE_BOUND('',#1677,.T.);
#1677 = EDGE_LOOP('',(#1678,#1686,#1687));
#1678 = ORIENTED_EDGE('',*,*,#1679,.T.);
#1679 = EDGE_CURVE('',#1680,#1588,#1682,.T.);
#1680 = VERTEX_POINT('',#1681);
#1681 = CARTESIAN_POINT('',(10.405271941423,18.767780065536,
    59.700153207779));
#1682 = LINE('',#1683,#1684);
#1683 = CARTESIAN_POINT('',(10.405271941423,18.767780065536,
    59.700153207779));
#1684 = VECTOR('',#1685,1.);
#1685 = DIRECTION('',(0.,-0.688260443889,0.725463687153));
#1686 = ORIENTED_EDGE('',*,*,#1665,.F.);
#1687 = ORIENTED_EDGE('',*,*,#1688,.T.);
#1688 = EDGE_CURVE('',#1658,#1680,#1689,.T.);
#1689 = LINE('',#1690,#1691);
#1690 = CARTESIAN_POINT('',(10.405271941423,19.529779338837,
    60.462158536911));
#1691 = VECTOR('',#1692,1.);
#1692 = DIRECTION('',(0.,-0.7071039714,-0.707109590962));
#1693 = PLANE('',#1694);
#1694 = AXIS2_PLACEMENT_3D('',#1695,#1696,#1697);
#1695 = CARTESIAN_POINT('',(10.405271941423,16.794593127168,
    62.201304379219));
#1696 = DIRECTION('',(-1.,-0.,-0.));
#1697 = DIRECTION('',(0.,0.,-1.));
#1698 = ADVANCED_FACE('',(#1699),#1709,.T.);
#1699 = FACE_BOUND('',#1700,.T.);
#1700 = EDGE_LOOP('',(#1701,#1702,#1703));
#1701 = ORIENTED_EDGE('',*,*,#1587,.F.);
#1702 = ORIENTED_EDGE('',*,*,#1679,.F.);
#1703 = ORIENTED_EDGE('',*,*,#1704,.T.);
#1704 = EDGE_CURVE('',#1680,#1565,#1705,.T.);
#1705 = LINE('',#1706,#1707);
#1706 = CARTESIAN_POINT('',(10.405271941423,18.767780065536,
    59.700153207779));
#1707 = VECTOR('',#1708,1.);
#1708 = DIRECTION('',(0.,-1.,0.));
#1709 = PLANE('',#1710);
#1710 = AXIS2_PLACEMENT_3D('',#1711,#1712,#1713);
#1711 = CARTESIAN_POINT('',(10.405271941423,13.092211380489,
    61.109173160008));
#1712 = DIRECTION('',(-1.,-0.,-0.));
#1713 = DIRECTION('',(0.,0.,-1.));
#1714 = ADVANCED_FACE('',(#1715),#1741,.T.);
#1715 = FACE_BOUND('',#1716,.T.);
#1716 = EDGE_LOOP('',(#1717,#1727,#1735));
#1717 = ORIENTED_EDGE('',*,*,#1718,.T.);
#1718 = EDGE_CURVE('',#1719,#1721,#1723,.T.);
#1719 = VERTEX_POINT('',#1720);
#1720 = CARTESIAN_POINT('',(10.373135912418,19.496765971184,
    28.364169239998));
#1721 = VERTEX_POINT('',#1722);
#1722 = CARTESIAN_POINT('',(10.913270699978,18.767780065536,
    29.093155145645));
#1723 = LINE('',#1724,#1725);
#1724 = CARTESIAN_POINT('',(10.373135912418,19.496765971184,
    28.364169239998));
#1725 = VECTOR('',#1726,1.);
#1726 = DIRECTION('',(0.464086333196,-0.626348096245,0.626348096245));
#1727 = ORIENTED_EDGE('',*,*,#1728,.T.);
#1728 = EDGE_CURVE('',#1721,#1729,#1731,.T.);
#1729 = VERTEX_POINT('',#1730);
#1730 = CARTESIAN_POINT('',(17.517271971703,18.767780065536,
    29.093155145645));
#1731 = LINE('',#1732,#1733);
#1732 = CARTESIAN_POINT('',(10.913270699978,18.767780065536,
    29.093155145645));
#1733 = VECTOR('',#1734,1.);
#1734 = DIRECTION('',(1.,0.,0.));
#1735 = ORIENTED_EDGE('',*,*,#1736,.T.);
#1736 = EDGE_CURVE('',#1729,#1719,#1737,.T.);
#1737 = LINE('',#1738,#1739);
#1738 = CARTESIAN_POINT('',(17.517271971703,18.767780065536,
    29.093155145645));
#1739 = VECTOR('',#1740,1.);
#1740 = DIRECTION('',(-0.989747734634,0.100993618082,-0.100993618082));
#1741 = PLANE('',#1742);
#1742 = AXIS2_PLACEMENT_3D('',#1743,#1744,#1745);
#1743 = CARTESIAN_POINT('',(13.807771446005,18.971649045511,
    28.889286165671));
#1744 = DIRECTION('',(0.,0.707106781187,0.707106781187));
#1745 = DIRECTION('',(0.,-0.707106781187,0.707106781187));
#1746 = ADVANCED_FACE('',(#1747),#1764,.T.);
#1747 = FACE_BOUND('',#1748,.T.);
#1748 = EDGE_LOOP('',(#1749,#1757,#1758));
#1749 = ORIENTED_EDGE('',*,*,#1750,.T.);
#1750 = EDGE_CURVE('',#1751,#1719,#1753,.T.);
#1751 = VERTEX_POINT('',#1752);
#1752 = CARTESIAN_POINT('',(18.279272758961,19.529779338837,
    28.331155872345));
#1753 = LINE('',#1754,#1755);
#1754 = CARTESIAN_POINT('',(18.279272758961,19.529779338837,
    28.331155872345));
#1755 = VECTOR('',#1756,1.);
#1756 = DIRECTION('',(-0.99998256429,-4.175590769822E-03,
    4.175590769822E-03));
#1757 = ORIENTED_EDGE('',*,*,#1736,.F.);
#1758 = ORIENTED_EDGE('',*,*,#1759,.T.);
#1759 = EDGE_CURVE('',#1729,#1751,#1760,.T.);
#1760 = LINE('',#1761,#1762);
#1761 = CARTESIAN_POINT('',(17.517271971703,18.767780065536,
    29.093155145645));
#1762 = VECTOR('',#1763,1.);
#1763 = DIRECTION('',(0.577351033918,0.577349886825,-0.577349886825));
#1764 = PLANE('',#1765);
#1765 = AXIS2_PLACEMENT_3D('',#1766,#1767,#1768);
#1766 = CARTESIAN_POINT('',(14.445661492879,19.316779844682,
    28.5441553665));
#1767 = DIRECTION('',(0.,0.707106781187,0.707106781187));
#1768 = DIRECTION('',(0.,0.707106781187,-0.707106781187));
#1769 = ADVANCED_FACE('',(#1770),#1787,.T.);
#1770 = FACE_BOUND('',#1771,.T.);
#1771 = EDGE_LOOP('',(#1772,#1780,#1781));
#1772 = ORIENTED_EDGE('',*,*,#1773,.T.);
#1773 = EDGE_CURVE('',#1774,#1719,#1776,.T.);
#1774 = VERTEX_POINT('',#1775);
#1775 = CARTESIAN_POINT('',(10.383184808493,19.529779338837,
    28.331155872345));
#1776 = LINE('',#1777,#1778);
#1777 = CARTESIAN_POINT('',(10.383184808493,19.529779338837,
    28.331155872345));
#1778 = VECTOR('',#1779,1.);
#1779 = DIRECTION('',(-0.210416586052,-0.691275943569,0.691275943569));
#1780 = ORIENTED_EDGE('',*,*,#1750,.F.);
#1781 = ORIENTED_EDGE('',*,*,#1782,.T.);
#1782 = EDGE_CURVE('',#1751,#1774,#1783,.T.);
#1783 = LINE('',#1784,#1785);
#1784 = CARTESIAN_POINT('',(18.279272758961,19.529779338837,
    28.331155872345));
#1785 = VECTOR('',#1786,1.);
#1786 = DIRECTION('',(-1.,0.,0.));
#1787 = PLANE('',#1788);
#1788 = AXIS2_PLACEMENT_3D('',#1789,#1790,#1791);
#1789 = CARTESIAN_POINT('',(14.316811735548,19.521495824862,
    28.339439386319));
#1790 = DIRECTION('',(0.,0.707106781187,0.707106781187));
#1791 = DIRECTION('',(0.,0.707106781187,-0.707106781187));
#1792 = ADVANCED_FACE('',(#1793),#1819,.T.);
#1793 = FACE_BOUND('',#1794,.T.);
#1794 = EDGE_LOOP('',(#1795,#1805,#1813));
#1795 = ORIENTED_EDGE('',*,*,#1796,.T.);
#1796 = EDGE_CURVE('',#1797,#1799,#1801,.T.);
#1797 = VERTEX_POINT('',#1798);
#1798 = CARTESIAN_POINT('',(17.517271971703,18.767780065536,
    34.173156356812));
#1799 = VERTEX_POINT('',#1800);
#1800 = CARTESIAN_POINT('',(10.405271941423,18.767780065536,
    34.173156356812));
#1801 = LINE('',#1802,#1803);
#1802 = CARTESIAN_POINT('',(17.517271971703,18.767780065536,
    34.173156356812));
#1803 = VECTOR('',#1804,1.);
#1804 = DIRECTION('',(-1.,0.,0.));
#1805 = ORIENTED_EDGE('',*,*,#1806,.T.);
#1806 = EDGE_CURVE('',#1799,#1807,#1809,.T.);
#1807 = VERTEX_POINT('',#1808);
#1808 = CARTESIAN_POINT('',(10.405271941423,19.529779338837,
    34.935155630112));
#1809 = LINE('',#1810,#1811);
#1810 = CARTESIAN_POINT('',(10.405271941423,18.767780065536,
    34.173156356812));
#1811 = VECTOR('',#1812,1.);
#1812 = DIRECTION('',(0.,0.707106781187,0.707106781187));
#1813 = ORIENTED_EDGE('',*,*,#1814,.T.);
#1814 = EDGE_CURVE('',#1807,#1797,#1815,.T.);
#1815 = LINE('',#1816,#1817);
#1816 = CARTESIAN_POINT('',(10.405271941423,19.529779338837,
    34.935155630112));
#1817 = VECTOR('',#1818,1.);
#1818 = DIRECTION('',(0.988714393422,-0.105933583532,-0.105933583532));
#1819 = PLANE('',#1820);
#1820 = AXIS2_PLACEMENT_3D('',#1821,#1822,#1823);
#1821 = CARTESIAN_POINT('',(13.712159378112,18.972630508685,
    34.37800679996));
#1822 = DIRECTION('',(0.,0.707106781187,-0.707106781187));
#1823 = DIRECTION('',(0.,-0.707106781187,-0.707106781187));
#1824 = ADVANCED_FACE('',(#1825),#1842,.T.);
#1825 = FACE_BOUND('',#1826,.T.);
#1826 = EDGE_LOOP('',(#1827,#1835,#1836));
#1827 = ORIENTED_EDGE('',*,*,#1828,.T.);
#1828 = EDGE_CURVE('',#1829,#1797,#1831,.T.);
#1829 = VERTEX_POINT('',#1830);
#1830 = CARTESIAN_POINT('',(18.279272758961,19.529779338837,
    34.935155630112));
#1831 = LINE('',#1832,#1833);
#1832 = CARTESIAN_POINT('',(18.279272758961,19.529779338837,
    34.935155630112));
#1833 = VECTOR('',#1834,1.);
#1834 = DIRECTION('',(-0.577351033918,-0.577349886825,-0.577349886825));
#1835 = ORIENTED_EDGE('',*,*,#1814,.F.);
#1836 = ORIENTED_EDGE('',*,*,#1837,.T.);
#1837 = EDGE_CURVE('',#1807,#1829,#1838,.T.);
#1838 = LINE('',#1839,#1840);
#1839 = CARTESIAN_POINT('',(10.405271941423,19.529779338837,
    34.935155630112));
#1840 = VECTOR('',#1841,1.);
#1841 = DIRECTION('',(1.,0.,0.));
#1842 = PLANE('',#1843);
#1843 = AXIS2_PLACEMENT_3D('',#1844,#1845,#1846);
#1844 = CARTESIAN_POINT('',(14.461432887816,19.331851099006,
    34.737227390281));
#1845 = DIRECTION('',(0.,0.707106781187,-0.707106781187));
#1846 = DIRECTION('',(0.,-0.707106781187,-0.707106781187));
#1847 = ADVANCED_FACE('',(#1848),#1863,.T.);
#1848 = FACE_BOUND('',#1849,.T.);
#1849 = EDGE_LOOP('',(#1850,#1851,#1857));
#1850 = ORIENTED_EDGE('',*,*,#1759,.F.);
#1851 = ORIENTED_EDGE('',*,*,#1852,.T.);
#1852 = EDGE_CURVE('',#1729,#1797,#1853,.T.);
#1853 = LINE('',#1854,#1855);
#1854 = CARTESIAN_POINT('',(17.517271971703,18.767780065536,
    29.093155145645));
#1855 = VECTOR('',#1856,1.);
#1856 = DIRECTION('',(0.,0.,1.));
#1857 = ORIENTED_EDGE('',*,*,#1858,.T.);
#1858 = EDGE_CURVE('',#1797,#1751,#1859,.T.);
#1859 = LINE('',#1860,#1861);
#1860 = CARTESIAN_POINT('',(17.517271971703,18.767780065536,
    34.173156356812));
#1861 = VECTOR('',#1862,1.);
#1862 = DIRECTION('',(0.12827085951,0.128270604659,-0.983408988458));
#1863 = PLANE('',#1864);
#1864 = AXIS2_PLACEMENT_3D('',#1865,#1866,#1867);
#1865 = CARTESIAN_POINT('',(17.741431016497,18.991938664968,
    31.137340326711));
#1866 = DIRECTION('',(-0.707106078739,0.707107483634,0.));
#1867 = DIRECTION('',(0.707107483634,0.707106078739,0.));
#1868 = ADVANCED_FACE('',(#1869),#1879,.T.);
#1869 = FACE_BOUND('',#1870,.T.);
#1870 = EDGE_LOOP('',(#1871,#1877,#1878));
#1871 = ORIENTED_EDGE('',*,*,#1872,.T.);
#1872 = EDGE_CURVE('',#1829,#1751,#1873,.T.);
#1873 = LINE('',#1874,#1875);
#1874 = CARTESIAN_POINT('',(18.279272758961,19.529779338837,
    34.935155630112));
#1875 = VECTOR('',#1876,1.);
#1876 = DIRECTION('',(0.,0.,-1.));
#1877 = ORIENTED_EDGE('',*,*,#1858,.F.);
#1878 = ORIENTED_EDGE('',*,*,#1828,.F.);
#1879 = PLANE('',#1880);
#1880 = AXIS2_PLACEMENT_3D('',#1881,#1882,#1883);
#1881 = CARTESIAN_POINT('',(18.079753690666,19.330260666951,
    31.747971539096));
#1882 = DIRECTION('',(-0.707106078739,0.707107483634,0.));
#1883 = DIRECTION('',(0.707107483634,0.707106078739,0.));
#1884 = ADVANCED_FACE('',(#1885),#1902,.T.);
#1885 = FACE_BOUND('',#1886,.T.);
#1886 = EDGE_LOOP('',(#1887,#1888,#1896));
#1887 = ORIENTED_EDGE('',*,*,#1718,.F.);
#1888 = ORIENTED_EDGE('',*,*,#1889,.T.);
#1889 = EDGE_CURVE('',#1719,#1890,#1892,.T.);
#1890 = VERTEX_POINT('',#1891);
#1891 = CARTESIAN_POINT('',(10.373135912418,13.560780489445,
    28.364169239998));
#1892 = LINE('',#1893,#1894);
#1893 = CARTESIAN_POINT('',(10.373135912418,19.496765971184,
    28.364169239998));
#1894 = VECTOR('',#1895,1.);
#1895 = DIRECTION('',(0.,-1.,0.));
#1896 = ORIENTED_EDGE('',*,*,#1897,.T.);
#1897 = EDGE_CURVE('',#1890,#1721,#1898,.T.);
#1898 = LINE('',#1899,#1900);
#1899 = CARTESIAN_POINT('',(10.373135912418,13.560780489445,
    28.364169239998));
#1900 = VECTOR('',#1901,1.);
#1901 = DIRECTION('',(0.10219271925,0.985156775804,0.137923077181));
#1902 = PLANE('',#1903);
#1903 = AXIS2_PLACEMENT_3D('',#1904,#1905,#1906);
#1904 = CARTESIAN_POINT('',(10.513766356924,16.617880224262,
    28.55396929419));
#1905 = DIRECTION('',(-0.803480625994,0.,0.595330902652));
#1906 = DIRECTION('',(-0.595330902652,0.,-0.803480625994));
#1907 = ADVANCED_FACE('',(#1908),#1925,.T.);
#1908 = FACE_BOUND('',#1909,.T.);
#1909 = EDGE_LOOP('',(#1910,#1918,#1919));
#1910 = ORIENTED_EDGE('',*,*,#1911,.T.);
#1911 = EDGE_CURVE('',#1912,#1721,#1914,.T.);
#1912 = VERTEX_POINT('',#1913);
#1913 = CARTESIAN_POINT('',(10.913270699978,13.560780489445,
    29.093155145645));
#1914 = LINE('',#1915,#1916);
#1915 = CARTESIAN_POINT('',(10.913270699978,13.560780489445,
    29.093155145645));
#1916 = VECTOR('',#1917,1.);
#1917 = DIRECTION('',(0.,1.,0.));
#1918 = ORIENTED_EDGE('',*,*,#1897,.F.);
#1919 = ORIENTED_EDGE('',*,*,#1920,.T.);
#1920 = EDGE_CURVE('',#1890,#1912,#1921,.T.);
#1921 = LINE('',#1922,#1923);
#1922 = CARTESIAN_POINT('',(10.373135912418,13.560780489445,
    28.364169239998));
#1923 = VECTOR('',#1924,1.);
#1924 = DIRECTION('',(0.595330902652,0.,0.803480625994));
#1925 = PLANE('',#1926);
#1926 = AXIS2_PLACEMENT_3D('',#1927,#1928,#1929);
#1927 = CARTESIAN_POINT('',(10.766560605458,15.957072321864,
    28.895149770719));
#1928 = DIRECTION('',(-0.803480625994,0.,0.595330902652));
#1929 = DIRECTION('',(-0.595330902652,0.,-0.803480625994));
#1930 = ADVANCED_FACE('',(#1931),#1948,.T.);
#1931 = FACE_BOUND('',#1932,.T.);
#1932 = EDGE_LOOP('',(#1933,#1941,#1942));
#1933 = ORIENTED_EDGE('',*,*,#1934,.T.);
#1934 = EDGE_CURVE('',#1935,#1890,#1937,.T.);
#1935 = VERTEX_POINT('',#1936);
#1936 = CARTESIAN_POINT('',(13.707272577286,13.560780489445,
    17.40915569067));
#1937 = LINE('',#1938,#1939);
#1938 = CARTESIAN_POINT('',(13.707272577286,13.560780489445,
    17.40915569067));
#1939 = VECTOR('',#1940,1.);
#1940 = DIRECTION('',(-0.291161784133,0.,0.956673829192));
#1941 = ORIENTED_EDGE('',*,*,#1889,.F.);
#1942 = ORIENTED_EDGE('',*,*,#1943,.T.);
#1943 = EDGE_CURVE('',#1719,#1935,#1944,.T.);
#1944 = LINE('',#1945,#1946);
#1945 = CARTESIAN_POINT('',(10.373135912418,19.496765971184,
    28.364169239998));
#1946 = VECTOR('',#1947,1.);
#1947 = DIRECTION('',(0.258495382732,-0.46021653976,-0.849341435253));
#1948 = PLANE('',#1949);
#1949 = AXIS2_PLACEMENT_3D('',#1950,#1951,#1952);
#1950 = CARTESIAN_POINT('',(11.713456022555,15.406551015372,
    23.960263088907));
#1951 = DIRECTION('',(-0.956673829192,-0.,-0.291161784133));
#1952 = DIRECTION('',(0.291161784133,0.,-0.956673829192));
#1953 = ADVANCED_FACE('',(#1954),#1971,.T.);
#1954 = FACE_BOUND('',#1955,.T.);
#1955 = EDGE_LOOP('',(#1956,#1964,#1965));
#1956 = ORIENTED_EDGE('',*,*,#1957,.T.);
#1957 = EDGE_CURVE('',#1958,#1935,#1960,.T.);
#1958 = VERTEX_POINT('',#1959);
#1959 = CARTESIAN_POINT('',(13.707272577286,19.529779338837,
    17.40915569067));
#1960 = LINE('',#1961,#1962);
#1961 = CARTESIAN_POINT('',(13.707272577286,19.529779338837,
    17.40915569067));
#1962 = VECTOR('',#1963,1.);
#1963 = DIRECTION('',(0.,-1.,0.));
#1964 = ORIENTED_EDGE('',*,*,#1943,.F.);
#1965 = ORIENTED_EDGE('',*,*,#1966,.T.);
#1966 = EDGE_CURVE('',#1719,#1958,#1967,.T.);
#1967 = LINE('',#1968,#1969);
#1968 = CARTESIAN_POINT('',(10.373135912418,19.496765971184,
    28.364169239998));
#1969 = VECTOR('',#1970,1.);
#1970 = DIRECTION('',(0.291160574139,2.882962531611E-03,-0.956669853499)
  );
#1971 = PLANE('',#1972);
#1972 = AXIS2_PLACEMENT_3D('',#1973,#1974,#1975);
#1973 = CARTESIAN_POINT('',(12.368411412026,17.659260684232,
    21.808268168763));
#1974 = DIRECTION('',(-0.956673829192,1.2E-16,-0.291161784133));
#1975 = DIRECTION('',(0.291161784133,6.162975822039E-33,-0.956673829192)
  );
#1976 = ADVANCED_FACE('',(#1977),#1987,.T.);
#1977 = FACE_BOUND('',#1978,.T.);
#1978 = EDGE_LOOP('',(#1979,#1985,#1986));
#1979 = ORIENTED_EDGE('',*,*,#1980,.T.);
#1980 = EDGE_CURVE('',#1774,#1958,#1981,.T.);
#1981 = LINE('',#1982,#1983);
#1982 = CARTESIAN_POINT('',(10.383184808493,19.529779338837,
    28.331155872345));
#1983 = VECTOR('',#1984,1.);
#1984 = DIRECTION('',(0.291161676467,0.,-0.95667386196));
#1985 = ORIENTED_EDGE('',*,*,#1966,.F.);
#1986 = ORIENTED_EDGE('',*,*,#1773,.F.);
#1987 = PLANE('',#1988);
#1988 = AXIS2_PLACEMENT_3D('',#1989,#1990,#1991);
#1989 = CARTESIAN_POINT('',(12.039243668902,19.521496350627,
    22.889819745315));
#1990 = DIRECTION('',(-0.956673861231,3.903704153478E-05,-0.291161676245
    ));
#1991 = DIRECTION('',(0.291161676467,-1.694065894509E-21,-0.95667386196)
  );
#1992 = ADVANCED_FACE('',(#1993),#2003,.T.);
#1993 = FACE_BOUND('',#1994,.T.);
#1994 = EDGE_LOOP('',(#1995,#1996,#1997));
#1995 = ORIENTED_EDGE('',*,*,#1980,.F.);
#1996 = ORIENTED_EDGE('',*,*,#1782,.F.);
#1997 = ORIENTED_EDGE('',*,*,#1998,.T.);
#1998 = EDGE_CURVE('',#1751,#1958,#1999,.T.);
#1999 = LINE('',#2000,#2001);
#2000 = CARTESIAN_POINT('',(18.279272758961,19.529779338837,
    28.331155872345));
#2001 = VECTOR('',#2002,1.);
#2002 = DIRECTION('',(-0.386138095717,0.,-0.922440985124));
#2003 = PLANE('',#2004);
#2004 = AXIS2_PLACEMENT_3D('',#2005,#2006,#2007);
#2005 = CARTESIAN_POINT('',(14.125171927822,19.529779338837,
    24.25430710998));
#2006 = DIRECTION('',(0.,1.,0.));
#2007 = DIRECTION('',(0.,-0.,1.));
#2008 = ADVANCED_FACE('',(#2009),#2026,.T.);
#2009 = FACE_BOUND('',#2010,.T.);
#2010 = EDGE_LOOP('',(#2011,#2019,#2020));
#2011 = ORIENTED_EDGE('',*,*,#2012,.T.);
#2012 = EDGE_CURVE('',#2013,#1958,#2015,.T.);
#2013 = VERTEX_POINT('',#2014);
#2014 = CARTESIAN_POINT('',(24.540370118618,19.529779338837,
    15.504155993462));
#2015 = LINE('',#2016,#2017);
#2016 = CARTESIAN_POINT('',(24.540370118618,19.529779338837,
    15.504155993462));
#2017 = VECTOR('',#2018,1.);
#2018 = DIRECTION('',(-0.984887991301,0.,0.173192507319));
#2019 = ORIENTED_EDGE('',*,*,#1998,.F.);
#2020 = ORIENTED_EDGE('',*,*,#2021,.T.);
#2021 = EDGE_CURVE('',#1751,#2013,#2022,.T.);
#2022 = LINE('',#2023,#2024);
#2023 = CARTESIAN_POINT('',(18.279272758961,19.529779338837,
    28.331155872345));
#2024 = VECTOR('',#2025,1.);
#2025 = DIRECTION('',(0.438651363232,0.,-0.898657321527));
#2026 = PLANE('',#2027);
#2027 = AXIS2_PLACEMENT_3D('',#2028,#2029,#2030);
#2028 = CARTESIAN_POINT('',(19.004255904532,19.529779338837,
    20.603044685262));
#2029 = DIRECTION('',(0.,1.,0.));
#2030 = DIRECTION('',(0.,-0.,1.));
#2031 = ADVANCED_FACE('',(#2032),#2049,.T.);
#2032 = FACE_BOUND('',#2033,.T.);
#2033 = EDGE_LOOP('',(#2034,#2042,#2043));
#2034 = ORIENTED_EDGE('',*,*,#2035,.T.);
#2035 = EDGE_CURVE('',#2036,#1958,#2038,.T.);
#2036 = VERTEX_POINT('',#2037);
#2037 = CARTESIAN_POINT('',(13.707272577286,19.529779338837,
    15.504155993462));
#2038 = LINE('',#2039,#2040);
#2039 = CARTESIAN_POINT('',(13.707272577286,19.529779338837,
    15.504155993462));
#2040 = VECTOR('',#2041,1.);
#2041 = DIRECTION('',(0.,0.,1.));
#2042 = ORIENTED_EDGE('',*,*,#2012,.F.);
#2043 = ORIENTED_EDGE('',*,*,#2044,.T.);
#2044 = EDGE_CURVE('',#2013,#2036,#2045,.T.);
#2045 = LINE('',#2046,#2047);
#2046 = CARTESIAN_POINT('',(24.540370118618,19.529779338837,
    15.504155993462));
#2047 = VECTOR('',#2048,1.);
#2048 = DIRECTION('',(-1.,0.,0.));
#2049 = PLANE('',#2050);
#2050 = AXIS2_PLACEMENT_3D('',#2051,#2052,#2053);
#2051 = CARTESIAN_POINT('',(18.689126876079,19.529779338837,
    16.021961370193));
#2052 = DIRECTION('',(0.,1.,0.));
#2053 = DIRECTION('',(0.,-0.,1.));
#2054 = ADVANCED_FACE('',(#2055),#2065,.T.);
#2055 = FACE_BOUND('',#2056,.T.);
#2056 = EDGE_LOOP('',(#2057,#2058,#2059));
#2057 = ORIENTED_EDGE('',*,*,#2021,.F.);
#2058 = ORIENTED_EDGE('',*,*,#1872,.F.);
#2059 = ORIENTED_EDGE('',*,*,#2060,.T.);
#2060 = EDGE_CURVE('',#1829,#2013,#2061,.T.);
#2061 = LINE('',#2062,#2063);
#2062 = CARTESIAN_POINT('',(18.279272758961,19.529779338837,
    34.935155630112));
#2063 = VECTOR('',#2064,1.);
#2064 = DIRECTION('',(0.30669365548,0.,-0.951808279901));
#2065 = PLANE('',#2066);
#2066 = AXIS2_PLACEMENT_3D('',#2067,#2068,#2069);
#2067 = CARTESIAN_POINT('',(20.909144021826,19.529779338837,
    25.103983105079));
#2068 = DIRECTION('',(0.,1.,0.));
#2069 = DIRECTION('',(0.,-0.,1.));
#2070 = ADVANCED_FACE('',(#2071),#2088,.T.);
#2071 = FACE_BOUND('',#2072,.T.);
#2072 = EDGE_LOOP('',(#2073,#2081,#2082));
#2073 = ORIENTED_EDGE('',*,*,#2074,.T.);
#2074 = EDGE_CURVE('',#2075,#2013,#2077,.T.);
#2075 = VERTEX_POINT('',#2076);
#2076 = CARTESIAN_POINT('',(22.85126991272,19.529779338837,
    51.445158052444));
#2077 = LINE('',#2078,#2079);
#2078 = CARTESIAN_POINT('',(22.85126991272,19.529779338837,
    51.445158052444));
#2079 = VECTOR('',#2080,1.);
#2080 = DIRECTION('',(4.694465547924E-02,0.,-0.998897491899));
#2081 = ORIENTED_EDGE('',*,*,#2060,.F.);
#2082 = ORIENTED_EDGE('',*,*,#2083,.T.);
#2083 = EDGE_CURVE('',#1829,#2075,#2084,.T.);
#2084 = LINE('',#2085,#2086);
#2085 = CARTESIAN_POINT('',(18.279272758961,19.529779338837,
    34.935155630112));
#2086 = VECTOR('',#2087,1.);
#2087 = DIRECTION('',(0.266878892305,0.,0.96373007468));
#2088 = PLANE('',#2089);
#2089 = AXIS2_PLACEMENT_3D('',#2090,#2091,#2092);
#2090 = CARTESIAN_POINT('',(22.33170879462,19.529779338837,
    33.446303758671));
#2091 = DIRECTION('',(0.,1.,0.));
#2092 = DIRECTION('',(0.,-0.,1.));
#2093 = ADVANCED_FACE('',(#2094),#2111,.T.);
#2094 = FACE_BOUND('',#2095,.T.);
#2095 = EDGE_LOOP('',(#2096,#2104,#2105));
#2096 = ORIENTED_EDGE('',*,*,#2097,.T.);
#2097 = EDGE_CURVE('',#2098,#2013,#2100,.T.);
#2098 = VERTEX_POINT('',#2099);
#2099 = CARTESIAN_POINT('',(24.540370118618,19.529779338837,
    69.606155872345));
#2100 = LINE('',#2101,#2102);
#2101 = CARTESIAN_POINT('',(24.540370118618,19.529779338837,
    69.606155872345));
#2102 = VECTOR('',#2103,1.);
#2103 = DIRECTION('',(0.,0.,-1.));
#2104 = ORIENTED_EDGE('',*,*,#2074,.F.);
#2105 = ORIENTED_EDGE('',*,*,#2106,.T.);
#2106 = EDGE_CURVE('',#2075,#2098,#2107,.T.);
#2107 = LINE('',#2108,#2109);
#2108 = CARTESIAN_POINT('',(22.85126991272,19.529779338837,
    51.445158052444));
#2109 = VECTOR('',#2110,1.);
#2110 = DIRECTION('',(9.260733713039E-02,0.,0.995702707192));
#2111 = PLANE('',#2112);
#2112 = AXIS2_PLACEMENT_3D('',#2113,#2114,#2115);
#2113 = CARTESIAN_POINT('',(24.117634873509,19.529779338837,
    42.564833674302));
#2114 = DIRECTION('',(0.,1.,0.));
#2115 = DIRECTION('',(0.,-0.,1.));
#2116 = ADVANCED_FACE('',(#2117),#2134,.T.);
#2117 = FACE_BOUND('',#2118,.T.);
#2118 = EDGE_LOOP('',(#2119,#2127,#2128));
#2119 = ORIENTED_EDGE('',*,*,#2120,.T.);
#2120 = EDGE_CURVE('',#2121,#2098,#2123,.T.);
#2121 = VERTEX_POINT('',#2122);
#2122 = CARTESIAN_POINT('',(22.85126991272,19.529779338837,
    60.462158536911));
#2123 = LINE('',#2124,#2125);
#2124 = CARTESIAN_POINT('',(22.85126991272,19.529779338837,
    60.462158536911));
#2125 = VECTOR('',#2126,1.);
#2126 = DIRECTION('',(0.181649148549,0.,0.983363405274));
#2127 = ORIENTED_EDGE('',*,*,#2106,.F.);
#2128 = ORIENTED_EDGE('',*,*,#2129,.T.);
#2129 = EDGE_CURVE('',#2075,#2121,#2130,.T.);
#2130 = LINE('',#2131,#2132);
#2131 = CARTESIAN_POINT('',(22.85126991272,19.529779338837,
    51.445158052444));
#2132 = VECTOR('',#2133,1.);
#2133 = DIRECTION('',(0.,0.,1.));
#2134 = PLANE('',#2135);
#2135 = AXIS2_PLACEMENT_3D('',#2136,#2137,#2138);
#2136 = CARTESIAN_POINT('',(23.487495758386,19.529779338837,
    60.544736634762));
#2137 = DIRECTION('',(0.,1.,0.));
#2138 = DIRECTION('',(0.,-0.,1.));
#2139 = ADVANCED_FACE('',(#2140),#2155,.T.);
#2140 = FACE_BOUND('',#2141,.T.);
#2141 = EDGE_LOOP('',(#2142,#2148,#2149));
#2142 = ORIENTED_EDGE('',*,*,#2143,.T.);
#2143 = EDGE_CURVE('',#1650,#2098,#2144,.T.);
#2144 = LINE('',#2145,#2146);
#2145 = CARTESIAN_POINT('',(10.405271941423,19.529779338837,
    64.653151512146));
#2146 = VECTOR('',#2147,1.);
#2147 = DIRECTION('',(0.94373921726,0.,0.330690625518));
#2148 = ORIENTED_EDGE('',*,*,#2120,.F.);
#2149 = ORIENTED_EDGE('',*,*,#2150,.T.);
#2150 = EDGE_CURVE('',#2121,#1650,#2151,.T.);
#2151 = LINE('',#2152,#2153);
#2152 = CARTESIAN_POINT('',(22.85126991272,19.529779338837,
    60.462158536911));
#2153 = VECTOR('',#2154,1.);
#2154 = DIRECTION('',(-0.947711955217,0.,0.319127012235));
#2155 = PLANE('',#2156);
#2156 = AXIS2_PLACEMENT_3D('',#2157,#2158,#2159);
#2157 = CARTESIAN_POINT('',(18.723172571162,19.529779338837,
    65.003756328899));
#2158 = DIRECTION('',(0.,1.,0.));
#2159 = DIRECTION('',(0.,-0.,1.));
#2160 = ADVANCED_FACE('',(#2161),#2171,.T.);
#2161 = FACE_BOUND('',#2162,.T.);
#2162 = EDGE_LOOP('',(#2163,#2164,#2165));
#2163 = ORIENTED_EDGE('',*,*,#1657,.F.);
#2164 = ORIENTED_EDGE('',*,*,#2150,.F.);
#2165 = ORIENTED_EDGE('',*,*,#2166,.T.);
#2166 = EDGE_CURVE('',#2121,#1658,#2167,.T.);
#2167 = LINE('',#2168,#2169);
#2168 = CARTESIAN_POINT('',(22.85126991272,19.529779338837,
    60.462158536911));
#2169 = VECTOR('',#2170,1.);
#2170 = DIRECTION('',(-1.,0.,0.));
#2171 = PLANE('',#2172);
#2172 = AXIS2_PLACEMENT_3D('',#2173,#2174,#2175);
#2173 = CARTESIAN_POINT('',(15.752193225062,19.529779338837,
    61.681577322519));
#2174 = DIRECTION('',(0.,1.,0.));
#2175 = DIRECTION('',(0.,-0.,1.));
#2176 = ADVANCED_FACE('',(#2177),#2194,.T.);
#2177 = FACE_BOUND('',#2178,.T.);
#2178 = EDGE_LOOP('',(#2179,#2180,#2188));
#2179 = ORIENTED_EDGE('',*,*,#1837,.F.);
#2180 = ORIENTED_EDGE('',*,*,#2181,.T.);
#2181 = EDGE_CURVE('',#1807,#2182,#2184,.T.);
#2182 = VERTEX_POINT('',#2183);
#2183 = CARTESIAN_POINT('',(10.405271941423,19.529779338837,
    51.445158052444));
#2184 = LINE('',#2185,#2186);
#2185 = CARTESIAN_POINT('',(10.405271941423,19.529779338837,
    34.935155630112));
#2186 = VECTOR('',#2187,1.);
#2187 = DIRECTION('',(0.,0.,1.));
#2188 = ORIENTED_EDGE('',*,*,#2189,.T.);
#2189 = EDGE_CURVE('',#2182,#1829,#2190,.T.);
#2190 = LINE('',#2191,#2192);
#2191 = CARTESIAN_POINT('',(10.405271941423,19.529779338837,
    51.445158052444));
#2192 = VECTOR('',#2193,1.);
#2193 = DIRECTION('',(0.430472509839,0.,-0.902603688378));
#2194 = PLANE('',#2195);
#2195 = AXIS2_PLACEMENT_3D('',#2196,#2197,#2198);
#2196 = CARTESIAN_POINT('',(12.819154034205,19.529779338837,
    41.667038525291));
#2197 = DIRECTION('',(0.,1.,0.));
#2198 = DIRECTION('',(0.,-0.,1.));
#2199 = ADVANCED_FACE('',(#2200),#2210,.T.);
#2200 = FACE_BOUND('',#2201,.T.);
#2201 = EDGE_LOOP('',(#2202,#2203,#2204));
#2202 = ORIENTED_EDGE('',*,*,#2083,.F.);
#2203 = ORIENTED_EDGE('',*,*,#2189,.F.);
#2204 = ORIENTED_EDGE('',*,*,#2205,.T.);
#2205 = EDGE_CURVE('',#2182,#2075,#2206,.T.);
#2206 = LINE('',#2207,#2208);
#2207 = CARTESIAN_POINT('',(10.405271941423,19.529779338837,
    51.445158052444));
#2208 = VECTOR('',#2209,1.);
#2209 = DIRECTION('',(1.,0.,0.));
#2210 = PLANE('',#2211);
#2211 = AXIS2_PLACEMENT_3D('',#2212,#2213,#2214);
#2212 = CARTESIAN_POINT('',(17.163728199899,19.529779338837,
    45.33647238356));
#2213 = DIRECTION('',(0.,1.,0.));
#2214 = DIRECTION('',(0.,-0.,1.));
#2215 = ADVANCED_FACE('',(#2216),#2233,.T.);
#2216 = FACE_BOUND('',#2217,.T.);
#2217 = EDGE_LOOP('',(#2218,#2226,#2227));
#2218 = ORIENTED_EDGE('',*,*,#2219,.T.);
#2219 = EDGE_CURVE('',#2220,#2098,#2222,.T.);
#2220 = VERTEX_POINT('',#2221);
#2221 = CARTESIAN_POINT('',(-36.96572754383,19.529779338837,
    69.606155872345));
#2222 = LINE('',#2223,#2224);
#2223 = CARTESIAN_POINT('',(-36.96572754383,19.529779338837,
    69.606155872345));
#2224 = VECTOR('',#2225,1.);
#2225 = DIRECTION('',(1.,0.,0.));
#2226 = ORIENTED_EDGE('',*,*,#2143,.F.);
#2227 = ORIENTED_EDGE('',*,*,#2228,.T.);
#2228 = EDGE_CURVE('',#1650,#2220,#2229,.T.);
#2229 = LINE('',#2230,#2231);
#2230 = CARTESIAN_POINT('',(10.405271941423,19.529779338837,
    64.653151512146));
#2231 = VECTOR('',#2232,1.);
#2232 = DIRECTION('',(-0.994578254054,0.,0.10399084846));
#2233 = PLANE('',#2234);
#2234 = AXIS2_PLACEMENT_3D('',#2235,#2236,#2237);
#2235 = CARTESIAN_POINT('',(-6.066572007332,19.529779338837,
    68.356921386166));
#2236 = DIRECTION('',(0.,1.,0.));
#2237 = DIRECTION('',(0.,-0.,1.));
#2238 = ADVANCED_FACE('',(#2239),#2256,.T.);
#2239 = FACE_BOUND('',#2240,.T.);
#2240 = EDGE_LOOP('',(#2241,#2249,#2250));
#2241 = ORIENTED_EDGE('',*,*,#2242,.T.);
#2242 = EDGE_CURVE('',#2243,#2220,#2245,.T.);
#2243 = VERTEX_POINT('',#2244);
#2244 = CARTESIAN_POINT('',(-30.48872766494,19.529779338837,
    64.653151512146));
#2245 = LINE('',#2246,#2247);
#2246 = CARTESIAN_POINT('',(-30.48872766494,19.529779338837,
    64.653151512146));
#2247 = VECTOR('',#2248,1.);
#2248 = DIRECTION('',(-0.794357569463,0.,0.607450452166));
#2249 = ORIENTED_EDGE('',*,*,#2228,.F.);
#2250 = ORIENTED_EDGE('',*,*,#2251,.T.);
#2251 = EDGE_CURVE('',#1650,#2243,#2252,.T.);
#2252 = LINE('',#2253,#2254);
#2253 = CARTESIAN_POINT('',(10.405271941423,19.529779338837,
    64.653151512146));
#2254 = VECTOR('',#2255,1.);
#2255 = DIRECTION('',(-1.,0.,0.));
#2256 = PLANE('',#2257);
#2257 = AXIS2_PLACEMENT_3D('',#2258,#2259,#2260);
#2258 = CARTESIAN_POINT('',(-13.63485908597,19.529779338837,
    66.08210268964));
#2259 = DIRECTION('',(0.,1.,0.));
#2260 = DIRECTION('',(0.,-0.,1.));
#2261 = ADVANCED_FACE('',(#2262),#2279,.T.);
#2262 = FACE_BOUND('',#2263,.T.);
#2263 = EDGE_LOOP('',(#2264,#2272,#2273));
#2264 = ORIENTED_EDGE('',*,*,#2265,.T.);
#2265 = EDGE_CURVE('',#2266,#2220,#2268,.T.);
#2266 = VERTEX_POINT('',#2267);
#2267 = CARTESIAN_POINT('',(-36.96572754383,19.529779338837,
    46.111154055595));
#2268 = LINE('',#2269,#2270);
#2269 = CARTESIAN_POINT('',(-36.96572754383,19.529779338837,
    46.111154055595));
#2270 = VECTOR('',#2271,1.);
#2271 = DIRECTION('',(0.,0.,1.));
#2272 = ORIENTED_EDGE('',*,*,#2242,.F.);
#2273 = ORIENTED_EDGE('',*,*,#2274,.T.);
#2274 = EDGE_CURVE('',#2243,#2266,#2275,.T.);
#2275 = LINE('',#2276,#2277);
#2276 = CARTESIAN_POINT('',(-30.48872766494,19.529779338837,
    64.653151512146));
#2277 = VECTOR('',#2278,1.);
#2278 = DIRECTION('',(-0.329774347868,0.,-0.944059785971));
#2279 = PLANE('',#2280);
#2280 = AXIS2_PLACEMENT_3D('',#2281,#2282,#2283);
#2281 = CARTESIAN_POINT('',(-35.21074015284,19.529779338837,
    58.384167252526));
#2282 = DIRECTION('',(0.,1.,0.));
#2283 = DIRECTION('',(0.,-0.,1.));
#2284 = ADVANCED_FACE('',(#2285),#2302,.T.);
#2285 = FACE_BOUND('',#2286,.T.);
#2286 = EDGE_LOOP('',(#2287,#2295,#2296));
#2287 = ORIENTED_EDGE('',*,*,#2288,.T.);
#2288 = EDGE_CURVE('',#2289,#2266,#2291,.T.);
#2289 = VERTEX_POINT('',#2290);
#2290 = CARTESIAN_POINT('',(-30.48872766494,19.529779338837,
    46.111154055595));
#2291 = LINE('',#2292,#2293);
#2292 = CARTESIAN_POINT('',(-30.48872766494,19.529779338837,
    46.111154055595));
#2293 = VECTOR('',#2294,1.);
#2294 = DIRECTION('',(-1.,0.,0.));
#2295 = ORIENTED_EDGE('',*,*,#2274,.F.);
#2296 = ORIENTED_EDGE('',*,*,#2297,.T.);
#2297 = EDGE_CURVE('',#2243,#2289,#2298,.T.);
#2298 = LINE('',#2299,#2300);
#2299 = CARTESIAN_POINT('',(-30.48872766494,19.529779338837,
    64.653151512146));
#2300 = VECTOR('',#2301,1.);
#2301 = DIRECTION('',(0.,0.,-1.));
#2302 = PLANE('',#2303);
#2303 = AXIS2_PLACEMENT_3D('',#2304,#2305,#2306);
#2304 = CARTESIAN_POINT('',(-32.3826539109,19.529779338837,
    54.03757909039));
#2305 = DIRECTION('',(0.,1.,0.));
#2306 = DIRECTION('',(0.,-0.,1.));
#2307 = ADVANCED_FACE('',(#2308),#2325,.T.);
#2308 = FACE_BOUND('',#2309,.T.);
#2309 = EDGE_LOOP('',(#2310,#2318,#2319));
#2310 = ORIENTED_EDGE('',*,*,#2311,.T.);
#2311 = EDGE_CURVE('',#2312,#1320,#2314,.T.);
#2312 = VERTEX_POINT('',#2313);
#2313 = CARTESIAN_POINT('',(10.405271941423,-6.50522005558,
    69.606155872345));
#2314 = LINE('',#2315,#2316);
#2315 = CARTESIAN_POINT('',(10.405271941423,-6.50522005558,
    69.606155872345));
#2316 = VECTOR('',#2317,1.);
#2317 = DIRECTION('',(0.,1.,0.));
#2318 = ORIENTED_EDGE('',*,*,#1319,.F.);
#2319 = ORIENTED_EDGE('',*,*,#2320,.T.);
#2320 = EDGE_CURVE('',#1312,#2312,#2321,.T.);
#2321 = LINE('',#2322,#2323);
#2322 = CARTESIAN_POINT('',(10.405271941423,0.16228049323,
    68.844156599045));
#2323 = VECTOR('',#2324,1.);
#2324 = DIRECTION('',(0.,-0.993532685927,0.113546475045));
#2325 = PLANE('',#2326);
#2326 = AXIS2_PLACEMENT_3D('',#2327,#2328,#2329);
#2327 = CARTESIAN_POINT('',(10.405271941423,-3.103412609523,
    69.389460905145));
#2328 = DIRECTION('',(-1.,-0.,-0.));
#2329 = DIRECTION('',(0.,0.,-1.));
#2330 = ADVANCED_FACE('',(#2331),#2348,.T.);
#2331 = FACE_BOUND('',#2332,.T.);
#2332 = EDGE_LOOP('',(#2333,#2341,#2342));
#2333 = ORIENTED_EDGE('',*,*,#2334,.T.);
#2334 = EDGE_CURVE('',#2335,#2312,#2337,.T.);
#2335 = VERTEX_POINT('',#2336);
#2336 = CARTESIAN_POINT('',(10.405271941423,0.16228049323,
    52.207157325745));
#2337 = LINE('',#2338,#2339);
#2338 = CARTESIAN_POINT('',(10.405271941423,0.16228049323,
    52.207157325745));
#2339 = VECTOR('',#2340,1.);
#2340 = DIRECTION('',(0.,-0.357837016432,0.933784059444));
#2341 = ORIENTED_EDGE('',*,*,#2320,.F.);
#2342 = ORIENTED_EDGE('',*,*,#2343,.T.);
#2343 = EDGE_CURVE('',#1312,#2335,#2344,.T.);
#2344 = LINE('',#2345,#2346);
#2345 = CARTESIAN_POINT('',(10.405271941423,0.16228049323,
    68.844156599045));
#2346 = VECTOR('',#2347,1.);
#2347 = DIRECTION('',(0.,0.,-1.));
#2348 = PLANE('',#2349);
#2349 = AXIS2_PLACEMENT_3D('',#2350,#2351,#2352);
#2350 = CARTESIAN_POINT('',(10.405271941423,-1.850300347796,
    62.085435433271));
#2351 = DIRECTION('',(-1.,-0.,-0.));
#2352 = DIRECTION('',(0.,0.,-1.));
#2353 = ADVANCED_FACE('',(#2354),#2371,.T.);
#2354 = FACE_BOUND('',#2355,.T.);
#2355 = EDGE_LOOP('',(#2356,#2364,#2365));
#2356 = ORIENTED_EDGE('',*,*,#2357,.T.);
#2357 = EDGE_CURVE('',#2358,#2312,#2360,.T.);
#2358 = VERTEX_POINT('',#2359);
#2359 = CARTESIAN_POINT('',(10.405271941423,-6.50522005558,
    51.191158294678));
#2360 = LINE('',#2361,#2362);
#2361 = CARTESIAN_POINT('',(10.405271941423,-6.50522005558,
    51.191158294678));
#2362 = VECTOR('',#2363,1.);
#2363 = DIRECTION('',(0.,0.,1.));
#2364 = ORIENTED_EDGE('',*,*,#2334,.F.);
#2365 = ORIENTED_EDGE('',*,*,#2366,.T.);
#2366 = EDGE_CURVE('',#2335,#2358,#2367,.T.);
#2367 = LINE('',#2368,#2369);
#2368 = CARTESIAN_POINT('',(10.405271941423,0.16228049323,
    52.207157325745));
#2369 = VECTOR('',#2370,1.);
#2370 = DIRECTION('',(0.,-0.988588398821,-0.150641885662));
#2371 = PLANE('',#2372);
#2372 = AXIS2_PLACEMENT_3D('',#2373,#2374,#2375);
#2373 = CARTESIAN_POINT('',(10.405271941423,-4.573338930237,
    59.274987278374));
#2374 = DIRECTION('',(-1.,-0.,-0.));
#2375 = DIRECTION('',(0.,0.,-1.));
#2376 = ADVANCED_FACE('',(#2377),#2394,.T.);
#2377 = FACE_BOUND('',#2378,.T.);
#2378 = EDGE_LOOP('',(#2379,#2387,#2388));
#2379 = ORIENTED_EDGE('',*,*,#2380,.T.);
#2380 = EDGE_CURVE('',#2381,#2358,#2383,.T.);
#2381 = VERTEX_POINT('',#2382);
#2382 = CARTESIAN_POINT('',(10.405271941423,13.560780489445,
    51.191158294678));
#2383 = LINE('',#2384,#2385);
#2384 = CARTESIAN_POINT('',(10.405271941423,13.560780489445,
    51.191158294678));
#2385 = VECTOR('',#2386,1.);
#2386 = DIRECTION('',(0.,-1.,0.));
#2387 = ORIENTED_EDGE('',*,*,#2366,.F.);
#2388 = ORIENTED_EDGE('',*,*,#2389,.T.);
#2389 = EDGE_CURVE('',#2335,#2381,#2390,.T.);
#2390 = LINE('',#2391,#2392);
#2391 = CARTESIAN_POINT('',(10.405271941423,0.16228049323,
    52.207157325745));
#2392 = VECTOR('',#2393,1.);
#2393 = DIRECTION('',(0.,0.997137297439,-7.561223482669E-02));
#2394 = PLANE('',#2395);
#2395 = AXIS2_PLACEMENT_3D('',#2396,#2397,#2398);
#2396 = CARTESIAN_POINT('',(10.405271941423,3.518155438013,
    51.445886533557));
#2397 = DIRECTION('',(-1.,-0.,-0.));
#2398 = DIRECTION('',(0.,0.,-1.));
#2399 = ADVANCED_FACE('',(#2400),#2417,.T.);
#2400 = FACE_BOUND('',#2401,.T.);
#2401 = EDGE_LOOP('',(#2402,#2410,#2411));
#2402 = ORIENTED_EDGE('',*,*,#2403,.T.);
#2403 = EDGE_CURVE('',#2404,#2381,#2406,.T.);
#2404 = VERTEX_POINT('',#2405);
#2405 = CARTESIAN_POINT('',(10.405271941423,18.767780065536,
    52.207157325745));
#2406 = LINE('',#2407,#2408);
#2407 = CARTESIAN_POINT('',(10.405271941423,18.767780065536,
    52.207157325745));
#2408 = VECTOR('',#2409,1.);
#2409 = DIRECTION('',(0.,-0.981490623425,-0.191510198499));
#2410 = ORIENTED_EDGE('',*,*,#2389,.F.);
#2411 = ORIENTED_EDGE('',*,*,#2412,.T.);
#2412 = EDGE_CURVE('',#2335,#2404,#2413,.T.);
#2413 = LINE('',#2414,#2415);
#2414 = CARTESIAN_POINT('',(10.405271941423,0.16228049323,
    52.207157325745));
#2415 = VECTOR('',#2416,1.);
#2416 = DIRECTION('',(0.,1.,0.));
#2417 = PLANE('',#2418);
#2418 = AXIS2_PLACEMENT_3D('',#2419,#2420,#2421);
#2419 = CARTESIAN_POINT('',(10.405271941423,9.479962735149,
    51.952228136581));
#2420 = DIRECTION('',(-1.,-0.,-0.));
#2421 = DIRECTION('',(0.,0.,-1.));
#2422 = ADVANCED_FACE('',(#2423),#2438,.T.);
#2423 = FACE_BOUND('',#2424,.T.);
#2424 = EDGE_LOOP('',(#2425,#2431,#2432));
#2425 = ORIENTED_EDGE('',*,*,#2426,.T.);
#2426 = EDGE_CURVE('',#2182,#2381,#2427,.T.);
#2427 = LINE('',#2428,#2429);
#2428 = CARTESIAN_POINT('',(10.405271941423,19.529779338837,
    51.445158052444));
#2429 = VECTOR('',#2430,1.);
#2430 = DIRECTION('',(0.,-0.999095842057,-4.25146843334E-02));
#2431 = ORIENTED_EDGE('',*,*,#2403,.F.);
#2432 = ORIENTED_EDGE('',*,*,#2433,.T.);
#2433 = EDGE_CURVE('',#2404,#2182,#2434,.T.);
#2434 = LINE('',#2435,#2436);
#2435 = CARTESIAN_POINT('',(10.405271941423,18.767780065536,
    52.207157325745));
#2436 = VECTOR('',#2437,1.);
#2437 = DIRECTION('',(0.,0.707106781187,-0.707106781187));
#2438 = PLANE('',#2439);
#2439 = AXIS2_PLACEMENT_3D('',#2440,#2441,#2442);
#2440 = CARTESIAN_POINT('',(10.405271941423,16.608751375519,
    51.526029498834));
#2441 = DIRECTION('',(-1.,-0.,-0.));
#2442 = DIRECTION('',(0.,0.,-1.));
#2443 = ADVANCED_FACE('',(#2444),#2454,.T.);
#2444 = FACE_BOUND('',#2445,.T.);
#2445 = EDGE_LOOP('',(#2446,#2447,#2448));
#2446 = ORIENTED_EDGE('',*,*,#2426,.F.);
#2447 = ORIENTED_EDGE('',*,*,#2181,.F.);
#2448 = ORIENTED_EDGE('',*,*,#2449,.T.);
#2449 = EDGE_CURVE('',#1807,#2381,#2450,.T.);
#2450 = LINE('',#2451,#2452);
#2451 = CARTESIAN_POINT('',(10.405271941423,19.529779338837,
    34.935155630112));
#2452 = VECTOR('',#2453,1.);
#2453 = DIRECTION('',(0.,-0.34468547826,0.938718233059));
#2454 = PLANE('',#2455);
#2455 = AXIS2_PLACEMENT_3D('',#2456,#2457,#2458);
#2456 = CARTESIAN_POINT('',(10.405271941423,17.783271544503,
    44.354949400523));
#2457 = DIRECTION('',(-1.,-0.,-0.));
#2458 = DIRECTION('',(0.,0.,-1.));
#2459 = ADVANCED_FACE('',(#2460),#2477,.T.);
#2460 = FACE_BOUND('',#2461,.T.);
#2461 = EDGE_LOOP('',(#2462,#2470,#2471));
#2462 = ORIENTED_EDGE('',*,*,#2463,.T.);
#2463 = EDGE_CURVE('',#2464,#2381,#2466,.T.);
#2464 = VERTEX_POINT('',#2465);
#2465 = CARTESIAN_POINT('',(10.405271941423,13.560780489445,
    34.173156356812));
#2466 = LINE('',#2467,#2468);
#2467 = CARTESIAN_POINT('',(10.405271941423,13.560780489445,
    34.173156356812));
#2468 = VECTOR('',#2469,1.);
#2469 = DIRECTION('',(0.,0.,1.));
#2470 = ORIENTED_EDGE('',*,*,#2449,.F.);
#2471 = ORIENTED_EDGE('',*,*,#2472,.T.);
#2472 = EDGE_CURVE('',#1807,#2464,#2473,.T.);
#2473 = LINE('',#2474,#2475);
#2474 = CARTESIAN_POINT('',(10.405271941423,19.529779338837,
    34.935155630112));
#2475 = VECTOR('',#2476,1.);
#2476 = DIRECTION('',(0.,-0.991949791707,-0.126631791948));
#2477 = PLANE('',#2478);
#2478 = AXIS2_PLACEMENT_3D('',#2479,#2480,#2481);
#2479 = CARTESIAN_POINT('',(10.405271941423,15.286621943154,
    41.633604683482));
#2480 = DIRECTION('',(-1.,-0.,-0.));
#2481 = DIRECTION('',(0.,0.,-1.));
#2482 = ADVANCED_FACE('',(#2483),#2493,.T.);
#2483 = FACE_BOUND('',#2484,.T.);
#2484 = EDGE_LOOP('',(#2485,#2491,#2492));
#2485 = ORIENTED_EDGE('',*,*,#2486,.T.);
#2486 = EDGE_CURVE('',#1799,#2464,#2487,.T.);
#2487 = LINE('',#2488,#2489);
#2488 = CARTESIAN_POINT('',(10.405271941423,18.767780065536,
    34.173156356812));
#2489 = VECTOR('',#2490,1.);
#2490 = DIRECTION('',(0.,-1.,0.));
#2491 = ORIENTED_EDGE('',*,*,#2472,.F.);
#2492 = ORIENTED_EDGE('',*,*,#1806,.F.);
#2493 = PLANE('',#2494);
#2494 = AXIS2_PLACEMENT_3D('',#2495,#2496,#2497);
#2495 = CARTESIAN_POINT('',(10.405271941423,16.612077110169,
    34.39289329688));
#2496 = DIRECTION('',(-1.,-0.,-0.));
#2497 = DIRECTION('',(0.,0.,-1.));
#2498 = ADVANCED_FACE('',(#2499),#2514,.T.);
#2499 = FACE_BOUND('',#2500,.T.);
#2500 = EDGE_LOOP('',(#2501,#2507,#2508));
#2501 = ORIENTED_EDGE('',*,*,#2502,.T.);
#2502 = EDGE_CURVE('',#1526,#1680,#2503,.T.);
#2503 = LINE('',#2504,#2505);
#2504 = CARTESIAN_POINT('',(22.08927063942,18.767780065536,
    59.700153207779));
#2505 = VECTOR('',#2506,1.);
#2506 = DIRECTION('',(-1.,0.,0.));
#2507 = ORIENTED_EDGE('',*,*,#1688,.F.);
#2508 = ORIENTED_EDGE('',*,*,#2509,.T.);
#2509 = EDGE_CURVE('',#1658,#1526,#2510,.T.);
#2510 = LINE('',#2511,#2512);
#2511 = CARTESIAN_POINT('',(10.405271941423,19.529779338837,
    60.462158536911));
#2512 = VECTOR('',#2513,1.);
#2513 = DIRECTION('',(0.995773610573,-6.494170251482E-02,
    -6.494221862559E-02));
#2514 = PLANE('',#2515);
#2515 = AXIS2_PLACEMENT_3D('',#2516,#2517,#2518);
#2516 = CARTESIAN_POINT('',(15.990260472746,18.967046332315,
    59.899421058185));
#2517 = DIRECTION('',(0.,0.707109590962,-0.7071039714));
#2518 = DIRECTION('',(0.,0.7071039714,0.707109590962));
#2519 = ADVANCED_FACE('',(#2520),#2530,.T.);
#2520 = FACE_BOUND('',#2521,.T.);
#2521 = EDGE_LOOP('',(#2522,#2528,#2529));
#2522 = ORIENTED_EDGE('',*,*,#2523,.T.);
#2523 = EDGE_CURVE('',#2121,#1526,#2524,.T.);
#2524 = LINE('',#2525,#2526);
#2525 = CARTESIAN_POINT('',(22.85126991272,19.529779338837,
    60.462158536911));
#2526 = VECTOR('',#2527,1.);
#2527 = DIRECTION('',(-0.577348739732,-0.577348739732,-0.577353328092));
#2528 = ORIENTED_EDGE('',*,*,#2509,.F.);
#2529 = ORIENTED_EDGE('',*,*,#2166,.F.);
#2530 = PLANE('',#2531);
#2531 = AXIS2_PLACEMENT_3D('',#2532,#2533,#2534);
#2532 = CARTESIAN_POINT('',(16.755329667443,19.334741662465,
    60.267119310518));
#2533 = DIRECTION('',(0.,0.707109590962,-0.7071039714));
#2534 = DIRECTION('',(0.,0.7071039714,0.707109590962));
#2535 = ADVANCED_FACE('',(#2536),#2546,.T.);
#2536 = FACE_BOUND('',#2537,.T.);
#2537 = EDGE_LOOP('',(#2538,#2539,#2540));
#2538 = ORIENTED_EDGE('',*,*,#2523,.F.);
#2539 = ORIENTED_EDGE('',*,*,#2129,.F.);
#2540 = ORIENTED_EDGE('',*,*,#2541,.T.);
#2541 = EDGE_CURVE('',#2075,#1526,#2542,.T.);
#2542 = LINE('',#2543,#2544);
#2543 = CARTESIAN_POINT('',(22.85126991272,19.529779338837,
    51.445158052444));
#2544 = VECTOR('',#2545,1.);
#2545 = DIRECTION('',(-9.153104420525E-02,-9.153104420525E-02,
    0.991586675936));
#2546 = PLANE('',#2547);
#2547 = AXIS2_PLACEMENT_3D('',#2548,#2549,#2550);
#2548 = CARTESIAN_POINT('',(22.654360906526,19.332870332643,
    56.075602893416));
#2549 = DIRECTION('',(-0.707106781187,0.707106781187,0.));
#2550 = DIRECTION('',(-0.707106781187,-0.707106781187,0.));
#2551 = ADVANCED_FACE('',(#2552),#2562,.T.);
#2552 = FACE_BOUND('',#2553,.T.);
#2553 = EDGE_LOOP('',(#2554,#2555,#2556));
#2554 = ORIENTED_EDGE('',*,*,#1525,.F.);
#2555 = ORIENTED_EDGE('',*,*,#2541,.F.);
#2556 = ORIENTED_EDGE('',*,*,#2557,.T.);
#2557 = EDGE_CURVE('',#2075,#1503,#2558,.T.);
#2558 = LINE('',#2559,#2560);
#2559 = CARTESIAN_POINT('',(22.85126991272,19.529779338837,
    51.445158052444));
#2560 = VECTOR('',#2561,1.);
#2561 = DIRECTION('',(-0.57735026919,-0.57735026919,0.57735026919));
#2562 = PLANE('',#2563);
#2563 = AXIS2_PLACEMENT_3D('',#2564,#2565,#2566);
#2564 = CARTESIAN_POINT('',(22.303689982258,18.982199408375,
    55.450710391502));
#2565 = DIRECTION('',(-0.707106781187,0.707106781187,0.));
#2566 = DIRECTION('',(-0.707106781187,-0.707106781187,0.));
#2567 = ADVANCED_FACE('',(#2568),#2578,.T.);
#2568 = FACE_BOUND('',#2569,.T.);
#2569 = EDGE_LOOP('',(#2570,#2571,#2572));
#2570 = ORIENTED_EDGE('',*,*,#2557,.F.);
#2571 = ORIENTED_EDGE('',*,*,#2205,.F.);
#2572 = ORIENTED_EDGE('',*,*,#2573,.T.);
#2573 = EDGE_CURVE('',#2182,#1503,#2574,.T.);
#2574 = LINE('',#2575,#2576);
#2575 = CARTESIAN_POINT('',(10.405271941423,19.529779338837,
    51.445158052444));
#2576 = VECTOR('',#2577,1.);
#2577 = DIRECTION('',(0.995773643949,-6.494170469146E-02,
    6.494170469146E-02));
#2578 = PLANE('',#2579);
#2579 = AXIS2_PLACEMENT_3D('',#2580,#2581,#2582);
#2580 = CARTESIAN_POINT('',(16.755328891676,19.334741690832,
    51.640195700449));
#2581 = DIRECTION('',(0.,0.707106781187,0.707106781187));
#2582 = DIRECTION('',(0.,0.707106781187,-0.707106781187));
#2583 = ADVANCED_FACE('',(#2584),#2594,.T.);
#2584 = FACE_BOUND('',#2585,.T.);
#2585 = EDGE_LOOP('',(#2586,#2592,#2593));
#2586 = ORIENTED_EDGE('',*,*,#2587,.T.);
#2587 = EDGE_CURVE('',#2404,#1503,#2588,.T.);
#2588 = LINE('',#2589,#2590);
#2589 = CARTESIAN_POINT('',(10.405271941423,18.767780065536,
    52.207157325745));
#2590 = VECTOR('',#2591,1.);
#2591 = DIRECTION('',(1.,0.,0.));
#2592 = ORIENTED_EDGE('',*,*,#2573,.F.);
#2593 = ORIENTED_EDGE('',*,*,#2433,.F.);
#2594 = PLANE('',#2595);
#2595 = AXIS2_PLACEMENT_3D('',#2596,#2597,#2598);
#2596 = CARTESIAN_POINT('',(15.990261444958,18.967046297628,
    52.007891093653));
#2597 = DIRECTION('',(0.,0.707106781187,0.707106781187));
#2598 = DIRECTION('',(0.,0.707106781187,-0.707106781187));
#2599 = ADVANCED_FACE('',(#2600),#2626,.T.);
#2600 = FACE_BOUND('',#2601,.T.);
#2601 = EDGE_LOOP('',(#2602,#2612,#2620));
#2602 = ORIENTED_EDGE('',*,*,#2603,.T.);
#2603 = EDGE_CURVE('',#2604,#2606,#2608,.T.);
#2604 = VERTEX_POINT('',#2605);
#2605 = CARTESIAN_POINT('',(-30.48872766494,14.068781518936,
    64.653151512146));
#2606 = VERTEX_POINT('',#2607);
#2607 = CARTESIAN_POINT('',(-30.48872766494,14.068781518936,
    69.606155872345));
#2608 = LINE('',#2609,#2610);
#2609 = CARTESIAN_POINT('',(-30.48872766494,14.068781518936,
    64.653151512146));
#2610 = VECTOR('',#2611,1.);
#2611 = DIRECTION('',(0.,0.,1.));
#2612 = ORIENTED_EDGE('',*,*,#2613,.T.);
#2613 = EDGE_CURVE('',#2606,#2614,#2616,.T.);
#2614 = VERTEX_POINT('',#2615);
#2615 = CARTESIAN_POINT('',(-30.48872766494,-6.50522005558,
    69.606155872345));
#2616 = LINE('',#2617,#2618);
#2617 = CARTESIAN_POINT('',(-30.48872766494,14.068781518936,
    69.606155872345));
#2618 = VECTOR('',#2619,1.);
#2619 = DIRECTION('',(0.,-1.,0.));
#2620 = ORIENTED_EDGE('',*,*,#2621,.T.);
#2621 = EDGE_CURVE('',#2614,#2604,#2622,.T.);
#2622 = LINE('',#2623,#2624);
#2623 = CARTESIAN_POINT('',(-30.48872766494,-6.50522005558,
    69.606155872345));
#2624 = VECTOR('',#2625,1.);
#2625 = DIRECTION('',(0.,0.972223594348,-0.234054016398));
#2626 = PLANE('',#2627);
#2627 = AXIS2_PLACEMENT_3D('',#2628,#2629,#2630);
#2628 = CARTESIAN_POINT('',(-30.48872766494,4.873082134194,
    68.220955094762));
#2629 = DIRECTION('',(1.,0.,0.));
#2630 = DIRECTION('',(0.,0.,1.));
#2631 = ADVANCED_FACE('',(#2632),#2649,.T.);
#2632 = FACE_BOUND('',#2633,.T.);
#2633 = EDGE_LOOP('',(#2634,#2642,#2643));
#2634 = ORIENTED_EDGE('',*,*,#2635,.T.);
#2635 = EDGE_CURVE('',#2636,#2604,#2638,.T.);
#2636 = VERTEX_POINT('',#2637);
#2637 = CARTESIAN_POINT('',(-30.48872766494,-6.50522005558,
    51.191158294678));
#2638 = LINE('',#2639,#2640);
#2639 = CARTESIAN_POINT('',(-30.48872766494,-6.50522005558,
    51.191158294678));
#2640 = VECTOR('',#2641,1.);
#2641 = DIRECTION('',(0.,0.836787721482,0.547527450615));
#2642 = ORIENTED_EDGE('',*,*,#2621,.F.);
#2643 = ORIENTED_EDGE('',*,*,#2644,.T.);
#2644 = EDGE_CURVE('',#2614,#2636,#2645,.T.);
#2645 = LINE('',#2646,#2647);
#2646 = CARTESIAN_POINT('',(-30.48872766494,-6.50522005558,
    69.606155872345));
#2647 = VECTOR('',#2648,1.);
#2648 = DIRECTION('',(0.,0.,-1.));
#2649 = PLANE('',#2650);
#2650 = AXIS2_PLACEMENT_3D('',#2651,#2652,#2653);
#2651 = CARTESIAN_POINT('',(-30.48872766494,0.829408100866,
    61.669633697525));
#2652 = DIRECTION('',(1.,0.,0.));
#2653 = DIRECTION('',(0.,0.,1.));
#2654 = ADVANCED_FACE('',(#2655),#2672,.T.);
#2655 = FACE_BOUND('',#2656,.T.);
#2656 = EDGE_LOOP('',(#2657,#2665,#2666));
#2657 = ORIENTED_EDGE('',*,*,#2658,.T.);
#2658 = EDGE_CURVE('',#2659,#2604,#2661,.T.);
#2659 = VERTEX_POINT('',#2660);
#2660 = CARTESIAN_POINT('',(-30.48872766494,13.560780489445,
    51.191158294678));
#2661 = LINE('',#2662,#2663);
#2662 = CARTESIAN_POINT('',(-30.48872766494,13.560780489445,
    51.191158294678));
#2663 = VECTOR('',#2664,1.);
#2664 = DIRECTION('',(0.,3.770910518296E-02,0.999288758761));
#2665 = ORIENTED_EDGE('',*,*,#2635,.F.);
#2666 = ORIENTED_EDGE('',*,*,#2667,.T.);
#2667 = EDGE_CURVE('',#2636,#2659,#2668,.T.);
#2668 = LINE('',#2669,#2670);
#2669 = CARTESIAN_POINT('',(-30.48872766494,-6.50522005558,
    51.191158294678));
#2670 = VECTOR('',#2671,1.);
#2671 = DIRECTION('',(0.,1.,0.));
#2672 = PLANE('',#2673);
#2673 = AXIS2_PLACEMENT_3D('',#2674,#2675,#2676);
#2674 = CARTESIAN_POINT('',(-30.48872766494,6.019453875715,
    55.598448391522));
#2675 = DIRECTION('',(1.,0.,0.));
#2676 = DIRECTION('',(0.,0.,1.));
#2677 = ADVANCED_FACE('',(#2678),#2700,.T.);
#2678 = FACE_BOUND('',#2679,.T.);
#2679 = EDGE_LOOP('',(#2680,#2688,#2694));
#2680 = ORIENTED_EDGE('',*,*,#2681,.T.);
#2681 = EDGE_CURVE('',#2659,#2682,#2684,.T.);
#2682 = VERTEX_POINT('',#2683);
#2683 = CARTESIAN_POINT('',(-30.48872766494,13.560780489445,
    46.111154055595));
#2684 = LINE('',#2685,#2686);
#2685 = CARTESIAN_POINT('',(-30.48872766494,13.560780489445,
    51.191158294678));
#2686 = VECTOR('',#2687,1.);
#2687 = DIRECTION('',(0.,0.,-1.));
#2688 = ORIENTED_EDGE('',*,*,#2689,.T.);
#2689 = EDGE_CURVE('',#2682,#2289,#2690,.T.);
#2690 = LINE('',#2691,#2692);
#2691 = CARTESIAN_POINT('',(-30.48872766494,13.560780489445,
    46.111154055595));
#2692 = VECTOR('',#2693,1.);
#2693 = DIRECTION('',(0.,1.,0.));
#2694 = ORIENTED_EDGE('',*,*,#2695,.T.);
#2695 = EDGE_CURVE('',#2289,#2659,#2696,.T.);
#2696 = LINE('',#2697,#2698);
#2697 = CARTESIAN_POINT('',(-30.48872766494,19.529779338837,
    46.111154055595));
#2698 = VECTOR('',#2699,1.);
#2699 = DIRECTION('',(0.,-0.761539061095,0.648119015634));
#2700 = PLANE('',#2701);
#2701 = AXIS2_PLACEMENT_3D('',#2702,#2703,#2704);
#2702 = CARTESIAN_POINT('',(-30.48872766494,15.742547423596,
    47.848423684592));
#2703 = DIRECTION('',(1.,0.,0.));
#2704 = DIRECTION('',(0.,0.,1.));
#2705 = ADVANCED_FACE('',(#2706),#2716,.T.);
#2706 = FACE_BOUND('',#2707,.T.);
#2707 = EDGE_LOOP('',(#2708,#2714,#2715));
#2708 = ORIENTED_EDGE('',*,*,#2709,.T.);
#2709 = EDGE_CURVE('',#2243,#2659,#2710,.T.);
#2710 = LINE('',#2711,#2712);
#2711 = CARTESIAN_POINT('',(-30.48872766494,19.529779338837,
    64.653151512146));
#2712 = VECTOR('',#2713,1.);
#2713 = DIRECTION('',(0.,-0.405338230778,-0.914166789306));
#2714 = ORIENTED_EDGE('',*,*,#2695,.F.);
#2715 = ORIENTED_EDGE('',*,*,#2297,.F.);
#2716 = PLANE('',#2717);
#2717 = AXIS2_PLACEMENT_3D('',#2718,#2719,#2720);
#2718 = CARTESIAN_POINT('',(-30.48872766494,17.891519523117,
    55.0086298953));
#2719 = DIRECTION('',(1.,0.,0.));
#2720 = DIRECTION('',(0.,0.,1.));
#2721 = ADVANCED_FACE('',(#2722),#2732,.T.);
#2722 = FACE_BOUND('',#2723,.T.);
#2723 = EDGE_LOOP('',(#2724,#2725,#2726));
#2724 = ORIENTED_EDGE('',*,*,#2658,.F.);
#2725 = ORIENTED_EDGE('',*,*,#2709,.F.);
#2726 = ORIENTED_EDGE('',*,*,#2727,.T.);
#2727 = EDGE_CURVE('',#2243,#2604,#2728,.T.);
#2728 = LINE('',#2729,#2730);
#2729 = CARTESIAN_POINT('',(-30.48872766494,19.529779338837,
    64.653151512146));
#2730 = VECTOR('',#2731,1.);
#2731 = DIRECTION('',(0.,-1.,0.));
#2732 = PLANE('',#2733);
#2733 = AXIS2_PLACEMENT_3D('',#2734,#2735,#2736);
#2734 = CARTESIAN_POINT('',(-30.48872766494,15.493629407518,
    59.014238944811));
#2735 = DIRECTION('',(1.,0.,0.));
#2736 = DIRECTION('',(0.,0.,1.));
#2737 = ADVANCED_FACE('',(#2738),#2748,.T.);
#2738 = FACE_BOUND('',#2739,.T.);
#2739 = EDGE_LOOP('',(#2740,#2741,#2742));
#2740 = ORIENTED_EDGE('',*,*,#1350,.F.);
#2741 = ORIENTED_EDGE('',*,*,#2311,.F.);
#2742 = ORIENTED_EDGE('',*,*,#2743,.T.);
#2743 = EDGE_CURVE('',#2312,#1342,#2744,.T.);
#2744 = LINE('',#2745,#2746);
#2745 = CARTESIAN_POINT('',(10.405271941423,-6.50522005558,
    69.606155872345));
#2746 = VECTOR('',#2747,1.);
#2747 = DIRECTION('',(0.903456029146,0.428680770971,0.));
#2748 = PLANE('',#2749);
#2749 = AXIS2_PLACEMENT_3D('',#2750,#2751,#2752);
#2750 = CARTESIAN_POINT('',(15.484392916661,-2.40859180956,
    69.606155872345));
#2751 = DIRECTION('',(0.,0.,1.));
#2752 = DIRECTION('',(1.,0.,-0.));
#2753 = ADVANCED_FACE('',(#2754),#2771,.T.);
#2754 = FACE_BOUND('',#2755,.T.);
#2755 = EDGE_LOOP('',(#2756,#2764,#2765));
#2756 = ORIENTED_EDGE('',*,*,#2757,.T.);
#2757 = EDGE_CURVE('',#2758,#1342,#2760,.T.);
#2758 = VERTEX_POINT('',#2759);
#2759 = CARTESIAN_POINT('',(24.540370118618,-12.22021990418,
    69.606155872345));
#2760 = LINE('',#2761,#2762);
#2761 = CARTESIAN_POINT('',(24.540370118618,-12.22021990418,
    69.606155872345));
#2762 = VECTOR('',#2763,1.);
#2763 = DIRECTION('',(-0.14384357445,0.989600437596,0.));
#2764 = ORIENTED_EDGE('',*,*,#2743,.F.);
#2765 = ORIENTED_EDGE('',*,*,#2766,.T.);
#2766 = EDGE_CURVE('',#2312,#2758,#2767,.T.);
#2767 = LINE('',#2768,#2769);
#2768 = CARTESIAN_POINT('',(10.405271941423,-6.50522005558,
    69.606155872345));
#2769 = VECTOR('',#2770,1.);
#2770 = DIRECTION('',(0.927091576879,-0.374834907766,0.));
#2771 = PLANE('',#2772);
#2772 = AXIS2_PLACEMENT_3D('',#2773,#2774,#2775);
#2773 = CARTESIAN_POINT('',(18.979979484616,-6.548686980197,
    69.606155872345));
#2774 = DIRECTION('',(0.,0.,1.));
#2775 = DIRECTION('',(1.,0.,-0.));
#2776 = ADVANCED_FACE('',(#2777),#2787,.T.);
#2777 = FACE_BOUND('',#2778,.T.);
#2778 = EDGE_LOOP('',(#2779,#2780,#2781));
#2779 = ORIENTED_EDGE('',*,*,#1419,.F.);
#2780 = ORIENTED_EDGE('',*,*,#2757,.F.);
#2781 = ORIENTED_EDGE('',*,*,#2782,.T.);
#2782 = EDGE_CURVE('',#2758,#1367,#2783,.T.);
#2783 = LINE('',#2784,#2785);
#2784 = CARTESIAN_POINT('',(24.540370118618,-12.22021990418,
    69.606155872345));
#2785 = VECTOR('',#2786,1.);
#2786 = DIRECTION('',(-8.361781602038E-02,0.996497898063,0.));
#2787 = PLANE('',#2788);
#2788 = AXIS2_PLACEMENT_3D('',#2789,#2790,#2791);
#2789 = CARTESIAN_POINT('',(23.518169935468,-2.168313736117,
    69.606155872345));
#2790 = DIRECTION('',(0.,0.,1.));
#2791 = DIRECTION('',(1.,0.,-0.));
#2792 = ADVANCED_FACE('',(#2793),#2808,.T.);
#2793 = FACE_BOUND('',#2794,.T.);
#2794 = EDGE_LOOP('',(#2795,#2801,#2802));
#2795 = ORIENTED_EDGE('',*,*,#2796,.T.);
#2796 = EDGE_CURVE('',#2098,#1367,#2797,.T.);
#2797 = LINE('',#2798,#2799);
#2798 = CARTESIAN_POINT('',(24.540370118618,19.529779338837,
    69.606155872345));
#2799 = VECTOR('',#2800,1.);
#2800 = DIRECTION('',(-0.1438435842,-0.989600436178,0.));
#2801 = ORIENTED_EDGE('',*,*,#2782,.F.);
#2802 = ORIENTED_EDGE('',*,*,#2803,.T.);
#2803 = EDGE_CURVE('',#2758,#2098,#2804,.T.);
#2804 = LINE('',#2805,#2806);
#2805 = CARTESIAN_POINT('',(24.540370118618,-12.22021990418,
    69.606155872345));
#2806 = VECTOR('',#2807,1.);
#2807 = DIRECTION('',(0.,1.,0.));
#2808 = PLANE('',#2809);
#2809 = AXIS2_PLACEMENT_3D('',#2810,#2811,#2812);
#2810 = CARTESIAN_POINT('',(24.116816422054,3.667623415093,
    69.606155872345));
#2811 = DIRECTION('',(0.,0.,1.));
#2812 = DIRECTION('',(1.,0.,-0.));
#2813 = ADVANCED_FACE('',(#2814),#2829,.T.);
#2814 = FACE_BOUND('',#2815,.T.);
#2815 = EDGE_LOOP('',(#2816,#2822,#2823));
#2816 = ORIENTED_EDGE('',*,*,#2817,.T.);
#2817 = EDGE_CURVE('',#1627,#1367,#2818,.T.);
#2818 = LINE('',#2819,#2820);
#2819 = CARTESIAN_POINT('',(10.405271941423,14.068781518936,
    69.606155872345));
#2820 = VECTOR('',#2821,1.);
#2821 = DIRECTION('',(0.896248712015,-0.443551852901,0.));
#2822 = ORIENTED_EDGE('',*,*,#2796,.F.);
#2823 = ORIENTED_EDGE('',*,*,#2824,.T.);
#2824 = EDGE_CURVE('',#2098,#1627,#2825,.T.);
#2825 = LINE('',#2826,#2827);
#2826 = CARTESIAN_POINT('',(24.540370118618,19.529779338837,
    69.606155872345));
#2827 = VECTOR('',#2828,1.);
#2828 = DIRECTION('',(-0.932804570455,-0.360382620749,0.));
#2829 = PLANE('',#2830);
#2830 = AXIS2_PLACEMENT_3D('',#2831,#2832,#2833);
#2831 = CARTESIAN_POINT('',(18.977042139436,13.934098033733,
    69.606155872345));
#2832 = DIRECTION('',(0.,0.,1.));
#2833 = DIRECTION('',(1.,0.,-0.));
#2834 = ADVANCED_FACE('',(#2835),#2845,.T.);
#2835 = FACE_BOUND('',#2836,.T.);
#2836 = EDGE_LOOP('',(#2837,#2843,#2844));
#2837 = ORIENTED_EDGE('',*,*,#2838,.T.);
#2838 = EDGE_CURVE('',#2220,#1627,#2839,.T.);
#2839 = LINE('',#2840,#2841);
#2840 = CARTESIAN_POINT('',(-36.96572754383,19.529779338837,
    69.606155872345));
#2841 = VECTOR('',#2842,1.);
#2842 = DIRECTION('',(0.993420599989,-0.114522973755,0.));
#2843 = ORIENTED_EDGE('',*,*,#2824,.F.);
#2844 = ORIENTED_EDGE('',*,*,#2219,.F.);
#2845 = PLANE('',#2846);
#2846 = AXIS2_PLACEMENT_3D('',#2847,#2848,#2849);
#2847 = CARTESIAN_POINT('',(-6.036554273331,18.149905365174,
    69.606155872345));
#2848 = DIRECTION('',(0.,0.,1.));
#2849 = DIRECTION('',(1.,0.,-0.));
#2850 = ADVANCED_FACE('',(#2851),#2866,.T.);
#2851 = FACE_BOUND('',#2852,.T.);
#2852 = EDGE_LOOP('',(#2853,#2859,#2860));
#2853 = ORIENTED_EDGE('',*,*,#2854,.T.);
#2854 = EDGE_CURVE('',#2606,#1627,#2855,.T.);
#2855 = LINE('',#2856,#2857);
#2856 = CARTESIAN_POINT('',(-30.48872766494,14.068781518936,
    69.606155872345));
#2857 = VECTOR('',#2858,1.);
#2858 = DIRECTION('',(1.,0.,0.));
#2859 = ORIENTED_EDGE('',*,*,#2838,.F.);
#2860 = ORIENTED_EDGE('',*,*,#2861,.T.);
#2861 = EDGE_CURVE('',#2220,#2606,#2862,.T.);
#2862 = LINE('',#2863,#2864);
#2863 = CARTESIAN_POINT('',(-36.96572754383,19.529779338837,
    69.606155872345));
#2864 = VECTOR('',#2865,1.);
#2865 = DIRECTION('',(0.764522443651,-0.644597109173,0.));
#2866 = PLANE('',#2867);
#2867 = AXIS2_PLACEMENT_3D('',#2868,#2869,#2870);
#2868 = CARTESIAN_POINT('',(-13.70053238832,15.648737141316,
    69.606155872345));
#2869 = DIRECTION('',(0.,0.,1.));
#2870 = DIRECTION('',(1.,0.,-0.));
#2871 = ADVANCED_FACE('',(#2872),#2882,.T.);
#2872 = FACE_BOUND('',#2873,.T.);
#2873 = EDGE_LOOP('',(#2874,#2875,#2876));
#2874 = ORIENTED_EDGE('',*,*,#2613,.F.);
#2875 = ORIENTED_EDGE('',*,*,#2861,.F.);
#2876 = ORIENTED_EDGE('',*,*,#2877,.T.);
#2877 = EDGE_CURVE('',#2220,#2614,#2878,.T.);
#2878 = LINE('',#2879,#2880);
#2879 = CARTESIAN_POINT('',(-36.96572754383,19.529779338837,
    69.606155872345));
#2880 = VECTOR('',#2881,1.);
#2881 = DIRECTION('',(0.241421640897,-0.970420316825,0.));
#2882 = PLANE('',#2883);
#2883 = AXIS2_PLACEMENT_3D('',#2884,#2885,#2886);
#2884 = CARTESIAN_POINT('',(-32.53475413861,7.066623756038,
    69.606155872345));
#2885 = DIRECTION('',(0.,0.,1.));
#2886 = DIRECTION('',(1.,0.,-0.));
#2887 = ADVANCED_FACE('',(#2888),#2905,.T.);
#2888 = FACE_BOUND('',#2889,.T.);
#2889 = EDGE_LOOP('',(#2890,#2898,#2899));
#2890 = ORIENTED_EDGE('',*,*,#2891,.T.);
#2891 = EDGE_CURVE('',#2892,#2614,#2894,.T.);
#2892 = VERTEX_POINT('',#2893);
#2893 = CARTESIAN_POINT('',(-36.96572754383,-12.22021990418,
    69.606155872345));
#2894 = LINE('',#2895,#2896);
#2895 = CARTESIAN_POINT('',(-36.96572754383,-12.22021990418,
    69.606155872345));
#2896 = VECTOR('',#2897,1.);
#2897 = DIRECTION('',(0.749837857923,0.661621634188,0.));
#2898 = ORIENTED_EDGE('',*,*,#2877,.F.);
#2899 = ORIENTED_EDGE('',*,*,#2900,.T.);
#2900 = EDGE_CURVE('',#2220,#2892,#2901,.T.);
#2901 = LINE('',#2902,#2903);
#2902 = CARTESIAN_POINT('',(-36.96572754383,19.529779338837,
    69.606155872345));
#2903 = VECTOR('',#2904,1.);
#2904 = DIRECTION('',(0.,-1.,0.));
#2905 = PLANE('',#2906);
#2906 = AXIS2_PLACEMENT_3D('',#2907,#2908,#2909);
#2907 = CARTESIAN_POINT('',(-35.25694801547,3.122458092261,
    69.606155872345));
#2908 = DIRECTION('',(0.,0.,1.));
#2909 = DIRECTION('',(1.,0.,-0.));
#2910 = ADVANCED_FACE('',(#2911),#2926,.T.);
#2911 = FACE_BOUND('',#2912,.T.);
#2912 = EDGE_LOOP('',(#2913,#2919,#2920));
#2913 = ORIENTED_EDGE('',*,*,#2914,.T.);
#2914 = EDGE_CURVE('',#2312,#2614,#2915,.T.);
#2915 = LINE('',#2916,#2917);
#2916 = CARTESIAN_POINT('',(10.405271941423,-6.50522005558,
    69.606155872345));
#2917 = VECTOR('',#2918,1.);
#2918 = DIRECTION('',(-1.,0.,0.));
#2919 = ORIENTED_EDGE('',*,*,#2891,.F.);
#2920 = ORIENTED_EDGE('',*,*,#2921,.T.);
#2921 = EDGE_CURVE('',#2892,#2312,#2922,.T.);
#2922 = LINE('',#2923,#2924);
#2923 = CARTESIAN_POINT('',(-36.96572754383,-12.22021990418,
    69.606155872345));
#2924 = VECTOR('',#2925,1.);
#2925 = DIRECTION('',(0.992801071228,0.119774926293,0.));
#2926 = PLANE('',#2927);
#2927 = AXIS2_PLACEMENT_3D('',#2928,#2929,#2930);
#2928 = CARTESIAN_POINT('',(-13.7345713364,-8.161085273103,
    69.606155872345));
#2929 = DIRECTION('',(0.,0.,1.));
#2930 = DIRECTION('',(1.,0.,-0.));
#2931 = ADVANCED_FACE('',(#2932),#2942,.T.);
#2932 = FACE_BOUND('',#2933,.T.);
#2933 = EDGE_LOOP('',(#2934,#2935,#2936));
#2934 = ORIENTED_EDGE('',*,*,#2766,.F.);
#2935 = ORIENTED_EDGE('',*,*,#2921,.F.);
#2936 = ORIENTED_EDGE('',*,*,#2937,.T.);
#2937 = EDGE_CURVE('',#2892,#2758,#2938,.T.);
#2938 = LINE('',#2939,#2940);
#2939 = CARTESIAN_POINT('',(-36.96572754383,-12.22021990418,
    69.606155872345));
#2940 = VECTOR('',#2941,1.);
#2941 = DIRECTION('',(1.,0.,0.));
#2942 = PLANE('',#2943);
#2943 = AXIS2_PLACEMENT_3D('',#2944,#2945,#2946);
#2944 = CARTESIAN_POINT('',(-6.020648590633,-10.77476688852,
    69.606155872345));
#2945 = DIRECTION('',(0.,0.,1.));
#2946 = DIRECTION('',(1.,0.,-0.));
#2947 = ADVANCED_FACE('',(#2948),#2953,.T.);
#2948 = FACE_BOUND('',#2949,.T.);
#2949 = EDGE_LOOP('',(#2950,#2951,#2952));
#2950 = ORIENTED_EDGE('',*,*,#2817,.F.);
#2951 = ORIENTED_EDGE('',*,*,#1635,.F.);
#2952 = ORIENTED_EDGE('',*,*,#1374,.F.);
#2953 = PLANE('',#2954);
#2954 = AXIS2_PLACEMENT_3D('',#2955,#2956,#2957);
#2955 = CARTESIAN_POINT('',(15.448588020729,9.809347764777,
    69.606155872345));
#2956 = DIRECTION('',(0.,0.,1.));
#2957 = DIRECTION('',(1.,0.,-0.));
#2958 = ADVANCED_FACE('',(#2959),#2974,.T.);
#2959 = FACE_BOUND('',#2960,.T.);
#2960 = EDGE_LOOP('',(#2961,#2967,#2968));
#2961 = ORIENTED_EDGE('',*,*,#2962,.T.);
#2962 = EDGE_CURVE('',#2604,#1588,#2963,.T.);
#2963 = LINE('',#2964,#2965);
#2964 = CARTESIAN_POINT('',(-30.48872766494,14.068781518936,
    64.653151512146));
#2965 = VECTOR('',#2966,1.);
#2966 = DIRECTION('',(1.,0.,0.));
#2967 = ORIENTED_EDGE('',*,*,#1626,.F.);
#2968 = ORIENTED_EDGE('',*,*,#2969,.T.);
#2969 = EDGE_CURVE('',#1627,#2604,#2970,.T.);
#2970 = LINE('',#2971,#2972);
#2971 = CARTESIAN_POINT('',(10.405271941423,14.068781518936,
    69.606155872345));
#2972 = VECTOR('',#2973,1.);
#2973 = DIRECTION('',(-0.992744925385,0.,-0.120239399211));
#2974 = PLANE('',#2975);
#2975 = AXIS2_PLACEMENT_3D('',#2976,#2977,#2978);
#2976 = CARTESIAN_POINT('',(-8.878191084238,14.068781518936,
    65.966116914722));
#2977 = DIRECTION('',(-0.,-1.,-0.));
#2978 = DIRECTION('',(0.,0.,-1.));
#2979 = ADVANCED_FACE('',(#2980),#2985,.T.);
#2980 = FACE_BOUND('',#2981,.T.);
#2981 = EDGE_LOOP('',(#2982,#2983,#2984));
#2982 = ORIENTED_EDGE('',*,*,#2603,.F.);
#2983 = ORIENTED_EDGE('',*,*,#2969,.F.);
#2984 = ORIENTED_EDGE('',*,*,#2854,.F.);
#2985 = PLANE('',#2986);
#2986 = AXIS2_PLACEMENT_3D('',#2987,#2988,#2989);
#2987 = CARTESIAN_POINT('',(-11.20526463928,14.068781518936,
    68.293190469769));
#2988 = DIRECTION('',(-0.,-1.,-0.));
#2989 = DIRECTION('',(0.,0.,-1.));
#2990 = ADVANCED_FACE('',(#2991),#3001,.T.);
#2991 = FACE_BOUND('',#2992,.T.);
#2992 = EDGE_LOOP('',(#2993,#2994,#2995));
#2993 = ORIENTED_EDGE('',*,*,#1649,.F.);
#2994 = ORIENTED_EDGE('',*,*,#2962,.F.);
#2995 = ORIENTED_EDGE('',*,*,#2996,.T.);
#2996 = EDGE_CURVE('',#2604,#1650,#2997,.T.);
#2997 = LINE('',#2998,#2999);
#2998 = CARTESIAN_POINT('',(-30.48872766494,14.068781518936,
    64.653151512146));
#2999 = VECTOR('',#3000,1.);
#3000 = DIRECTION('',(0.991201002539,0.132365299703,0.));
#3001 = PLANE('',#3002);
#3002 = AXIS2_PLACEMENT_3D('',#3003,#3004,#3005);
#3003 = CARTESIAN_POINT('',(-8.767233510389,15.524786077513,
    64.653151512146));
#3004 = DIRECTION('',(-0.,-0.,-1.));
#3005 = DIRECTION('',(-1.,0.,0.));
#3006 = ADVANCED_FACE('',(#3007),#3012,.T.);
#3007 = FACE_BOUND('',#3008,.T.);
#3008 = EDGE_LOOP('',(#3009,#3010,#3011));
#3009 = ORIENTED_EDGE('',*,*,#2251,.F.);
#3010 = ORIENTED_EDGE('',*,*,#2996,.F.);
#3011 = ORIENTED_EDGE('',*,*,#2727,.F.);
#3012 = PLANE('',#3013);
#3013 = AXIS2_PLACEMENT_3D('',#3014,#3015,#3016);
#3014 = CARTESIAN_POINT('',(-11.31622221313,18.07377478026,
    64.653151512146));
#3015 = DIRECTION('',(-0.,-0.,-1.));
#3016 = DIRECTION('',(-1.,0.,0.));
#3017 = ADVANCED_FACE('',(#3018),#3035,.T.);
#3018 = FACE_BOUND('',#3019,.T.);
#3019 = EDGE_LOOP('',(#3020,#3021,#3029));
#3020 = ORIENTED_EDGE('',*,*,#2380,.F.);
#3021 = ORIENTED_EDGE('',*,*,#3022,.T.);
#3022 = EDGE_CURVE('',#2381,#3023,#3025,.T.);
#3023 = VERTEX_POINT('',#3024);
#3024 = CARTESIAN_POINT('',(17.517271971703,13.560780489445,
    51.191158294678));
#3025 = LINE('',#3026,#3027);
#3026 = CARTESIAN_POINT('',(10.405271941423,13.560780489445,
    51.191158294678));
#3027 = VECTOR('',#3028,1.);
#3028 = DIRECTION('',(1.,0.,0.));
#3029 = ORIENTED_EDGE('',*,*,#3030,.T.);
#3030 = EDGE_CURVE('',#3023,#2358,#3031,.T.);
#3031 = LINE('',#3032,#3033);
#3032 = CARTESIAN_POINT('',(17.517271971703,13.560780489445,
    51.191158294678));
#3033 = VECTOR('',#3034,1.);
#3034 = DIRECTION('',(-0.334067985515,-0.942548980719,0.));
#3035 = PLANE('',#3036);
#3036 = AXIS2_PLACEMENT_3D('',#3037,#3038,#3039);
#3037 = CARTESIAN_POINT('',(12.489041783715,5.00001038978,
    51.191158294678));
#3038 = DIRECTION('',(-0.,-0.,-1.));
#3039 = DIRECTION('',(-1.,0.,0.));
#3040 = ADVANCED_FACE('',(#3041),#3058,.T.);
#3041 = FACE_BOUND('',#3042,.T.);
#3042 = EDGE_LOOP('',(#3043,#3051,#3052));
#3043 = ORIENTED_EDGE('',*,*,#3044,.T.);
#3044 = EDGE_CURVE('',#3045,#2358,#3047,.T.);
#3045 = VERTEX_POINT('',#3046);
#3046 = CARTESIAN_POINT('',(17.517271971703,-6.50522005558,
    51.191158294678));
#3047 = LINE('',#3048,#3049);
#3048 = CARTESIAN_POINT('',(17.517271971703,-6.50522005558,
    51.191158294678));
#3049 = VECTOR('',#3050,1.);
#3050 = DIRECTION('',(-1.,0.,0.));
#3051 = ORIENTED_EDGE('',*,*,#3030,.F.);
#3052 = ORIENTED_EDGE('',*,*,#3053,.T.);
#3053 = EDGE_CURVE('',#3023,#3045,#3054,.T.);
#3054 = LINE('',#3055,#3056);
#3055 = CARTESIAN_POINT('',(17.517271971703,13.560780489445,
    51.191158294678));
#3056 = VECTOR('',#3057,1.);
#3057 = DIRECTION('',(0.,-1.,0.));
#3058 = PLANE('',#3059);
#3059 = AXIS2_PLACEMENT_3D('',#3060,#3061,#3062);
#3060 = CARTESIAN_POINT('',(15.433502129411,2.055550044085,
    51.191158294678));
#3061 = DIRECTION('',(-0.,-0.,-1.));
#3062 = DIRECTION('',(-1.,0.,0.));
#3063 = ADVANCED_FACE('',(#3064),#3074,.T.);
#3064 = FACE_BOUND('',#3065,.T.);
#3065 = EDGE_LOOP('',(#3066,#3067,#3068));
#3066 = ORIENTED_EDGE('',*,*,#3022,.F.);
#3067 = ORIENTED_EDGE('',*,*,#2463,.F.);
#3068 = ORIENTED_EDGE('',*,*,#3069,.T.);
#3069 = EDGE_CURVE('',#2464,#3023,#3070,.T.);
#3070 = LINE('',#3071,#3072);
#3071 = CARTESIAN_POINT('',(10.405271941423,13.560780489445,
    34.173156356812));
#3072 = VECTOR('',#3073,1.);
#3073 = DIRECTION('',(0.385592968008,0.,0.92266898887));
#3074 = PLANE('',#3075);
#3075 = AXIS2_PLACEMENT_3D('',#3076,#3077,#3078);
#3076 = CARTESIAN_POINT('',(12.539851424714,13.560780489445,
    44.103577857593));
#3077 = DIRECTION('',(-0.,-1.,-0.));
#3078 = DIRECTION('',(0.,0.,-1.));
#3079 = ADVANCED_FACE('',(#3080),#3097,.T.);
#3080 = FACE_BOUND('',#3081,.T.);
#3081 = EDGE_LOOP('',(#3082,#3090,#3091));
#3082 = ORIENTED_EDGE('',*,*,#3083,.T.);
#3083 = EDGE_CURVE('',#3084,#3023,#3086,.T.);
#3084 = VERTEX_POINT('',#3085);
#3085 = CARTESIAN_POINT('',(17.517271971703,13.560780489445,
    34.173156356812));
#3086 = LINE('',#3087,#3088);
#3087 = CARTESIAN_POINT('',(17.517271971703,13.560780489445,
    34.173156356812));
#3088 = VECTOR('',#3089,1.);
#3089 = DIRECTION('',(0.,0.,1.));
#3090 = ORIENTED_EDGE('',*,*,#3069,.F.);
#3091 = ORIENTED_EDGE('',*,*,#3092,.T.);
#3092 = EDGE_CURVE('',#2464,#3084,#3093,.T.);
#3093 = LINE('',#3094,#3095);
#3094 = CARTESIAN_POINT('',(10.405271941423,13.560780489445,
    34.173156356812));
#3095 = VECTOR('',#3096,1.);
#3096 = DIRECTION('',(1.,0.,0.));
#3097 = PLANE('',#3098);
#3098 = AXIS2_PLACEMENT_3D('',#3099,#3100,#3101);
#3099 = CARTESIAN_POINT('',(15.382692488412,13.560780489445,
    41.260736793896));
#3100 = DIRECTION('',(-0.,-1.,-0.));
#3101 = DIRECTION('',(0.,0.,-1.));
#3102 = ADVANCED_FACE('',(#3103),#3113,.T.);
#3103 = FACE_BOUND('',#3104,.T.);
#3104 = EDGE_LOOP('',(#3105,#3106,#3107));
#3105 = ORIENTED_EDGE('',*,*,#2486,.F.);
#3106 = ORIENTED_EDGE('',*,*,#1796,.F.);
#3107 = ORIENTED_EDGE('',*,*,#3108,.T.);
#3108 = EDGE_CURVE('',#1797,#2464,#3109,.T.);
#3109 = LINE('',#3110,#3111);
#3110 = CARTESIAN_POINT('',(17.517271971703,18.767780065536,
    34.173156356812));
#3111 = VECTOR('',#3112,1.);
#3112 = DIRECTION('',(-0.806862844275,-0.590738817522,0.));
#3113 = PLANE('',#3114);
#3114 = AXIS2_PLACEMENT_3D('',#3115,#3116,#3117);
#3115 = CARTESIAN_POINT('',(13.085118391305,17.040433842749,
    34.173156356812));
#3116 = DIRECTION('',(-0.,-0.,-1.));
#3117 = DIRECTION('',(-1.,0.,0.));
#3118 = ADVANCED_FACE('',(#3119),#3129,.T.);
#3119 = FACE_BOUND('',#3120,.T.);
#3120 = EDGE_LOOP('',(#3121,#3122,#3123));
#3121 = ORIENTED_EDGE('',*,*,#3092,.F.);
#3122 = ORIENTED_EDGE('',*,*,#3108,.F.);
#3123 = ORIENTED_EDGE('',*,*,#3124,.T.);
#3124 = EDGE_CURVE('',#1797,#3084,#3125,.T.);
#3125 = LINE('',#3126,#3127);
#3126 = CARTESIAN_POINT('',(17.517271971703,18.767780065536,
    34.173156356812));
#3127 = VECTOR('',#3128,1.);
#3128 = DIRECTION('',(0.,-1.,0.));
#3129 = PLANE('',#3130);
#3130 = AXIS2_PLACEMENT_3D('',#3131,#3132,#3133);
#3131 = CARTESIAN_POINT('',(14.837425521821,15.288126712232,
    34.173156356812));
#3132 = DIRECTION('',(-0.,-0.,-1.));
#3133 = DIRECTION('',(-1.,0.,0.));
#3134 = ADVANCED_FACE('',(#3135),#3159,.T.);
#3135 = FACE_BOUND('',#3136,.T.);
#3136 = EDGE_LOOP('',(#3137,#3145,#3153));
#3137 = ORIENTED_EDGE('',*,*,#3138,.T.);
#3138 = EDGE_CURVE('',#3045,#3139,#3141,.T.);
#3139 = VERTEX_POINT('',#3140);
#3140 = CARTESIAN_POINT('',(17.517271971703,-6.50522005558,
    29.093155145645));
#3141 = LINE('',#3142,#3143);
#3142 = CARTESIAN_POINT('',(17.517271971703,-6.50522005558,
    51.191158294678));
#3143 = VECTOR('',#3144,1.);
#3144 = DIRECTION('',(0.,0.,-1.));
#3145 = ORIENTED_EDGE('',*,*,#3146,.T.);
#3146 = EDGE_CURVE('',#3139,#3147,#3149,.T.);
#3147 = VERTEX_POINT('',#3148);
#3148 = CARTESIAN_POINT('',(13.707272577286,-6.50522005558,
    37.729155993462));
#3149 = LINE('',#3150,#3151);
#3150 = CARTESIAN_POINT('',(17.517271971703,-6.50522005558,
    29.093155145645));
#3151 = VECTOR('',#3152,1.);
#3152 = DIRECTION('',(-0.403640119702,0.,0.9149178399));
#3153 = ORIENTED_EDGE('',*,*,#3154,.T.);
#3154 = EDGE_CURVE('',#3147,#3045,#3155,.T.);
#3155 = LINE('',#3156,#3157);
#3156 = CARTESIAN_POINT('',(13.707272577286,-6.50522005558,
    37.729155993462));
#3157 = VECTOR('',#3158,1.);
#3158 = DIRECTION('',(0.272322382626,0.,0.962206069364));
#3159 = PLANE('',#3160);
#3160 = AXIS2_PLACEMENT_3D('',#3161,#3162,#3163);
#3161 = CARTESIAN_POINT('',(16.536907843461,-6.50522005558,
    40.073573501869));
#3162 = DIRECTION('',(0.,1.,0.));
#3163 = DIRECTION('',(0.,-0.,1.));
#3164 = ADVANCED_FACE('',(#3165),#3182,.T.);
#3165 = FACE_BOUND('',#3166,.T.);
#3166 = EDGE_LOOP('',(#3167,#3175,#3176));
#3167 = ORIENTED_EDGE('',*,*,#3168,.T.);
#3168 = EDGE_CURVE('',#3169,#3045,#3171,.T.);
#3169 = VERTEX_POINT('',#3170);
#3170 = CARTESIAN_POINT('',(13.551875388622,-6.50522005558,
    38.710285544395));
#3171 = LINE('',#3172,#3173);
#3172 = CARTESIAN_POINT('',(13.551875388622,-6.50522005558,
    38.710285544395));
#3173 = VECTOR('',#3174,1.);
#3174 = DIRECTION('',(0.302802131704,0.,0.953053445005));
#3175 = ORIENTED_EDGE('',*,*,#3154,.F.);
#3176 = ORIENTED_EDGE('',*,*,#3177,.T.);
#3177 = EDGE_CURVE('',#3147,#3169,#3178,.T.);
#3178 = LINE('',#3179,#3180);
#3179 = CARTESIAN_POINT('',(13.707272577286,-6.50522005558,
    37.729155993462));
#3180 = VECTOR('',#3181,1.);
#3181 = DIRECTION('',(-0.156435971359,0.,0.987688102016));
#3182 = PLANE('',#3183);
#3183 = AXIS2_PLACEMENT_3D('',#3184,#3185,#3186);
#3184 = CARTESIAN_POINT('',(15.505895165742,-6.50522005558,
    44.468179855275));
#3185 = DIRECTION('',(0.,1.,0.));
#3186 = DIRECTION('',(0.,-0.,1.));
#3187 = ADVANCED_FACE('',(#3188),#3205,.T.);
#3188 = FACE_BOUND('',#3189,.T.);
#3189 = EDGE_LOOP('',(#3190,#3198,#3199));
#3190 = ORIENTED_EDGE('',*,*,#3191,.T.);
#3191 = EDGE_CURVE('',#3192,#3045,#3194,.T.);
#3192 = VERTEX_POINT('',#3193);
#3193 = CARTESIAN_POINT('',(13.100899100304,-6.50522005558,
    39.595372629166));
#3194 = LINE('',#3195,#3196);
#3195 = CARTESIAN_POINT('',(13.100899100304,-6.50522005558,
    39.595372629166));
#3196 = VECTOR('',#3197,1.);
#3197 = DIRECTION('',(0.355920072678,0.,0.934516399998));
#3198 = ORIENTED_EDGE('',*,*,#3168,.F.);
#3199 = ORIENTED_EDGE('',*,*,#3200,.T.);
#3200 = EDGE_CURVE('',#3169,#3192,#3201,.T.);
#3201 = LINE('',#3202,#3203);
#3202 = CARTESIAN_POINT('',(13.551875388622,-6.50522005558,
    38.710285544395));
#3203 = VECTOR('',#3204,1.);
#3204 = DIRECTION('',(-0.453992013114,0.,0.891005753084));
#3205 = PLANE('',#3206);
#3206 = AXIS2_PLACEMENT_3D('',#3207,#3208,#3209);
#3207 = CARTESIAN_POINT('',(15.34619830973,-6.50522005558,44.94060189));
#3208 = DIRECTION('',(0.,1.,0.));
#3209 = DIRECTION('',(0.,-0.,1.));
#3210 = ADVANCED_FACE('',(#3211),#3228,.T.);
#3211 = FACE_BOUND('',#3212,.T.);
#3212 = EDGE_LOOP('',(#3213,#3214,#3222));
#3213 = ORIENTED_EDGE('',*,*,#3146,.F.);
#3214 = ORIENTED_EDGE('',*,*,#3215,.T.);
#3215 = EDGE_CURVE('',#3139,#3216,#3218,.T.);
#3216 = VERTEX_POINT('',#3217);
#3217 = CARTESIAN_POINT('',(13.707272577286,-6.50522005558,
    29.093155145645));
#3218 = LINE('',#3219,#3220);
#3219 = CARTESIAN_POINT('',(17.517271971703,-6.50522005558,
    29.093155145645));
#3220 = VECTOR('',#3221,1.);
#3221 = DIRECTION('',(-1.,0.,0.));
#3222 = ORIENTED_EDGE('',*,*,#3223,.T.);
#3223 = EDGE_CURVE('',#3216,#3147,#3224,.T.);
#3224 = LINE('',#3225,#3226);
#3225 = CARTESIAN_POINT('',(13.707272577286,-6.50522005558,
    29.093155145645));
#3226 = VECTOR('',#3227,1.);
#3227 = DIRECTION('',(0.,0.,1.));
#3228 = PLANE('',#3229);
#3229 = AXIS2_PLACEMENT_3D('',#3230,#3231,#3232);
#3230 = CARTESIAN_POINT('',(14.860547177107,-6.50522005558,
    32.659430472166));
#3231 = DIRECTION('',(0.,1.,0.));
#3232 = DIRECTION('',(0.,-0.,1.));
#3233 = ADVANCED_FACE('',(#3234),#3251,.T.);
#3234 = FACE_BOUND('',#3235,.T.);
#3235 = EDGE_LOOP('',(#3236,#3237,#3245));
#3236 = ORIENTED_EDGE('',*,*,#3191,.F.);
#3237 = ORIENTED_EDGE('',*,*,#3238,.T.);
#3238 = EDGE_CURVE('',#3192,#3239,#3241,.T.);
#3239 = VERTEX_POINT('',#3240);
#3240 = CARTESIAN_POINT('',(12.398489969969,-6.50522005558,
    40.297785544395));
#3241 = LINE('',#3242,#3243);
#3242 = CARTESIAN_POINT('',(13.100899100304,-6.50522005558,
    39.595372629166));
#3243 = VECTOR('',#3244,1.);
#3244 = DIRECTION('',(-0.707104876085,0.,0.707108686283));
#3245 = ORIENTED_EDGE('',*,*,#3246,.T.);
#3246 = EDGE_CURVE('',#3239,#3045,#3247,.T.);
#3247 = LINE('',#3248,#3249);
#3248 = CARTESIAN_POINT('',(12.398489969969,-6.50522005558,
    40.297785544395));
#3249 = VECTOR('',#3250,1.);
#3250 = DIRECTION('',(0.42528606513,0.,0.905058983054));
#3251 = PLANE('',#3252);
#3252 = AXIS2_PLACEMENT_3D('',#3253,#3254,#3255);
#3253 = CARTESIAN_POINT('',(15.042964620061,-6.50522005558,
    45.34674556109));
#3254 = DIRECTION('',(0.,1.,0.));
#3255 = DIRECTION('',(0.,-0.,1.));
#3256 = ADVANCED_FACE('',(#3257),#3274,.T.);
#3257 = FACE_BOUND('',#3258,.T.);
#3258 = EDGE_LOOP('',(#3259,#3267,#3268));
#3259 = ORIENTED_EDGE('',*,*,#3260,.T.);
#3260 = EDGE_CURVE('',#3261,#3045,#3263,.T.);
#3261 = VERTEX_POINT('',#3262);
#3262 = CARTESIAN_POINT('',(11.513401371241,-6.50522005558,
    40.748760318756));
#3263 = LINE('',#3264,#3265);
#3264 = CARTESIAN_POINT('',(11.513401371241,-6.50522005558,
    40.748760318756));
#3265 = VECTOR('',#3266,1.);
#3266 = DIRECTION('',(0.498439414341,0.,0.866924535488));
#3267 = ORIENTED_EDGE('',*,*,#3246,.F.);
#3268 = ORIENTED_EDGE('',*,*,#3269,.T.);
#3269 = EDGE_CURVE('',#3239,#3261,#3270,.T.);
#3270 = LINE('',#3271,#3272);
#3271 = CARTESIAN_POINT('',(12.398489969969,-6.50522005558,
    40.297785544395));
#3272 = VECTOR('',#3273,1.);
#3273 = DIRECTION('',(-0.891006683713,0.,0.453990186654));
#3274 = PLANE('',#3275);
#3275 = AXIS2_PLACEMENT_3D('',#3276,#3277,#3278);
#3276 = CARTESIAN_POINT('',(14.626369012376,-6.50522005558,
    45.645948720336));
#3277 = DIRECTION('',(0.,1.,0.));
#3278 = DIRECTION('',(0.,-0.,1.));
#3279 = ADVANCED_FACE('',(#3280),#3290,.T.);
#3280 = FACE_BOUND('',#3281,.T.);
#3281 = EDGE_LOOP('',(#3282,#3283,#3284));
#3282 = ORIENTED_EDGE('',*,*,#3044,.F.);
#3283 = ORIENTED_EDGE('',*,*,#3260,.F.);
#3284 = ORIENTED_EDGE('',*,*,#3285,.T.);
#3285 = EDGE_CURVE('',#3261,#2358,#3286,.T.);
#3286 = LINE('',#3287,#3288);
#3287 = CARTESIAN_POINT('',(11.513401371241,-6.50522005558,
    40.748760318756));
#3288 = VECTOR('',#3289,1.);
#3289 = DIRECTION('',(-0.105525786864,0.,0.99441656679));
#3290 = PLANE('',#3291);
#3291 = AXIS2_PLACEMENT_3D('',#3292,#3293,#3294);
#3292 = CARTESIAN_POINT('',(13.12341341046,-6.50522005558,
    47.221989396741));
#3293 = DIRECTION('',(0.,1.,0.));
#3294 = DIRECTION('',(0.,-0.,1.));
#3295 = ADVANCED_FACE('',(#3296),#3313,.T.);
#3296 = FACE_BOUND('',#3297,.T.);
#3297 = EDGE_LOOP('',(#3298,#3306,#3307));
#3298 = ORIENTED_EDGE('',*,*,#3299,.T.);
#3299 = EDGE_CURVE('',#3300,#2358,#3302,.T.);
#3300 = VERTEX_POINT('',#3301);
#3301 = CARTESIAN_POINT('',(10.532271063328,-6.50522005558,
    40.904155993462));
#3302 = LINE('',#3303,#3304);
#3303 = CARTESIAN_POINT('',(10.532271063328,-6.50522005558,
    40.904155993462));
#3304 = VECTOR('',#3305,1.);
#3305 = DIRECTION('',(-1.234465018035E-02,0.,0.999923801903));
#3306 = ORIENTED_EDGE('',*,*,#3285,.F.);
#3307 = ORIENTED_EDGE('',*,*,#3308,.T.);
#3308 = EDGE_CURVE('',#3261,#3300,#3309,.T.);
#3309 = LINE('',#3310,#3311);
#3310 = CARTESIAN_POINT('',(11.513401371241,-6.50522005558,
    40.748760318756));
#3311 = VECTOR('',#3312,1.);
#3312 = DIRECTION('',(-0.987688356149,0.,0.156434366837));
#3313 = PLANE('',#3314);
#3314 = AXIS2_PLACEMENT_3D('',#3315,#3316,#3317);
#3315 = CARTESIAN_POINT('',(10.730537134832,-6.50522005558,
    45.77209061904));
#3316 = DIRECTION('',(0.,1.,0.));
#3317 = DIRECTION('',(0.,-0.,1.));
#3318 = ADVANCED_FACE('',(#3319),#3336,.T.);
#3319 = FACE_BOUND('',#3320,.T.);
#3320 = EDGE_LOOP('',(#3321,#3329,#3330));
#3321 = ORIENTED_EDGE('',*,*,#3322,.T.);
#3322 = EDGE_CURVE('',#3323,#2358,#3325,.T.);
#3323 = VERTEX_POINT('',#3324);
#3324 = CARTESIAN_POINT('',(-8.517728179693,-6.50522005558,
    40.904155993462));
#3325 = LINE('',#3326,#3327);
#3326 = CARTESIAN_POINT('',(-8.517728179693,-6.50522005558,
    40.904155993462));
#3327 = VECTOR('',#3328,1.);
#3328 = DIRECTION('',(0.878570680371,0.,0.477612352847));
#3329 = ORIENTED_EDGE('',*,*,#3299,.F.);
#3330 = ORIENTED_EDGE('',*,*,#3331,.T.);
#3331 = EDGE_CURVE('',#3300,#3323,#3332,.T.);
#3332 = LINE('',#3333,#3334);
#3333 = CARTESIAN_POINT('',(10.532271063328,-6.50522005558,
    40.904155993462));
#3334 = VECTOR('',#3335,1.);
#3335 = DIRECTION('',(-1.,0.,0.));
#3336 = PLANE('',#3337);
#3337 = AXIS2_PLACEMENT_3D('',#3338,#3339,#3340);
#3338 = CARTESIAN_POINT('',(2.893620128382,-6.50522005558,
    44.121732339267));
#3339 = DIRECTION('',(0.,1.,0.));
#3340 = DIRECTION('',(0.,-0.,1.));
#3341 = ADVANCED_FACE('',(#3342),#3364,.T.);
#3342 = FACE_BOUND('',#3343,.T.);
#3343 = EDGE_LOOP('',(#3344,#3352,#3358));
#3344 = ORIENTED_EDGE('',*,*,#3345,.T.);
#3345 = EDGE_CURVE('',#3323,#3346,#3348,.T.);
#3346 = VERTEX_POINT('',#3347);
#3347 = CARTESIAN_POINT('',(-9.498857730627,-6.50522005558,
    40.748760318756));
#3348 = LINE('',#3349,#3350);
#3349 = CARTESIAN_POINT('',(-8.517728179693,-6.50522005558,
    40.904155993462));
#3350 = VECTOR('',#3351,1.);
#3351 = DIRECTION('',(-0.987688337501,0.,-0.156434484578));
#3352 = ORIENTED_EDGE('',*,*,#3353,.T.);
#3353 = EDGE_CURVE('',#3346,#2636,#3354,.T.);
#3354 = LINE('',#3355,#3356);
#3355 = CARTESIAN_POINT('',(-9.498857730627,-6.50522005558,
    40.748760318756));
#3356 = VECTOR('',#3357,1.);
#3357 = DIRECTION('',(-0.895321779324,0.,0.445419927111));
#3358 = ORIENTED_EDGE('',*,*,#3359,.T.);
#3359 = EDGE_CURVE('',#2636,#3323,#3360,.T.);
#3360 = LINE('',#3361,#3362);
#3361 = CARTESIAN_POINT('',(-30.48872766494,-6.50522005558,
    51.191158294678));
#3362 = VECTOR('',#3363,1.);
#3363 = DIRECTION('',(0.905647415633,0.,-0.424031553729));
#3364 = PLANE('',#3365);
#3365 = AXIS2_PLACEMENT_3D('',#3366,#3367,#3368);
#3366 = CARTESIAN_POINT('',(-19.52531391811,-6.50522005558,
    45.903746249582));
#3367 = DIRECTION('',(0.,1.,0.));
#3368 = DIRECTION('',(0.,-0.,1.));
#3369 = ADVANCED_FACE('',(#3370),#3380,.T.);
#3370 = FACE_BOUND('',#3371,.T.);
#3371 = EDGE_LOOP('',(#3372,#3378,#3379));
#3372 = ORIENTED_EDGE('',*,*,#3373,.T.);
#3373 = EDGE_CURVE('',#2614,#3323,#3374,.T.);
#3374 = LINE('',#3375,#3376);
#3375 = CARTESIAN_POINT('',(-30.48872766494,-6.50522005558,
    69.606155872345));
#3376 = VECTOR('',#3377,1.);
#3377 = DIRECTION('',(0.607841271516,0.,-0.79405855492));
#3378 = ORIENTED_EDGE('',*,*,#3359,.F.);
#3379 = ORIENTED_EDGE('',*,*,#2644,.F.);
#3380 = PLANE('',#3381);
#3381 = AXIS2_PLACEMENT_3D('',#3382,#3383,#3384);
#3382 = CARTESIAN_POINT('',(-22.06977881698,-6.50522005558,
    53.622895623249));
#3383 = DIRECTION('',(0.,1.,0.));
#3384 = DIRECTION('',(0.,-0.,1.));
#3385 = ADVANCED_FACE('',(#3386),#3396,.T.);
#3386 = FACE_BOUND('',#3387,.T.);
#3387 = EDGE_LOOP('',(#3388,#3389,#3390));
#3388 = ORIENTED_EDGE('',*,*,#3322,.F.);
#3389 = ORIENTED_EDGE('',*,*,#3373,.F.);
#3390 = ORIENTED_EDGE('',*,*,#3391,.T.);
#3391 = EDGE_CURVE('',#2614,#2358,#3392,.T.);
#3392 = LINE('',#3393,#3394);
#3393 = CARTESIAN_POINT('',(-30.48872766494,-6.50522005558,
    69.606155872345));
#3394 = VECTOR('',#3395,1.);
#3395 = DIRECTION('',(0.911815524586,0.,-0.410600108528));
#3396 = PLANE('',#3397);
#3397 = AXIS2_PLACEMENT_3D('',#3398,#3399,#3400);
#3398 = CARTESIAN_POINT('',(-11.06953898572,-6.50522005558,
    55.570819906385));
#3399 = DIRECTION('',(0.,1.,0.));
#3400 = DIRECTION('',(0.,-0.,1.));
#3401 = ADVANCED_FACE('',(#3402),#3407,.T.);
#3402 = FACE_BOUND('',#3403,.T.);
#3403 = EDGE_LOOP('',(#3404,#3405,#3406));
#3404 = ORIENTED_EDGE('',*,*,#2357,.F.);
#3405 = ORIENTED_EDGE('',*,*,#3391,.F.);
#3406 = ORIENTED_EDGE('',*,*,#2914,.F.);
#3407 = PLANE('',#3408);
#3408 = AXIS2_PLACEMENT_3D('',#3409,#3410,#3411);
#3409 = CARTESIAN_POINT('',(-6.426724492616,-6.50522005558,
    64.013660452658));
#3410 = DIRECTION('',(0.,1.,0.));
#3411 = DIRECTION('',(0.,-0.,1.));
#3412 = ADVANCED_FACE('',(#3413),#3430,.T.);
#3413 = FACE_BOUND('',#3414,.T.);
#3414 = EDGE_LOOP('',(#3415,#3416,#3424));
#3415 = ORIENTED_EDGE('',*,*,#3353,.F.);
#3416 = ORIENTED_EDGE('',*,*,#3417,.T.);
#3417 = EDGE_CURVE('',#3346,#3418,#3420,.T.);
#3418 = VERTEX_POINT('',#3419);
#3419 = CARTESIAN_POINT('',(-10.38394708633,-6.50522005558,
    40.297785544395));
#3420 = LINE('',#3421,#3422);
#3421 = CARTESIAN_POINT('',(-9.498857730627,-6.50522005558,
    40.748760318756));
#3422 = VECTOR('',#3423,1.);
#3423 = DIRECTION('',(-0.891006840775,0.,-0.453989878402));
#3424 = ORIENTED_EDGE('',*,*,#3425,.T.);
#3425 = EDGE_CURVE('',#3418,#2636,#3426,.T.);
#3426 = LINE('',#3427,#3428);
#3427 = CARTESIAN_POINT('',(-10.38394708633,-6.50522005558,
    40.297785544395));
#3428 = VECTOR('',#3429,1.);
#3429 = DIRECTION('',(-0.879231827064,0.,0.476394158527));
#3430 = PLANE('',#3431);
#3431 = AXIS2_PLACEMENT_3D('',#3432,#3433,#3434);
#3432 = CARTESIAN_POINT('',(-19.99661978524,-6.50522005558,
    45.746581474458));
#3433 = DIRECTION('',(0.,1.,0.));
#3434 = DIRECTION('',(0.,-0.,1.));
#3435 = ADVANCED_FACE('',(#3436),#3453,.T.);
#3436 = FACE_BOUND('',#3437,.T.);
#3437 = EDGE_LOOP('',(#3438,#3446,#3447));
#3438 = ORIENTED_EDGE('',*,*,#3439,.T.);
#3439 = EDGE_CURVE('',#3440,#2636,#3442,.T.);
#3440 = VERTEX_POINT('',#3441);
#3441 = CARTESIAN_POINT('',(-11.08635773062,-6.50522005558,
    39.595372629166));
#3442 = LINE('',#3443,#3444);
#3443 = CARTESIAN_POINT('',(-11.08635773062,-6.50522005558,
    39.595372629166));
#3444 = VECTOR('',#3445,1.);
#3445 = DIRECTION('',(-0.858382376061,0.,0.513010425301));
#3446 = ORIENTED_EDGE('',*,*,#3425,.F.);
#3447 = ORIENTED_EDGE('',*,*,#3448,.T.);
#3448 = EDGE_CURVE('',#3418,#3440,#3449,.T.);
#3449 = LINE('',#3450,#3451);
#3450 = CARTESIAN_POINT('',(-10.38394708633,-6.50522005558,
    40.297785544395));
#3451 = VECTOR('',#3452,1.);
#3452 = DIRECTION('',(-0.707105638128,0.,-0.707107924244));
#3453 = PLANE('',#3454);
#3454 = AXIS2_PLACEMENT_3D('',#3455,#3456,#3457);
#3455 = CARTESIAN_POINT('',(-20.39978505192,-6.50522005558,
    45.449660162687));
#3456 = DIRECTION('',(0.,1.,0.));
#3457 = DIRECTION('',(0.,-0.,1.));
#3458 = ADVANCED_FACE('',(#3459),#3476,.T.);
#3459 = FACE_BOUND('',#3460,.T.);
#3460 = EDGE_LOOP('',(#3461,#3469,#3470));
#3461 = ORIENTED_EDGE('',*,*,#3462,.T.);
#3462 = EDGE_CURVE('',#3463,#2636,#3465,.T.);
#3463 = VERTEX_POINT('',#3464);
#3464 = CARTESIAN_POINT('',(-11.53733326196,-6.50522005558,
    38.710285544395));
#3465 = LINE('',#3466,#3467);
#3466 = CARTESIAN_POINT('',(-11.53733326196,-6.50522005558,
    38.710285544395));
#3467 = VECTOR('',#3468,1.);
#3468 = DIRECTION('',(-0.835156974519,0.,0.550011661614));
#3469 = ORIENTED_EDGE('',*,*,#3439,.F.);
#3470 = ORIENTED_EDGE('',*,*,#3471,.T.);
#3471 = EDGE_CURVE('',#3440,#3463,#3472,.T.);
#3472 = LINE('',#3473,#3474);
#3473 = CARTESIAN_POINT('',(-11.08635773062,-6.50522005558,
    39.595372629166));
#3474 = VECTOR('',#3475,1.);
#3475 = DIRECTION('',(-0.453991408136,0.,-0.891006061337));
#3476 = PLANE('',#3477);
#3477 = AXIS2_PLACEMENT_3D('',#3478,#3479,#3480);
#3478 = CARTESIAN_POINT('',(-20.69473450752,-6.50522005558,
    45.042398912599));
#3479 = DIRECTION('',(0.,1.,0.));
#3480 = DIRECTION('',(0.,-0.,1.));
#3481 = ADVANCED_FACE('',(#3482),#3499,.T.);
#3482 = FACE_BOUND('',#3483,.T.);
#3483 = EDGE_LOOP('',(#3484,#3485,#3493));
#3484 = ORIENTED_EDGE('',*,*,#3462,.F.);
#3485 = ORIENTED_EDGE('',*,*,#3486,.T.);
#3486 = EDGE_CURVE('',#3463,#3487,#3489,.T.);
#3487 = VERTEX_POINT('',#3488);
#3488 = CARTESIAN_POINT('',(-11.69272817969,-6.50522005558,
    37.729155993462));
#3489 = LINE('',#3490,#3491);
#3490 = CARTESIAN_POINT('',(-11.53733326196,-6.50522005558,
    38.710285544395));
#3491 = VECTOR('',#3492,1.);
#3492 = DIRECTION('',(-0.156433741187,0.,-0.987688455242));
#3493 = ORIENTED_EDGE('',*,*,#3494,.T.);
#3494 = EDGE_CURVE('',#3487,#2636,#3495,.T.);
#3495 = LINE('',#3496,#3497);
#3496 = CARTESIAN_POINT('',(-11.69272817969,-6.50522005558,
    37.729155993462));
#3497 = VECTOR('',#3498,1.);
#3498 = DIRECTION('',(-0.812990431425,0.,0.582277046097));
#3499 = PLANE('',#3500);
#3500 = AXIS2_PLACEMENT_3D('',#3501,#3502,#3503);
#3501 = CARTESIAN_POINT('',(-20.85195226773,-6.50522005558,
    44.565549985328));
#3502 = DIRECTION('',(0.,1.,0.));
#3503 = DIRECTION('',(0.,-0.,1.));
#3504 = ADVANCED_FACE('',(#3505),#3522,.T.);
#3505 = FACE_BOUND('',#3506,.T.);
#3506 = EDGE_LOOP('',(#3507,#3515,#3516));
#3507 = ORIENTED_EDGE('',*,*,#3508,.T.);
#3508 = EDGE_CURVE('',#3509,#2636,#3511,.T.);
#3509 = VERTEX_POINT('',#3510);
#3510 = CARTESIAN_POINT('',(-36.96572754383,-6.50522005558,
    46.111154055595));
#3511 = LINE('',#3512,#3513);
#3512 = CARTESIAN_POINT('',(-36.96572754383,-6.50522005558,
    46.111154055595));
#3513 = VECTOR('',#3514,1.);
#3514 = DIRECTION('',(0.786853161678,0.,0.617140261171));
#3515 = ORIENTED_EDGE('',*,*,#3494,.F.);
#3516 = ORIENTED_EDGE('',*,*,#3517,.T.);
#3517 = EDGE_CURVE('',#3487,#3509,#3518,.T.);
#3518 = LINE('',#3519,#3520);
#3519 = CARTESIAN_POINT('',(-11.69272817969,-6.50522005558,
    37.729155993462));
#3520 = VECTOR('',#3521,1.);
#3521 = DIRECTION('',(-0.949159202739,0.,0.314796454643));
#3522 = PLANE('',#3523);
#3523 = AXIS2_PLACEMENT_3D('',#3524,#3525,#3526);
#3524 = CARTESIAN_POINT('',(-24.37212501393,-6.50522005558,
    43.888669228577));
#3525 = DIRECTION('',(0.,1.,0.));
#3526 = DIRECTION('',(0.,-0.,1.));
#3527 = ADVANCED_FACE('',(#3528),#3545,.T.);
#3528 = FACE_BOUND('',#3529,.T.);
#3529 = EDGE_LOOP('',(#3530,#3538,#3539));
#3530 = ORIENTED_EDGE('',*,*,#3531,.T.);
#3531 = EDGE_CURVE('',#3532,#2636,#3534,.T.);
#3532 = VERTEX_POINT('',#3533);
#3533 = CARTESIAN_POINT('',(-36.96572754383,-6.50522005558,
    51.191158294678));
#3534 = LINE('',#3535,#3536);
#3535 = CARTESIAN_POINT('',(-36.96572754383,-6.50522005558,
    51.191158294678));
#3536 = VECTOR('',#3537,1.);
#3537 = DIRECTION('',(1.,0.,0.));
#3538 = ORIENTED_EDGE('',*,*,#3508,.F.);
#3539 = ORIENTED_EDGE('',*,*,#3540,.T.);
#3540 = EDGE_CURVE('',#3509,#3532,#3541,.T.);
#3541 = LINE('',#3542,#3543);
#3542 = CARTESIAN_POINT('',(-36.96572754383,-6.50522005558,
    46.111154055595));
#3543 = VECTOR('',#3544,1.);
#3544 = DIRECTION('',(0.,0.,1.));
#3545 = PLANE('',#3546);
#3546 = AXIS2_PLACEMENT_3D('',#3547,#3548,#3549);
#3547 = CARTESIAN_POINT('',(-34.55859788994,-6.50522005558,
    49.482526460693));
#3548 = DIRECTION('',(0.,1.,0.));
#3549 = DIRECTION('',(0.,-0.,1.));
#3550 = ADVANCED_FACE('',(#3551),#3575,.T.);
#3551 = FACE_BOUND('',#3552,.T.);
#3552 = EDGE_LOOP('',(#3553,#3561,#3569));
#3553 = ORIENTED_EDGE('',*,*,#3554,.T.);
#3554 = EDGE_CURVE('',#3487,#3555,#3557,.T.);
#3555 = VERTEX_POINT('',#3556);
#3556 = CARTESIAN_POINT('',(-11.69272817969,-6.50522005558,
    20.761954915524));
#3557 = LINE('',#3558,#3559);
#3558 = CARTESIAN_POINT('',(-11.69272817969,-6.50522005558,
    37.729155993462));
#3559 = VECTOR('',#3560,1.);
#3560 = DIRECTION('',(0.,0.,-1.));
#3561 = ORIENTED_EDGE('',*,*,#3562,.T.);
#3562 = EDGE_CURVE('',#3555,#3563,#3565,.T.);
#3563 = VERTEX_POINT('',#3564);
#3564 = CARTESIAN_POINT('',(-24.66127177476,-6.50522005558,
    20.761954915524));
#3565 = LINE('',#3566,#3567);
#3566 = CARTESIAN_POINT('',(-11.69272817969,-6.50522005558,
    20.761954915524));
#3567 = VECTOR('',#3568,1.);
#3568 = DIRECTION('',(-1.,0.,0.));
#3569 = ORIENTED_EDGE('',*,*,#3570,.T.);
#3570 = EDGE_CURVE('',#3563,#3487,#3571,.T.);
#3571 = LINE('',#3572,#3573);
#3572 = CARTESIAN_POINT('',(-24.66127177476,-6.50522005558,
    20.761954915524));
#3573 = VECTOR('',#3574,1.);
#3574 = DIRECTION('',(0.607261730428,0.,0.794501850695));
#3575 = PLANE('',#3576);
#3576 = AXIS2_PLACEMENT_3D('',#3577,#3578,#3579);
#3577 = CARTESIAN_POINT('',(-16.03200702953,-6.50522005558,
    27.100562506792));
#3578 = DIRECTION('',(0.,1.,0.));
#3579 = DIRECTION('',(0.,-0.,1.));
#3580 = ADVANCED_FACE('',(#3581),#3591,.T.);
#3581 = FACE_BOUND('',#3582,.T.);
#3582 = EDGE_LOOP('',(#3583,#3584,#3585));
#3583 = ORIENTED_EDGE('',*,*,#3517,.F.);
#3584 = ORIENTED_EDGE('',*,*,#3570,.F.);
#3585 = ORIENTED_EDGE('',*,*,#3586,.T.);
#3586 = EDGE_CURVE('',#3563,#3509,#3587,.T.);
#3587 = LINE('',#3588,#3589);
#3588 = CARTESIAN_POINT('',(-24.66127177476,-6.50522005558,
    20.761954915524));
#3589 = VECTOR('',#3590,1.);
#3590 = DIRECTION('',(-0.436673874836,0.,0.899619879191));
#3591 = PLANE('',#3592);
#3592 = AXIS2_PLACEMENT_3D('',#3593,#3594,#3595);
#3593 = CARTESIAN_POINT('',(-25.00315148496,-6.50522005558,
    35.227365257103));
#3594 = DIRECTION('',(0.,1.,0.));
#3595 = DIRECTION('',(0.,-0.,1.));
#3596 = ADVANCED_FACE('',(#3597),#3614,.T.);
#3597 = FACE_BOUND('',#3598,.T.);
#3598 = EDGE_LOOP('',(#3599,#3607,#3608));
#3599 = ORIENTED_EDGE('',*,*,#3600,.T.);
#3600 = EDGE_CURVE('',#3601,#3323,#3603,.T.);
#3601 = VERTEX_POINT('',#3602);
#3602 = CARTESIAN_POINT('',(-8.517728179693,-12.22021990418,
    40.904155993462));
#3603 = LINE('',#3604,#3605);
#3604 = CARTESIAN_POINT('',(-8.517728179693,-12.22021990418,
    40.904155993462));
#3605 = VECTOR('',#3606,1.);
#3606 = DIRECTION('',(0.,1.,0.));
#3607 = ORIENTED_EDGE('',*,*,#3331,.F.);
#3608 = ORIENTED_EDGE('',*,*,#3609,.T.);
#3609 = EDGE_CURVE('',#3300,#3601,#3610,.T.);
#3610 = LINE('',#3611,#3612);
#3611 = CARTESIAN_POINT('',(10.532271063328,-6.50522005558,
    40.904155993462));
#3612 = VECTOR('',#3613,1.);
#3613 = DIRECTION('',(-0.957826284174,-0.287347889058,0.));
#3614 = PLANE('',#3615);
#3615 = AXIS2_PLACEMENT_3D('',#3616,#3617,#3618);
#3616 = CARTESIAN_POINT('',(-0.21178254836,-8.143665989705,
    40.904155993462));
#3617 = DIRECTION('',(-0.,-0.,-1.));
#3618 = DIRECTION('',(-1.,0.,0.));
#3619 = ADVANCED_FACE('',(#3620),#3637,.T.);
#3620 = FACE_BOUND('',#3621,.T.);
#3621 = EDGE_LOOP('',(#3622,#3630,#3631));
#3622 = ORIENTED_EDGE('',*,*,#3623,.T.);
#3623 = EDGE_CURVE('',#3624,#3601,#3626,.T.);
#3624 = VERTEX_POINT('',#3625);
#3625 = CARTESIAN_POINT('',(10.532271063328,-12.22021990418,
    40.904155993462));
#3626 = LINE('',#3627,#3628);
#3627 = CARTESIAN_POINT('',(10.532271063328,-12.22021990418,
    40.904155993462));
#3628 = VECTOR('',#3629,1.);
#3629 = DIRECTION('',(-1.,0.,0.));
#3630 = ORIENTED_EDGE('',*,*,#3609,.F.);
#3631 = ORIENTED_EDGE('',*,*,#3632,.T.);
#3632 = EDGE_CURVE('',#3300,#3624,#3633,.T.);
#3633 = LINE('',#3634,#3635);
#3634 = CARTESIAN_POINT('',(10.532271063328,-6.50522005558,
    40.904155993462));
#3635 = VECTOR('',#3636,1.);
#3636 = DIRECTION('',(0.,-1.,0.));
#3637 = PLANE('',#3638);
#3638 = AXIS2_PLACEMENT_3D('',#3639,#3640,#3641);
#3639 = CARTESIAN_POINT('',(2.226325431994,-10.58177397005,
    40.904155993462));
#3640 = DIRECTION('',(-0.,-0.,-1.));
#3641 = DIRECTION('',(-1.,0.,0.));
#3642 = ADVANCED_FACE('',(#3643),#3660,.T.);
#3643 = FACE_BOUND('',#3644,.T.);
#3644 = EDGE_LOOP('',(#3645,#3653,#3654));
#3645 = ORIENTED_EDGE('',*,*,#3646,.T.);
#3646 = EDGE_CURVE('',#3647,#3624,#3649,.T.);
#3647 = VERTEX_POINT('',#3648);
#3648 = CARTESIAN_POINT('',(11.513401371241,-12.22021990418,
    40.748760318756));
#3649 = LINE('',#3650,#3651);
#3650 = CARTESIAN_POINT('',(11.513401371241,-12.22021990418,
    40.748760318756));
#3651 = VECTOR('',#3652,1.);
#3652 = DIRECTION('',(-0.987688356149,0.,0.156434366837));
#3653 = ORIENTED_EDGE('',*,*,#3632,.F.);
#3654 = ORIENTED_EDGE('',*,*,#3655,.T.);
#3655 = EDGE_CURVE('',#3300,#3647,#3656,.T.);
#3656 = LINE('',#3657,#3658);
#3657 = CARTESIAN_POINT('',(10.532271063328,-6.50522005558,
    40.904155993462));
#3658 = VECTOR('',#3659,1.);
#3659 = DIRECTION('',(0.169140318053,-0.985227838007,-2.678917737211E-02
    ));
#3660 = PLANE('',#3661);
#3661 = AXIS2_PLACEMENT_3D('',#3662,#3663,#3664);
#3662 = CARTESIAN_POINT('',(10.798712075851,-9.589637853357,
    40.86195590997));
#3663 = DIRECTION('',(-0.156434366837,-0.,-0.987688356149));
#3664 = DIRECTION('',(-0.987688356149,0.,0.156434366837));
#3665 = ADVANCED_FACE('',(#3666),#3676,.T.);
#3666 = FACE_BOUND('',#3667,.T.);
#3667 = EDGE_LOOP('',(#3668,#3674,#3675));
#3668 = ORIENTED_EDGE('',*,*,#3669,.T.);
#3669 = EDGE_CURVE('',#3261,#3647,#3670,.T.);
#3670 = LINE('',#3671,#3672);
#3671 = CARTESIAN_POINT('',(11.513401371241,-6.50522005558,
    40.748760318756));
#3672 = VECTOR('',#3673,1.);
#3673 = DIRECTION('',(0.,-1.,0.));
#3674 = ORIENTED_EDGE('',*,*,#3655,.F.);
#3675 = ORIENTED_EDGE('',*,*,#3308,.F.);
#3676 = PLANE('',#3677);
#3677 = AXIS2_PLACEMENT_3D('',#3678,#3679,#3680);
#3678 = CARTESIAN_POINT('',(11.246960358717,-9.135802106407,
    40.790960402248));
#3679 = DIRECTION('',(-0.156434366837,-0.,-0.987688356149));
#3680 = DIRECTION('',(-0.987688356149,0.,0.156434366837));
#3681 = ADVANCED_FACE('',(#3682),#3699,.T.);
#3682 = FACE_BOUND('',#3683,.T.);
#3683 = EDGE_LOOP('',(#3684,#3692,#3693));
#3684 = ORIENTED_EDGE('',*,*,#3685,.T.);
#3685 = EDGE_CURVE('',#3686,#3647,#3688,.T.);
#3686 = VERTEX_POINT('',#3687);
#3687 = CARTESIAN_POINT('',(12.398489969969,-12.22021990418,
    40.297785544395));
#3688 = LINE('',#3689,#3690);
#3689 = CARTESIAN_POINT('',(12.398489969969,-12.22021990418,
    40.297785544395));
#3690 = VECTOR('',#3691,1.);
#3691 = DIRECTION('',(-0.891006683713,0.,0.453990186654));
#3692 = ORIENTED_EDGE('',*,*,#3669,.F.);
#3693 = ORIENTED_EDGE('',*,*,#3694,.T.);
#3694 = EDGE_CURVE('',#3261,#3686,#3695,.T.);
#3695 = LINE('',#3696,#3697);
#3696 = CARTESIAN_POINT('',(11.513401371241,-6.50522005558,
    40.748760318756));
#3697 = VECTOR('',#3698,1.);
#3698 = DIRECTION('',(0.152583378298,-0.985227902748,-7.774504687767E-02
    ));
#3699 = PLANE('',#3700);
#3700 = AXIS2_PLACEMENT_3D('',#3701,#3702,#3703);
#3701 = CARTESIAN_POINT('',(11.753760739587,-9.58963739219,
    40.626291209944));
#3702 = DIRECTION('',(-0.453990186654,-0.,-0.891006683713));
#3703 = DIRECTION('',(-0.891006683713,0.,0.453990186654));
#3704 = ADVANCED_FACE('',(#3705),#3715,.T.);
#3705 = FACE_BOUND('',#3706,.T.);
#3706 = EDGE_LOOP('',(#3707,#3713,#3714));
#3707 = ORIENTED_EDGE('',*,*,#3708,.T.);
#3708 = EDGE_CURVE('',#3239,#3686,#3709,.T.);
#3709 = LINE('',#3710,#3711);
#3710 = CARTESIAN_POINT('',(12.398489969969,-6.50522005558,
    40.297785544395));
#3711 = VECTOR('',#3712,1.);
#3712 = DIRECTION('',(0.,-1.,0.));
#3713 = ORIENTED_EDGE('',*,*,#3694,.F.);
#3714 = ORIENTED_EDGE('',*,*,#3269,.F.);
#3715 = PLANE('',#3716);
#3716 = AXIS2_PLACEMENT_3D('',#3717,#3718,#3719);
#3717 = CARTESIAN_POINT('',(12.158130601622,-9.135802567574,
    40.420254653207));
#3718 = DIRECTION('',(-0.453990186654,-0.,-0.891006683713));
#3719 = DIRECTION('',(-0.891006683713,0.,0.453990186654));
#3720 = ADVANCED_FACE('',(#3721),#3738,.T.);
#3721 = FACE_BOUND('',#3722,.T.);
#3722 = EDGE_LOOP('',(#3723,#3731,#3732));
#3723 = ORIENTED_EDGE('',*,*,#3724,.T.);
#3724 = EDGE_CURVE('',#3725,#3686,#3727,.T.);
#3725 = VERTEX_POINT('',#3726);
#3726 = CARTESIAN_POINT('',(13.100899100304,-12.22021990418,
    39.595372629166));
#3727 = LINE('',#3728,#3729);
#3728 = CARTESIAN_POINT('',(13.100899100304,-12.22021990418,
    39.595372629166));
#3729 = VECTOR('',#3730,1.);
#3730 = DIRECTION('',(-0.707104876085,0.,0.707108686283));
#3731 = ORIENTED_EDGE('',*,*,#3708,.F.);
#3732 = ORIENTED_EDGE('',*,*,#3733,.T.);
#3733 = EDGE_CURVE('',#3239,#3725,#3734,.T.);
#3734 = LINE('',#3735,#3736);
#3735 = CARTESIAN_POINT('',(12.398489969969,-6.50522005558,
    40.297785544395));
#3736 = VECTOR('',#3737,1.);
#3737 = DIRECTION('',(0.121090650542,-0.98522786739,-0.121091303033));
#3738 = PLANE('',#3739);
#3739 = AXIS2_PLACEMENT_3D('',#3740,#3741,#3742);
#3740 = CARTESIAN_POINT('',(12.589239948328,-9.589637644058,
    40.10703453819));
#3741 = DIRECTION('',(-0.707108686283,-0.,-0.707104876085));
#3742 = DIRECTION('',(0.707104876085,0.,-0.707108686283));
#3743 = ADVANCED_FACE('',(#3744),#3754,.T.);
#3744 = FACE_BOUND('',#3745,.T.);
#3745 = EDGE_LOOP('',(#3746,#3752,#3753));
#3746 = ORIENTED_EDGE('',*,*,#3747,.T.);
#3747 = EDGE_CURVE('',#3192,#3725,#3748,.T.);
#3748 = LINE('',#3749,#3750);
#3749 = CARTESIAN_POINT('',(13.100899100304,-6.50522005558,
    39.595372629166));
#3750 = VECTOR('',#3751,1.);
#3751 = DIRECTION('',(0.,-1.,0.));
#3752 = ORIENTED_EDGE('',*,*,#3733,.F.);
#3753 = ORIENTED_EDGE('',*,*,#3238,.F.);
#3754 = PLANE('',#3755);
#3755 = AXIS2_PLACEMENT_3D('',#3756,#3757,#3758);
#3756 = CARTESIAN_POINT('',(12.910149121945,-9.135802315706,
    39.786123635371));
#3757 = DIRECTION('',(-0.707108686283,-0.,-0.707104876085));
#3758 = DIRECTION('',(0.707104876085,0.,-0.707108686283));
#3759 = ADVANCED_FACE('',(#3760),#3777,.T.);
#3760 = FACE_BOUND('',#3761,.T.);
#3761 = EDGE_LOOP('',(#3762,#3770,#3771));
#3762 = ORIENTED_EDGE('',*,*,#3763,.T.);
#3763 = EDGE_CURVE('',#3764,#3725,#3766,.T.);
#3764 = VERTEX_POINT('',#3765);
#3765 = CARTESIAN_POINT('',(13.551875388622,-12.22021990418,
    38.710285544395));
#3766 = LINE('',#3767,#3768);
#3767 = CARTESIAN_POINT('',(13.551875388622,-12.22021990418,
    38.710285544395));
#3768 = VECTOR('',#3769,1.);
#3769 = DIRECTION('',(-0.453992013114,0.,0.891005753084));
#3770 = ORIENTED_EDGE('',*,*,#3747,.F.);
#3771 = ORIENTED_EDGE('',*,*,#3772,.T.);
#3772 = EDGE_CURVE('',#3192,#3764,#3773,.T.);
#3773 = LINE('',#3774,#3775);
#3774 = CARTESIAN_POINT('',(13.100899100304,-6.50522005558,
    39.595372629166));
#3775 = VECTOR('',#3776,1.);
#3776 = DIRECTION('',(7.774530939249E-02,-0.985227921992,-0.152583120282
    ));
#3777 = PLANE('',#3778);
#3778 = AXIS2_PLACEMENT_3D('',#3779,#3780,#3781);
#3779 = CARTESIAN_POINT('',(13.223368613872,-9.58963725511,
    39.355013684483));
#3780 = DIRECTION('',(-0.891005753084,-0.,-0.453992013114));
#3781 = DIRECTION('',(0.453992013114,0.,-0.891005753084));
#3782 = ADVANCED_FACE('',(#3783),#3793,.T.);
#3783 = FACE_BOUND('',#3784,.T.);
#3784 = EDGE_LOOP('',(#3785,#3791,#3792));
#3785 = ORIENTED_EDGE('',*,*,#3786,.T.);
#3786 = EDGE_CURVE('',#3169,#3764,#3787,.T.);
#3787 = LINE('',#3788,#3789);
#3788 = CARTESIAN_POINT('',(13.551875388622,-6.50522005558,
    38.710285544395));
#3789 = VECTOR('',#3790,1.);
#3790 = DIRECTION('',(0.,-1.,0.));
#3791 = ORIENTED_EDGE('',*,*,#3772,.F.);
#3792 = ORIENTED_EDGE('',*,*,#3200,.F.);
#3793 = PLANE('',#3794);
#3794 = AXIS2_PLACEMENT_3D('',#3795,#3796,#3797);
#3795 = CARTESIAN_POINT('',(13.429405875054,-9.135802704654,
    38.950644489078));
#3796 = DIRECTION('',(-0.891005753084,-0.,-0.453992013114));
#3797 = DIRECTION('',(0.453992013114,0.,-0.891005753084));
#3798 = ADVANCED_FACE('',(#3799),#3816,.T.);
#3799 = FACE_BOUND('',#3800,.T.);
#3800 = EDGE_LOOP('',(#3801,#3809,#3810));
#3801 = ORIENTED_EDGE('',*,*,#3802,.T.);
#3802 = EDGE_CURVE('',#3803,#3764,#3805,.T.);
#3803 = VERTEX_POINT('',#3804);
#3804 = CARTESIAN_POINT('',(13.707272577286,-12.22021990418,
    37.729155993462));
#3805 = LINE('',#3806,#3807);
#3806 = CARTESIAN_POINT('',(13.707272577286,-12.22021990418,
    37.729155993462));
#3807 = VECTOR('',#3808,1.);
#3808 = DIRECTION('',(-0.156435971359,0.,0.987688102016));
#3809 = ORIENTED_EDGE('',*,*,#3786,.F.);
#3810 = ORIENTED_EDGE('',*,*,#3811,.T.);
#3811 = EDGE_CURVE('',#3169,#3803,#3812,.T.);
#3812 = LINE('',#3813,#3814);
#3813 = CARTESIAN_POINT('',(13.551875388622,-6.50522005558,
    38.710285544395));
#3814 = VECTOR('',#3815,1.);
#3815 = DIRECTION('',(2.678943877235E-02,-0.985227852865,-0.169140190106
    ));
#3816 = PLANE('',#3817);
#3817 = AXIS2_PLACEMENT_3D('',#3818,#3819,#3820);
#3818 = CARTESIAN_POINT('',(13.594075881555,-9.589637747521,
    38.443844748161));
#3819 = DIRECTION('',(-0.987688102016,-0.,-0.156435971359));
#3820 = DIRECTION('',(0.156435971359,0.,-0.987688102016));
#3821 = ADVANCED_FACE('',(#3822),#3832,.T.);
#3822 = FACE_BOUND('',#3823,.T.);
#3823 = EDGE_LOOP('',(#3824,#3830,#3831));
#3824 = ORIENTED_EDGE('',*,*,#3825,.T.);
#3825 = EDGE_CURVE('',#3147,#3803,#3826,.T.);
#3826 = LINE('',#3827,#3828);
#3827 = CARTESIAN_POINT('',(13.707272577286,-6.50522005558,
    37.729155993462));
#3828 = VECTOR('',#3829,1.);
#3829 = DIRECTION('',(0.,-1.,0.));
#3830 = ORIENTED_EDGE('',*,*,#3811,.F.);
#3831 = ORIENTED_EDGE('',*,*,#3177,.F.);
#3832 = PLANE('',#3833);
#3833 = AXIS2_PLACEMENT_3D('',#3834,#3835,#3836);
#3834 = CARTESIAN_POINT('',(13.665072084353,-9.135802212244,
    37.995596789696));
#3835 = DIRECTION('',(-0.987688102016,-0.,-0.156435971359));
#3836 = DIRECTION('',(0.156435971359,0.,-0.987688102016));
#3837 = ADVANCED_FACE('',(#3838),#3848,.T.);
#3838 = FACE_BOUND('',#3839,.T.);
#3839 = EDGE_LOOP('',(#3840,#3841,#3842));
#3840 = ORIENTED_EDGE('',*,*,#3825,.F.);
#3841 = ORIENTED_EDGE('',*,*,#3223,.F.);
#3842 = ORIENTED_EDGE('',*,*,#3843,.T.);
#3843 = EDGE_CURVE('',#3216,#3803,#3844,.T.);
#3844 = LINE('',#3845,#3846);
#3845 = CARTESIAN_POINT('',(13.707272577286,-6.50522005558,
    29.093155145645));
#3846 = VECTOR('',#3847,1.);
#3847 = DIRECTION('',(0.,-0.551866853004,0.833932237389));
#3848 = PLANE('',#3849);
#3849 = AXIS2_PLACEMENT_3D('',#3850,#3851,#3852);
#3850 = CARTESIAN_POINT('',(13.707272577286,-8.363909428396,
    34.40996612104));
#3851 = DIRECTION('',(-1.,-0.,-0.));
#3852 = DIRECTION('',(0.,0.,-1.));
#3853 = ADVANCED_FACE('',(#3854),#3871,.T.);
#3854 = FACE_BOUND('',#3855,.T.);
#3855 = EDGE_LOOP('',(#3856,#3864,#3865));
#3856 = ORIENTED_EDGE('',*,*,#3857,.T.);
#3857 = EDGE_CURVE('',#3858,#3803,#3860,.T.);
#3858 = VERTEX_POINT('',#3859);
#3859 = CARTESIAN_POINT('',(13.707272577286,-12.22021990418,
    15.504155993462));
#3860 = LINE('',#3861,#3862);
#3861 = CARTESIAN_POINT('',(13.707272577286,-12.22021990418,
    15.504155993462));
#3862 = VECTOR('',#3863,1.);
#3863 = DIRECTION('',(0.,0.,1.));
#3864 = ORIENTED_EDGE('',*,*,#3843,.F.);
#3865 = ORIENTED_EDGE('',*,*,#3866,.T.);
#3866 = EDGE_CURVE('',#3216,#3858,#3867,.T.);
#3867 = LINE('',#3868,#3869);
#3868 = CARTESIAN_POINT('',(13.707272577286,-6.50522005558,
    29.093155145645));
#3869 = VECTOR('',#3870,1.);
#3870 = DIRECTION('',(0.,-0.387671839975,-0.921797453072));
#3871 = PLANE('',#3872);
#3872 = AXIS2_PLACEMENT_3D('',#3873,#3874,#3875);
#3873 = CARTESIAN_POINT('',(13.707272577286,-10.70474102991,
    26.75838286341));
#3874 = DIRECTION('',(-1.,-0.,-0.));
#3875 = DIRECTION('',(0.,0.,-1.));
#3876 = ADVANCED_FACE('',(#3877),#3894,.T.);
#3877 = FACE_BOUND('',#3878,.T.);
#3878 = EDGE_LOOP('',(#3879,#3887,#3888));
#3879 = ORIENTED_EDGE('',*,*,#3880,.T.);
#3880 = EDGE_CURVE('',#3881,#3858,#3883,.T.);
#3881 = VERTEX_POINT('',#3882);
#3882 = CARTESIAN_POINT('',(13.707272577286,-3.863620001078,
    15.504155993462));
#3883 = LINE('',#3884,#3885);
#3884 = CARTESIAN_POINT('',(13.707272577286,-3.863620001078,
    15.504155993462));
#3885 = VECTOR('',#3886,1.);
#3886 = DIRECTION('',(0.,-1.,0.));
#3887 = ORIENTED_EDGE('',*,*,#3866,.F.);
#3888 = ORIENTED_EDGE('',*,*,#3889,.T.);
#3889 = EDGE_CURVE('',#3216,#3881,#3890,.T.);
#3890 = LINE('',#3891,#3892);
#3891 = CARTESIAN_POINT('',(13.707272577286,-6.50522005558,
    29.093155145645));
#3892 = VECTOR('',#3893,1.);
#3893 = DIRECTION('',(0.,0.190820563893,-0.981624934685));
#3894 = PLANE('',#3895);
#3895 = AXIS2_PLACEMENT_3D('',#3896,#3897,#3898);
#3896 = CARTESIAN_POINT('',(13.707272577286,-7.498189328573,
    20.761673563779));
#3897 = DIRECTION('',(-1.,-0.,-0.));
#3898 = DIRECTION('',(0.,0.,-1.));
#3899 = ADVANCED_FACE('',(#3900),#3917,.T.);
#3900 = FACE_BOUND('',#3901,.T.);
#3901 = EDGE_LOOP('',(#3902,#3910,#3911));
#3902 = ORIENTED_EDGE('',*,*,#3903,.T.);
#3903 = EDGE_CURVE('',#3904,#3881,#3906,.T.);
#3904 = VERTEX_POINT('',#3905);
#3905 = CARTESIAN_POINT('',(13.707272577286,13.560780489445,
    29.093155145645));
#3906 = LINE('',#3907,#3908);
#3907 = CARTESIAN_POINT('',(13.707272577286,13.560780489445,
    29.093155145645));
#3908 = VECTOR('',#3909,1.);
#3909 = DIRECTION('',(0.,-0.788546926744,-0.614974588355));
#3910 = ORIENTED_EDGE('',*,*,#3889,.F.);
#3911 = ORIENTED_EDGE('',*,*,#3912,.T.);
#3912 = EDGE_CURVE('',#3216,#3904,#3913,.T.);
#3913 = LINE('',#3914,#3915);
#3914 = CARTESIAN_POINT('',(13.707272577286,-6.50522005558,
    29.093155145645));
#3915 = VECTOR('',#3916,1.);
#3916 = DIRECTION('',(0.,1.,0.));
#3917 = PLANE('',#3918);
#3918 = AXIS2_PLACEMENT_3D('',#3919,#3920,#3921);
#3919 = CARTESIAN_POINT('',(13.707272577286,1.895448757865,
    24.733000079776));
#3920 = DIRECTION('',(-1.,-0.,-0.));
#3921 = DIRECTION('',(0.,0.,-1.));
#3922 = ADVANCED_FACE('',(#3923),#3940,.T.);
#3923 = FACE_BOUND('',#3924,.T.);
#3924 = EDGE_LOOP('',(#3925,#3933,#3934));
#3925 = ORIENTED_EDGE('',*,*,#3926,.T.);
#3926 = EDGE_CURVE('',#3927,#3881,#3929,.T.);
#3927 = VERTEX_POINT('',#3928);
#3928 = CARTESIAN_POINT('',(13.707272577286,11.173180192709,
    15.504155993462));
#3929 = LINE('',#3930,#3931);
#3930 = CARTESIAN_POINT('',(13.707272577286,11.173180192709,
    15.504155993462));
#3931 = VECTOR('',#3932,1.);
#3932 = DIRECTION('',(0.,-1.,0.));
#3933 = ORIENTED_EDGE('',*,*,#3903,.F.);
#3934 = ORIENTED_EDGE('',*,*,#3935,.T.);
#3935 = EDGE_CURVE('',#3904,#3927,#3936,.T.);
#3936 = LINE('',#3937,#3938);
#3937 = CARTESIAN_POINT('',(13.707272577286,13.560780489445,
    29.093155145645));
#3938 = VECTOR('',#3939,1.);
#3939 = DIRECTION('',(0.,-0.173050168802,-0.984913010919));
#3940 = PLANE('',#3941);
#3941 = AXIS2_PLACEMENT_3D('',#3942,#3943,#3944);
#3942 = CARTESIAN_POINT('',(13.707272577286,6.532857814581,
    20.292648880272));
#3943 = DIRECTION('',(-1.,-0.,-0.));
#3944 = DIRECTION('',(0.,0.,-1.));
#3945 = ADVANCED_FACE('',(#3946),#3961,.T.);
#3946 = FACE_BOUND('',#3947,.T.);
#3947 = EDGE_LOOP('',(#3948,#3954,#3955));
#3948 = ORIENTED_EDGE('',*,*,#3949,.T.);
#3949 = EDGE_CURVE('',#1935,#3927,#3950,.T.);
#3950 = LINE('',#3951,#3952);
#3951 = CARTESIAN_POINT('',(13.707272577286,13.560780489445,
    17.40915569067));
#3952 = VECTOR('',#3953,1.);
#3953 = DIRECTION('',(0.,-0.78167952863,-0.623680298327));
#3954 = ORIENTED_EDGE('',*,*,#3935,.F.);
#3955 = ORIENTED_EDGE('',*,*,#3956,.T.);
#3956 = EDGE_CURVE('',#3904,#1935,#3957,.T.);
#3957 = LINE('',#3958,#3959);
#3958 = CARTESIAN_POINT('',(13.707272577286,13.560780489445,
    29.093155145645));
#3959 = VECTOR('',#3960,1.);
#3960 = DIRECTION('',(0.,0.,-1.));
#3961 = PLANE('',#3962);
#3962 = AXIS2_PLACEMENT_3D('',#3963,#3964,#3965);
#3963 = CARTESIAN_POINT('',(13.707272577286,12.855785823856,
    22.063332618499));
#3964 = DIRECTION('',(-1.,-0.,-0.));
#3965 = DIRECTION('',(0.,0.,-1.));
#3966 = ADVANCED_FACE('',(#3967),#3982,.T.);
#3967 = FACE_BOUND('',#3968,.T.);
#3968 = EDGE_LOOP('',(#3969,#3975,#3976));
#3969 = ORIENTED_EDGE('',*,*,#3970,.T.);
#3970 = EDGE_CURVE('',#2036,#3927,#3971,.T.);
#3971 = LINE('',#3972,#3973);
#3972 = CARTESIAN_POINT('',(13.707272577286,19.529779338837,
    15.504155993462));
#3973 = VECTOR('',#3974,1.);
#3974 = DIRECTION('',(0.,-1.,0.));
#3975 = ORIENTED_EDGE('',*,*,#3949,.F.);
#3976 = ORIENTED_EDGE('',*,*,#3977,.T.);
#3977 = EDGE_CURVE('',#1935,#2036,#3978,.T.);
#3978 = LINE('',#3979,#3980);
#3979 = CARTESIAN_POINT('',(13.707272577286,13.560780489445,
    17.40915569067));
#3980 = VECTOR('',#3981,1.);
#3981 = DIRECTION('',(0.,0.95265920824,-0.304040183125));
#3982 = PLANE('',#3983);
#3983 = AXIS2_PLACEMENT_3D('',#3984,#3985,#3986);
#3984 = CARTESIAN_POINT('',(13.707272577286,15.258922407775,
    16.006363957115));
#3985 = DIRECTION('',(-1.,-0.,-0.));
#3986 = DIRECTION('',(0.,0.,-1.));
#3987 = ADVANCED_FACE('',(#3988),#3993,.T.);
#3988 = FACE_BOUND('',#3989,.T.);
#3989 = EDGE_LOOP('',(#3990,#3991,#3992));
#3990 = ORIENTED_EDGE('',*,*,#2035,.F.);
#3991 = ORIENTED_EDGE('',*,*,#3977,.F.);
#3992 = ORIENTED_EDGE('',*,*,#1957,.F.);
#3993 = PLANE('',#3994);
#3994 = AXIS2_PLACEMENT_3D('',#3995,#3996,#3997);
#3995 = CARTESIAN_POINT('',(13.707272577286,16.94737500713,
    16.858750935055));
#3996 = DIRECTION('',(-1.,-0.,-0.));
#3997 = DIRECTION('',(0.,0.,-1.));
#3998 = ADVANCED_FACE('',(#3999),#4023,.T.);
#3999 = FACE_BOUND('',#4000,.T.);
#4000 = EDGE_LOOP('',(#4001,#4009,#4017));
#4001 = ORIENTED_EDGE('',*,*,#4002,.T.);
#4002 = EDGE_CURVE('',#3927,#4003,#4005,.T.);
#4003 = VERTEX_POINT('',#4004);
#4004 = CARTESIAN_POINT('',(13.707272577286,11.173180192709,
    7.655797082186));
#4005 = LINE('',#4006,#4007);
#4006 = CARTESIAN_POINT('',(13.707272577286,11.173180192709,
    15.504155993462));
#4007 = VECTOR('',#4008,1.);
#4008 = DIRECTION('',(0.,0.,-1.));
#4009 = ORIENTED_EDGE('',*,*,#4010,.T.);
#4010 = EDGE_CURVE('',#4003,#4011,#4013,.T.);
#4011 = VERTEX_POINT('',#4012);
#4012 = CARTESIAN_POINT('',(13.707272577286,8.532989633083,8.17539730072
    ));
#4013 = LINE('',#4014,#4015);
#4014 = CARTESIAN_POINT('',(13.707272577286,11.173180192709,
    7.655797082186));
#4015 = VECTOR('',#4016,1.);
#4016 = DIRECTION('',(0.,-0.981179076626,0.193100024836));
#4017 = ORIENTED_EDGE('',*,*,#4018,.T.);
#4018 = EDGE_CURVE('',#4011,#3927,#4019,.T.);
#4019 = LINE('',#4020,#4021);
#4020 = CARTESIAN_POINT('',(13.707272577286,8.532989633083,8.17539730072
    ));
#4021 = VECTOR('',#4022,1.);
#4022 = DIRECTION('',(0.,0.338928273493,0.940812215815));
#4023 = PLANE('',#4024);
#4024 = AXIS2_PLACEMENT_3D('',#4025,#4026,#4027);
#4025 = CARTESIAN_POINT('',(13.707272577286,10.418340705156,
    11.152433514883));
#4026 = DIRECTION('',(-1.,-0.,-0.));
#4027 = DIRECTION('',(0.,0.,-1.));
#4028 = ADVANCED_FACE('',(#4029),#4046,.T.);
#4029 = FACE_BOUND('',#4030,.T.);
#4030 = EDGE_LOOP('',(#4031,#4039,#4040));
#4031 = ORIENTED_EDGE('',*,*,#4032,.T.);
#4032 = EDGE_CURVE('',#4033,#3927,#4035,.T.);
#4033 = VERTEX_POINT('',#4034);
#4034 = CARTESIAN_POINT('',(13.707272577286,7.28284791708,9.022415155172
    ));
#4035 = LINE('',#4036,#4037);
#4036 = CARTESIAN_POINT('',(13.707272577286,7.28284791708,9.022415155172
    ));
#4037 = VECTOR('',#4038,1.);
#4038 = DIRECTION('',(0.,0.514621006679,0.85741776252));
#4039 = ORIENTED_EDGE('',*,*,#4018,.F.);
#4040 = ORIENTED_EDGE('',*,*,#4041,.T.);
#4041 = EDGE_CURVE('',#4011,#4033,#4042,.T.);
#4042 = LINE('',#4043,#4044);
#4043 = CARTESIAN_POINT('',(13.707272577286,8.532989633083,8.17539730072
    ));
#4044 = VECTOR('',#4045,1.);
#4045 = DIRECTION('',(0.,-0.827873283192,0.560915169145));
#4046 = PLANE('',#4047);
#4047 = AXIS2_PLACEMENT_3D('',#4048,#4049,#4050);
#4048 = CARTESIAN_POINT('',(13.707272577286,9.39858631583,
    11.739396322398));
#4049 = DIRECTION('',(-1.,-0.,-0.));
#4050 = DIRECTION('',(0.,0.,-1.));
#4051 = ADVANCED_FACE('',(#4052),#4069,.T.);
#4052 = FACE_BOUND('',#4053,.T.);
#4053 = EDGE_LOOP('',(#4054,#4062,#4063));
#4054 = ORIENTED_EDGE('',*,*,#4055,.T.);
#4055 = EDGE_CURVE('',#4056,#3927,#4058,.T.);
#4056 = VERTEX_POINT('',#4057);
#4057 = CARTESIAN_POINT('',(13.707272577286,5.890224966407,
    9.606278347969));
#4058 = LINE('',#4059,#4060);
#4059 = CARTESIAN_POINT('',(13.707272577286,5.890224966407,
    9.606278347969));
#4060 = VECTOR('',#4061,1.);
#4061 = DIRECTION('',(0.,0.667209072336,0.744870494645));
#4062 = ORIENTED_EDGE('',*,*,#4032,.F.);
#4063 = ORIENTED_EDGE('',*,*,#4064,.T.);
#4064 = EDGE_CURVE('',#4033,#4056,#4065,.T.);
#4065 = LINE('',#4066,#4067);
#4066 = CARTESIAN_POINT('',(13.707272577286,7.28284791708,9.022415155172
    ));
#4067 = VECTOR('',#4068,1.);
#4068 = DIRECTION('',(0.,-0.922227438036,0.386647840462));
#4069 = PLANE('',#4070);
#4070 = AXIS2_PLACEMENT_3D('',#4071,#4072,#4073);
#4071 = CARTESIAN_POINT('',(13.707272577286,8.668655760691,
    12.137219001993));
#4072 = DIRECTION('',(-1.,-0.,-0.));
#4073 = DIRECTION('',(0.,0.,-1.));
#4074 = ADVANCED_FACE('',(#4075),#4092,.T.);
#4075 = FACE_BOUND('',#4076,.T.);
#4076 = EDGE_LOOP('',(#4077,#4085,#4086));
#4077 = ORIENTED_EDGE('',*,*,#4078,.T.);
#4078 = EDGE_CURVE('',#4079,#4011,#4081,.T.);
#4079 = VERTEX_POINT('',#4080);
#4080 = CARTESIAN_POINT('',(13.707272577286,9.591556620598,
    7.098488712311));
#4081 = LINE('',#4082,#4083);
#4082 = CARTESIAN_POINT('',(13.707272577286,9.591556620598,
    7.098488712311));
#4083 = VECTOR('',#4084,1.);
#4084 = DIRECTION('',(0.,-0.70100758414,0.713153817193));
#4085 = ORIENTED_EDGE('',*,*,#4010,.F.);
#4086 = ORIENTED_EDGE('',*,*,#4087,.T.);
#4087 = EDGE_CURVE('',#4003,#4079,#4088,.T.);
#4088 = LINE('',#4089,#4090);
#4089 = CARTESIAN_POINT('',(13.707272577286,11.173180192709,
    7.655797082186));
#4090 = VECTOR('',#4091,1.);
#4091 = DIRECTION('',(0.,-0.943160840779,-0.332336619138));
#4092 = PLANE('',#4093);
#4093 = AXIS2_PLACEMENT_3D('',#4094,#4095,#4096);
#4094 = CARTESIAN_POINT('',(13.707272577286,9.800922744515,
    7.690388375609));
#4095 = DIRECTION('',(-1.,-0.,-0.));
#4096 = DIRECTION('',(0.,0.,-1.));
#4097 = ADVANCED_FACE('',(#4098),#4115,.T.);
#4098 = FACE_BOUND('',#4099,.T.);
#4099 = EDGE_LOOP('',(#4100,#4108,#4109));
#4100 = ORIENTED_EDGE('',*,*,#4101,.T.);
#4101 = EDGE_CURVE('',#4102,#4079,#4104,.T.);
#4102 = VERTEX_POINT('',#4103);
#4103 = CARTESIAN_POINT('',(13.707272577286,11.009774166346,
    7.142149746418));
#4104 = LINE('',#4105,#4106);
#4105 = CARTESIAN_POINT('',(13.707272577286,11.009774166346,
    7.142149746418));
#4106 = VECTOR('',#4107,1.);
#4107 = DIRECTION('',(0.,-0.999526452272,-3.077127247122E-02));
#4108 = ORIENTED_EDGE('',*,*,#4087,.F.);
#4109 = ORIENTED_EDGE('',*,*,#4110,.T.);
#4110 = EDGE_CURVE('',#4003,#4102,#4111,.T.);
#4111 = LINE('',#4112,#4113);
#4112 = CARTESIAN_POINT('',(13.707272577286,11.173180192709,
    7.655797082186));
#4113 = VECTOR('',#4114,1.);
#4114 = DIRECTION('',(0.,-0.303157805118,-0.952940368122));
#4115 = PLANE('',#4116);
#4116 = AXIS2_PLACEMENT_3D('',#4117,#4118,#4119);
#4117 = CARTESIAN_POINT('',(13.707272577286,10.455629190207,
    7.280126997994));
#4118 = DIRECTION('',(-1.,-0.,-0.));
#4119 = DIRECTION('',(0.,0.,-1.));
#4120 = ADVANCED_FACE('',(#4121),#4138,.T.);
#4121 = FACE_BOUND('',#4122,.T.);
#4122 = EDGE_LOOP('',(#4123,#4131,#4132));
#4123 = ORIENTED_EDGE('',*,*,#4124,.T.);
#4124 = EDGE_CURVE('',#4125,#4079,#4127,.T.);
#4125 = VERTEX_POINT('',#4126);
#4126 = CARTESIAN_POINT('',(13.707272577286,10.579627668858,
    6.817327034473));
#4127 = LINE('',#4128,#4129);
#4128 = CARTESIAN_POINT('',(13.707272577286,10.579627668858,
    6.817327034473));
#4129 = VECTOR('',#4130,1.);
#4130 = DIRECTION('',(0.,-0.961817641914,0.273691110017));
#4131 = ORIENTED_EDGE('',*,*,#4101,.F.);
#4132 = ORIENTED_EDGE('',*,*,#4133,.T.);
#4133 = EDGE_CURVE('',#4102,#4125,#4134,.T.);
#4134 = LINE('',#4135,#4136);
#4135 = CARTESIAN_POINT('',(13.707272577286,11.009774166346,
    7.142149746418));
#4136 = VECTOR('',#4137,1.);
#4137 = DIRECTION('',(0.,-0.798025118461,-0.602624186625));
#4138 = PLANE('',#4139);
#4139 = AXIS2_PLACEMENT_3D('',#4140,#4141,#4142);
#4140 = CARTESIAN_POINT('',(13.707272577286,10.315856383679,
    7.039045085653));
#4141 = DIRECTION('',(-1.,-0.,-0.));
#4142 = DIRECTION('',(0.,0.,-1.));
#4143 = ADVANCED_FACE('',(#4144),#4161,.T.);
#4144 = FACE_BOUND('',#4145,.T.);
#4145 = EDGE_LOOP('',(#4146,#4147,#4155));
#4146 = ORIENTED_EDGE('',*,*,#4124,.F.);
#4147 = ORIENTED_EDGE('',*,*,#4148,.T.);
#4148 = EDGE_CURVE('',#4125,#4149,#4151,.T.);
#4149 = VERTEX_POINT('',#4150);
#4150 = CARTESIAN_POINT('',(13.707272577286,10.040869069099,
    6.800740867853));
#4151 = LINE('',#4152,#4153);
#4152 = CARTESIAN_POINT('',(13.707272577286,10.579627668858,
    6.817327034473));
#4153 = VECTOR('',#4154,1.);
#4154 = DIRECTION('',(0.,-0.999526450867,-3.077131810585E-02));
#4155 = ORIENTED_EDGE('',*,*,#4156,.T.);
#4156 = EDGE_CURVE('',#4149,#4079,#4157,.T.);
#4157 = LINE('',#4158,#4159);
#4158 = CARTESIAN_POINT('',(13.707272577286,10.040869069099,
    6.800740867853));
#4159 = VECTOR('',#4160,1.);
#4160 = DIRECTION('',(0.,-0.833583062802,0.552394132309));
#4161 = PLANE('',#4162);
#4162 = AXIS2_PLACEMENT_3D('',#4163,#4164,#4165);
#4163 = CARTESIAN_POINT('',(13.707272577286,10.074142006196,
    6.917669300031));
#4164 = DIRECTION('',(-1.,-0.,-0.));
#4165 = DIRECTION('',(0.,0.,-1.));
#4166 = ADVANCED_FACE('',(#4167),#4184,.T.);
#4167 = FACE_BOUND('',#4168,.T.);
#4168 = EDGE_LOOP('',(#4169,#4170,#4178));
#4169 = ORIENTED_EDGE('',*,*,#4055,.F.);
#4170 = ORIENTED_EDGE('',*,*,#4171,.T.);
#4171 = EDGE_CURVE('',#4056,#4172,#4174,.T.);
#4172 = VERTEX_POINT('',#4173);
#4173 = CARTESIAN_POINT('',(13.707272577286,4.409812512994,
    9.904056471586));
#4174 = LINE('',#4175,#4176);
#4175 = CARTESIAN_POINT('',(13.707272577286,5.890224966407,
    9.606278347969));
#4176 = VECTOR('',#4177,1.);
#4177 = DIRECTION('',(0.,-0.980364141226,0.197195716479));
#4178 = ORIENTED_EDGE('',*,*,#4179,.T.);
#4179 = EDGE_CURVE('',#4172,#3927,#4180,.T.);
#4180 = LINE('',#4181,#4182);
#4181 = CARTESIAN_POINT('',(13.707272577286,4.409812512994,
    9.904056471586));
#4182 = VECTOR('',#4183,1.);
#4183 = DIRECTION('',(0.,0.770236011069,0.637758957014));
#4184 = PLANE('',#4185);
#4185 = AXIS2_PLACEMENT_3D('',#4186,#4187,#4188);
#4186 = CARTESIAN_POINT('',(13.707272577286,7.894310923556,
    12.394808562793));
#4187 = DIRECTION('',(-1.,-0.,-0.));
#4188 = DIRECTION('',(0.,0.,-1.));
#4189 = ADVANCED_FACE('',(#4190),#4200,.T.);
#4190 = FACE_BOUND('',#4191,.T.);
#4191 = EDGE_LOOP('',(#4192,#4193,#4194));
#4192 = ORIENTED_EDGE('',*,*,#3926,.F.);
#4193 = ORIENTED_EDGE('',*,*,#4179,.F.);
#4194 = ORIENTED_EDGE('',*,*,#4195,.T.);
#4195 = EDGE_CURVE('',#4172,#3881,#4196,.T.);
#4196 = LINE('',#4197,#4198);
#4197 = CARTESIAN_POINT('',(13.707272577286,4.409812512994,
    9.904056471586));
#4198 = VECTOR('',#4199,1.);
#4199 = DIRECTION('',(0.,-0.828127029569,0.560540473915));
#4200 = PLANE('',#4201);
#4201 = AXIS2_PLACEMENT_3D('',#4202,#4203,#4204);
#4202 = CARTESIAN_POINT('',(13.707272577286,3.729888164676,
    13.949476899788));
#4203 = DIRECTION('',(-1.,-0.,-0.));
#4204 = DIRECTION('',(0.,0.,-1.));
#4205 = ADVANCED_FACE('',(#4206),#4223,.T.);
#4206 = FACE_BOUND('',#4207,.T.);
#4207 = EDGE_LOOP('',(#4208,#4209,#4217));
#4208 = ORIENTED_EDGE('',*,*,#4195,.F.);
#4209 = ORIENTED_EDGE('',*,*,#4210,.T.);
#4210 = EDGE_CURVE('',#4172,#4211,#4213,.T.);
#4211 = VERTEX_POINT('',#4212);
#4212 = CARTESIAN_POINT('',(13.707272577286,2.899747867882,
    9.904056471586));
#4213 = LINE('',#4214,#4215);
#4214 = CARTESIAN_POINT('',(13.707272577286,4.409812512994,
    9.904056471586));
#4215 = VECTOR('',#4216,1.);
#4216 = DIRECTION('',(0.,-1.,0.));
#4217 = ORIENTED_EDGE('',*,*,#4218,.T.);
#4218 = EDGE_CURVE('',#4211,#3881,#4219,.T.);
#4219 = LINE('',#4220,#4221);
#4220 = CARTESIAN_POINT('',(13.707272577286,2.899747867882,
    9.904056471586));
#4221 = VECTOR('',#4222,1.);
#4222 = DIRECTION('',(0.,-0.770236019835,0.637758946428));
#4223 = PLANE('',#4224);
#4224 = AXIS2_PLACEMENT_3D('',#4225,#4226,#4227);
#4225 = CARTESIAN_POINT('',(13.707272577286,0.197988197968,
    12.495627793487));
#4226 = DIRECTION('',(-1.,-0.,-0.));
#4227 = DIRECTION('',(0.,0.,-1.));
#4228 = ADVANCED_FACE('',(#4229),#4246,.T.);
#4229 = FACE_BOUND('',#4230,.T.);
#4230 = EDGE_LOOP('',(#4231,#4239,#4240));
#4231 = ORIENTED_EDGE('',*,*,#4232,.T.);
#4232 = EDGE_CURVE('',#4233,#3881,#4235,.T.);
#4233 = VERTEX_POINT('',#4234);
#4234 = CARTESIAN_POINT('',(13.707272577286,1.419335319847,
    9.606278347969));
#4235 = LINE('',#4236,#4237);
#4236 = CARTESIAN_POINT('',(13.707272577286,1.419335319847,
    9.606278347969));
#4237 = VECTOR('',#4238,1.);
#4238 = DIRECTION('',(0.,-0.667209078967,0.744870488706));
#4239 = ORIENTED_EDGE('',*,*,#4218,.F.);
#4240 = ORIENTED_EDGE('',*,*,#4241,.T.);
#4241 = EDGE_CURVE('',#4211,#4233,#4242,.T.);
#4242 = LINE('',#4243,#4244);
#4243 = CARTESIAN_POINT('',(13.707272577286,2.899747867882,
    9.904056471586));
#4244 = VECTOR('',#4245,1.);
#4245 = DIRECTION('',(0.,-0.980364143663,-0.197195704366));
#4246 = PLANE('',#4247);
#4247 = AXIS2_PLACEMENT_3D('',#4248,#4249,#4250);
#4248 = CARTESIAN_POINT('',(13.707272577286,-0.584750641358,
    12.394808552378));
#4249 = DIRECTION('',(-1.,-0.,-0.));
#4250 = DIRECTION('',(0.,0.,-1.));
#4251 = ADVANCED_FACE('',(#4252),#4269,.T.);
#4252 = FACE_BOUND('',#4253,.T.);
#4253 = EDGE_LOOP('',(#4254,#4262,#4263));
#4254 = ORIENTED_EDGE('',*,*,#4255,.T.);
#4255 = EDGE_CURVE('',#4256,#3881,#4258,.T.);
#4256 = VERTEX_POINT('',#4257);
#4257 = CARTESIAN_POINT('',(13.707272577286,2.671210896224E-02,
    9.022415155172));
#4258 = LINE('',#4259,#4260);
#4259 = CARTESIAN_POINT('',(13.707272577286,2.671210896224E-02,
    9.022415155172));
#4260 = VECTOR('',#4261,1.);
#4261 = DIRECTION('',(0.,-0.514620990575,0.857417772185));
#4262 = ORIENTED_EDGE('',*,*,#4232,.F.);
#4263 = ORIENTED_EDGE('',*,*,#4264,.T.);
#4264 = EDGE_CURVE('',#4233,#4256,#4265,.T.);
#4265 = LINE('',#4266,#4267);
#4266 = CARTESIAN_POINT('',(13.707272577286,1.419335319847,
    9.606278347969));
#4267 = VECTOR('',#4268,1.);
#4268 = DIRECTION('',(0.,-0.922227463797,-0.386647779018));
#4269 = PLANE('',#4270);
#4270 = AXIS2_PLACEMENT_3D('',#4271,#4272,#4273);
#4271 = CARTESIAN_POINT('',(13.707272577286,-1.359095554278,
    12.137218963038));
#4272 = DIRECTION('',(-1.,-0.,-0.));
#4273 = DIRECTION('',(0.,0.,-1.));
#4274 = ADVANCED_FACE('',(#4275),#4292,.T.);
#4275 = FACE_BOUND('',#4276,.T.);
#4276 = EDGE_LOOP('',(#4277,#4278,#4286));
#4277 = ORIENTED_EDGE('',*,*,#4255,.F.);
#4278 = ORIENTED_EDGE('',*,*,#4279,.T.);
#4279 = EDGE_CURVE('',#4256,#4280,#4282,.T.);
#4280 = VERTEX_POINT('',#4281);
#4281 = CARTESIAN_POINT('',(13.707272577286,-1.223429725319,
    8.17539730072));
#4282 = LINE('',#4283,#4284);
#4283 = CARTESIAN_POINT('',(13.707272577286,2.671210896224E-02,
    9.022415155172));
#4284 = VECTOR('',#4285,1.);
#4285 = DIRECTION('',(0.,-0.827873307835,-0.560915132773));
#4286 = ORIENTED_EDGE('',*,*,#4287,.T.);
#4287 = EDGE_CURVE('',#4280,#3881,#4288,.T.);
#4288 = LINE('',#4289,#4290);
#4289 = CARTESIAN_POINT('',(13.707272577286,-1.223429725319,
    8.17539730072));
#4290 = VECTOR('',#4291,1.);
#4291 = DIRECTION('',(0.,-0.338928241238,0.940812227435));
#4292 = PLANE('',#4293);
#4293 = AXIS2_PLACEMENT_3D('',#4294,#4295,#4296);
#4294 = CARTESIAN_POINT('',(13.707272577286,-2.089026236641,
    11.739396300937));
#4295 = DIRECTION('',(-1.,-0.,-0.));
#4296 = DIRECTION('',(0.,0.,-1.));
#4297 = ADVANCED_FACE('',(#4298),#4315,.T.);
#4298 = FACE_BOUND('',#4299,.T.);
#4299 = EDGE_LOOP('',(#4300,#4308,#4309));
#4300 = ORIENTED_EDGE('',*,*,#4301,.T.);
#4301 = EDGE_CURVE('',#4302,#3881,#4304,.T.);
#4302 = VERTEX_POINT('',#4303);
#4303 = CARTESIAN_POINT('',(13.707272577286,-3.863620001078,
    7.655797082186));
#4304 = LINE('',#4305,#4306);
#4305 = CARTESIAN_POINT('',(13.707272577286,-3.863620001078,
    7.655797082186));
#4306 = VECTOR('',#4307,1.);
#4307 = DIRECTION('',(0.,0.,1.));
#4308 = ORIENTED_EDGE('',*,*,#4287,.F.);
#4309 = ORIENTED_EDGE('',*,*,#4310,.T.);
#4310 = EDGE_CURVE('',#4280,#4302,#4311,.T.);
#4311 = LINE('',#4312,#4313);
#4312 = CARTESIAN_POINT('',(13.707272577286,-1.223429725319,
    8.17539730072));
#4313 = VECTOR('',#4314,1.);
#4314 = DIRECTION('',(0.,-0.981179072692,-0.193100044824));
#4315 = PLANE('',#4316);
#4316 = AXIS2_PLACEMENT_3D('',#4317,#4318,#4319);
#4317 = CARTESIAN_POINT('',(13.707272577286,-3.10878060624,
    11.152433560462));
#4318 = DIRECTION('',(-1.,-0.,-0.));
#4319 = DIRECTION('',(0.,0.,-1.));
#4320 = ADVANCED_FACE('',(#4321),#4338,.T.);
#4321 = FACE_BOUND('',#4322,.T.);
#4322 = EDGE_LOOP('',(#4323,#4331,#4332));
#4323 = ORIENTED_EDGE('',*,*,#4324,.T.);
#4324 = EDGE_CURVE('',#4325,#4302,#4327,.T.);
#4325 = VERTEX_POINT('',#4326);
#4326 = CARTESIAN_POINT('',(13.707272577286,-2.281995671988,
    7.098488712311));
#4327 = LINE('',#4328,#4329);
#4328 = CARTESIAN_POINT('',(13.707272577286,-2.281995671988,
    7.098488712311));
#4329 = VECTOR('',#4330,1.);
#4330 = DIRECTION('',(0.,-0.943160890636,0.332336477647));
#4331 = ORIENTED_EDGE('',*,*,#4310,.F.);
#4332 = ORIENTED_EDGE('',*,*,#4333,.T.);
#4333 = EDGE_CURVE('',#4280,#4325,#4334,.T.);
#4334 = LINE('',#4335,#4336);
#4335 = CARTESIAN_POINT('',(13.707272577286,-1.223429725319,
    8.17539730072));
#4336 = VECTOR('',#4337,1.);
#4337 = DIRECTION('',(0.,-0.701007233584,-0.713154161779));
#4338 = PLANE('',#4339);
#4339 = AXIS2_PLACEMENT_3D('',#4340,#4341,#4342);
#4340 = CARTESIAN_POINT('',(13.707272577286,-2.49136260895,
    7.690388333524));
#4341 = DIRECTION('',(-1.,-0.,-0.));
#4342 = DIRECTION('',(0.,0.,-1.));
#4343 = ADVANCED_FACE('',(#4344),#4361,.T.);
#4344 = FACE_BOUND('',#4345,.T.);
#4345 = EDGE_LOOP('',(#4346,#4354,#4355));
#4346 = ORIENTED_EDGE('',*,*,#4347,.T.);
#4347 = EDGE_CURVE('',#4348,#4302,#4350,.T.);
#4348 = VERTEX_POINT('',#4349);
#4349 = CARTESIAN_POINT('',(13.707272577286,-3.700213974714,
    7.142149746418));
#4350 = LINE('',#4351,#4352);
#4351 = CARTESIAN_POINT('',(13.707272577286,-3.700213974714,
    7.142149746418));
#4352 = VECTOR('',#4353,1.);
#4353 = DIRECTION('',(0.,-0.303157805118,0.952940368122));
#4354 = ORIENTED_EDGE('',*,*,#4324,.F.);
#4355 = ORIENTED_EDGE('',*,*,#4356,.T.);
#4356 = EDGE_CURVE('',#4325,#4348,#4357,.T.);
#4357 = LINE('',#4358,#4359);
#4358 = CARTESIAN_POINT('',(13.707272577286,-2.281995671988,
    7.098488712311));
#4359 = VECTOR('',#4360,1.);
#4360 = DIRECTION('',(0.,-0.999526452777,3.07712560625E-02));
#4361 = PLANE('',#4362);
#4362 = AXIS2_PLACEMENT_3D('',#4363,#4364,#4365);
#4363 = CARTESIAN_POINT('',(13.707272577286,-3.146068629566,
    7.280126983784));
#4364 = DIRECTION('',(-1.,-0.,-0.));
#4365 = DIRECTION('',(0.,0.,-1.));
#4366 = ADVANCED_FACE('',(#4367),#4384,.T.);
#4367 = FACE_BOUND('',#4368,.T.);
#4368 = EDGE_LOOP('',(#4369,#4377,#4378));
#4369 = ORIENTED_EDGE('',*,*,#4370,.T.);
#4370 = EDGE_CURVE('',#4371,#4348,#4373,.T.);
#4371 = VERTEX_POINT('',#4372);
#4372 = CARTESIAN_POINT('',(13.707272577286,-3.270067098737,
    6.817327034473));
#4373 = LINE('',#4374,#4375);
#4374 = CARTESIAN_POINT('',(13.707272577286,-3.270067098737,
    6.817327034473));
#4375 = VECTOR('',#4376,1.);
#4376 = DIRECTION('',(0.,-0.798025373465,0.602623848936));
#4377 = ORIENTED_EDGE('',*,*,#4356,.F.);
#4378 = ORIENTED_EDGE('',*,*,#4379,.T.);
#4379 = EDGE_CURVE('',#4325,#4371,#4380,.T.);
#4380 = LINE('',#4381,#4382);
#4381 = CARTESIAN_POINT('',(13.707272577286,-2.281995671988,
    7.098488712311));
#4382 = VECTOR('',#4383,1.);
#4383 = DIRECTION('',(0.,-0.961817669512,-0.273691013031));
#4384 = PLANE('',#4385);
#4385 = AXIS2_PLACEMENT_3D('',#4386,#4387,#4388);
#4386 = CARTESIAN_POINT('',(13.707272577286,-3.006295799123,
    7.039045090357));
#4387 = DIRECTION('',(-1.,-0.,-0.));
#4388 = DIRECTION('',(0.,0.,-1.));
#4389 = ADVANCED_FACE('',(#4390),#4407,.T.);
#4390 = FACE_BOUND('',#4391,.T.);
#4391 = EDGE_LOOP('',(#4392,#4400,#4401));
#4392 = ORIENTED_EDGE('',*,*,#4393,.T.);
#4393 = EDGE_CURVE('',#4394,#4371,#4396,.T.);
#4394 = VERTEX_POINT('',#4395);
#4395 = CARTESIAN_POINT('',(13.707272577286,-2.731308688223,
    6.800740867853));
#4396 = LINE('',#4397,#4398);
#4397 = CARTESIAN_POINT('',(13.707272577286,-2.731308688223,
    6.800740867853));
#4398 = VECTOR('',#4399,1.);
#4399 = DIRECTION('',(0.,-0.999526450534,3.077132890439E-02));
#4400 = ORIENTED_EDGE('',*,*,#4379,.F.);
#4401 = ORIENTED_EDGE('',*,*,#4402,.T.);
#4402 = EDGE_CURVE('',#4325,#4394,#4403,.T.);
#4403 = LINE('',#4404,#4405);
#4404 = CARTESIAN_POINT('',(13.707272577286,-2.281995671988,
    7.098488712311));
#4405 = VECTOR('',#4406,1.);
#4406 = DIRECTION('',(0.,-0.8335833842,-0.552393647307));
#4407 = PLANE('',#4408);
#4408 = AXIS2_PLACEMENT_3D('',#4409,#4410,#4411);
#4409 = CARTESIAN_POINT('',(13.707272577286,-2.764581266519,
    6.91766932393));
#4410 = DIRECTION('',(-1.,-0.,-0.));
#4411 = DIRECTION('',(0.,0.,-1.));
#4412 = ADVANCED_FACE('',(#4413),#4423,.T.);
#4413 = FACE_BOUND('',#4414,.T.);
#4414 = EDGE_LOOP('',(#4415,#4416,#4417));
#4415 = ORIENTED_EDGE('',*,*,#1704,.F.);
#4416 = ORIENTED_EDGE('',*,*,#2502,.F.);
#4417 = ORIENTED_EDGE('',*,*,#4418,.T.);
#4418 = EDGE_CURVE('',#1526,#1565,#4419,.T.);
#4419 = LINE('',#4420,#4421);
#4420 = CARTESIAN_POINT('',(22.08927063942,18.767780065536,
    59.700153207779));
#4421 = VECTOR('',#4422,1.);
#4422 = DIRECTION('',(-0.709030823004,-0.705177489736,0.));
#4423 = PLANE('',#4424);
#4424 = AXIS2_PLACEMENT_3D('',#4425,#4426,#4427);
#4425 = CARTESIAN_POINT('',(14.54085415391,14.663947065791,
    59.700153207779));
#4426 = DIRECTION('',(-0.,-0.,-1.));
#4427 = DIRECTION('',(-1.,0.,0.));
#4428 = ADVANCED_FACE('',(#4429),#4434,.T.);
#4429 = FACE_BOUND('',#4430,.T.);
#4430 = EDGE_LOOP('',(#4431,#4432,#4433));
#4431 = ORIENTED_EDGE('',*,*,#1564,.F.);
#4432 = ORIENTED_EDGE('',*,*,#4418,.F.);
#4433 = ORIENTED_EDGE('',*,*,#1534,.F.);
#4434 = PLANE('',#4435);
#4435 = AXIS2_PLACEMENT_3D('',#4436,#4437,#4438);
#4436 = CARTESIAN_POINT('',(17.953688426933,11.251112792769,
    59.700153207779));
#4437 = DIRECTION('',(-0.,-0.,-1.));
#4438 = DIRECTION('',(-1.,0.,0.));
#4439 = ADVANCED_FACE('',(#4440),#4450,.T.);
#4440 = FACE_BOUND('',#4441,.T.);
#4441 = EDGE_LOOP('',(#4442,#4443,#4444));
#4442 = ORIENTED_EDGE('',*,*,#2343,.F.);
#4443 = ORIENTED_EDGE('',*,*,#1309,.F.);
#4444 = ORIENTED_EDGE('',*,*,#4445,.T.);
#4445 = EDGE_CURVE('',#1310,#2335,#4446,.T.);
#4446 = LINE('',#4447,#4448);
#4447 = CARTESIAN_POINT('',(22.08927063942,0.16228049323,68.844156599045
    ));
#4448 = VECTOR('',#4449,1.);
#4449 = DIRECTION('',(-0.574719417672,0.,-0.818350530611));
#4450 = PLANE('',#4451);
#4451 = AXIS2_PLACEMENT_3D('',#4452,#4453,#4454);
#4452 = CARTESIAN_POINT('',(14.249501325314,0.16228049323,
    62.523426927502));
#4453 = DIRECTION('',(0.,1.,0.));
#4454 = DIRECTION('',(0.,-0.,1.));
#4455 = ADVANCED_FACE('',(#4456),#4466,.T.);
#4456 = FACE_BOUND('',#4457,.T.);
#4457 = EDGE_LOOP('',(#4458,#4464,#4465));
#4458 = ORIENTED_EDGE('',*,*,#4459,.T.);
#4459 = EDGE_CURVE('',#1480,#2335,#4460,.T.);
#4460 = LINE('',#4461,#4462);
#4461 = CARTESIAN_POINT('',(22.08927063942,0.16228049323,52.207157325745
    ));
#4462 = VECTOR('',#4463,1.);
#4463 = DIRECTION('',(-1.,0.,0.));
#4464 = ORIENTED_EDGE('',*,*,#4445,.F.);
#4465 = ORIENTED_EDGE('',*,*,#1479,.F.);
#4466 = PLANE('',#4467);
#4467 = AXIS2_PLACEMENT_3D('',#4468,#4469,#4470);
#4468 = CARTESIAN_POINT('',(18.245041255529,0.16228049323,
    58.527886997287));
#4469 = DIRECTION('',(0.,1.,0.));
#4470 = DIRECTION('',(0.,-0.,1.));
#4471 = ADVANCED_FACE('',(#4472),#4496,.T.);
#4472 = FACE_BOUND('',#4473,.T.);
#4473 = EDGE_LOOP('',(#4474,#4484,#4490));
#4474 = ORIENTED_EDGE('',*,*,#4475,.T.);
#4475 = EDGE_CURVE('',#4476,#4478,#4480,.T.);
#4476 = VERTEX_POINT('',#4477);
#4477 = CARTESIAN_POINT('',(-23.03382902145,-1.472550375015,
    20.761954915524));
#4478 = VERTEX_POINT('',#4479);
#4479 = CARTESIAN_POINT('',(-24.66127177476,-1.472550375015,
    20.761954915524));
#4480 = LINE('',#4481,#4482);
#4481 = CARTESIAN_POINT('',(-23.03382902145,-1.472550375015,
    20.761954915524));
#4482 = VECTOR('',#4483,1.);
#4483 = DIRECTION('',(-1.,0.,0.));
#4484 = ORIENTED_EDGE('',*,*,#4485,.T.);
#4485 = EDGE_CURVE('',#4478,#3563,#4486,.T.);
#4486 = LINE('',#4487,#4488);
#4487 = CARTESIAN_POINT('',(-24.66127177476,-1.472550375015,
    20.761954915524));
#4488 = VECTOR('',#4489,1.);
#4489 = DIRECTION('',(0.,-1.,0.));
#4490 = ORIENTED_EDGE('',*,*,#4491,.T.);
#4491 = EDGE_CURVE('',#3563,#4476,#4492,.T.);
#4492 = LINE('',#4493,#4494);
#4493 = CARTESIAN_POINT('',(-24.66127177476,-6.50522005558,
    20.761954915524));
#4494 = VECTOR('',#4495,1.);
#4495 = DIRECTION('',(0.307687829708,0.951487361687,0.));
#4496 = PLANE('',#4497);
#4497 = AXIS2_PLACEMENT_3D('',#4498,#4499,#4500);
#4498 = CARTESIAN_POINT('',(-24.19026202524,-3.646173588163,
    20.761954915524));
#4499 = DIRECTION('',(0.,0.,1.));
#4500 = DIRECTION('',(1.,0.,-0.));
#4501 = ADVANCED_FACE('',(#4502),#4519,.T.);
#4502 = FACE_BOUND('',#4503,.T.);
#4503 = EDGE_LOOP('',(#4504,#4512,#4513));
#4504 = ORIENTED_EDGE('',*,*,#4505,.T.);
#4505 = EDGE_CURVE('',#4506,#4476,#4508,.T.);
#4506 = VERTEX_POINT('',#4507);
#4507 = CARTESIAN_POINT('',(-11.69272817969,-2.182757619023,
    20.761954915524));
#4508 = LINE('',#4509,#4510);
#4509 = CARTESIAN_POINT('',(-11.69272817969,-2.182757619023,
    20.761954915524));
#4510 = VECTOR('',#4511,1.);
#4511 = DIRECTION('',(-0.998044964134,6.249999654036E-02,0.));
#4512 = ORIENTED_EDGE('',*,*,#4491,.F.);
#4513 = ORIENTED_EDGE('',*,*,#4514,.T.);
#4514 = EDGE_CURVE('',#3563,#4506,#4515,.T.);
#4515 = LINE('',#4516,#4517);
#4516 = CARTESIAN_POINT('',(-24.66127177476,-6.50522005558,
    20.761954915524));
#4517 = VECTOR('',#4518,1.);
#4518 = DIRECTION('',(0.94869175632,0.316202390076,0.));
#4519 = PLANE('',#4520);
#4520 = AXIS2_PLACEMENT_3D('',#4521,#4522,#4523);
#4521 = CARTESIAN_POINT('',(-18.86119394441,-3.339053856987,
    20.761954915524));
#4522 = DIRECTION('',(0.,0.,1.));
#4523 = DIRECTION('',(1.,0.,-0.));
#4524 = ADVANCED_FACE('',(#4525),#4535,.T.);
#4525 = FACE_BOUND('',#4526,.T.);
#4526 = EDGE_LOOP('',(#4527,#4533,#4534));
#4527 = ORIENTED_EDGE('',*,*,#4528,.T.);
#4528 = EDGE_CURVE('',#3555,#4506,#4529,.T.);
#4529 = LINE('',#4530,#4531);
#4530 = CARTESIAN_POINT('',(-11.69272817969,-6.50522005558,
    20.761954915524));
#4531 = VECTOR('',#4532,1.);
#4532 = DIRECTION('',(0.,1.,0.));
#4533 = ORIENTED_EDGE('',*,*,#4514,.F.);
#4534 = ORIENTED_EDGE('',*,*,#3562,.F.);
#4535 = PLANE('',#4536);
#4536 = AXIS2_PLACEMENT_3D('',#4537,#4538,#4539);
#4537 = CARTESIAN_POINT('',(-17.27172930771,-5.249259506814,
    20.761954915524));
#4538 = DIRECTION('',(0.,0.,1.));
#4539 = DIRECTION('',(1.,0.,-0.));
#4540 = ADVANCED_FACE('',(#4541),#4558,.T.);
#4541 = FACE_BOUND('',#4542,.T.);
#4542 = EDGE_LOOP('',(#4543,#4544,#4552));
#4543 = ORIENTED_EDGE('',*,*,#4485,.F.);
#4544 = ORIENTED_EDGE('',*,*,#4545,.T.);
#4545 = EDGE_CURVE('',#4478,#4546,#4548,.T.);
#4546 = VERTEX_POINT('',#4547);
#4547 = CARTESIAN_POINT('',(-23.03382902145,-1.472550375015,
    17.40915569067));
#4548 = LINE('',#4549,#4550);
#4549 = CARTESIAN_POINT('',(-24.66127177476,-1.472550375015,
    20.761954915524));
#4550 = VECTOR('',#4551,1.);
#4551 = DIRECTION('',(0.436673880645,0.,-0.899619876371));
#4552 = ORIENTED_EDGE('',*,*,#4553,.T.);
#4553 = EDGE_CURVE('',#4546,#3563,#4554,.T.);
#4554 = LINE('',#4555,#4556);
#4555 = CARTESIAN_POINT('',(-23.03382902145,-1.472550375015,
    17.40915569067));
#4556 = VECTOR('',#4557,1.);
#4557 = DIRECTION('',(-0.259875437188,-0.803633326453,0.535386060484));
#4558 = PLANE('',#4559);
#4559 = AXIS2_PLACEMENT_3D('',#4560,#4561,#4562);
#4560 = CARTESIAN_POINT('',(-24.12016380635,-3.364590013945,
    19.647183674956));
#4561 = DIRECTION('',(-0.899619876371,-0.,-0.436673880645));
#4562 = DIRECTION('',(0.436673880645,0.,-0.899619876371));
#4563 = ADVANCED_FACE('',(#4564),#4581,.T.);
#4564 = FACE_BOUND('',#4565,.T.);
#4565 = EDGE_LOOP('',(#4566,#4574,#4575));
#4566 = ORIENTED_EDGE('',*,*,#4567,.T.);
#4567 = EDGE_CURVE('',#4568,#3563,#4570,.T.);
#4568 = VERTEX_POINT('',#4569);
#4569 = CARTESIAN_POINT('',(-23.03382902145,-12.22021990418,
    17.40915569067));
#4570 = LINE('',#4571,#4572);
#4571 = CARTESIAN_POINT('',(-23.03382902145,-12.22021990418,
    17.40915569067));
#4572 = VECTOR('',#4573,1.);
#4573 = DIRECTION('',(-0.238528871219,0.837628518809,0.491408630442));
#4574 = ORIENTED_EDGE('',*,*,#4553,.F.);
#4575 = ORIENTED_EDGE('',*,*,#4576,.T.);
#4576 = EDGE_CURVE('',#4546,#4568,#4577,.T.);
#4577 = LINE('',#4578,#4579);
#4578 = CARTESIAN_POINT('',(-23.03382902145,-1.472550375015,
    17.40915569067));
#4579 = VECTOR('',#4580,1.);
#4580 = DIRECTION('',(0.,-1.,0.));
#4581 = PLANE('',#4582);
#4582 = AXIS2_PLACEMENT_3D('',#4583,#4584,#4585);
#4583 = CARTESIAN_POINT('',(-23.48059509527,-6.815912091189,
    18.329567141678));
#4584 = DIRECTION('',(-0.899619876371,-0.,-0.436673880645));
#4585 = DIRECTION('',(0.436673880645,0.,-0.899619876371));
#4586 = ADVANCED_FACE('',(#4587),#4604,.T.);
#4587 = FACE_BOUND('',#4588,.T.);
#4588 = EDGE_LOOP('',(#4589,#4597,#4598));
#4589 = ORIENTED_EDGE('',*,*,#4590,.T.);
#4590 = EDGE_CURVE('',#4591,#3563,#4593,.T.);
#4591 = VERTEX_POINT('',#4592);
#4592 = CARTESIAN_POINT('',(-36.96572754383,-12.22021990418,
    46.111154055595));
#4593 = LINE('',#4594,#4595);
#4594 = CARTESIAN_POINT('',(-36.96572754383,-12.22021990418,
    46.111154055595));
#4595 = VECTOR('',#4596,1.);
#4596 = DIRECTION('',(0.427960295107,0.198772954095,-0.881668474276));
#4597 = ORIENTED_EDGE('',*,*,#4567,.F.);
#4598 = ORIENTED_EDGE('',*,*,#4599,.T.);
#4599 = EDGE_CURVE('',#4568,#4591,#4600,.T.);
#4600 = LINE('',#4601,#4602);
#4601 = CARTESIAN_POINT('',(-23.03382902145,-12.22021990418,
    17.40915569067));
#4602 = VECTOR('',#4603,1.);
#4603 = DIRECTION('',(-0.436673875514,0.,0.899619878862));
#4604 = PLANE('',#4605);
#4605 = AXIS2_PLACEMENT_3D('',#4606,#4607,#4608);
#4606 = CARTESIAN_POINT('',(-29.72443258844,-10.71377141126,
    31.192897522615));
#4607 = DIRECTION('',(-0.899619878862,-3.71894413E-09,-0.436673875514));
#4608 = DIRECTION('',(0.436673875514,2.067951531383E-25,-0.899619878862)
  );
#4609 = ADVANCED_FACE('',(#4610),#4620,.T.);
#4610 = FACE_BOUND('',#4611,.T.);
#4611 = EDGE_LOOP('',(#4612,#4613,#4619));
#4612 = ORIENTED_EDGE('',*,*,#4590,.F.);
#4613 = ORIENTED_EDGE('',*,*,#4614,.T.);
#4614 = EDGE_CURVE('',#4591,#3509,#4615,.T.);
#4615 = LINE('',#4616,#4617);
#4616 = CARTESIAN_POINT('',(-36.96572754383,-12.22021990418,
    46.111154055595));
#4617 = VECTOR('',#4618,1.);
#4618 = DIRECTION('',(0.,1.,0.));
#4619 = ORIENTED_EDGE('',*,*,#3586,.F.);
#4620 = PLANE('',#4621);
#4621 = AXIS2_PLACEMENT_3D('',#4622,#4623,#4624);
#4622 = CARTESIAN_POINT('',(-31.37476554685,-8.077399469771,
    34.592854367588));
#4623 = DIRECTION('',(-0.899619879191,-3.8E-16,-0.436673874836));
#4624 = DIRECTION('',(0.436673874836,-2.465190328816E-32,-0.899619879191
    ));
#4625 = ADVANCED_FACE('',(#4626),#4643,.T.);
#4626 = FACE_BOUND('',#4627,.T.);
#4627 = EDGE_LOOP('',(#4628,#4629,#4637));
#4628 = ORIENTED_EDGE('',*,*,#4475,.F.);
#4629 = ORIENTED_EDGE('',*,*,#4630,.T.);
#4630 = EDGE_CURVE('',#4476,#4631,#4633,.T.);
#4631 = VERTEX_POINT('',#4632);
#4632 = CARTESIAN_POINT('',(-23.03382902145,-1.472550375015,
    18.679155993462));
#4633 = LINE('',#4634,#4635);
#4634 = CARTESIAN_POINT('',(-23.03382902145,-1.472550375015,
    20.761954915524));
#4635 = VECTOR('',#4636,1.);
#4636 = DIRECTION('',(0.,0.,-1.));
#4637 = ORIENTED_EDGE('',*,*,#4638,.T.);
#4638 = EDGE_CURVE('',#4631,#4478,#4639,.T.);
#4639 = LINE('',#4640,#4641);
#4640 = CARTESIAN_POINT('',(-23.03382902145,-1.472550375015,
    18.679155993462));
#4641 = VECTOR('',#4642,1.);
#4642 = DIRECTION('',(-0.615704205683,0.,0.787977367127));
#4643 = PLANE('',#4644);
#4644 = AXIS2_PLACEMENT_3D('',#4645,#4646,#4647);
#4645 = CARTESIAN_POINT('',(-23.58079541891,-1.472550375015,
    19.98731043369));
#4646 = DIRECTION('',(0.,1.,0.));
#4647 = DIRECTION('',(0.,-0.,1.));
#4648 = ADVANCED_FACE('',(#4649),#4659,.T.);
#4649 = FACE_BOUND('',#4650,.T.);
#4650 = EDGE_LOOP('',(#4651,#4652,#4653));
#4651 = ORIENTED_EDGE('',*,*,#4545,.F.);
#4652 = ORIENTED_EDGE('',*,*,#4638,.F.);
#4653 = ORIENTED_EDGE('',*,*,#4654,.T.);
#4654 = EDGE_CURVE('',#4631,#4546,#4655,.T.);
#4655 = LINE('',#4656,#4657);
#4656 = CARTESIAN_POINT('',(-23.03382902145,-1.472550375015,
    18.679155993462));
#4657 = VECTOR('',#4658,1.);
#4658 = DIRECTION('',(0.,0.,-1.));
#4659 = PLANE('',#4660);
#4660 = AXIS2_PLACEMENT_3D('',#4661,#4662,#4663);
#4661 = CARTESIAN_POINT('',(-23.7122874405,-1.472550375015,
    19.132134176746));
#4662 = DIRECTION('',(0.,1.,0.));
#4663 = DIRECTION('',(0.,-0.,1.));
#4664 = ADVANCED_FACE('',(#4665),#4675,.T.);
#4665 = FACE_BOUND('',#4666,.T.);
#4666 = EDGE_LOOP('',(#4667,#4668,#4669));
#4667 = ORIENTED_EDGE('',*,*,#1502,.F.);
#4668 = ORIENTED_EDGE('',*,*,#2587,.F.);
#4669 = ORIENTED_EDGE('',*,*,#4670,.T.);
#4670 = EDGE_CURVE('',#2404,#1480,#4671,.T.);
#4671 = LINE('',#4672,#4673);
#4672 = CARTESIAN_POINT('',(10.405271941423,18.767780065536,
    52.207157325745));
#4673 = VECTOR('',#4674,1.);
#4674 = DIRECTION('',(0.531816307081,-0.846859737809,0.));
#4675 = PLANE('',#4676);
#4676 = AXIS2_PLACEMENT_3D('',#4677,#4678,#4679);
#4677 = CARTESIAN_POINT('',(18.327148475716,11.544907464677,
    52.207157325745));
#4678 = DIRECTION('',(0.,0.,1.));
#4679 = DIRECTION('',(1.,0.,-0.));
#4680 = ADVANCED_FACE('',(#4681),#4686,.T.);
#4681 = FACE_BOUND('',#4682,.T.);
#4682 = EDGE_LOOP('',(#4683,#4684,#4685));
#4683 = ORIENTED_EDGE('',*,*,#4459,.F.);
#4684 = ORIENTED_EDGE('',*,*,#4670,.F.);
#4685 = ORIENTED_EDGE('',*,*,#2412,.F.);
#4686 = PLANE('',#4687);
#4687 = AXIS2_PLACEMENT_3D('',#4688,#4689,#4690);
#4688 = CARTESIAN_POINT('',(14.167394105127,7.385153094089,
    52.207157325745));
#4689 = DIRECTION('',(0.,0.,1.));
#4690 = DIRECTION('',(1.,0.,-0.));
#4691 = ADVANCED_FACE('',(#4692),#4702,.T.);
#4692 = FACE_BOUND('',#4693,.T.);
#4693 = EDGE_LOOP('',(#4694,#4695,#4696));
#4694 = ORIENTED_EDGE('',*,*,#3124,.F.);
#4695 = ORIENTED_EDGE('',*,*,#1852,.F.);
#4696 = ORIENTED_EDGE('',*,*,#4697,.T.);
#4697 = EDGE_CURVE('',#1729,#3084,#4698,.T.);
#4698 = LINE('',#4699,#4700);
#4699 = CARTESIAN_POINT('',(17.517271971703,18.767780065536,
    29.093155145645));
#4700 = VECTOR('',#4701,1.);
#4701 = DIRECTION('',(0.,-0.715781836739,0.698323966505));
#4702 = PLANE('',#4703);
#4703 = AXIS2_PLACEMENT_3D('',#4704,#4705,#4706);
#4704 = CARTESIAN_POINT('',(17.517271971703,16.917389895279,
    32.386265369017));
#4705 = DIRECTION('',(-1.,-0.,-0.));
#4706 = DIRECTION('',(0.,0.,-1.));
#4707 = ADVANCED_FACE('',(#4708),#4723,.T.);
#4708 = FACE_BOUND('',#4709,.T.);
#4709 = EDGE_LOOP('',(#4710,#4716,#4717));
#4710 = ORIENTED_EDGE('',*,*,#4711,.T.);
#4711 = EDGE_CURVE('',#3139,#3084,#4712,.T.);
#4712 = LINE('',#4713,#4714);
#4713 = CARTESIAN_POINT('',(17.517271971703,-6.50522005558,
    29.093155145645));
#4714 = VECTOR('',#4715,1.);
#4715 = DIRECTION('',(0.,0.969416362198,0.245421915695));
#4716 = ORIENTED_EDGE('',*,*,#4697,.F.);
#4717 = ORIENTED_EDGE('',*,*,#4718,.T.);
#4718 = EDGE_CURVE('',#1729,#3139,#4719,.T.);
#4719 = LINE('',#4720,#4721);
#4720 = CARTESIAN_POINT('',(17.517271971703,18.767780065536,
    29.093155145645));
#4721 = VECTOR('',#4722,1.);
#4722 = DIRECTION('',(0.,-1.,0.));
#4723 = PLANE('',#4724);
#4724 = AXIS2_PLACEMENT_3D('',#4725,#4726,#4727);
#4725 = CARTESIAN_POINT('',(17.517271971703,6.489907605939,
    30.427568593647));
#4726 = DIRECTION('',(-1.,-0.,-0.));
#4727 = DIRECTION('',(0.,0.,-1.));
#4728 = ADVANCED_FACE('',(#4729),#4739,.T.);
#4729 = FACE_BOUND('',#4730,.T.);
#4730 = EDGE_LOOP('',(#4731,#4737,#4738));
#4731 = ORIENTED_EDGE('',*,*,#4732,.T.);
#4732 = EDGE_CURVE('',#3045,#3084,#4733,.T.);
#4733 = LINE('',#4734,#4735);
#4734 = CARTESIAN_POINT('',(17.517271971703,-6.50522005558,
    51.191158294678));
#4735 = VECTOR('',#4736,1.);
#4736 = DIRECTION('',(0.,0.7626534067,-0.646807375691));
#4737 = ORIENTED_EDGE('',*,*,#4711,.F.);
#4738 = ORIENTED_EDGE('',*,*,#3138,.F.);
#4739 = PLANE('',#4740);
#4740 = AXIS2_PLACEMENT_3D('',#4741,#4742,#4743);
#4741 = CARTESIAN_POINT('',(17.517271971703,0.319615885672,
    38.560586530051));
#4742 = DIRECTION('',(-1.,-0.,-0.));
#4743 = DIRECTION('',(0.,0.,-1.));
#4744 = ADVANCED_FACE('',(#4745),#4750,.T.);
#4745 = FACE_BOUND('',#4746,.T.);
#4746 = EDGE_LOOP('',(#4747,#4748,#4749));
#4747 = ORIENTED_EDGE('',*,*,#4732,.F.);
#4748 = ORIENTED_EDGE('',*,*,#3053,.F.);
#4749 = ORIENTED_EDGE('',*,*,#3083,.F.);
#4750 = PLANE('',#4751);
#4751 = AXIS2_PLACEMENT_3D('',#4752,#4753,#4754);
#4752 = CARTESIAN_POINT('',(17.517271971703,6.221087625792,
    45.375464734605));
#4753 = DIRECTION('',(-1.,-0.,-0.));
#4754 = DIRECTION('',(0.,0.,-1.));
#4755 = ADVANCED_FACE('',(#4756),#4771,.T.);
#4756 = FACE_BOUND('',#4757,.T.);
#4757 = EDGE_LOOP('',(#4758,#4759,#4765));
#4758 = ORIENTED_EDGE('',*,*,#1911,.F.);
#4759 = ORIENTED_EDGE('',*,*,#4760,.T.);
#4760 = EDGE_CURVE('',#1912,#3904,#4761,.T.);
#4761 = LINE('',#4762,#4763);
#4762 = CARTESIAN_POINT('',(10.913270699978,13.560780489445,
    29.093155145645));
#4763 = VECTOR('',#4764,1.);
#4764 = DIRECTION('',(1.,0.,0.));
#4765 = ORIENTED_EDGE('',*,*,#4766,.T.);
#4766 = EDGE_CURVE('',#3904,#1721,#4767,.T.);
#4767 = LINE('',#4768,#4769);
#4768 = CARTESIAN_POINT('',(13.707272577286,13.560780489445,
    29.093155145645));
#4769 = VECTOR('',#4770,1.);
#4770 = DIRECTION('',(-0.47281798137,0.881160119668,0.));
#4771 = PLANE('',#4772);
#4772 = AXIS2_PLACEMENT_3D('',#4773,#4774,#4775);
#4773 = CARTESIAN_POINT('',(11.78733494957,15.641343588429,
    29.093155145645));
#4774 = DIRECTION('',(0.,0.,1.));
#4775 = DIRECTION('',(1.,0.,-0.));
#4776 = ADVANCED_FACE('',(#4777),#4787,.T.);
#4777 = FACE_BOUND('',#4778,.T.);
#4778 = EDGE_LOOP('',(#4779,#4780,#4781));
#4779 = ORIENTED_EDGE('',*,*,#1728,.F.);
#4780 = ORIENTED_EDGE('',*,*,#4766,.F.);
#4781 = ORIENTED_EDGE('',*,*,#4782,.T.);
#4782 = EDGE_CURVE('',#3904,#1729,#4783,.T.);
#4783 = LINE('',#4784,#4785);
#4784 = CARTESIAN_POINT('',(13.707272577286,13.560780489445,
    29.093155145645));
#4785 = VECTOR('',#4786,1.);
#4786 = DIRECTION('',(0.590509964565,0.807030347478,0.));
#4787 = PLANE('',#4788);
#4788 = AXIS2_PLACEMENT_3D('',#4789,#4790,#4791);
#4789 = CARTESIAN_POINT('',(14.096970603424,17.070857613389,
    29.093155145645));
#4790 = DIRECTION('',(0.,0.,1.));
#4791 = DIRECTION('',(1.,0.,-0.));
#4792 = ADVANCED_FACE('',(#4793),#4803,.T.);
#4793 = FACE_BOUND('',#4794,.T.);
#4794 = EDGE_LOOP('',(#4795,#4796,#4797));
#4795 = ORIENTED_EDGE('',*,*,#4718,.F.);
#4796 = ORIENTED_EDGE('',*,*,#4782,.F.);
#4797 = ORIENTED_EDGE('',*,*,#4798,.T.);
#4798 = EDGE_CURVE('',#3904,#3139,#4799,.T.);
#4799 = LINE('',#4800,#4801);
#4800 = CARTESIAN_POINT('',(13.707272577286,13.560780489445,
    29.093155145645));
#4801 = VECTOR('',#4802,1.);
#4802 = DIRECTION('',(0.1865405835,-0.982447255942,0.));
#4803 = PLANE('',#4804);
#4804 = AXIS2_PLACEMENT_3D('',#4805,#4806,#4807);
#4805 = CARTESIAN_POINT('',(16.535483538192,6.352915897522,
    29.093155145645));
#4806 = DIRECTION('',(0.,0.,1.));
#4807 = DIRECTION('',(1.,0.,-0.));
#4808 = ADVANCED_FACE('',(#4809),#4814,.T.);
#4809 = FACE_BOUND('',#4810,.T.);
#4810 = EDGE_LOOP('',(#4811,#4812,#4813));
#4811 = ORIENTED_EDGE('',*,*,#3215,.F.);
#4812 = ORIENTED_EDGE('',*,*,#4798,.F.);
#4813 = ORIENTED_EDGE('',*,*,#3912,.F.);
#4814 = PLANE('',#4815);
#4815 = AXIS2_PLACEMENT_3D('',#4816,#4817,#4818);
#4816 = CARTESIAN_POINT('',(14.749398960472,2.664906902911,
    29.093155145645));
#4817 = DIRECTION('',(0.,0.,1.));
#4818 = DIRECTION('',(1.,0.,-0.));
#4819 = ADVANCED_FACE('',(#4820),#4844,.T.);
#4820 = FACE_BOUND('',#4821,.T.);
#4821 = EDGE_LOOP('',(#4822,#4830,#4838));
#4822 = ORIENTED_EDGE('',*,*,#4823,.T.);
#4823 = EDGE_CURVE('',#4824,#4631,#4826,.T.);
#4824 = VERTEX_POINT('',#4825);
#4825 = CARTESIAN_POINT('',(-11.69272817969,-1.472550375015,
    18.679155993462));
#4826 = LINE('',#4827,#4828);
#4827 = CARTESIAN_POINT('',(-11.69272817969,-1.472550375015,
    18.679155993462));
#4828 = VECTOR('',#4829,1.);
#4829 = DIRECTION('',(-1.,0.,0.));
#4830 = ORIENTED_EDGE('',*,*,#4831,.T.);
#4831 = EDGE_CURVE('',#4631,#4832,#4834,.T.);
#4832 = VERTEX_POINT('',#4833);
#4833 = CARTESIAN_POINT('',(-11.69272817969,-2.182757619023,
    18.679155993462));
#4834 = LINE('',#4835,#4836);
#4835 = CARTESIAN_POINT('',(-23.03382902145,-1.472550375015,
    18.679155993462));
#4836 = VECTOR('',#4837,1.);
#4837 = DIRECTION('',(0.998044964134,-6.249999654036E-02,0.));
#4838 = ORIENTED_EDGE('',*,*,#4839,.T.);
#4839 = EDGE_CURVE('',#4832,#4824,#4840,.T.);
#4840 = LINE('',#4841,#4842);
#4841 = CARTESIAN_POINT('',(-11.69272817969,-2.182757619023,
    18.679155993462));
#4842 = VECTOR('',#4843,1.);
#4843 = DIRECTION('',(0.,1.,0.));
#4844 = PLANE('',#4845);
#4845 = AXIS2_PLACEMENT_3D('',#4846,#4847,#4848);
#4846 = CARTESIAN_POINT('',(-17.19128071241,-1.655656108863,
    18.679155993462));
#4847 = DIRECTION('',(0.,0.,1.));
#4848 = DIRECTION('',(1.,0.,-0.));
#4849 = ADVANCED_FACE('',(#4850),#4867,.T.);
#4850 = FACE_BOUND('',#4851,.T.);
#4851 = EDGE_LOOP('',(#4852,#4853,#4861));
#4852 = ORIENTED_EDGE('',*,*,#4823,.F.);
#4853 = ORIENTED_EDGE('',*,*,#4854,.T.);
#4854 = EDGE_CURVE('',#4824,#4855,#4857,.T.);
#4855 = VERTEX_POINT('',#4856);
#4856 = CARTESIAN_POINT('',(-11.69272817969,11.173180192709,
    15.504155993462));
#4857 = LINE('',#4858,#4859);
#4858 = CARTESIAN_POINT('',(-11.69272817969,-1.472550375015,
    18.679155993462));
#4859 = VECTOR('',#4860,1.);
#4860 = DIRECTION('',(0.,0.969897162558,-0.243514874418));
#4861 = ORIENTED_EDGE('',*,*,#4862,.T.);
#4862 = EDGE_CURVE('',#4855,#4631,#4863,.T.);
#4863 = LINE('',#4864,#4865);
#4864 = CARTESIAN_POINT('',(-11.69272817969,11.173180192709,
    15.504155993462));
#4865 = VECTOR('',#4866,1.);
#4866 = DIRECTION('',(-0.656294700019,-0.731791919079,0.183733105069));
#4867 = PLANE('',#4868);
#4868 = AXIS2_PLACEMENT_3D('',#4869,#4870,#4871);
#4869 = CARTESIAN_POINT('',(-15.58857401547,3.129033967378,
    17.523822957632));
#4870 = DIRECTION('',(0.,0.243514874418,0.969897162558));
#4871 = DIRECTION('',(0.,0.969897162558,-0.243514874418));
#4872 = ADVANCED_FACE('',(#4873),#4890,.T.);
#4873 = FACE_BOUND('',#4874,.T.);
#4874 = EDGE_LOOP('',(#4875,#4883,#4884));
#4875 = ORIENTED_EDGE('',*,*,#4876,.T.);
#4876 = EDGE_CURVE('',#4877,#4631,#4879,.T.);
#4877 = VERTEX_POINT('',#4878);
#4878 = CARTESIAN_POINT('',(-23.03382902145,11.173180192709,
    15.504155993462));
#4879 = LINE('',#4880,#4881);
#4880 = CARTESIAN_POINT('',(-23.03382902145,11.173180192709,
    15.504155993462));
#4881 = VECTOR('',#4882,1.);
#4882 = DIRECTION('',(0.,-0.969897162558,0.243514874418));
#4883 = ORIENTED_EDGE('',*,*,#4862,.F.);
#4884 = ORIENTED_EDGE('',*,*,#4885,.T.);
#4885 = EDGE_CURVE('',#4855,#4877,#4886,.T.);
#4886 = LINE('',#4887,#4888);
#4887 = CARTESIAN_POINT('',(-11.69272817969,11.173180192709,
    15.504155993462));
#4888 = VECTOR('',#4889,1.);
#4889 = DIRECTION('',(-1.,0.,0.));
#4890 = PLANE('',#4891);
#4891 = AXIS2_PLACEMENT_3D('',#4892,#4893,#4894);
#4892 = CARTESIAN_POINT('',(-19.13798318567,6.571595850317,
    16.659489029292));
#4893 = DIRECTION('',(0.,0.243514874418,0.969897162558));
#4894 = DIRECTION('',(0.,0.969897162558,-0.243514874418));
#4895 = ADVANCED_FACE('',(#4896),#4906,.T.);
#4896 = FACE_BOUND('',#4897,.T.);
#4897 = EDGE_LOOP('',(#4898,#4899,#4900));
#4898 = ORIENTED_EDGE('',*,*,#4630,.F.);
#4899 = ORIENTED_EDGE('',*,*,#4505,.F.);
#4900 = ORIENTED_EDGE('',*,*,#4901,.T.);
#4901 = EDGE_CURVE('',#4506,#4631,#4902,.T.);
#4902 = LINE('',#4903,#4904);
#4903 = CARTESIAN_POINT('',(-11.69272817969,-2.182757619023,
    20.761954915524));
#4904 = VECTOR('',#4905,1.);
#4905 = DIRECTION('',(-0.981690860954,6.147586293029E-02,-0.180288024551
    ));
#4906 = PLANE('',#4907);
#4907 = AXIS2_PLACEMENT_3D('',#4908,#4909,#4910);
#4908 = CARTESIAN_POINT('',(-17.8357271622,-1.798068122105,
    20.193929479321));
#4909 = DIRECTION('',(6.249999654036E-02,0.998044964134,0.));
#4910 = DIRECTION('',(0.998044964134,-6.249999654036E-02,0.));
#4911 = ADVANCED_FACE('',(#4912),#4922,.T.);
#4912 = FACE_BOUND('',#4913,.T.);
#4913 = EDGE_LOOP('',(#4914,#4915,#4916));
#4914 = ORIENTED_EDGE('',*,*,#4831,.F.);
#4915 = ORIENTED_EDGE('',*,*,#4901,.F.);
#4916 = ORIENTED_EDGE('',*,*,#4917,.T.);
#4917 = EDGE_CURVE('',#4506,#4832,#4918,.T.);
#4918 = LINE('',#4919,#4920);
#4919 = CARTESIAN_POINT('',(-11.69272817969,-2.182757619023,
    20.761954915524));
#4920 = VECTOR('',#4921,1.);
#4921 = DIRECTION('',(0.,0.,-1.));
#4922 = PLANE('',#4923);
#4923 = AXIS2_PLACEMENT_3D('',#4924,#4925,#4926);
#4924 = CARTESIAN_POINT('',(-16.89083003894,-1.857239871933,
    19.247181429664));
#4925 = DIRECTION('',(6.249999654036E-02,0.998044964134,0.));
#4926 = DIRECTION('',(0.998044964134,-6.249999654036E-02,0.));
#4927 = ADVANCED_FACE('',(#4928),#4945,.T.);
#4928 = FACE_BOUND('',#4929,.T.);
#4929 = EDGE_LOOP('',(#4930,#4931,#4939));
#4930 = ORIENTED_EDGE('',*,*,#3554,.F.);
#4931 = ORIENTED_EDGE('',*,*,#4932,.T.);
#4932 = EDGE_CURVE('',#3487,#4933,#4935,.T.);
#4933 = VERTEX_POINT('',#4934);
#4934 = CARTESIAN_POINT('',(-11.69272817969,-12.22021990418,
    37.729155993462));
#4935 = LINE('',#4936,#4937);
#4936 = CARTESIAN_POINT('',(-11.69272817969,-6.50522005558,
    37.729155993462));
#4937 = VECTOR('',#4938,1.);
#4938 = DIRECTION('',(0.,-1.,0.));
#4939 = ORIENTED_EDGE('',*,*,#4940,.T.);
#4940 = EDGE_CURVE('',#4933,#3555,#4941,.T.);
#4941 = LINE('',#4942,#4943);
#4942 = CARTESIAN_POINT('',(-11.69272817969,-12.22021990418,
    37.729155993462));
#4943 = VECTOR('',#4944,1.);
#4944 = DIRECTION('',(0.,0.3192054318,-0.947685545057));
#4945 = PLANE('',#4946);
#4946 = AXIS2_PLACEMENT_3D('',#4947,#4948,#4949);
#4947 = CARTESIAN_POINT('',(-11.69272817969,-8.168127297257,
    30.440148137117));
#4948 = DIRECTION('',(1.,0.,0.));
#4949 = DIRECTION('',(0.,0.,1.));
#4950 = ADVANCED_FACE('',(#4951),#4968,.T.);
#4951 = FACE_BOUND('',#4952,.T.);
#4952 = EDGE_LOOP('',(#4953,#4961,#4962));
#4953 = ORIENTED_EDGE('',*,*,#4954,.T.);
#4954 = EDGE_CURVE('',#4955,#3555,#4957,.T.);
#4955 = VERTEX_POINT('',#4956);
#4956 = CARTESIAN_POINT('',(-11.69272817969,-12.22021990418,
    15.504155993462));
#4957 = LINE('',#4958,#4959);
#4958 = CARTESIAN_POINT('',(-11.69272817969,-12.22021990418,
    15.504155993462));
#4959 = VECTOR('',#4960,1.);
#4960 = DIRECTION('',(0.,0.735931071988,0.677056465357));
#4961 = ORIENTED_EDGE('',*,*,#4940,.F.);
#4962 = ORIENTED_EDGE('',*,*,#4963,.T.);
#4963 = EDGE_CURVE('',#4933,#4955,#4964,.T.);
#4964 = LINE('',#4965,#4966);
#4965 = CARTESIAN_POINT('',(-11.69272817969,-12.22021990418,
    37.729155993462));
#4966 = VECTOR('',#4967,1.);
#4967 = DIRECTION('',(0.,0.,-1.));
#4968 = PLANE('',#4969);
#4969 = AXIS2_PLACEMENT_3D('',#4970,#4971,#4972);
#4970 = CARTESIAN_POINT('',(-11.69272817969,-10.68871632502,
    26.223844823821));
#4971 = DIRECTION('',(1.,0.,0.));
#4972 = DIRECTION('',(0.,0.,1.));
#4973 = ADVANCED_FACE('',(#4974),#4991,.T.);
#4974 = FACE_BOUND('',#4975,.T.);
#4975 = EDGE_LOOP('',(#4976,#4984,#4985));
#4976 = ORIENTED_EDGE('',*,*,#4977,.T.);
#4977 = EDGE_CURVE('',#4978,#3555,#4980,.T.);
#4978 = VERTEX_POINT('',#4979);
#4979 = CARTESIAN_POINT('',(-11.69272817969,-3.863620001078,
    15.504155993462));
#4980 = LINE('',#4981,#4982);
#4981 = CARTESIAN_POINT('',(-11.69272817969,-3.863620001078,
    15.504155993462));
#4982 = VECTOR('',#4983,1.);
#4983 = DIRECTION('',(0.,-0.448939533243,0.893562138573));
#4984 = ORIENTED_EDGE('',*,*,#4954,.F.);
#4985 = ORIENTED_EDGE('',*,*,#4986,.T.);
#4986 = EDGE_CURVE('',#4955,#4978,#4987,.T.);
#4987 = LINE('',#4988,#4989);
#4988 = CARTESIAN_POINT('',(-11.69272817969,-12.22021990418,
    15.504155993462));
#4989 = VECTOR('',#4990,1.);
#4990 = DIRECTION('',(0.,1.,0.));
#4991 = PLANE('',#4992);
#4992 = AXIS2_PLACEMENT_3D('',#4993,#4994,#4995);
#4993 = CARTESIAN_POINT('',(-11.69272817969,-7.74396599767,
    17.13476861299));
#4994 = DIRECTION('',(1.,0.,0.));
#4995 = DIRECTION('',(0.,0.,1.));
#4996 = ADVANCED_FACE('',(#4997),#5021,.T.);
#4997 = FACE_BOUND('',#4998,.T.);
#4998 = EDGE_LOOP('',(#4999,#5007,#5015));
#4999 = ORIENTED_EDGE('',*,*,#5000,.T.);
#5000 = EDGE_CURVE('',#4978,#5001,#5003,.T.);
#5001 = VERTEX_POINT('',#5002);
#5002 = CARTESIAN_POINT('',(-11.69272817969,-3.863620001078,
    7.655797082186));
#5003 = LINE('',#5004,#5005);
#5004 = CARTESIAN_POINT('',(-11.69272817969,-3.863620001078,
    15.504155993462));
#5005 = VECTOR('',#5006,1.);
#5006 = DIRECTION('',(0.,0.,-1.));
#5007 = ORIENTED_EDGE('',*,*,#5008,.T.);
#5008 = EDGE_CURVE('',#5001,#5009,#5011,.T.);
#5009 = VERTEX_POINT('',#5010);
#5010 = CARTESIAN_POINT('',(-11.69272817969,-1.223429725319,
    8.17539730072));
#5011 = LINE('',#5012,#5013);
#5012 = CARTESIAN_POINT('',(-11.69272817969,-3.863620001078,
    7.655797082186));
#5013 = VECTOR('',#5014,1.);
#5014 = DIRECTION('',(0.,0.981179072692,0.193100044824));
#5015 = ORIENTED_EDGE('',*,*,#5016,.T.);
#5016 = EDGE_CURVE('',#5009,#4978,#5017,.T.);
#5017 = LINE('',#5018,#5019);
#5018 = CARTESIAN_POINT('',(-11.69272817969,-1.223429725319,
    8.17539730072));
#5019 = VECTOR('',#5020,1.);
#5020 = DIRECTION('',(0.,-0.338928241238,0.940812227435));
#5021 = PLANE('',#5022);
#5022 = AXIS2_PLACEMENT_3D('',#5023,#5024,#5025);
#5023 = CARTESIAN_POINT('',(-11.69272817969,-3.10878060624,
    11.152433560462));
#5024 = DIRECTION('',(1.,0.,0.));
#5025 = DIRECTION('',(0.,0.,1.));
#5026 = ADVANCED_FACE('',(#5027),#5044,.T.);
#5027 = FACE_BOUND('',#5028,.T.);
#5028 = EDGE_LOOP('',(#5029,#5037,#5038));
#5029 = ORIENTED_EDGE('',*,*,#5030,.T.);
#5030 = EDGE_CURVE('',#5031,#4978,#5033,.T.);
#5031 = VERTEX_POINT('',#5032);
#5032 = CARTESIAN_POINT('',(-11.69272817969,2.671210896224E-02,
    9.022415155172));
#5033 = LINE('',#5034,#5035);
#5034 = CARTESIAN_POINT('',(-11.69272817969,2.671210896224E-02,
    9.022415155172));
#5035 = VECTOR('',#5036,1.);
#5036 = DIRECTION('',(0.,-0.514620990575,0.857417772185));
#5037 = ORIENTED_EDGE('',*,*,#5016,.F.);
#5038 = ORIENTED_EDGE('',*,*,#5039,.T.);
#5039 = EDGE_CURVE('',#5009,#5031,#5040,.T.);
#5040 = LINE('',#5041,#5042);
#5041 = CARTESIAN_POINT('',(-11.69272817969,-1.223429725319,
    8.17539730072));
#5042 = VECTOR('',#5043,1.);
#5043 = DIRECTION('',(0.,0.827873307835,0.560915132773));
#5044 = PLANE('',#5045);
#5045 = AXIS2_PLACEMENT_3D('',#5046,#5047,#5048);
#5046 = CARTESIAN_POINT('',(-11.69272817969,-2.089026236641,
    11.739396300937));
#5047 = DIRECTION('',(1.,0.,0.));
#5048 = DIRECTION('',(0.,0.,1.));
#5049 = ADVANCED_FACE('',(#5050),#5067,.T.);
#5050 = FACE_BOUND('',#5051,.T.);
#5051 = EDGE_LOOP('',(#5052,#5060,#5061));
#5052 = ORIENTED_EDGE('',*,*,#5053,.T.);
#5053 = EDGE_CURVE('',#5054,#4978,#5056,.T.);
#5054 = VERTEX_POINT('',#5055);
#5055 = CARTESIAN_POINT('',(-11.69272817969,1.419335319847,
    9.606278347969));
#5056 = LINE('',#5057,#5058);
#5057 = CARTESIAN_POINT('',(-11.69272817969,1.419335319847,
    9.606278347969));
#5058 = VECTOR('',#5059,1.);
#5059 = DIRECTION('',(0.,-0.667209078967,0.744870488706));
#5060 = ORIENTED_EDGE('',*,*,#5030,.F.);
#5061 = ORIENTED_EDGE('',*,*,#5062,.T.);
#5062 = EDGE_CURVE('',#5031,#5054,#5063,.T.);
#5063 = LINE('',#5064,#5065);
#5064 = CARTESIAN_POINT('',(-11.69272817969,2.671210896224E-02,
    9.022415155172));
#5065 = VECTOR('',#5066,1.);
#5066 = DIRECTION('',(0.,0.922227463797,0.386647779018));
#5067 = PLANE('',#5068);
#5068 = AXIS2_PLACEMENT_3D('',#5069,#5070,#5071);
#5069 = CARTESIAN_POINT('',(-11.69272817969,-1.359095554278,
    12.137218963038));
#5070 = DIRECTION('',(1.,0.,0.));
#5071 = DIRECTION('',(0.,0.,1.));
#5072 = ADVANCED_FACE('',(#5073),#5097,.T.);
#5073 = FACE_BOUND('',#5074,.T.);
#5074 = EDGE_LOOP('',(#5075,#5083,#5091));
#5075 = ORIENTED_EDGE('',*,*,#5076,.T.);
#5076 = EDGE_CURVE('',#5001,#5077,#5079,.T.);
#5077 = VERTEX_POINT('',#5078);
#5078 = CARTESIAN_POINT('',(-11.69272817969,-3.700213974714,
    7.142149746418));
#5079 = LINE('',#5080,#5081);
#5080 = CARTESIAN_POINT('',(-11.69272817969,-3.863620001078,
    7.655797082186));
#5081 = VECTOR('',#5082,1.);
#5082 = DIRECTION('',(0.,0.303157805118,-0.952940368122));
#5083 = ORIENTED_EDGE('',*,*,#5084,.T.);
#5084 = EDGE_CURVE('',#5077,#5085,#5087,.T.);
#5085 = VERTEX_POINT('',#5086);
#5086 = CARTESIAN_POINT('',(-11.69272817969,-3.270067098737,
    6.817327034473));
#5087 = LINE('',#5088,#5089);
#5088 = CARTESIAN_POINT('',(-11.69272817969,-3.700213974714,
    7.142149746418));
#5089 = VECTOR('',#5090,1.);
#5090 = DIRECTION('',(0.,0.798025373465,-0.602623848936));
#5091 = ORIENTED_EDGE('',*,*,#5092,.T.);
#5092 = EDGE_CURVE('',#5085,#5001,#5093,.T.);
#5093 = LINE('',#5094,#5095);
#5094 = CARTESIAN_POINT('',(-11.69272817969,-3.270067098737,
    6.817327034473));
#5095 = VECTOR('',#5096,1.);
#5096 = DIRECTION('',(0.,-0.577781771891,0.816191291347));
#5097 = PLANE('',#5098);
#5098 = AXIS2_PLACEMENT_3D('',#5099,#5100,#5101);
#5099 = CARTESIAN_POINT('',(-11.69272817969,-3.600989533248,
    7.212390132761));
#5100 = DIRECTION('',(1.,0.,0.));
#5101 = DIRECTION('',(0.,0.,1.));
#5102 = ADVANCED_FACE('',(#5103),#5120,.T.);
#5103 = FACE_BOUND('',#5104,.T.);
#5104 = EDGE_LOOP('',(#5105,#5113,#5114));
#5105 = ORIENTED_EDGE('',*,*,#5106,.T.);
#5106 = EDGE_CURVE('',#5107,#5001,#5109,.T.);
#5107 = VERTEX_POINT('',#5108);
#5108 = CARTESIAN_POINT('',(-11.69272817969,-2.731308688223,
    6.800740867853));
#5109 = LINE('',#5110,#5111);
#5110 = CARTESIAN_POINT('',(-11.69272817969,-2.731308688223,
    6.800740867853));
#5111 = VECTOR('',#5112,1.);
#5112 = DIRECTION('',(0.,-0.798025902986,0.602623147716));
#5113 = ORIENTED_EDGE('',*,*,#5092,.F.);
#5114 = ORIENTED_EDGE('',*,*,#5115,.T.);
#5115 = EDGE_CURVE('',#5085,#5107,#5116,.T.);
#5116 = LINE('',#5117,#5118);
#5117 = CARTESIAN_POINT('',(-11.69272817969,-3.270067098737,
    6.817327034473));
#5118 = VECTOR('',#5119,1.);
#5119 = DIRECTION('',(0.,0.999526450534,-3.077132890439E-02));
#5120 = PLANE('',#5121);
#5121 = AXIS2_PLACEMENT_3D('',#5122,#5123,#5124);
#5122 = CARTESIAN_POINT('',(-11.69272817969,-3.336579182918,
    7.15542496214));
#5123 = DIRECTION('',(1.,0.,0.));
#5124 = DIRECTION('',(0.,0.,1.));
#5125 = ADVANCED_FACE('',(#5126),#5143,.T.);
#5126 = FACE_BOUND('',#5127,.T.);
#5127 = EDGE_LOOP('',(#5128,#5136,#5137));
#5128 = ORIENTED_EDGE('',*,*,#5129,.T.);
#5129 = EDGE_CURVE('',#5130,#5001,#5132,.T.);
#5130 = VERTEX_POINT('',#5131);
#5131 = CARTESIAN_POINT('',(-11.69272817969,-2.281995671988,
    7.098488712311));
#5132 = LINE('',#5133,#5134);
#5133 = CARTESIAN_POINT('',(-11.69272817969,-2.281995671988,
    7.098488712311));
#5134 = VECTOR('',#5135,1.);
#5135 = DIRECTION('',(0.,-0.943160890636,0.332336477647));
#5136 = ORIENTED_EDGE('',*,*,#5106,.F.);
#5137 = ORIENTED_EDGE('',*,*,#5138,.T.);
#5138 = EDGE_CURVE('',#5107,#5130,#5139,.T.);
#5139 = LINE('',#5140,#5141);
#5140 = CARTESIAN_POINT('',(-11.69272817969,-2.731308688223,
    6.800740867853));
#5141 = VECTOR('',#5142,1.);
#5142 = DIRECTION('',(0.,0.8335833842,0.552393647307));
#5143 = PLANE('',#5144);
#5144 = AXIS2_PLACEMENT_3D('',#5145,#5146,#5147);
#5145 = CARTESIAN_POINT('',(-11.69272817969,-3.076548632107,
    7.255630305023));
#5146 = DIRECTION('',(1.,0.,0.));
#5147 = DIRECTION('',(0.,0.,1.));
#5148 = ADVANCED_FACE('',(#5149),#5159,.T.);
#5149 = FACE_BOUND('',#5150,.T.);
#5150 = EDGE_LOOP('',(#5151,#5152,#5158));
#5151 = ORIENTED_EDGE('',*,*,#5129,.F.);
#5152 = ORIENTED_EDGE('',*,*,#5153,.T.);
#5153 = EDGE_CURVE('',#5130,#5009,#5154,.T.);
#5154 = LINE('',#5155,#5156);
#5155 = CARTESIAN_POINT('',(-11.69272817969,-2.281995671988,
    7.098488712311));
#5156 = VECTOR('',#5157,1.);
#5157 = DIRECTION('',(0.,0.701007233584,0.713154161779));
#5158 = ORIENTED_EDGE('',*,*,#5008,.F.);
#5159 = PLANE('',#5160);
#5160 = AXIS2_PLACEMENT_3D('',#5161,#5162,#5163);
#5161 = CARTESIAN_POINT('',(-11.69272817969,-2.49136260895,
    7.690388333524));
#5162 = DIRECTION('',(1.,0.,0.));
#5163 = DIRECTION('',(0.,0.,1.));
#5164 = ADVANCED_FACE('',(#5165),#5180,.T.);
#5165 = FACE_BOUND('',#5166,.T.);
#5166 = EDGE_LOOP('',(#5167,#5173,#5174));
#5167 = ORIENTED_EDGE('',*,*,#5168,.T.);
#5168 = EDGE_CURVE('',#4824,#4978,#5169,.T.);
#5169 = LINE('',#5170,#5171);
#5170 = CARTESIAN_POINT('',(-11.69272817969,-1.472550375015,
    18.679155993462));
#5171 = VECTOR('',#5172,1.);
#5172 = DIRECTION('',(0.,-0.601579989051,-0.798812566735));
#5173 = ORIENTED_EDGE('',*,*,#5053,.F.);
#5174 = ORIENTED_EDGE('',*,*,#5175,.T.);
#5175 = EDGE_CURVE('',#5054,#4824,#5176,.T.);
#5176 = LINE('',#5177,#5178);
#5177 = CARTESIAN_POINT('',(-11.69272817969,1.419335319847,
    9.606278347969));
#5178 = VECTOR('',#5179,1.);
#5179 = DIRECTION('',(0.,-0.303686229778,0.952772099635));
#5180 = PLANE('',#5181);
#5181 = AXIS2_PLACEMENT_3D('',#5182,#5183,#5184);
#5182 = CARTESIAN_POINT('',(-11.69272817969,-0.958895536278,
    14.103081305481));
#5183 = DIRECTION('',(1.,0.,0.));
#5184 = DIRECTION('',(0.,0.,1.));
#5185 = ADVANCED_FACE('',(#5186),#5203,.T.);
#5186 = FACE_BOUND('',#5187,.T.);
#5187 = EDGE_LOOP('',(#5188,#5196,#5197));
#5188 = ORIENTED_EDGE('',*,*,#5189,.T.);
#5189 = EDGE_CURVE('',#5190,#4824,#5192,.T.);
#5190 = VERTEX_POINT('',#5191);
#5191 = CARTESIAN_POINT('',(-11.69272817969,2.899747867882,
    9.904056471586));
#5192 = LINE('',#5193,#5194);
#5193 = CARTESIAN_POINT('',(-11.69272817969,2.899747867882,
    9.904056471586));
#5194 = VECTOR('',#5195,1.);
#5195 = DIRECTION('',(0.,-0.445968654815,0.895048579085));
#5196 = ORIENTED_EDGE('',*,*,#5175,.F.);
#5197 = ORIENTED_EDGE('',*,*,#5198,.T.);
#5198 = EDGE_CURVE('',#5054,#5190,#5199,.T.);
#5199 = LINE('',#5200,#5201);
#5200 = CARTESIAN_POINT('',(-11.69272817969,1.419335319847,
    9.606278347969));
#5201 = VECTOR('',#5202,1.);
#5202 = DIRECTION('',(0.,0.980364143663,0.197195704366));
#5203 = PLANE('',#5204);
#5204 = AXIS2_PLACEMENT_3D('',#5205,#5206,#5207);
#5205 = CARTESIAN_POINT('',(-11.69272817969,0.480105699001,
    13.894800778266));
#5206 = DIRECTION('',(1.,0.,0.));
#5207 = DIRECTION('',(0.,0.,1.));
#5208 = ADVANCED_FACE('',(#5209),#5226,.T.);
#5209 = FACE_BOUND('',#5210,.T.);
#5210 = EDGE_LOOP('',(#5211,#5219,#5220));
#5211 = ORIENTED_EDGE('',*,*,#5212,.T.);
#5212 = EDGE_CURVE('',#5213,#4824,#5215,.T.);
#5213 = VERTEX_POINT('',#5214);
#5214 = CARTESIAN_POINT('',(-11.69272817969,4.409812512994,
    9.904056471586));
#5215 = LINE('',#5216,#5217);
#5216 = CARTESIAN_POINT('',(-11.69272817969,4.409812512994,
    9.904056471586));
#5217 = VECTOR('',#5218,1.);
#5218 = DIRECTION('',(0.,-0.556814881705,0.830636615803));
#5219 = ORIENTED_EDGE('',*,*,#5189,.F.);
#5220 = ORIENTED_EDGE('',*,*,#5221,.T.);
#5221 = EDGE_CURVE('',#5190,#5213,#5222,.T.);
#5222 = LINE('',#5223,#5224);
#5223 = CARTESIAN_POINT('',(-11.69272817969,2.899747867882,
    9.904056471586));
#5224 = VECTOR('',#5225,1.);
#5225 = DIRECTION('',(0.,1.,0.));
#5226 = PLANE('',#5227);
#5227 = AXIS2_PLACEMENT_3D('',#5228,#5229,#5230);
#5228 = CARTESIAN_POINT('',(-11.69272817969,1.28117936811,
    13.988774307981));
#5229 = DIRECTION('',(1.,0.,0.));
#5230 = DIRECTION('',(0.,0.,1.));
#5231 = ADVANCED_FACE('',(#5232),#5242,.T.);
#5232 = FACE_BOUND('',#5233,.T.);
#5233 = EDGE_LOOP('',(#5234,#5235,#5236));
#5234 = ORIENTED_EDGE('',*,*,#4854,.F.);
#5235 = ORIENTED_EDGE('',*,*,#5212,.F.);
#5236 = ORIENTED_EDGE('',*,*,#5237,.T.);
#5237 = EDGE_CURVE('',#5213,#4855,#5238,.T.);
#5238 = LINE('',#5239,#5240);
#5239 = CARTESIAN_POINT('',(-11.69272817969,4.409812512994,
    9.904056471586));
#5240 = VECTOR('',#5241,1.);
#5241 = DIRECTION('',(0.,0.770236011069,0.637758957014));
#5242 = PLANE('',#5243);
#5243 = AXIS2_PLACEMENT_3D('',#5244,#5245,#5246);
#5244 = CARTESIAN_POINT('',(-11.69272817969,4.54463649702,
    14.988505157512));
#5245 = DIRECTION('',(1.,0.,0.));
#5246 = DIRECTION('',(0.,0.,1.));
#5247 = ADVANCED_FACE('',(#5248),#5265,.T.);
#5248 = FACE_BOUND('',#5249,.T.);
#5249 = EDGE_LOOP('',(#5250,#5258,#5259));
#5250 = ORIENTED_EDGE('',*,*,#5251,.T.);
#5251 = EDGE_CURVE('',#5252,#4855,#5254,.T.);
#5252 = VERTEX_POINT('',#5253);
#5253 = CARTESIAN_POINT('',(-11.69272817969,5.890224966407,
    9.606278347969));
#5254 = LINE('',#5255,#5256);
#5255 = CARTESIAN_POINT('',(-11.69272817969,5.890224966407,
    9.606278347969));
#5256 = VECTOR('',#5257,1.);
#5257 = DIRECTION('',(0.,0.667209072336,0.744870494645));
#5258 = ORIENTED_EDGE('',*,*,#5237,.F.);
#5259 = ORIENTED_EDGE('',*,*,#5260,.T.);
#5260 = EDGE_CURVE('',#5213,#5252,#5261,.T.);
#5261 = LINE('',#5262,#5263);
#5262 = CARTESIAN_POINT('',(-11.69272817969,4.409812512994,
    9.904056471586));
#5263 = VECTOR('',#5264,1.);
#5264 = DIRECTION('',(0.,0.980364141226,-0.197195716479));
#5265 = PLANE('',#5266);
#5266 = AXIS2_PLACEMENT_3D('',#5267,#5268,#5269);
#5267 = CARTESIAN_POINT('',(-11.69272817969,7.894310923556,
    12.394808562793));
#5268 = DIRECTION('',(1.,0.,0.));
#5269 = DIRECTION('',(0.,0.,1.));
#5270 = ADVANCED_FACE('',(#5271),#5288,.T.);
#5271 = FACE_BOUND('',#5272,.T.);
#5272 = EDGE_LOOP('',(#5273,#5281,#5282));
#5273 = ORIENTED_EDGE('',*,*,#5274,.T.);
#5274 = EDGE_CURVE('',#5275,#4855,#5277,.T.);
#5275 = VERTEX_POINT('',#5276);
#5276 = CARTESIAN_POINT('',(-11.69272817969,7.28284791708,9.022415155172
    ));
#5277 = LINE('',#5278,#5279);
#5278 = CARTESIAN_POINT('',(-11.69272817969,7.28284791708,9.022415155172
    ));
#5279 = VECTOR('',#5280,1.);
#5280 = DIRECTION('',(0.,0.514621006679,0.85741776252));
#5281 = ORIENTED_EDGE('',*,*,#5251,.F.);
#5282 = ORIENTED_EDGE('',*,*,#5283,.T.);
#5283 = EDGE_CURVE('',#5252,#5275,#5284,.T.);
#5284 = LINE('',#5285,#5286);
#5285 = CARTESIAN_POINT('',(-11.69272817969,5.890224966407,
    9.606278347969));
#5286 = VECTOR('',#5287,1.);
#5287 = DIRECTION('',(0.,0.922227438036,-0.386647840462));
#5288 = PLANE('',#5289);
#5289 = AXIS2_PLACEMENT_3D('',#5290,#5291,#5292);
#5290 = CARTESIAN_POINT('',(-11.69272817969,8.668655760691,
    12.137219001993));
#5291 = DIRECTION('',(1.,0.,0.));
#5292 = DIRECTION('',(0.,0.,1.));
#5293 = ADVANCED_FACE('',(#5294),#5311,.T.);
#5294 = FACE_BOUND('',#5295,.T.);
#5295 = EDGE_LOOP('',(#5296,#5297,#5305));
#5296 = ORIENTED_EDGE('',*,*,#5274,.F.);
#5297 = ORIENTED_EDGE('',*,*,#5298,.T.);
#5298 = EDGE_CURVE('',#5275,#5299,#5301,.T.);
#5299 = VERTEX_POINT('',#5300);
#5300 = CARTESIAN_POINT('',(-11.69272817969,8.532989633083,8.17539730072
    ));
#5301 = LINE('',#5302,#5303);
#5302 = CARTESIAN_POINT('',(-11.69272817969,7.28284791708,9.022415155172
    ));
#5303 = VECTOR('',#5304,1.);
#5304 = DIRECTION('',(0.,0.827873283192,-0.560915169145));
#5305 = ORIENTED_EDGE('',*,*,#5306,.T.);
#5306 = EDGE_CURVE('',#5299,#4855,#5307,.T.);
#5307 = LINE('',#5308,#5309);
#5308 = CARTESIAN_POINT('',(-11.69272817969,8.532989633083,8.17539730072
    ));
#5309 = VECTOR('',#5310,1.);
#5310 = DIRECTION('',(0.,0.338928273493,0.940812215815));
#5311 = PLANE('',#5312);
#5312 = AXIS2_PLACEMENT_3D('',#5313,#5314,#5315);
#5313 = CARTESIAN_POINT('',(-11.69272817969,9.39858631583,
    11.739396322398));
#5314 = DIRECTION('',(1.,0.,0.));
#5315 = DIRECTION('',(0.,0.,1.));
#5316 = ADVANCED_FACE('',(#5317),#5334,.T.);
#5317 = FACE_BOUND('',#5318,.T.);
#5318 = EDGE_LOOP('',(#5319,#5327,#5328));
#5319 = ORIENTED_EDGE('',*,*,#5320,.T.);
#5320 = EDGE_CURVE('',#5321,#4855,#5323,.T.);
#5321 = VERTEX_POINT('',#5322);
#5322 = CARTESIAN_POINT('',(-11.69272817969,11.173180192709,
    7.655797082186));
#5323 = LINE('',#5324,#5325);
#5324 = CARTESIAN_POINT('',(-11.69272817969,11.173180192709,
    7.655797082186));
#5325 = VECTOR('',#5326,1.);
#5326 = DIRECTION('',(0.,0.,1.));
#5327 = ORIENTED_EDGE('',*,*,#5306,.F.);
#5328 = ORIENTED_EDGE('',*,*,#5329,.T.);
#5329 = EDGE_CURVE('',#5299,#5321,#5330,.T.);
#5330 = LINE('',#5331,#5332);
#5331 = CARTESIAN_POINT('',(-11.69272817969,8.532989633083,8.17539730072
    ));
#5332 = VECTOR('',#5333,1.);
#5333 = DIRECTION('',(0.,0.981179076626,-0.193100024836));
#5334 = PLANE('',#5335);
#5335 = AXIS2_PLACEMENT_3D('',#5336,#5337,#5338);
#5336 = CARTESIAN_POINT('',(-11.69272817969,10.418340705156,
    11.152433514883));
#5337 = DIRECTION('',(1.,0.,0.));
#5338 = DIRECTION('',(0.,0.,1.));
#5339 = ADVANCED_FACE('',(#5340),#5357,.T.);
#5340 = FACE_BOUND('',#5341,.T.);
#5341 = EDGE_LOOP('',(#5342,#5350,#5351));
#5342 = ORIENTED_EDGE('',*,*,#5343,.T.);
#5343 = EDGE_CURVE('',#5344,#5321,#5346,.T.);
#5344 = VERTEX_POINT('',#5345);
#5345 = CARTESIAN_POINT('',(-11.69272817969,9.591556620598,
    7.098488712311));
#5346 = LINE('',#5347,#5348);
#5347 = CARTESIAN_POINT('',(-11.69272817969,9.591556620598,
    7.098488712311));
#5348 = VECTOR('',#5349,1.);
#5349 = DIRECTION('',(0.,0.943160840779,0.332336619138));
#5350 = ORIENTED_EDGE('',*,*,#5329,.F.);
#5351 = ORIENTED_EDGE('',*,*,#5352,.T.);
#5352 = EDGE_CURVE('',#5299,#5344,#5353,.T.);
#5353 = LINE('',#5354,#5355);
#5354 = CARTESIAN_POINT('',(-11.69272817969,8.532989633083,8.17539730072
    ));
#5355 = VECTOR('',#5356,1.);
#5356 = DIRECTION('',(0.,0.70100758414,-0.713153817193));
#5357 = PLANE('',#5358);
#5358 = AXIS2_PLACEMENT_3D('',#5359,#5360,#5361);
#5359 = CARTESIAN_POINT('',(-11.69272817969,9.800922744515,
    7.690388375609));
#5360 = DIRECTION('',(1.,0.,0.));
#5361 = DIRECTION('',(0.,0.,1.));
#5362 = ADVANCED_FACE('',(#5363),#5380,.T.);
#5363 = FACE_BOUND('',#5364,.T.);
#5364 = EDGE_LOOP('',(#5365,#5373,#5374));
#5365 = ORIENTED_EDGE('',*,*,#5366,.T.);
#5366 = EDGE_CURVE('',#5367,#5321,#5369,.T.);
#5367 = VERTEX_POINT('',#5368);
#5368 = CARTESIAN_POINT('',(-11.69272817969,10.040869069099,
    6.800740867853));
#5369 = LINE('',#5370,#5371);
#5370 = CARTESIAN_POINT('',(-11.69272817969,10.040869069099,
    6.800740867853));
#5371 = VECTOR('',#5372,1.);
#5372 = DIRECTION('',(0.,0.79802585455,0.602623211857));
#5373 = ORIENTED_EDGE('',*,*,#5343,.F.);
#5374 = ORIENTED_EDGE('',*,*,#5375,.T.);
#5375 = EDGE_CURVE('',#5344,#5367,#5376,.T.);
#5376 = LINE('',#5377,#5378);
#5377 = CARTESIAN_POINT('',(-11.69272817969,9.591556620598,
    7.098488712311));
#5378 = VECTOR('',#5379,1.);
#5379 = DIRECTION('',(0.,0.833583062802,-0.552394132309));
#5380 = PLANE('',#5381);
#5381 = AXIS2_PLACEMENT_3D('',#5382,#5383,#5384);
#5382 = CARTESIAN_POINT('',(-11.69272817969,10.386109171206,
    7.255630322136));
#5383 = DIRECTION('',(1.,0.,0.));
#5384 = DIRECTION('',(0.,0.,1.));
#5385 = ADVANCED_FACE('',(#5386),#5403,.T.);
#5386 = FACE_BOUND('',#5387,.T.);
#5387 = EDGE_LOOP('',(#5388,#5389,#5397));
#5388 = ORIENTED_EDGE('',*,*,#5366,.F.);
#5389 = ORIENTED_EDGE('',*,*,#5390,.T.);
#5390 = EDGE_CURVE('',#5367,#5391,#5393,.T.);
#5391 = VERTEX_POINT('',#5392);
#5392 = CARTESIAN_POINT('',(-11.69272817969,10.579627668858,
    6.817327034473));
#5393 = LINE('',#5394,#5395);
#5394 = CARTESIAN_POINT('',(-11.69272817969,10.040869069099,
    6.800740867853));
#5395 = VECTOR('',#5396,1.);
#5396 = DIRECTION('',(0.,0.999526450867,3.077131810585E-02));
#5397 = ORIENTED_EDGE('',*,*,#5398,.T.);
#5398 = EDGE_CURVE('',#5391,#5321,#5399,.T.);
#5399 = LINE('',#5400,#5401);
#5400 = CARTESIAN_POINT('',(-11.69272817969,10.579627668858,
    6.817327034473));
#5401 = VECTOR('',#5402,1.);
#5402 = DIRECTION('',(0.,0.577781526452,0.816191465093));
#5403 = PLANE('',#5404);
#5404 = AXIS2_PLACEMENT_3D('',#5405,#5406,#5407);
#5405 = CARTESIAN_POINT('',(-11.69272817969,10.646139499731,
    7.155424930562));
#5406 = DIRECTION('',(1.,0.,0.));
#5407 = DIRECTION('',(0.,0.,1.));
#5408 = ADVANCED_FACE('',(#5409),#5426,.T.);
#5409 = FACE_BOUND('',#5410,.T.);
#5410 = EDGE_LOOP('',(#5411,#5419,#5420));
#5411 = ORIENTED_EDGE('',*,*,#5412,.T.);
#5412 = EDGE_CURVE('',#5413,#5321,#5415,.T.);
#5413 = VERTEX_POINT('',#5414);
#5414 = CARTESIAN_POINT('',(-11.69272817969,11.009774166346,
    7.142149746418));
#5415 = LINE('',#5416,#5417);
#5416 = CARTESIAN_POINT('',(-11.69272817969,11.009774166346,
    7.142149746418));
#5417 = VECTOR('',#5418,1.);
#5418 = DIRECTION('',(0.,0.303157805118,0.952940368122));
#5419 = ORIENTED_EDGE('',*,*,#5398,.F.);
#5420 = ORIENTED_EDGE('',*,*,#5421,.T.);
#5421 = EDGE_CURVE('',#5391,#5413,#5422,.T.);
#5422 = LINE('',#5423,#5424);
#5423 = CARTESIAN_POINT('',(-11.69272817969,10.579627668858,
    6.817327034473));
#5424 = VECTOR('',#5425,1.);
#5425 = DIRECTION('',(0.,0.798025118461,0.602624186625));
#5426 = PLANE('',#5427);
#5427 = AXIS2_PLACEMENT_3D('',#5428,#5429,#5430);
#5428 = CARTESIAN_POINT('',(-11.69272817969,10.91054988584,
    7.212390163628));
#5429 = DIRECTION('',(1.,0.,0.));
#5430 = DIRECTION('',(0.,0.,1.));
#5431 = ADVANCED_FACE('',(#5432),#5442,.T.);
#5432 = FACE_BOUND('',#5433,.T.);
#5433 = EDGE_LOOP('',(#5434,#5435,#5436));
#5434 = ORIENTED_EDGE('',*,*,#5168,.F.);
#5435 = ORIENTED_EDGE('',*,*,#4839,.F.);
#5436 = ORIENTED_EDGE('',*,*,#5437,.T.);
#5437 = EDGE_CURVE('',#4832,#4978,#5438,.T.);
#5438 = LINE('',#5439,#5440);
#5439 = CARTESIAN_POINT('',(-11.69272817969,-2.182757619023,
    18.679155993462));
#5440 = VECTOR('',#5441,1.);
#5441 = DIRECTION('',(0.,-0.467883378322,-0.883790215091));
#5442 = PLANE('',#5443);
#5443 = AXIS2_PLACEMENT_3D('',#5444,#5445,#5446);
#5444 = CARTESIAN_POINT('',(-11.69272817969,-2.750094990016,
    17.227865721875));
#5445 = DIRECTION('',(1.,0.,0.));
#5446 = DIRECTION('',(0.,0.,1.));
#5447 = ADVANCED_FACE('',(#5448),#5458,.T.);
#5448 = FACE_BOUND('',#5449,.T.);
#5449 = EDGE_LOOP('',(#5450,#5451,#5452));
#5450 = ORIENTED_EDGE('',*,*,#4977,.F.);
#5451 = ORIENTED_EDGE('',*,*,#5437,.F.);
#5452 = ORIENTED_EDGE('',*,*,#5453,.T.);
#5453 = EDGE_CURVE('',#4832,#3555,#5454,.T.);
#5454 = LINE('',#5455,#5456);
#5455 = CARTESIAN_POINT('',(-11.69272817969,-2.182757619023,
    18.679155993462));
#5456 = VECTOR('',#5457,1.);
#5457 = DIRECTION('',(0.,-0.900870203375,0.434088558558));
#5458 = PLANE('',#5459);
#5459 = AXIS2_PLACEMENT_3D('',#5460,#5461,#5462);
#5460 = CARTESIAN_POINT('',(-11.69272817969,-4.358015227152,
    18.404569343497));
#5461 = DIRECTION('',(1.,0.,0.));
#5462 = DIRECTION('',(0.,0.,1.));
#5463 = ADVANCED_FACE('',(#5464),#5469,.T.);
#5464 = FACE_BOUND('',#5465,.T.);
#5465 = EDGE_LOOP('',(#5466,#5467,#5468));
#5466 = ORIENTED_EDGE('',*,*,#5453,.F.);
#5467 = ORIENTED_EDGE('',*,*,#4917,.F.);
#5468 = ORIENTED_EDGE('',*,*,#4528,.F.);
#5469 = PLANE('',#5470);
#5470 = AXIS2_PLACEMENT_3D('',#5471,#5472,#5473);
#5471 = CARTESIAN_POINT('',(-11.69272817969,-3.942197696684,
    20.122346595111));
#5472 = DIRECTION('',(1.,0.,0.));
#5473 = DIRECTION('',(0.,0.,1.));
#5474 = ADVANCED_FACE('',(#5475),#5499,.T.);
#5475 = FACE_BOUND('',#5476,.T.);
#5476 = EDGE_LOOP('',(#5477,#5485,#5493));
#5477 = ORIENTED_EDGE('',*,*,#5478,.T.);
#5478 = EDGE_CURVE('',#4877,#5479,#5481,.T.);
#5479 = VERTEX_POINT('',#5480);
#5480 = CARTESIAN_POINT('',(-23.03382902145,11.173180192709,
    7.655797082186));
#5481 = LINE('',#5482,#5483);
#5482 = CARTESIAN_POINT('',(-23.03382902145,11.173180192709,
    15.504155993462));
#5483 = VECTOR('',#5484,1.);
#5484 = DIRECTION('',(0.,0.,-1.));
#5485 = ORIENTED_EDGE('',*,*,#5486,.T.);
#5486 = EDGE_CURVE('',#5479,#5487,#5489,.T.);
#5487 = VERTEX_POINT('',#5488);
#5488 = CARTESIAN_POINT('',(-23.03382902145,7.28284791708,9.022415155172
    ));
#5489 = LINE('',#5490,#5491);
#5490 = CARTESIAN_POINT('',(-23.03382902145,11.173180192709,
    7.655797082186));
#5491 = VECTOR('',#5492,1.);
#5492 = DIRECTION('',(0.,-0.94347951141,0.331430854856));
#5493 = ORIENTED_EDGE('',*,*,#5494,.T.);
#5494 = EDGE_CURVE('',#5487,#4877,#5495,.T.);
#5495 = LINE('',#5496,#5497);
#5496 = CARTESIAN_POINT('',(-23.03382902145,7.28284791708,9.022415155172
    ));
#5497 = VECTOR('',#5498,1.);
#5498 = DIRECTION('',(0.,0.514621006679,0.85741776252));
#5499 = PLANE('',#5500);
#5500 = AXIS2_PLACEMENT_3D('',#5501,#5502,#5503);
#5501 = CARTESIAN_POINT('',(-23.03382902145,10.009647645196,
    11.160250408492));
#5502 = DIRECTION('',(-1.,-0.,-0.));
#5503 = DIRECTION('',(0.,0.,-1.));
#5504 = ADVANCED_FACE('',(#5505),#5522,.T.);
#5505 = FACE_BOUND('',#5506,.T.);
#5506 = EDGE_LOOP('',(#5507,#5515,#5516));
#5507 = ORIENTED_EDGE('',*,*,#5508,.T.);
#5508 = EDGE_CURVE('',#5509,#4877,#5511,.T.);
#5509 = VERTEX_POINT('',#5510);
#5510 = CARTESIAN_POINT('',(-23.03382902145,5.890224966407,
    9.606278347969));
#5511 = LINE('',#5512,#5513);
#5512 = CARTESIAN_POINT('',(-23.03382902145,5.890224966407,
    9.606278347969));
#5513 = VECTOR('',#5514,1.);
#5514 = DIRECTION('',(0.,0.667209072336,0.744870494645));
#5515 = ORIENTED_EDGE('',*,*,#5494,.F.);
#5516 = ORIENTED_EDGE('',*,*,#5517,.T.);
#5517 = EDGE_CURVE('',#5487,#5509,#5518,.T.);
#5518 = LINE('',#5519,#5520);
#5519 = CARTESIAN_POINT('',(-23.03382902145,7.28284791708,9.022415155172
    ));
#5520 = VECTOR('',#5521,1.);
#5521 = DIRECTION('',(0.,-0.922227438036,0.386647840462));
#5522 = PLANE('',#5523);
#5523 = AXIS2_PLACEMENT_3D('',#5524,#5525,#5526);
#5524 = CARTESIAN_POINT('',(-23.03382902145,8.668655760691,
    12.137219001993));
#5525 = DIRECTION('',(-1.,-0.,-0.));
#5526 = DIRECTION('',(0.,0.,-1.));
#5527 = ADVANCED_FACE('',(#5528),#5545,.T.);
#5528 = FACE_BOUND('',#5529,.T.);
#5529 = EDGE_LOOP('',(#5530,#5538,#5539));
#5530 = ORIENTED_EDGE('',*,*,#5531,.T.);
#5531 = EDGE_CURVE('',#5532,#4877,#5534,.T.);
#5532 = VERTEX_POINT('',#5533);
#5533 = CARTESIAN_POINT('',(-23.03382902145,4.409812512994,
    9.904056471586));
#5534 = LINE('',#5535,#5536);
#5535 = CARTESIAN_POINT('',(-23.03382902145,4.409812512994,
    9.904056471586));
#5536 = VECTOR('',#5537,1.);
#5537 = DIRECTION('',(0.,0.770236011069,0.637758957014));
#5538 = ORIENTED_EDGE('',*,*,#5508,.F.);
#5539 = ORIENTED_EDGE('',*,*,#5540,.T.);
#5540 = EDGE_CURVE('',#5509,#5532,#5541,.T.);
#5541 = LINE('',#5542,#5543);
#5542 = CARTESIAN_POINT('',(-23.03382902145,5.890224966407,
    9.606278347969));
#5543 = VECTOR('',#5544,1.);
#5544 = DIRECTION('',(0.,-0.980364141226,0.197195716479));
#5545 = PLANE('',#5546);
#5546 = AXIS2_PLACEMENT_3D('',#5547,#5548,#5549);
#5547 = CARTESIAN_POINT('',(-23.03382902145,7.894310923556,
    12.394808562793));
#5548 = DIRECTION('',(-1.,-0.,-0.));
#5549 = DIRECTION('',(0.,0.,-1.));
#5550 = ADVANCED_FACE('',(#5551),#5575,.T.);
#5551 = FACE_BOUND('',#5552,.T.);
#5552 = EDGE_LOOP('',(#5553,#5561,#5569));
#5553 = ORIENTED_EDGE('',*,*,#5554,.T.);
#5554 = EDGE_CURVE('',#5479,#5555,#5557,.T.);
#5555 = VERTEX_POINT('',#5556);
#5556 = CARTESIAN_POINT('',(-23.03382902145,11.009774166346,
    7.142149746418));
#5557 = LINE('',#5558,#5559);
#5558 = CARTESIAN_POINT('',(-23.03382902145,11.173180192709,
    7.655797082186));
#5559 = VECTOR('',#5560,1.);
#5560 = DIRECTION('',(0.,-0.303157805118,-0.952940368122));
#5561 = ORIENTED_EDGE('',*,*,#5562,.T.);
#5562 = EDGE_CURVE('',#5555,#5563,#5565,.T.);
#5563 = VERTEX_POINT('',#5564);
#5564 = CARTESIAN_POINT('',(-23.03382902145,9.591556620598,
    7.098488712311));
#5565 = LINE('',#5566,#5567);
#5566 = CARTESIAN_POINT('',(-23.03382902145,11.009774166346,
    7.142149746418));
#5567 = VECTOR('',#5568,1.);
#5568 = DIRECTION('',(0.,-0.999526452272,-3.077127247122E-02));
#5569 = ORIENTED_EDGE('',*,*,#5570,.T.);
#5570 = EDGE_CURVE('',#5563,#5479,#5571,.T.);
#5571 = LINE('',#5572,#5573);
#5572 = CARTESIAN_POINT('',(-23.03382902145,9.591556620598,
    7.098488712311));
#5573 = VECTOR('',#5574,1.);
#5574 = DIRECTION('',(0.,0.943160840779,0.332336619138));
#5575 = PLANE('',#5576);
#5576 = AXIS2_PLACEMENT_3D('',#5577,#5578,#5579);
#5577 = CARTESIAN_POINT('',(-23.03382902145,10.455629190207,
    7.280126997994));
#5578 = DIRECTION('',(-1.,-0.,-0.));
#5579 = DIRECTION('',(0.,0.,-1.));
#5580 = ADVANCED_FACE('',(#5581),#5598,.T.);
#5581 = FACE_BOUND('',#5582,.T.);
#5582 = EDGE_LOOP('',(#5583,#5591,#5592));
#5583 = ORIENTED_EDGE('',*,*,#5584,.T.);
#5584 = EDGE_CURVE('',#5585,#5479,#5587,.T.);
#5585 = VERTEX_POINT('',#5586);
#5586 = CARTESIAN_POINT('',(-23.03382902145,8.532989633083,8.17539730072
    ));
#5587 = LINE('',#5588,#5589);
#5588 = CARTESIAN_POINT('',(-23.03382902145,8.532989633083,8.17539730072
    ));
#5589 = VECTOR('',#5590,1.);
#5590 = DIRECTION('',(0.,0.981179076626,-0.193100024836));
#5591 = ORIENTED_EDGE('',*,*,#5570,.F.);
#5592 = ORIENTED_EDGE('',*,*,#5593,.T.);
#5593 = EDGE_CURVE('',#5563,#5585,#5594,.T.);
#5594 = LINE('',#5595,#5596);
#5595 = CARTESIAN_POINT('',(-23.03382902145,9.591556620598,
    7.098488712311));
#5596 = VECTOR('',#5597,1.);
#5597 = DIRECTION('',(0.,-0.70100758414,0.713153817193));
#5598 = PLANE('',#5599);
#5599 = AXIS2_PLACEMENT_3D('',#5600,#5601,#5602);
#5600 = CARTESIAN_POINT('',(-23.03382902145,9.800922744515,
    7.690388375609));
#5601 = DIRECTION('',(-1.,-0.,-0.));
#5602 = DIRECTION('',(0.,0.,-1.));
#5603 = ADVANCED_FACE('',(#5604),#5614,.T.);
#5604 = FACE_BOUND('',#5605,.T.);
#5605 = EDGE_LOOP('',(#5606,#5607,#5608));
#5606 = ORIENTED_EDGE('',*,*,#5486,.F.);
#5607 = ORIENTED_EDGE('',*,*,#5584,.F.);
#5608 = ORIENTED_EDGE('',*,*,#5609,.T.);
#5609 = EDGE_CURVE('',#5585,#5487,#5610,.T.);
#5610 = LINE('',#5611,#5612);
#5611 = CARTESIAN_POINT('',(-23.03382902145,8.532989633083,8.17539730072
    ));
#5612 = VECTOR('',#5613,1.);
#5613 = DIRECTION('',(0.,-0.827873283192,0.560915169145));
#5614 = PLANE('',#5615);
#5615 = AXIS2_PLACEMENT_3D('',#5616,#5617,#5618);
#5616 = CARTESIAN_POINT('',(-23.03382902145,9.190597490271,
    8.249335348715));
#5617 = DIRECTION('',(-1.,-0.,-0.));
#5618 = DIRECTION('',(0.,0.,-1.));
#5619 = ADVANCED_FACE('',(#5620),#5637,.T.);
#5620 = FACE_BOUND('',#5621,.T.);
#5621 = EDGE_LOOP('',(#5622,#5623,#5631));
#5622 = ORIENTED_EDGE('',*,*,#5562,.F.);
#5623 = ORIENTED_EDGE('',*,*,#5624,.T.);
#5624 = EDGE_CURVE('',#5555,#5625,#5627,.T.);
#5625 = VERTEX_POINT('',#5626);
#5626 = CARTESIAN_POINT('',(-23.03382902145,10.579627668858,
    6.817327034473));
#5627 = LINE('',#5628,#5629);
#5628 = CARTESIAN_POINT('',(-23.03382902145,11.009774166346,
    7.142149746418));
#5629 = VECTOR('',#5630,1.);
#5630 = DIRECTION('',(0.,-0.798025118461,-0.602624186625));
#5631 = ORIENTED_EDGE('',*,*,#5632,.T.);
#5632 = EDGE_CURVE('',#5625,#5563,#5633,.T.);
#5633 = LINE('',#5634,#5635);
#5634 = CARTESIAN_POINT('',(-23.03382902145,10.579627668858,
    6.817327034473));
#5635 = VECTOR('',#5636,1.);
#5636 = DIRECTION('',(0.,-0.961817641914,0.273691110017));
#5637 = PLANE('',#5638);
#5638 = AXIS2_PLACEMENT_3D('',#5639,#5640,#5641);
#5639 = CARTESIAN_POINT('',(-23.03382902145,10.315856383679,
    7.039045085653));
#5640 = DIRECTION('',(-1.,-0.,-0.));
#5641 = DIRECTION('',(0.,0.,-1.));
#5642 = ADVANCED_FACE('',(#5643),#5660,.T.);
#5643 = FACE_BOUND('',#5644,.T.);
#5644 = EDGE_LOOP('',(#5645,#5653,#5654));
#5645 = ORIENTED_EDGE('',*,*,#5646,.T.);
#5646 = EDGE_CURVE('',#5647,#5563,#5649,.T.);
#5647 = VERTEX_POINT('',#5648);
#5648 = CARTESIAN_POINT('',(-23.03382902145,10.040869069099,
    6.800740867853));
#5649 = LINE('',#5650,#5651);
#5650 = CARTESIAN_POINT('',(-23.03382902145,10.040869069099,
    6.800740867853));
#5651 = VECTOR('',#5652,1.);
#5652 = DIRECTION('',(0.,-0.833583062802,0.552394132309));
#5653 = ORIENTED_EDGE('',*,*,#5632,.F.);
#5654 = ORIENTED_EDGE('',*,*,#5655,.T.);
#5655 = EDGE_CURVE('',#5625,#5647,#5656,.T.);
#5656 = LINE('',#5657,#5658);
#5657 = CARTESIAN_POINT('',(-23.03382902145,10.579627668858,
    6.817327034473));
#5658 = VECTOR('',#5659,1.);
#5659 = DIRECTION('',(0.,-0.999526450867,-3.077131810585E-02));
#5660 = PLANE('',#5661);
#5661 = AXIS2_PLACEMENT_3D('',#5662,#5663,#5664);
#5662 = CARTESIAN_POINT('',(-23.03382902145,10.074142006196,
    6.917669300031));
#5663 = DIRECTION('',(-1.,-0.,-0.));
#5664 = DIRECTION('',(0.,0.,-1.));
#5665 = ADVANCED_FACE('',(#5666),#5683,.T.);
#5666 = FACE_BOUND('',#5667,.T.);
#5667 = EDGE_LOOP('',(#5668,#5669,#5677));
#5668 = ORIENTED_EDGE('',*,*,#5531,.F.);
#5669 = ORIENTED_EDGE('',*,*,#5670,.T.);
#5670 = EDGE_CURVE('',#5532,#5671,#5673,.T.);
#5671 = VERTEX_POINT('',#5672);
#5672 = CARTESIAN_POINT('',(-23.03382902145,2.899747867882,
    9.904056471586));
#5673 = LINE('',#5674,#5675);
#5674 = CARTESIAN_POINT('',(-23.03382902145,4.409812512994,
    9.904056471586));
#5675 = VECTOR('',#5676,1.);
#5676 = DIRECTION('',(0.,-1.,0.));
#5677 = ORIENTED_EDGE('',*,*,#5678,.T.);
#5678 = EDGE_CURVE('',#5671,#4877,#5679,.T.);
#5679 = LINE('',#5680,#5681);
#5680 = CARTESIAN_POINT('',(-23.03382902145,2.899747867882,
    9.904056471586));
#5681 = VECTOR('',#5682,1.);
#5682 = DIRECTION('',(0.,0.828127023617,0.560540482708));
#5683 = PLANE('',#5684);
#5684 = AXIS2_PLACEMENT_3D('',#5685,#5686,#5687);
#5685 = CARTESIAN_POINT('',(-23.03382902145,7.111572091024,
    12.495627790377));
#5686 = DIRECTION('',(-1.,-0.,-0.));
#5687 = DIRECTION('',(0.,0.,-1.));
#5688 = ADVANCED_FACE('',(#5689),#5706,.T.);
#5689 = FACE_BOUND('',#5690,.T.);
#5690 = EDGE_LOOP('',(#5691,#5699,#5700));
#5691 = ORIENTED_EDGE('',*,*,#5692,.T.);
#5692 = EDGE_CURVE('',#5693,#4877,#5695,.T.);
#5693 = VERTEX_POINT('',#5694);
#5694 = CARTESIAN_POINT('',(-23.03382902145,-3.863620001078,
    15.504155993462));
#5695 = LINE('',#5696,#5697);
#5696 = CARTESIAN_POINT('',(-23.03382902145,-3.863620001078,
    15.504155993462));
#5697 = VECTOR('',#5698,1.);
#5698 = DIRECTION('',(0.,1.,0.));
#5699 = ORIENTED_EDGE('',*,*,#5678,.F.);
#5700 = ORIENTED_EDGE('',*,*,#5701,.T.);
#5701 = EDGE_CURVE('',#5671,#5693,#5702,.T.);
#5702 = LINE('',#5703,#5704);
#5703 = CARTESIAN_POINT('',(-23.03382902145,2.899747867882,
    9.904056471586));
#5704 = VECTOR('',#5705,1.);
#5705 = DIRECTION('',(0.,-0.770236019835,0.637758946428));
#5706 = PLANE('',#5707);
#5707 = AXIS2_PLACEMENT_3D('',#5708,#5709,#5710);
#5708 = CARTESIAN_POINT('',(-23.03382902145,3.579672045957,
    13.949476900191));
#5709 = DIRECTION('',(-1.,-0.,-0.));
#5710 = DIRECTION('',(0.,0.,-1.));
#5711 = ADVANCED_FACE('',(#5712),#5727,.T.);
#5712 = FACE_BOUND('',#5713,.T.);
#5713 = EDGE_LOOP('',(#5714,#5720,#5721));
#5714 = ORIENTED_EDGE('',*,*,#5715,.T.);
#5715 = EDGE_CURVE('',#4546,#4877,#5716,.T.);
#5716 = LINE('',#5717,#5718);
#5717 = CARTESIAN_POINT('',(-23.03382902145,-1.472550375015,
    17.40915569067));
#5718 = VECTOR('',#5719,1.);
#5719 = DIRECTION('',(0.,0.988842779565,-0.148962939355));
#5720 = ORIENTED_EDGE('',*,*,#5692,.F.);
#5721 = ORIENTED_EDGE('',*,*,#5722,.T.);
#5722 = EDGE_CURVE('',#5693,#4546,#5723,.T.);
#5723 = LINE('',#5724,#5725);
#5724 = CARTESIAN_POINT('',(-23.03382902145,-3.863620001078,
    15.504155993462));
#5725 = VECTOR('',#5726,1.);
#5726 = DIRECTION('',(0.,0.78212075199,0.623126896633));
#5727 = PLANE('',#5728);
#5728 = AXIS2_PLACEMENT_3D('',#5729,#5730,#5731);
#5729 = CARTESIAN_POINT('',(-23.03382902145,3.523927859197,
    15.992878376336));
#5730 = DIRECTION('',(-1.,-0.,-0.));
#5731 = DIRECTION('',(0.,0.,-1.));
#5732 = ADVANCED_FACE('',(#5733),#5743,.T.);
#5733 = FACE_BOUND('',#5734,.T.);
#5734 = EDGE_LOOP('',(#5735,#5736,#5737));
#5735 = ORIENTED_EDGE('',*,*,#4576,.F.);
#5736 = ORIENTED_EDGE('',*,*,#5722,.F.);
#5737 = ORIENTED_EDGE('',*,*,#5738,.T.);
#5738 = EDGE_CURVE('',#5693,#4568,#5739,.T.);
#5739 = LINE('',#5740,#5741);
#5740 = CARTESIAN_POINT('',(-23.03382902145,-3.863620001078,
    15.504155993462));
#5741 = VECTOR('',#5742,1.);
#5742 = DIRECTION('',(0.,-0.974987098226,0.222261463806));
#5743 = PLANE('',#5744);
#5744 = AXIS2_PLACEMENT_3D('',#5745,#5746,#5747);
#5745 = CARTESIAN_POINT('',(-23.03382902145,-6.733458417442,
    16.914165567417));
#5746 = DIRECTION('',(-1.,-0.,-0.));
#5747 = DIRECTION('',(0.,0.,-1.));
#5748 = ADVANCED_FACE('',(#5749),#5766,.T.);
#5749 = FACE_BOUND('',#5750,.T.);
#5750 = EDGE_LOOP('',(#5751,#5759,#5760));
#5751 = ORIENTED_EDGE('',*,*,#5752,.T.);
#5752 = EDGE_CURVE('',#5753,#4568,#5755,.T.);
#5753 = VERTEX_POINT('',#5754);
#5754 = CARTESIAN_POINT('',(-23.03382902145,-12.22021990418,
    15.504155993462));
#5755 = LINE('',#5756,#5757);
#5756 = CARTESIAN_POINT('',(-23.03382902145,-12.22021990418,
    15.504155993462));
#5757 = VECTOR('',#5758,1.);
#5758 = DIRECTION('',(0.,0.,1.));
#5759 = ORIENTED_EDGE('',*,*,#5738,.F.);
#5760 = ORIENTED_EDGE('',*,*,#5761,.T.);
#5761 = EDGE_CURVE('',#5693,#5753,#5762,.T.);
#5762 = LINE('',#5763,#5764);
#5763 = CARTESIAN_POINT('',(-23.03382902145,-3.863620001078,
    15.504155993462));
#5764 = VECTOR('',#5765,1.);
#5765 = DIRECTION('',(0.,-1.,0.));
#5766 = PLANE('',#5767);
#5767 = AXIS2_PLACEMENT_3D('',#5768,#5769,#5770);
#5768 = CARTESIAN_POINT('',(-23.03382902145,-8.464573574756,
    16.034002219941));
#5769 = DIRECTION('',(-1.,-0.,-0.));
#5770 = DIRECTION('',(0.,0.,-1.));
#5771 = ADVANCED_FACE('',(#5772),#5789,.T.);
#5772 = FACE_BOUND('',#5773,.T.);
#5773 = EDGE_LOOP('',(#5774,#5775,#5783));
#5774 = ORIENTED_EDGE('',*,*,#5701,.F.);
#5775 = ORIENTED_EDGE('',*,*,#5776,.T.);
#5776 = EDGE_CURVE('',#5671,#5777,#5779,.T.);
#5777 = VERTEX_POINT('',#5778);
#5778 = CARTESIAN_POINT('',(-23.03382902145,1.419335319847,
    9.606278347969));
#5779 = LINE('',#5780,#5781);
#5780 = CARTESIAN_POINT('',(-23.03382902145,2.899747867882,
    9.904056471586));
#5781 = VECTOR('',#5782,1.);
#5782 = DIRECTION('',(0.,-0.980364143663,-0.197195704366));
#5783 = ORIENTED_EDGE('',*,*,#5784,.T.);
#5784 = EDGE_CURVE('',#5777,#5693,#5785,.T.);
#5785 = LINE('',#5786,#5787);
#5786 = CARTESIAN_POINT('',(-23.03382902145,1.419335319847,
    9.606278347969));
#5787 = VECTOR('',#5788,1.);
#5788 = DIRECTION('',(0.,-0.667209078967,0.744870488706));
#5789 = PLANE('',#5790);
#5790 = AXIS2_PLACEMENT_3D('',#5791,#5792,#5793);
#5791 = CARTESIAN_POINT('',(-23.03382902145,-0.584750641358,
    12.394808552378));
#5792 = DIRECTION('',(-1.,-0.,-0.));
#5793 = DIRECTION('',(0.,0.,-1.));
#5794 = ADVANCED_FACE('',(#5795),#5812,.T.);
#5795 = FACE_BOUND('',#5796,.T.);
#5796 = EDGE_LOOP('',(#5797,#5805,#5806));
#5797 = ORIENTED_EDGE('',*,*,#5798,.T.);
#5798 = EDGE_CURVE('',#5799,#5693,#5801,.T.);
#5799 = VERTEX_POINT('',#5800);
#5800 = CARTESIAN_POINT('',(-23.03382902145,2.671210896224E-02,
    9.022415155172));
#5801 = LINE('',#5802,#5803);
#5802 = CARTESIAN_POINT('',(-23.03382902145,2.671210896224E-02,
    9.022415155172));
#5803 = VECTOR('',#5804,1.);
#5804 = DIRECTION('',(0.,-0.514620990575,0.857417772185));
#5805 = ORIENTED_EDGE('',*,*,#5784,.F.);
#5806 = ORIENTED_EDGE('',*,*,#5807,.T.);
#5807 = EDGE_CURVE('',#5777,#5799,#5808,.T.);
#5808 = LINE('',#5809,#5810);
#5809 = CARTESIAN_POINT('',(-23.03382902145,1.419335319847,
    9.606278347969));
#5810 = VECTOR('',#5811,1.);
#5811 = DIRECTION('',(0.,-0.922227463797,-0.386647779018));
#5812 = PLANE('',#5813);
#5813 = AXIS2_PLACEMENT_3D('',#5814,#5815,#5816);
#5814 = CARTESIAN_POINT('',(-23.03382902145,-1.359095554278,
    12.137218963038));
#5815 = DIRECTION('',(-1.,-0.,-0.));
#5816 = DIRECTION('',(0.,0.,-1.));
#5817 = ADVANCED_FACE('',(#5818),#5835,.T.);
#5818 = FACE_BOUND('',#5819,.T.);
#5819 = EDGE_LOOP('',(#5820,#5828,#5829));
#5820 = ORIENTED_EDGE('',*,*,#5821,.T.);
#5821 = EDGE_CURVE('',#5822,#5693,#5824,.T.);
#5822 = VERTEX_POINT('',#5823);
#5823 = CARTESIAN_POINT('',(-23.03382902145,-3.863620001078,
    7.655797082186));
#5824 = LINE('',#5825,#5826);
#5825 = CARTESIAN_POINT('',(-23.03382902145,-3.863620001078,
    7.655797082186));
#5826 = VECTOR('',#5827,1.);
#5827 = DIRECTION('',(0.,0.,1.));
#5828 = ORIENTED_EDGE('',*,*,#5798,.F.);
#5829 = ORIENTED_EDGE('',*,*,#5830,.T.);
#5830 = EDGE_CURVE('',#5799,#5822,#5831,.T.);
#5831 = LINE('',#5832,#5833);
#5832 = CARTESIAN_POINT('',(-23.03382902145,2.671210896224E-02,
    9.022415155172));
#5833 = VECTOR('',#5834,1.);
#5834 = DIRECTION('',(0.,-0.943479506998,-0.331430867413));
#5835 = PLANE('',#5836);
#5836 = AXIS2_PLACEMENT_3D('',#5837,#5838,#5839);
#5837 = CARTESIAN_POINT('',(-23.03382902145,-2.700087512752,
    11.160250426246));
#5838 = DIRECTION('',(-1.,-0.,-0.));
#5839 = DIRECTION('',(0.,0.,-1.));
#5840 = ADVANCED_FACE('',(#5841),#5858,.T.);
#5841 = FACE_BOUND('',#5842,.T.);
#5842 = EDGE_LOOP('',(#5843,#5851,#5852));
#5843 = ORIENTED_EDGE('',*,*,#5844,.T.);
#5844 = EDGE_CURVE('',#5845,#5822,#5847,.T.);
#5845 = VERTEX_POINT('',#5846);
#5846 = CARTESIAN_POINT('',(-23.03382902145,-1.223429725319,
    8.17539730072));
#5847 = LINE('',#5848,#5849);
#5848 = CARTESIAN_POINT('',(-23.03382902145,-1.223429725319,
    8.17539730072));
#5849 = VECTOR('',#5850,1.);
#5850 = DIRECTION('',(0.,-0.981179072692,-0.193100044824));
#5851 = ORIENTED_EDGE('',*,*,#5830,.F.);
#5852 = ORIENTED_EDGE('',*,*,#5853,.T.);
#5853 = EDGE_CURVE('',#5799,#5845,#5854,.T.);
#5854 = LINE('',#5855,#5856);
#5855 = CARTESIAN_POINT('',(-23.03382902145,2.671210896224E-02,
    9.022415155172));
#5856 = VECTOR('',#5857,1.);
#5857 = DIRECTION('',(0.,-0.827873307835,-0.560915132773));
#5858 = PLANE('',#5859);
#5859 = AXIS2_PLACEMENT_3D('',#5860,#5861,#5862);
#5860 = CARTESIAN_POINT('',(-23.03382902145,-1.881037388341,
    8.249335362308));
#5861 = DIRECTION('',(-1.,-0.,-0.));
#5862 = DIRECTION('',(0.,0.,-1.));
#5863 = ADVANCED_FACE('',(#5864),#5881,.T.);
#5864 = FACE_BOUND('',#5865,.T.);
#5865 = EDGE_LOOP('',(#5866,#5874,#5875));
#5866 = ORIENTED_EDGE('',*,*,#5867,.T.);
#5867 = EDGE_CURVE('',#5868,#5822,#5870,.T.);
#5868 = VERTEX_POINT('',#5869);
#5869 = CARTESIAN_POINT('',(-23.03382902145,-2.281995671988,
    7.098488712311));
#5870 = LINE('',#5871,#5872);
#5871 = CARTESIAN_POINT('',(-23.03382902145,-2.281995671988,
    7.098488712311));
#5872 = VECTOR('',#5873,1.);
#5873 = DIRECTION('',(0.,-0.943160890636,0.332336477647));
#5874 = ORIENTED_EDGE('',*,*,#5844,.F.);
#5875 = ORIENTED_EDGE('',*,*,#5876,.T.);
#5876 = EDGE_CURVE('',#5845,#5868,#5877,.T.);
#5877 = LINE('',#5878,#5879);
#5878 = CARTESIAN_POINT('',(-23.03382902145,-1.223429725319,
    8.17539730072));
#5879 = VECTOR('',#5880,1.);
#5880 = DIRECTION('',(0.,-0.701007233584,-0.713154161779));
#5881 = PLANE('',#5882);
#5882 = AXIS2_PLACEMENT_3D('',#5883,#5884,#5885);
#5883 = CARTESIAN_POINT('',(-23.03382902145,-2.49136260895,
    7.690388333524));
#5884 = DIRECTION('',(-1.,-0.,-0.));
#5885 = DIRECTION('',(0.,0.,-1.));
#5886 = ADVANCED_FACE('',(#5887),#5911,.T.);
#5887 = FACE_BOUND('',#5888,.T.);
#5888 = EDGE_LOOP('',(#5889,#5897,#5905));
#5889 = ORIENTED_EDGE('',*,*,#5890,.T.);
#5890 = EDGE_CURVE('',#5868,#5891,#5893,.T.);
#5891 = VERTEX_POINT('',#5892);
#5892 = CARTESIAN_POINT('',(-23.03382902145,-2.731308688223,
    6.800740867853));
#5893 = LINE('',#5894,#5895);
#5894 = CARTESIAN_POINT('',(-23.03382902145,-2.281995671988,
    7.098488712311));
#5895 = VECTOR('',#5896,1.);
#5896 = DIRECTION('',(0.,-0.8335833842,-0.552393647307));
#5897 = ORIENTED_EDGE('',*,*,#5898,.T.);
#5898 = EDGE_CURVE('',#5891,#5899,#5901,.T.);
#5899 = VERTEX_POINT('',#5900);
#5900 = CARTESIAN_POINT('',(-23.03382902145,-3.270067098737,
    6.817327034473));
#5901 = LINE('',#5902,#5903);
#5902 = CARTESIAN_POINT('',(-23.03382902145,-2.731308688223,
    6.800740867853));
#5903 = VECTOR('',#5904,1.);
#5904 = DIRECTION('',(0.,-0.999526450534,3.077132890439E-02));
#5905 = ORIENTED_EDGE('',*,*,#5906,.T.);
#5906 = EDGE_CURVE('',#5899,#5868,#5907,.T.);
#5907 = LINE('',#5908,#5909);
#5908 = CARTESIAN_POINT('',(-23.03382902145,-3.270067098737,
    6.817327034473));
#5909 = VECTOR('',#5910,1.);
#5910 = DIRECTION('',(0.,0.961817669512,0.273691013031));
#5911 = PLANE('',#5912);
#5912 = AXIS2_PLACEMENT_3D('',#5913,#5914,#5915);
#5913 = CARTESIAN_POINT('',(-23.03382902145,-2.764581266519,
    6.91766932393));
#5914 = DIRECTION('',(-1.,-0.,-0.));
#5915 = DIRECTION('',(0.,0.,-1.));
#5916 = ADVANCED_FACE('',(#5917),#5934,.T.);
#5917 = FACE_BOUND('',#5918,.T.);
#5918 = EDGE_LOOP('',(#5919,#5927,#5928));
#5919 = ORIENTED_EDGE('',*,*,#5920,.T.);
#5920 = EDGE_CURVE('',#5921,#5868,#5923,.T.);
#5921 = VERTEX_POINT('',#5922);
#5922 = CARTESIAN_POINT('',(-23.03382902145,-3.700213974714,
    7.142149746418));
#5923 = LINE('',#5924,#5925);
#5924 = CARTESIAN_POINT('',(-23.03382902145,-3.700213974714,
    7.142149746418));
#5925 = VECTOR('',#5926,1.);
#5926 = DIRECTION('',(0.,0.999526452777,-3.07712560625E-02));
#5927 = ORIENTED_EDGE('',*,*,#5906,.F.);
#5928 = ORIENTED_EDGE('',*,*,#5929,.T.);
#5929 = EDGE_CURVE('',#5899,#5921,#5930,.T.);
#5930 = LINE('',#5931,#5932);
#5931 = CARTESIAN_POINT('',(-23.03382902145,-3.270067098737,
    6.817327034473));
#5932 = VECTOR('',#5933,1.);
#5933 = DIRECTION('',(0.,-0.798025373465,0.602623848936));
#5934 = PLANE('',#5935);
#5935 = AXIS2_PLACEMENT_3D('',#5936,#5937,#5938);
#5936 = CARTESIAN_POINT('',(-23.03382902145,-3.006295799123,
    7.039045090357));
#5937 = DIRECTION('',(-1.,-0.,-0.));
#5938 = DIRECTION('',(0.,0.,-1.));
#5939 = ADVANCED_FACE('',(#5940),#5950,.T.);
#5940 = FACE_BOUND('',#5941,.T.);
#5941 = EDGE_LOOP('',(#5942,#5943,#5944));
#5942 = ORIENTED_EDGE('',*,*,#5867,.F.);
#5943 = ORIENTED_EDGE('',*,*,#5920,.F.);
#5944 = ORIENTED_EDGE('',*,*,#5945,.T.);
#5945 = EDGE_CURVE('',#5921,#5822,#5946,.T.);
#5946 = LINE('',#5947,#5948);
#5947 = CARTESIAN_POINT('',(-23.03382902145,-3.700213974714,
    7.142149746418));
#5948 = VECTOR('',#5949,1.);
#5949 = DIRECTION('',(0.,-0.303157805118,0.952940368122));
#5950 = PLANE('',#5951);
#5951 = AXIS2_PLACEMENT_3D('',#5952,#5953,#5954);
#5952 = CARTESIAN_POINT('',(-23.03382902145,-3.146068629566,
    7.280126983784));
#5953 = DIRECTION('',(-1.,-0.,-0.));
#5954 = DIRECTION('',(0.,0.,-1.));
#5955 = ADVANCED_FACE('',(#5956),#5961,.T.);
#5956 = FACE_BOUND('',#5957,.T.);
#5957 = EDGE_LOOP('',(#5958,#5959,#5960));
#5958 = ORIENTED_EDGE('',*,*,#5715,.F.);
#5959 = ORIENTED_EDGE('',*,*,#4654,.F.);
#5960 = ORIENTED_EDGE('',*,*,#4876,.F.);
#5961 = PLANE('',#5962);
#5962 = AXIS2_PLACEMENT_3D('',#5963,#5964,#5965);
#5963 = CARTESIAN_POINT('',(-23.03382902145,4.553966608376,
    16.836606968711));
#5964 = DIRECTION('',(-1.,-0.,-0.));
#5965 = DIRECTION('',(0.,0.,-1.));
#5966 = ADVANCED_FACE('',(#5967),#5984,.T.);
#5967 = FACE_BOUND('',#5968,.T.);
#5968 = EDGE_LOOP('',(#5969,#5970,#5978));
#5969 = ORIENTED_EDGE('',*,*,#2689,.F.);
#5970 = ORIENTED_EDGE('',*,*,#5971,.T.);
#5971 = EDGE_CURVE('',#2682,#5972,#5974,.T.);
#5972 = VERTEX_POINT('',#5973);
#5973 = CARTESIAN_POINT('',(-36.96572754383,13.560780489445,
    46.111154055595));
#5974 = LINE('',#5975,#5976);
#5975 = CARTESIAN_POINT('',(-30.48872766494,13.560780489445,
    46.111154055595));
#5976 = VECTOR('',#5977,1.);
#5977 = DIRECTION('',(-1.,0.,0.));
#5978 = ORIENTED_EDGE('',*,*,#5979,.T.);
#5979 = EDGE_CURVE('',#5972,#2289,#5980,.T.);
#5980 = LINE('',#5981,#5982);
#5981 = CARTESIAN_POINT('',(-36.96572754383,13.560780489445,
    46.111154055595));
#5982 = VECTOR('',#5983,1.);
#5983 = DIRECTION('',(0.735356054713,0.677680952069,0.));
#5984 = PLANE('',#5985);
#5985 = AXIS2_PLACEMENT_3D('',#5986,#5987,#5988);
#5986 = CARTESIAN_POINT('',(-32.81772239743,15.635774707188,
    46.111154055595));
#5987 = DIRECTION('',(-0.,-0.,-1.));
#5988 = DIRECTION('',(-1.,0.,0.));
#5989 = ADVANCED_FACE('',(#5990),#6000,.T.);
#5990 = FACE_BOUND('',#5991,.T.);
#5991 = EDGE_LOOP('',(#5992,#5993,#5994));
#5992 = ORIENTED_EDGE('',*,*,#2288,.F.);
#5993 = ORIENTED_EDGE('',*,*,#5979,.F.);
#5994 = ORIENTED_EDGE('',*,*,#5995,.T.);
#5995 = EDGE_CURVE('',#5972,#2266,#5996,.T.);
#5996 = LINE('',#5997,#5998);
#5997 = CARTESIAN_POINT('',(-36.96572754383,13.560780489445,
    46.111154055595));
#5998 = VECTOR('',#5999,1.);
#5999 = DIRECTION('',(0.,1.,0.));
#6000 = PLANE('',#6001);
#6001 = AXIS2_PLACEMENT_3D('',#6002,#6003,#6004);
#6002 = CARTESIAN_POINT('',(-34.63673281134,17.454785121093,
    46.111154055595));
#6003 = DIRECTION('',(-0.,-0.,-1.));
#6004 = DIRECTION('',(-1.,0.,0.));
#6005 = ADVANCED_FACE('',(#6006),#6023,.T.);
#6006 = FACE_BOUND('',#6007,.T.);
#6007 = EDGE_LOOP('',(#6008,#6009,#6017));
#6008 = ORIENTED_EDGE('',*,*,#2681,.F.);
#6009 = ORIENTED_EDGE('',*,*,#6010,.T.);
#6010 = EDGE_CURVE('',#2659,#6011,#6013,.T.);
#6011 = VERTEX_POINT('',#6012);
#6012 = CARTESIAN_POINT('',(-36.96572754383,13.560780489445,
    51.191158294678));
#6013 = LINE('',#6014,#6015);
#6014 = CARTESIAN_POINT('',(-30.48872766494,13.560780489445,
    51.191158294678));
#6015 = VECTOR('',#6016,1.);
#6016 = DIRECTION('',(-1.,0.,0.));
#6017 = ORIENTED_EDGE('',*,*,#6018,.T.);
#6018 = EDGE_CURVE('',#6011,#2682,#6019,.T.);
#6019 = LINE('',#6020,#6021);
#6020 = CARTESIAN_POINT('',(-36.96572754383,13.560780489445,
    51.191158294678));
#6021 = VECTOR('',#6022,1.);
#6022 = DIRECTION('',(0.786853161678,0.,-0.617140261171));
#6023 = PLANE('',#6024);
#6024 = AXIS2_PLACEMENT_3D('',#6025,#6026,#6027);
#6025 = CARTESIAN_POINT('',(-32.89585731883,13.560780489445,
    49.482526460693));
#6026 = DIRECTION('',(-0.,-1.,-0.));
#6027 = DIRECTION('',(0.,0.,-1.));
#6028 = ADVANCED_FACE('',(#6029),#6039,.T.);
#6029 = FACE_BOUND('',#6030,.T.);
#6030 = EDGE_LOOP('',(#6031,#6032,#6033));
#6031 = ORIENTED_EDGE('',*,*,#5971,.F.);
#6032 = ORIENTED_EDGE('',*,*,#6018,.F.);
#6033 = ORIENTED_EDGE('',*,*,#6034,.T.);
#6034 = EDGE_CURVE('',#6011,#5972,#6035,.T.);
#6035 = LINE('',#6036,#6037);
#6036 = CARTESIAN_POINT('',(-36.96572754383,13.560780489445,
    51.191158294678));
#6037 = VECTOR('',#6038,1.);
#6038 = DIRECTION('',(0.,0.,-1.));
#6039 = PLANE('',#6040);
#6040 = AXIS2_PLACEMENT_3D('',#6041,#6042,#6043);
#6041 = CARTESIAN_POINT('',(-34.55859788994,13.560780489445,
    47.81978588958));
#6042 = DIRECTION('',(-0.,-1.,-0.));
#6043 = DIRECTION('',(0.,0.,-1.));
#6044 = ADVANCED_FACE('',(#6045),#6055,.T.);
#6045 = FACE_BOUND('',#6046,.T.);
#6046 = EDGE_LOOP('',(#6047,#6048,#6049));
#6047 = ORIENTED_EDGE('',*,*,#1920,.F.);
#6048 = ORIENTED_EDGE('',*,*,#1934,.F.);
#6049 = ORIENTED_EDGE('',*,*,#6050,.T.);
#6050 = EDGE_CURVE('',#1935,#1912,#6051,.T.);
#6051 = LINE('',#6052,#6053);
#6052 = CARTESIAN_POINT('',(13.707272577286,13.560780489445,
    17.40915569067));
#6053 = VECTOR('',#6054,1.);
#6054 = DIRECTION('',(-0.232573371299,0.,0.972578853853));
#6055 = PLANE('',#6056);
#6056 = AXIS2_PLACEMENT_3D('',#6057,#6058,#6059);
#6057 = CARTESIAN_POINT('',(12.121320575938,13.560780489445,
    23.283807710695));
#6058 = DIRECTION('',(-0.,-1.,-0.));
#6059 = DIRECTION('',(0.,0.,-1.));
#6060 = ADVANCED_FACE('',(#6061),#6066,.T.);
#6061 = FACE_BOUND('',#6062,.T.);
#6062 = EDGE_LOOP('',(#6063,#6064,#6065));
#6063 = ORIENTED_EDGE('',*,*,#4760,.F.);
#6064 = ORIENTED_EDGE('',*,*,#6050,.F.);
#6065 = ORIENTED_EDGE('',*,*,#3956,.F.);
#6066 = PLANE('',#6067);
#6067 = AXIS2_PLACEMENT_3D('',#6068,#6069,#6070);
#6068 = CARTESIAN_POINT('',(12.926416663112,13.560780489445,
    23.867300442637));
#6069 = DIRECTION('',(-0.,-1.,-0.));
#6070 = DIRECTION('',(0.,0.,-1.));
#6071 = ADVANCED_FACE('',(#6072),#6089,.T.);
#6072 = FACE_BOUND('',#6073,.T.);
#6073 = EDGE_LOOP('',(#6074,#6082,#6083));
#6074 = ORIENTED_EDGE('',*,*,#6075,.T.);
#6075 = EDGE_CURVE('',#6076,#4933,#6078,.T.);
#6076 = VERTEX_POINT('',#6077);
#6077 = CARTESIAN_POINT('',(-11.53733326196,-12.22021990418,
    38.710285544395));
#6078 = LINE('',#6079,#6080);
#6079 = CARTESIAN_POINT('',(-11.53733326196,-12.22021990418,
    38.710285544395));
#6080 = VECTOR('',#6081,1.);
#6081 = DIRECTION('',(-0.156433741187,0.,-0.987688455242));
#6082 = ORIENTED_EDGE('',*,*,#4932,.F.);
#6083 = ORIENTED_EDGE('',*,*,#6084,.T.);
#6084 = EDGE_CURVE('',#3487,#6076,#6085,.T.);
#6085 = LINE('',#6086,#6087);
#6086 = CARTESIAN_POINT('',(-11.69272817969,-6.50522005558,
    37.729155993462));
#6087 = VECTOR('',#6088,1.);
#6088 = DIRECTION('',(2.678904755893E-02,-0.985227863198,0.16914019188)
  );
#6089 = PLANE('',#6090);
#6090 = AXIS2_PLACEMENT_3D('',#6091,#6092,#6093);
#6091 = CARTESIAN_POINT('',(-11.65052830464,-9.589637673916,
    37.995596782241));
#6092 = DIRECTION('',(0.987688455242,0.,-0.156433741187));
#6093 = DIRECTION('',(0.156433741187,0.,0.987688455242));
#6094 = ADVANCED_FACE('',(#6095),#6105,.T.);
#6095 = FACE_BOUND('',#6096,.T.);
#6096 = EDGE_LOOP('',(#6097,#6103,#6104));
#6097 = ORIENTED_EDGE('',*,*,#6098,.T.);
#6098 = EDGE_CURVE('',#3463,#6076,#6099,.T.);
#6099 = LINE('',#6100,#6101);
#6100 = CARTESIAN_POINT('',(-11.53733326196,-6.50522005558,
    38.710285544395));
#6101 = VECTOR('',#6102,1.);
#6102 = DIRECTION('',(0.,-1.,0.));
#6103 = ORIENTED_EDGE('',*,*,#6084,.F.);
#6104 = ORIENTED_EDGE('',*,*,#3486,.F.);
#6105 = PLANE('',#6106);
#6106 = AXIS2_PLACEMENT_3D('',#6107,#6108,#6109);
#6107 = CARTESIAN_POINT('',(-11.57953313701,-9.135802285848,
    38.443844755616));
#6108 = DIRECTION('',(0.987688455242,0.,-0.156433741187));
#6109 = DIRECTION('',(0.156433741187,0.,0.987688455242));
#6110 = ADVANCED_FACE('',(#6111),#6128,.T.);
#6111 = FACE_BOUND('',#6112,.T.);
#6112 = EDGE_LOOP('',(#6113,#6121,#6122));
#6113 = ORIENTED_EDGE('',*,*,#6114,.T.);
#6114 = EDGE_CURVE('',#6115,#6076,#6117,.T.);
#6115 = VERTEX_POINT('',#6116);
#6116 = CARTESIAN_POINT('',(-11.08635773062,-12.22021990418,
    39.595372629166));
#6117 = LINE('',#6118,#6119);
#6118 = CARTESIAN_POINT('',(-11.08635773062,-12.22021990418,
    39.595372629166));
#6119 = VECTOR('',#6120,1.);
#6120 = DIRECTION('',(-0.453991408136,0.,-0.891006061337));
#6121 = ORIENTED_EDGE('',*,*,#6098,.F.);
#6122 = ORIENTED_EDGE('',*,*,#6123,.T.);
#6123 = EDGE_CURVE('',#3463,#6115,#6124,.T.);
#6124 = LINE('',#6125,#6126);
#6125 = CARTESIAN_POINT('',(-11.53733326196,-6.50522005558,
    38.710285544395));
#6126 = VECTOR('',#6127,1.);
#6127 = DIRECTION('',(7.77451796831E-02,-0.985227931988,0.15258312183));
#6128 = PLANE('',#6129);
#6129 = AXIS2_PLACEMENT_3D('',#6130,#6131,#6132);
#6130 = CARTESIAN_POINT('',(-11.41486395728,-9.589637183907,
    38.950644482573));
#6131 = DIRECTION('',(0.891006061337,0.,-0.453991408136));
#6132 = DIRECTION('',(0.453991408136,0.,0.891006061337));
#6133 = ADVANCED_FACE('',(#6134),#6144,.T.);
#6134 = FACE_BOUND('',#6135,.T.);
#6135 = EDGE_LOOP('',(#6136,#6142,#6143));
#6136 = ORIENTED_EDGE('',*,*,#6137,.T.);
#6137 = EDGE_CURVE('',#3440,#6115,#6138,.T.);
#6138 = LINE('',#6139,#6140);
#6139 = CARTESIAN_POINT('',(-11.08635773062,-6.50522005558,
    39.595372629166));
#6140 = VECTOR('',#6141,1.);
#6141 = DIRECTION('',(0.,-1.,0.));
#6142 = ORIENTED_EDGE('',*,*,#6123,.F.);
#6143 = ORIENTED_EDGE('',*,*,#3471,.F.);
#6144 = PLANE('',#6145);
#6145 = AXIS2_PLACEMENT_3D('',#6146,#6147,#6148);
#6146 = CARTESIAN_POINT('',(-11.20882703531,-9.135802775857,
    39.355013690989));
#6147 = DIRECTION('',(0.891006061337,0.,-0.453991408136));
#6148 = DIRECTION('',(0.453991408136,0.,0.891006061337));
#6149 = ADVANCED_FACE('',(#6150),#6167,.T.);
#6150 = FACE_BOUND('',#6151,.T.);
#6151 = EDGE_LOOP('',(#6152,#6160,#6161));
#6152 = ORIENTED_EDGE('',*,*,#6153,.T.);
#6153 = EDGE_CURVE('',#6154,#6115,#6156,.T.);
#6154 = VERTEX_POINT('',#6155);
#6155 = CARTESIAN_POINT('',(-10.38394708633,-12.22021990418,
    40.297785544395));
#6156 = LINE('',#6157,#6158);
#6157 = CARTESIAN_POINT('',(-10.38394708633,-12.22021990418,
    40.297785544395));
#6158 = VECTOR('',#6159,1.);
#6159 = DIRECTION('',(-0.707105638128,0.,-0.707107924244));
#6160 = ORIENTED_EDGE('',*,*,#6137,.F.);
#6161 = ORIENTED_EDGE('',*,*,#6162,.T.);
#6162 = EDGE_CURVE('',#3440,#6154,#6163,.T.);
#6163 = LINE('',#6164,#6165);
#6164 = CARTESIAN_POINT('',(-11.08635773062,-6.50522005558,
    39.595372629166));
#6165 = VECTOR('',#6166,1.);
#6166 = DIRECTION('',(0.121090907711,-0.985227836252,0.121091299206));
#6167 = PLANE('',#6168);
#6168 = AXIS2_PLACEMENT_3D('',#6169,#6170,#6171);
#6169 = CARTESIAN_POINT('',(-10.89560732504,-9.589637865858,
    39.786123651454));
#6170 = DIRECTION('',(0.707107924244,0.,-0.707105638128));
#6171 = DIRECTION('',(0.707105638128,0.,0.707107924244));
#6172 = ADVANCED_FACE('',(#6173),#6183,.T.);
#6173 = FACE_BOUND('',#6174,.T.);
#6174 = EDGE_LOOP('',(#6175,#6181,#6182));
#6175 = ORIENTED_EDGE('',*,*,#6176,.T.);
#6176 = EDGE_CURVE('',#3418,#6154,#6177,.T.);
#6177 = LINE('',#6178,#6179);
#6178 = CARTESIAN_POINT('',(-10.38394708633,-6.50522005558,
    40.297785544395));
#6179 = VECTOR('',#6180,1.);
#6180 = DIRECTION('',(0.,-1.,0.));
#6181 = ORIENTED_EDGE('',*,*,#6162,.F.);
#6182 = ORIENTED_EDGE('',*,*,#3448,.F.);
#6183 = PLANE('',#6184);
#6184 = AXIS2_PLACEMENT_3D('',#6185,#6186,#6187);
#6185 = CARTESIAN_POINT('',(-10.57469749191,-9.135802093906,
    40.107034522107));
#6186 = DIRECTION('',(0.707107924244,0.,-0.707105638128));
#6187 = DIRECTION('',(0.707105638128,0.,0.707107924244));
#6188 = ADVANCED_FACE('',(#6189),#6206,.T.);
#6189 = FACE_BOUND('',#6190,.T.);
#6190 = EDGE_LOOP('',(#6191,#6199,#6200));
#6191 = ORIENTED_EDGE('',*,*,#6192,.T.);
#6192 = EDGE_CURVE('',#6193,#6154,#6195,.T.);
#6193 = VERTEX_POINT('',#6194);
#6194 = CARTESIAN_POINT('',(-9.498857730627,-12.22021990418,
    40.748760318756));
#6195 = LINE('',#6196,#6197);
#6196 = CARTESIAN_POINT('',(-9.498857730627,-12.22021990418,
    40.748760318756));
#6197 = VECTOR('',#6198,1.);
#6198 = DIRECTION('',(-0.891006840775,0.,-0.453989878402));
#6199 = ORIENTED_EDGE('',*,*,#6176,.F.);
#6200 = ORIENTED_EDGE('',*,*,#6201,.T.);
#6201 = EDGE_CURVE('',#3418,#6193,#6202,.T.);
#6202 = LINE('',#6203,#6204);
#6203 = CARTESIAN_POINT('',(-10.38394708633,-6.50522005558,
    40.297785544395));
#6204 = VECTOR('',#6205,1.);
#6205 = DIRECTION('',(0.152583505758,-0.98522788313,7.774504532964E-02)
  );
#6206 = PLANE('',#6207);
#6207 = AXIS2_PLACEMENT_3D('',#6208,#6209,#6210);
#6208 = CARTESIAN_POINT('',(-10.14358749965,-9.589637531933,
    40.420254659713));
#6209 = DIRECTION('',(0.453989878402,0.,-0.891006840775));
#6210 = DIRECTION('',(-0.891006840775,0.,-0.453989878402));
#6211 = ADVANCED_FACE('',(#6212),#6222,.T.);
#6212 = FACE_BOUND('',#6213,.T.);
#6213 = EDGE_LOOP('',(#6214,#6220,#6221));
#6214 = ORIENTED_EDGE('',*,*,#6215,.T.);
#6215 = EDGE_CURVE('',#3346,#6193,#6216,.T.);
#6216 = LINE('',#6217,#6218);
#6217 = CARTESIAN_POINT('',(-9.498857730627,-6.50522005558,
    40.748760318756));
#6218 = VECTOR('',#6219,1.);
#6219 = DIRECTION('',(0.,-1.,0.));
#6220 = ORIENTED_EDGE('',*,*,#6201,.F.);
#6221 = ORIENTED_EDGE('',*,*,#3417,.F.);
#6222 = PLANE('',#6223);
#6223 = AXIS2_PLACEMENT_3D('',#6224,#6225,#6226);
#6224 = CARTESIAN_POINT('',(-9.739217317311,-9.135802427831,
    40.626291203439));
#6225 = DIRECTION('',(0.453989878402,0.,-0.891006840775));
#6226 = DIRECTION('',(-0.891006840775,0.,-0.453989878402));
#6227 = ADVANCED_FACE('',(#6228),#6243,.T.);
#6228 = FACE_BOUND('',#6229,.T.);
#6229 = EDGE_LOOP('',(#6230,#6236,#6237));
#6230 = ORIENTED_EDGE('',*,*,#6231,.T.);
#6231 = EDGE_CURVE('',#3601,#6193,#6232,.T.);
#6232 = LINE('',#6233,#6234);
#6233 = CARTESIAN_POINT('',(-8.517728179693,-12.22021990418,
    40.904155993462));
#6234 = VECTOR('',#6235,1.);
#6235 = DIRECTION('',(-0.987688337501,0.,-0.156434484578));
#6236 = ORIENTED_EDGE('',*,*,#6215,.F.);
#6237 = ORIENTED_EDGE('',*,*,#6238,.T.);
#6238 = EDGE_CURVE('',#3346,#3601,#6239,.T.);
#6239 = LINE('',#6240,#6241);
#6240 = CARTESIAN_POINT('',(-9.498857730627,-6.50522005558,
    40.748760318756));
#6241 = VECTOR('',#6242,1.);
#6242 = DIRECTION('',(0.169140191289,-0.985227859754,2.678917796339E-02)
  );
#6243 = PLANE('',#6244);
#6244 = AXIS2_PLACEMENT_3D('',#6245,#6246,#6247);
#6245 = CARTESIAN_POINT('',(-9.232416939363,-9.589637698451,
    40.790960399763));
#6246 = DIRECTION('',(0.156434484578,0.,-0.987688337501));
#6247 = DIRECTION('',(-0.987688337501,0.,-0.156434484578));
#6248 = ADVANCED_FACE('',(#6249),#6254,.T.);
#6249 = FACE_BOUND('',#6250,.T.);
#6250 = EDGE_LOOP('',(#6251,#6252,#6253));
#6251 = ORIENTED_EDGE('',*,*,#3600,.F.);
#6252 = ORIENTED_EDGE('',*,*,#6238,.F.);
#6253 = ORIENTED_EDGE('',*,*,#3345,.F.);
#6254 = PLANE('',#6255);
#6255 = AXIS2_PLACEMENT_3D('',#6256,#6257,#6258);
#6256 = CARTESIAN_POINT('',(-8.784168970957,-9.135802261313,
    40.861955912455));
#6257 = DIRECTION('',(0.156434484578,0.,-0.987688337501));
#6258 = DIRECTION('',(-0.987688337501,0.,-0.156434484578));
#6259 = ADVANCED_FACE('',(#6260),#6275,.T.);
#6260 = FACE_BOUND('',#6261,.T.);
#6261 = EDGE_LOOP('',(#6262,#6263,#6269));
#6262 = ORIENTED_EDGE('',*,*,#5752,.F.);
#6263 = ORIENTED_EDGE('',*,*,#6264,.T.);
#6264 = EDGE_CURVE('',#5753,#4955,#6265,.T.);
#6265 = LINE('',#6266,#6267);
#6266 = CARTESIAN_POINT('',(-23.03382902145,-12.22021990418,
    15.504155993462));
#6267 = VECTOR('',#6268,1.);
#6268 = DIRECTION('',(1.,0.,0.));
#6269 = ORIENTED_EDGE('',*,*,#6270,.T.);
#6270 = EDGE_CURVE('',#4955,#4568,#6271,.T.);
#6271 = LINE('',#6272,#6273);
#6272 = CARTESIAN_POINT('',(-11.69272817969,-12.22021990418,
    15.504155993462));
#6273 = VECTOR('',#6274,1.);
#6274 = DIRECTION('',(-0.986184202558,0.,0.165652403014));
#6275 = PLANE('',#6276);
#6276 = AXIS2_PLACEMENT_3D('',#6277,#6278,#6279);
#6277 = CARTESIAN_POINT('',(-17.79980816847,-12.22021990418,
    16.020126274161));
#6278 = DIRECTION('',(-0.,-1.,-0.));
#6279 = DIRECTION('',(0.,0.,-1.));
#6280 = ADVANCED_FACE('',(#6281),#6291,.T.);
#6281 = FACE_BOUND('',#6282,.T.);
#6282 = EDGE_LOOP('',(#6283,#6289,#6290));
#6283 = ORIENTED_EDGE('',*,*,#6284,.T.);
#6284 = EDGE_CURVE('',#4933,#4568,#6285,.T.);
#6285 = LINE('',#6286,#6287);
#6286 = CARTESIAN_POINT('',(-11.69272817969,-12.22021990418,
    37.729155993462));
#6287 = VECTOR('',#6288,1.);
#6288 = DIRECTION('',(-0.487356504027,0.,-0.873203090914));
#6289 = ORIENTED_EDGE('',*,*,#6270,.F.);
#6290 = ORIENTED_EDGE('',*,*,#4963,.F.);
#6291 = PLANE('',#6292);
#6292 = AXIS2_PLACEMENT_3D('',#6293,#6294,#6295);
#6293 = CARTESIAN_POINT('',(-15.15209177439,-12.22021990418,
    24.955571857688));
#6294 = DIRECTION('',(-0.,-1.,-0.));
#6295 = DIRECTION('',(0.,0.,-1.));
#6296 = ADVANCED_FACE('',(#6297),#6307,.T.);
#6297 = FACE_BOUND('',#6298,.T.);
#6298 = EDGE_LOOP('',(#6299,#6300,#6301));
#6299 = ORIENTED_EDGE('',*,*,#4599,.F.);
#6300 = ORIENTED_EDGE('',*,*,#6284,.F.);
#6301 = ORIENTED_EDGE('',*,*,#6302,.T.);
#6302 = EDGE_CURVE('',#4933,#4591,#6303,.T.);
#6303 = LINE('',#6304,#6305);
#6304 = CARTESIAN_POINT('',(-11.69272817969,-12.22021990418,
    37.729155993462));
#6305 = VECTOR('',#6306,1.);
#6306 = DIRECTION('',(-0.949159202739,0.,0.314796454643));
#6307 = PLANE('',#6308);
#6308 = AXIS2_PLACEMENT_3D('',#6309,#6310,#6311);
#6309 = CARTESIAN_POINT('',(-24.55922741625,-12.22021990418,
    33.875021904837));
#6310 = DIRECTION('',(-0.,-1.,-0.));
#6311 = DIRECTION('',(0.,0.,-1.));
#6312 = ADVANCED_FACE('',(#6313),#6323,.T.);
#6313 = FACE_BOUND('',#6314,.T.);
#6314 = EDGE_LOOP('',(#6315,#6321,#6322));
#6315 = ORIENTED_EDGE('',*,*,#6316,.T.);
#6316 = EDGE_CURVE('',#6076,#4591,#6317,.T.);
#6317 = LINE('',#6318,#6319);
#6318 = CARTESIAN_POINT('',(-11.53733326196,-12.22021990418,
    38.710285544395));
#6319 = VECTOR('',#6320,1.);
#6320 = DIRECTION('',(-0.960159665953,0.,0.27945199208));
#6321 = ORIENTED_EDGE('',*,*,#6302,.F.);
#6322 = ORIENTED_EDGE('',*,*,#6075,.F.);
#6323 = PLANE('',#6324);
#6324 = AXIS2_PLACEMENT_3D('',#6325,#6326,#6327);
#6325 = CARTESIAN_POINT('',(-24.05775848275,-12.22021990418,
    42.092343496732));
#6326 = DIRECTION('',(-0.,-1.,-0.));
#6327 = DIRECTION('',(0.,0.,-1.));
#6328 = ADVANCED_FACE('',(#6329),#6339,.T.);
#6329 = FACE_BOUND('',#6330,.T.);
#6330 = EDGE_LOOP('',(#6331,#6337,#6338));
#6331 = ORIENTED_EDGE('',*,*,#6332,.T.);
#6332 = EDGE_CURVE('',#6115,#4591,#6333,.T.);
#6333 = LINE('',#6334,#6335);
#6334 = CARTESIAN_POINT('',(-11.08635773062,-12.22021990418,
    39.595372629166));
#6335 = VECTOR('',#6336,1.);
#6336 = DIRECTION('',(-0.969736112634,0.,0.244155425609));
#6337 = ORIENTED_EDGE('',*,*,#6316,.F.);
#6338 = ORIENTED_EDGE('',*,*,#6114,.F.);
#6339 = PLANE('',#6340);
#6340 = AXIS2_PLACEMENT_3D('',#6341,#6342,#6343);
#6341 = CARTESIAN_POINT('',(-23.90311885331,-12.22021990418,
    42.569015702164));
#6342 = DIRECTION('',(-0.,-1.,-0.));
#6343 = DIRECTION('',(0.,0.,-1.));
#6344 = ADVANCED_FACE('',(#6345),#6355,.T.);
#6345 = FACE_BOUND('',#6346,.T.);
#6346 = EDGE_LOOP('',(#6347,#6348,#6349));
#6347 = ORIENTED_EDGE('',*,*,#6332,.F.);
#6348 = ORIENTED_EDGE('',*,*,#6153,.F.);
#6349 = ORIENTED_EDGE('',*,*,#6350,.T.);
#6350 = EDGE_CURVE('',#6154,#4591,#6351,.T.);
#6351 = LINE('',#6352,#6353);
#6352 = CARTESIAN_POINT('',(-10.38394708633,-12.22021990418,
    40.297785544395));
#6353 = VECTOR('',#6354,1.);
#6354 = DIRECTION('',(-0.976910726263,0.,0.213647918107));
#6355 = PLANE('',#6356);
#6356 = AXIS2_PLACEMENT_3D('',#6357,#6358,#6359);
#6357 = CARTESIAN_POINT('',(-23.61141742986,-12.22021990418,
    42.974759167302));
#6358 = DIRECTION('',(-0.,-1.,-0.));
#6359 = DIRECTION('',(0.,0.,-1.));
#6360 = ADVANCED_FACE('',(#6361),#6371,.T.);
#6361 = FACE_BOUND('',#6362,.T.);
#6362 = EDGE_LOOP('',(#6363,#6369,#6370));
#6363 = ORIENTED_EDGE('',*,*,#6364,.T.);
#6364 = EDGE_CURVE('',#6193,#4591,#6365,.T.);
#6365 = LINE('',#6366,#6367);
#6366 = CARTESIAN_POINT('',(-9.498857730627,-12.22021990418,
    40.748760318756));
#6367 = VECTOR('',#6368,1.);
#6368 = DIRECTION('',(-0.981470406659,0.,0.191613780433));
#6369 = ORIENTED_EDGE('',*,*,#6350,.F.);
#6370 = ORIENTED_EDGE('',*,*,#6192,.F.);
#6371 = PLANE('',#6372);
#6372 = AXIS2_PLACEMENT_3D('',#6373,#6374,#6375);
#6373 = CARTESIAN_POINT('',(-23.2116308393,-12.22021990418,
    43.269375425863));
#6374 = DIRECTION('',(-0.,-1.,-0.));
#6375 = DIRECTION('',(0.,0.,-1.));
#6376 = ADVANCED_FACE('',(#6377),#6392,.T.);
#6377 = FACE_BOUND('',#6378,.T.);
#6378 = EDGE_LOOP('',(#6379,#6385,#6386));
#6379 = ORIENTED_EDGE('',*,*,#6380,.T.);
#6380 = EDGE_CURVE('',#2892,#4591,#6381,.T.);
#6381 = LINE('',#6382,#6383);
#6382 = CARTESIAN_POINT('',(-36.96572754383,-12.22021990418,
    69.606155872345));
#6383 = VECTOR('',#6384,1.);
#6384 = DIRECTION('',(0.,0.,-1.));
#6385 = ORIENTED_EDGE('',*,*,#6364,.F.);
#6386 = ORIENTED_EDGE('',*,*,#6387,.T.);
#6387 = EDGE_CURVE('',#6193,#2892,#6388,.T.);
#6388 = LINE('',#6389,#6390);
#6389 = CARTESIAN_POINT('',(-9.498857730627,-12.22021990418,
    40.748760318756));
#6390 = VECTOR('',#6391,1.);
#6391 = DIRECTION('',(-0.689439754417,0.,0.724343029944));
#6392 = PLANE('',#6393);
#6393 = AXIS2_PLACEMENT_3D('',#6394,#6395,#6396);
#6394 = CARTESIAN_POINT('',(-26.7656660401,-12.22021990418,
    52.267201863589));
#6395 = DIRECTION('',(-0.,-1.,-0.));
#6396 = DIRECTION('',(0.,0.,-1.));
#6397 = ADVANCED_FACE('',(#6398),#6408,.T.);
#6398 = FACE_BOUND('',#6399,.T.);
#6399 = EDGE_LOOP('',(#6400,#6406,#6407));
#6400 = ORIENTED_EDGE('',*,*,#6401,.T.);
#6401 = EDGE_CURVE('',#3601,#2892,#6402,.T.);
#6402 = LINE('',#6403,#6404);
#6403 = CARTESIAN_POINT('',(-8.517728179693,-12.22021990418,
    40.904155993462));
#6404 = VECTOR('',#6405,1.);
#6405 = DIRECTION('',(-0.703957125314,0.,0.710242469668));
#6406 = ORIENTED_EDGE('',*,*,#6387,.F.);
#6407 = ORIENTED_EDGE('',*,*,#6231,.F.);
#6408 = PLANE('',#6409);
#6409 = AXIS2_PLACEMENT_3D('',#6410,#6411,#6412);
#6410 = CARTESIAN_POINT('',(-22.81436766935,-12.22021990418,
    55.040638537632));
#6411 = DIRECTION('',(-0.,-1.,-0.));
#6412 = DIRECTION('',(0.,0.,-1.));
#6413 = ADVANCED_FACE('',(#6414),#6424,.T.);
#6414 = FACE_BOUND('',#6415,.T.);
#6415 = EDGE_LOOP('',(#6416,#6417,#6418));
#6416 = ORIENTED_EDGE('',*,*,#2937,.F.);
#6417 = ORIENTED_EDGE('',*,*,#6401,.F.);
#6418 = ORIENTED_EDGE('',*,*,#6419,.T.);
#6419 = EDGE_CURVE('',#3601,#2758,#6420,.T.);
#6420 = LINE('',#6421,#6422);
#6421 = CARTESIAN_POINT('',(-8.517728179693,-12.22021990418,
    40.904155993462));
#6422 = VECTOR('',#6423,1.);
#6423 = DIRECTION('',(0.755104905313,0.,0.655603982578));
#6424 = PLANE('',#6425);
#6425 = AXIS2_PLACEMENT_3D('',#6426,#6427,#6428);
#6426 = CARTESIAN_POINT('',(-6.523221825592,-12.22021990418,
    61.313436048579));
#6427 = DIRECTION('',(-0.,-1.,-0.));
#6428 = DIRECTION('',(0.,0.,-1.));
#6429 = ADVANCED_FACE('',(#6430),#6440,.T.);
#6430 = FACE_BOUND('',#6431,.T.);
#6431 = EDGE_LOOP('',(#6432,#6438,#6439));
#6432 = ORIENTED_EDGE('',*,*,#6433,.T.);
#6433 = EDGE_CURVE('',#3624,#2758,#6434,.T.);
#6434 = LINE('',#6435,#6436);
#6435 = CARTESIAN_POINT('',(10.532271063328,-12.22021990418,
    40.904155993462));
#6436 = VECTOR('',#6437,1.);
#6437 = DIRECTION('',(0.43860379323,0.,0.898680539772));
#6438 = ORIENTED_EDGE('',*,*,#6419,.F.);
#6439 = ORIENTED_EDGE('',*,*,#3623,.F.);
#6440 = PLANE('',#6441);
#6441 = AXIS2_PLACEMENT_3D('',#6442,#6443,#6444);
#6442 = CARTESIAN_POINT('',(9.813434908054,-12.22021990418,
    52.37033999091));
#6443 = DIRECTION('',(-0.,-1.,-0.));
#6444 = DIRECTION('',(0.,0.,-1.));
#6445 = ADVANCED_FACE('',(#6446),#6456,.T.);
#6446 = FACE_BOUND('',#6447,.T.);
#6447 = EDGE_LOOP('',(#6448,#6454,#6455));
#6448 = ORIENTED_EDGE('',*,*,#6449,.T.);
#6449 = EDGE_CURVE('',#3647,#2758,#6450,.T.);
#6450 = LINE('',#6451,#6452);
#6451 = CARTESIAN_POINT('',(11.513401371241,-12.22021990418,
    40.748760318756));
#6452 = VECTOR('',#6453,1.);
#6453 = DIRECTION('',(0.411444965645,0.,0.911434605578));
#6454 = ORIENTED_EDGE('',*,*,#6433,.F.);
#6455 = ORIENTED_EDGE('',*,*,#3646,.F.);
#6456 = PLANE('',#6457);
#6457 = AXIS2_PLACEMENT_3D('',#6458,#6459,#6460);
#6458 = CARTESIAN_POINT('',(17.67661171665,-12.22021990418,
    54.995174573144));
#6459 = DIRECTION('',(-0.,-1.,-0.));
#6460 = DIRECTION('',(0.,0.,-1.));
#6461 = ADVANCED_FACE('',(#6462),#6472,.T.);
#6462 = FACE_BOUND('',#6463,.T.);
#6463 = EDGE_LOOP('',(#6464,#6465,#6466));
#6464 = ORIENTED_EDGE('',*,*,#6449,.F.);
#6465 = ORIENTED_EDGE('',*,*,#3685,.F.);
#6466 = ORIENTED_EDGE('',*,*,#6467,.T.);
#6467 = EDGE_CURVE('',#3686,#2758,#6468,.T.);
#6468 = LINE('',#6469,#6470);
#6469 = CARTESIAN_POINT('',(12.398489969969,-12.22021990418,
    40.297785544395));
#6470 = VECTOR('',#6471,1.);
#6471 = DIRECTION('',(0.382736050333,0.,0.92385773568));
#6472 = PLANE('',#6473);
#6473 = AXIS2_PLACEMENT_3D('',#6474,#6475,#6476);
#6474 = CARTESIAN_POINT('',(18.151284123443,-12.22021990418,
    54.840232145201));
#6475 = DIRECTION('',(-0.,-1.,-0.));
#6476 = DIRECTION('',(0.,0.,-1.));
#6477 = ADVANCED_FACE('',(#6478),#6488,.T.);
#6478 = FACE_BOUND('',#6479,.T.);
#6479 = EDGE_LOOP('',(#6480,#6486,#6487));
#6480 = ORIENTED_EDGE('',*,*,#6481,.T.);
#6481 = EDGE_CURVE('',#3725,#2758,#6482,.T.);
#6482 = LINE('',#6483,#6484);
#6483 = CARTESIAN_POINT('',(13.100899100304,-12.22021990418,
    39.595372629166));
#6484 = VECTOR('',#6485,1.);
#6485 = DIRECTION('',(0.356179987296,0.,0.934417367481));
#6486 = ORIENTED_EDGE('',*,*,#6467,.F.);
#6487 = ORIENTED_EDGE('',*,*,#3724,.F.);
#6488 = PLANE('',#6489);
#6489 = AXIS2_PLACEMENT_3D('',#6490,#6491,#6492);
#6490 = CARTESIAN_POINT('',(18.555771953153,-12.22021990418,
    54.54808800454));
#6491 = DIRECTION('',(-0.,-1.,-0.));
#6492 = DIRECTION('',(0.,0.,-1.));
#6493 = ADVANCED_FACE('',(#6494),#6504,.T.);
#6494 = FACE_BOUND('',#6495,.T.);
#6495 = EDGE_LOOP('',(#6496,#6502,#6503));
#6496 = ORIENTED_EDGE('',*,*,#6497,.T.);
#6497 = EDGE_CURVE('',#3764,#2758,#6498,.T.);
#6498 = LINE('',#6499,#6500);
#6499 = CARTESIAN_POINT('',(13.551875388622,-12.22021990418,
    38.710285544395));
#6500 = VECTOR('',#6501,1.);
#6501 = DIRECTION('',(0.335098908974,0.,0.942182955272));
#6502 = ORIENTED_EDGE('',*,*,#6481,.F.);
#6503 = ORIENTED_EDGE('',*,*,#3763,.F.);
#6504 = PLANE('',#6505);
#6505 = AXIS2_PLACEMENT_3D('',#6506,#6507,#6508);
#6506 = CARTESIAN_POINT('',(18.850017671199,-12.22021990418,
    54.14771276905));
#6507 = DIRECTION('',(-0.,-1.,-0.));
#6508 = DIRECTION('',(0.,0.,-1.));
#6509 = ADVANCED_FACE('',(#6510),#6520,.T.);
#6510 = FACE_BOUND('',#6511,.T.);
#6511 = EDGE_LOOP('',(#6512,#6513,#6514));
#6512 = ORIENTED_EDGE('',*,*,#6497,.F.);
#6513 = ORIENTED_EDGE('',*,*,#3802,.F.);
#6514 = ORIENTED_EDGE('',*,*,#6515,.T.);
#6515 = EDGE_CURVE('',#3803,#2758,#6516,.T.);
#6516 = LINE('',#6517,#6518);
#6517 = CARTESIAN_POINT('',(13.707272577286,-12.22021990418,
    37.729155993462));
#6518 = VECTOR('',#6519,1.);
#6519 = DIRECTION('',(0.321767413301,0.,0.946818742811));
#6520 = PLANE('',#6521);
#6521 = AXIS2_PLACEMENT_3D('',#6522,#6523,#6524);
#6522 = CARTESIAN_POINT('',(19.005135985302,-12.22021990418,
    53.678643545502));
#6523 = DIRECTION('',(-0.,-1.,-0.));
#6524 = DIRECTION('',(0.,0.,-1.));
#6525 = ADVANCED_FACE('',(#6526),#6543,.T.);
#6526 = FACE_BOUND('',#6527,.T.);
#6527 = EDGE_LOOP('',(#6528,#6536,#6537));
#6528 = ORIENTED_EDGE('',*,*,#6529,.T.);
#6529 = EDGE_CURVE('',#6530,#2758,#6532,.T.);
#6530 = VERTEX_POINT('',#6531);
#6531 = CARTESIAN_POINT('',(24.540370118618,-12.22021990418,
    15.504155993462));
#6532 = LINE('',#6533,#6534);
#6533 = CARTESIAN_POINT('',(24.540370118618,-12.22021990418,
    15.504155993462));
#6534 = VECTOR('',#6535,1.);
#6535 = DIRECTION('',(0.,0.,1.));
#6536 = ORIENTED_EDGE('',*,*,#6515,.F.);
#6537 = ORIENTED_EDGE('',*,*,#6538,.T.);
#6538 = EDGE_CURVE('',#3803,#6530,#6539,.T.);
#6539 = LINE('',#6540,#6541);
#6540 = CARTESIAN_POINT('',(13.707272577286,-12.22021990418,
    37.729155993462));
#6541 = VECTOR('',#6542,1.);
#6542 = DIRECTION('',(0.438150288002,0.,-0.89890173274));
#6543 = PLANE('',#6544);
#6544 = AXIS2_PLACEMENT_3D('',#6545,#6546,#6547);
#6545 = CARTESIAN_POINT('',(21.728812502768,-12.22021990418,
    42.377871689674));
#6546 = DIRECTION('',(-0.,-1.,-0.));
#6547 = DIRECTION('',(0.,0.,-1.));
#6548 = ADVANCED_FACE('',(#6549),#6559,.T.);
#6549 = FACE_BOUND('',#6550,.T.);
#6550 = EDGE_LOOP('',(#6551,#6557,#6558));
#6551 = ORIENTED_EDGE('',*,*,#6552,.T.);
#6552 = EDGE_CURVE('',#3858,#6530,#6553,.T.);
#6553 = LINE('',#6554,#6555);
#6554 = CARTESIAN_POINT('',(13.707272577286,-12.22021990418,
    15.504155993462));
#6555 = VECTOR('',#6556,1.);
#6556 = DIRECTION('',(1.,0.,0.));
#6557 = ORIENTED_EDGE('',*,*,#6538,.F.);
#6558 = ORIENTED_EDGE('',*,*,#3857,.F.);
#6559 = PLANE('',#6560);
#6560 = AXIS2_PLACEMENT_3D('',#6561,#6562,#6563);
#6561 = CARTESIAN_POINT('',(17.04045091708,-12.22021990418,
    24.53328556259));
#6562 = DIRECTION('',(-0.,-1.,-0.));
#6563 = DIRECTION('',(0.,0.,-1.));
#6564 = ADVANCED_FACE('',(#6565),#6575,.T.);
#6565 = FACE_BOUND('',#6566,.T.);
#6566 = EDGE_LOOP('',(#6567,#6568,#6569));
#6567 = ORIENTED_EDGE('',*,*,#6552,.F.);
#6568 = ORIENTED_EDGE('',*,*,#3880,.F.);
#6569 = ORIENTED_EDGE('',*,*,#6570,.T.);
#6570 = EDGE_CURVE('',#3881,#6530,#6571,.T.);
#6571 = LINE('',#6572,#6573);
#6572 = CARTESIAN_POINT('',(13.707272577286,-3.863620001078,
    15.504155993462));
#6573 = VECTOR('',#6574,1.);
#6574 = DIRECTION('',(0.79179501812,-0.61078690988,0.));
#6575 = PLANE('',#6576);
#6576 = AXIS2_PLACEMENT_3D('',#6577,#6578,#6579);
#6577 = CARTESIAN_POINT('',(17.746820610831,-9.418920689752,
    15.504155993462));
#6578 = DIRECTION('',(-0.,-0.,-1.));
#6579 = DIRECTION('',(-1.,0.,0.));
#6580 = ADVANCED_FACE('',(#6581),#6598,.T.);
#6581 = FACE_BOUND('',#6582,.T.);
#6582 = EDGE_LOOP('',(#6583,#6591,#6592));
#6583 = ORIENTED_EDGE('',*,*,#6584,.T.);
#6584 = EDGE_CURVE('',#6585,#6530,#6587,.T.);
#6585 = VERTEX_POINT('',#6586);
#6586 = CARTESIAN_POINT('',(24.540370118618,-3.863620001078,
    15.504155993462));
#6587 = LINE('',#6588,#6589);
#6588 = CARTESIAN_POINT('',(24.540370118618,-3.863620001078,
    15.504155993462));
#6589 = VECTOR('',#6590,1.);
#6590 = DIRECTION('',(0.,-1.,0.));
#6591 = ORIENTED_EDGE('',*,*,#6570,.F.);
#6592 = ORIENTED_EDGE('',*,*,#6593,.T.);
#6593 = EDGE_CURVE('',#3881,#6585,#6594,.T.);
#6594 = LINE('',#6595,#6596);
#6595 = CARTESIAN_POINT('',(13.707272577286,-3.863620001078,
    15.504155993462));
#6596 = VECTOR('',#6597,1.);
#6597 = DIRECTION('',(1.,0.,0.));
#6598 = PLANE('',#6599);
#6599 = AXIS2_PLACEMENT_3D('',#6600,#6601,#6602);
#6600 = CARTESIAN_POINT('',(20.500822085073,-6.66491921551,
    15.504155993462));
#6601 = DIRECTION('',(-0.,-0.,-1.));
#6602 = DIRECTION('',(-1.,0.,0.));
#6603 = ADVANCED_FACE('',(#6604),#6619,.T.);
#6604 = FACE_BOUND('',#6605,.T.);
#6605 = EDGE_LOOP('',(#6606,#6607,#6613));
#6606 = ORIENTED_EDGE('',*,*,#76,.F.);
#6607 = ORIENTED_EDGE('',*,*,#6608,.T.);
#6608 = EDGE_CURVE('',#77,#5693,#6609,.T.);
#6609 = LINE('',#6610,#6611);
#6610 = CARTESIAN_POINT('',(-18.86222076416,-3.863620001078,
    12.517607426643));
#6611 = VECTOR('',#6612,1.);
#6612 = DIRECTION('',(-0.813103492846,0.,0.582119154402));
#6613 = ORIENTED_EDGE('',*,*,#6614,.T.);
#6614 = EDGE_CURVE('',#5693,#22,#6615,.T.);
#6615 = LINE('',#6616,#6617);
#6616 = CARTESIAN_POINT('',(-23.03382902145,-3.863620001078,
    15.504155993462));
#6617 = VECTOR('',#6618,1.);
#6618 = DIRECTION('',(0.733910940194,0.,-0.67924570802));
#6619 = PLANE('',#6620);
#6620 = AXIS2_PLACEMENT_3D('',#6621,#6622,#6623);
#6621 = CARTESIAN_POINT('',(-20.85680080715,-3.863620001078,
    13.715802695882));
#6622 = DIRECTION('',(-0.,-1.,-0.));
#6623 = DIRECTION('',(0.,0.,-1.));
#6624 = ADVANCED_FACE('',(#6625),#6635,.T.);
#6625 = FACE_BOUND('',#6626,.T.);
#6626 = EDGE_LOOP('',(#6627,#6633,#6634));
#6627 = ORIENTED_EDGE('',*,*,#6628,.T.);
#6628 = EDGE_CURVE('',#5822,#22,#6629,.T.);
#6629 = LINE('',#6630,#6631);
#6630 = CARTESIAN_POINT('',(-23.03382902145,-3.863620001078,
    7.655797082186));
#6631 = VECTOR('',#6632,1.);
#6632 = DIRECTION('',(0.695460782085,0.,0.718564054613));
#6633 = ORIENTED_EDGE('',*,*,#6614,.F.);
#6634 = ORIENTED_EDGE('',*,*,#5821,.F.);
#6635 = PLANE('',#6636);
#6636 = AXIS2_PLACEMENT_3D('',#6637,#6638,#6639);
#6637 = CARTESIAN_POINT('',(-21.8549509535,-3.863620001078,
    11.612404447054));
#6638 = DIRECTION('',(-0.,-1.,-0.));
#6639 = DIRECTION('',(0.,0.,-1.));
#6640 = ADVANCED_FACE('',(#6641),#6651,.T.);
#6641 = FACE_BOUND('',#6642,.T.);
#6642 = EDGE_LOOP('',(#6643,#6644,#6645));
#6643 = ORIENTED_EDGE('',*,*,#21,.F.);
#6644 = ORIENTED_EDGE('',*,*,#6628,.F.);
#6645 = ORIENTED_EDGE('',*,*,#6646,.T.);
#6646 = EDGE_CURVE('',#5822,#24,#6647,.T.);
#6647 = LINE('',#6648,#6649);
#6648 = CARTESIAN_POINT('',(-23.03382902145,-3.863620001078,
    7.655797082186));
#6649 = VECTOR('',#6650,1.);
#6650 = DIRECTION('',(0.773505268519,0.,0.633789870204));
#6651 = PLANE('',#6652);
#6652 = AXIS2_PLACEMENT_3D('',#6653,#6654,#6655);
#6653 = CARTESIAN_POINT('',(-20.86322040938,-3.863620001078,
    9.668515995606));
#6654 = DIRECTION('',(-0.,-1.,-0.));
#6655 = DIRECTION('',(0.,0.,-1.));
#6656 = ADVANCED_FACE('',(#6657),#6667,.T.);
#6657 = FACE_BOUND('',#6658,.T.);
#6658 = EDGE_LOOP('',(#6659,#6660,#6661));
#6659 = ORIENTED_EDGE('',*,*,#628,.F.);
#6660 = ORIENTED_EDGE('',*,*,#6646,.F.);
#6661 = ORIENTED_EDGE('',*,*,#6662,.T.);
#6662 = EDGE_CURVE('',#5822,#583,#6663,.T.);
#6663 = LINE('',#6664,#6665);
#6664 = CARTESIAN_POINT('',(-23.03382902145,-3.863620001078,
    7.655797082186));
#6665 = VECTOR('',#6666,1.);
#6666 = DIRECTION('',(0.852642965608,0.,0.522493993457));
#6667 = PLANE('',#6668);
#6668 = AXIS2_PLACEMENT_3D('',#6669,#6670,#6671);
#6669 = CARTESIAN_POINT('',(-20.69131088049,-3.863620001078,
    9.319748794935));
#6670 = DIRECTION('',(-0.,-1.,-0.));
#6671 = DIRECTION('',(0.,0.,-1.));
#6672 = ADVANCED_FACE('',(#6673),#6683,.T.);
#6673 = FACE_BOUND('',#6674,.T.);
#6674 = EDGE_LOOP('',(#6675,#6676,#6677));
#6675 = ORIENTED_EDGE('',*,*,#582,.F.);
#6676 = ORIENTED_EDGE('',*,*,#6662,.F.);
#6677 = ORIENTED_EDGE('',*,*,#6678,.T.);
#6678 = EDGE_CURVE('',#5822,#537,#6679,.T.);
#6679 = LINE('',#6680,#6681);
#6680 = CARTESIAN_POINT('',(-23.03382902145,-3.863620001078,
    7.655797082186));
#6681 = VECTOR('',#6682,1.);
#6682 = DIRECTION('',(0.90325714534,0.,0.429099673027));
#6683 = PLANE('',#6684);
#6684 = AXIS2_PLACEMENT_3D('',#6685,#6686,#6687);
#6685 = CARTESIAN_POINT('',(-20.39173064073,-3.863620001078,
    9.074546797323));
#6686 = DIRECTION('',(-0.,-1.,-0.));
#6687 = DIRECTION('',(0.,0.,-1.));
#6688 = ADVANCED_FACE('',(#6689),#6699,.T.);
#6689 = FACE_BOUND('',#6690,.T.);
#6690 = EDGE_LOOP('',(#6691,#6692,#6693));
#6691 = ORIENTED_EDGE('',*,*,#536,.F.);
#6692 = ORIENTED_EDGE('',*,*,#6678,.F.);
#6693 = ORIENTED_EDGE('',*,*,#6694,.T.);
#6694 = EDGE_CURVE('',#5822,#491,#6695,.T.);
#6695 = LINE('',#6696,#6697);
#6696 = CARTESIAN_POINT('',(-23.03382902145,-3.863620001078,
    7.655797082186));
#6697 = VECTOR('',#6698,1.);
#6698 = DIRECTION('',(0.923023310882,0.,0.384744028633));
#6699 = PLANE('',#6700);
#6700 = AXIS2_PLACEMENT_3D('',#6701,#6702,#6703);
#6701 = CARTESIAN_POINT('',(-20.0294279423,-3.863620001078,
    8.985654205969));
#6702 = DIRECTION('',(-0.,-1.,-0.));
#6703 = DIRECTION('',(0.,0.,-1.));
#6704 = ADVANCED_FACE('',(#6705),#6720,.T.);
#6705 = FACE_BOUND('',#6706,.T.);
#6706 = EDGE_LOOP('',(#6707,#6713,#6714));
#6707 = ORIENTED_EDGE('',*,*,#6708,.T.);
#6708 = EDGE_CURVE('',#5001,#491,#6709,.T.);
#6709 = LINE('',#6710,#6711);
#6710 = CARTESIAN_POINT('',(-11.69272817969,-3.863620001078,
    7.655797082186));
#6711 = VECTOR('',#6712,1.);
#6712 = DIRECTION('',(-0.903257121588,0.,0.429099723026));
#6713 = ORIENTED_EDGE('',*,*,#6694,.F.);
#6714 = ORIENTED_EDGE('',*,*,#6715,.T.);
#6715 = EDGE_CURVE('',#5822,#5001,#6716,.T.);
#6716 = LINE('',#6717,#6718);
#6717 = CARTESIAN_POINT('',(-23.03382902145,-3.863620001078,
    7.655797082186));
#6718 = VECTOR('',#6719,1.);
#6719 = DIRECTION('',(1.,0.,0.));
#6720 = PLANE('',#6721);
#6721 = AXIS2_PLACEMENT_3D('',#6722,#6723,#6724);
#6722 = CARTESIAN_POINT('',(-17.34730018963,-3.863620001078,
    8.313684634855));
#6723 = DIRECTION('',(-0.,-1.,-0.));
#6724 = DIRECTION('',(0.,0.,-1.));
#6725 = ADVANCED_FACE('',(#6726),#6736,.T.);
#6726 = FACE_BOUND('',#6727,.T.);
#6727 = EDGE_LOOP('',(#6728,#6729,#6730));
#6728 = ORIENTED_EDGE('',*,*,#490,.F.);
#6729 = ORIENTED_EDGE('',*,*,#6708,.F.);
#6730 = ORIENTED_EDGE('',*,*,#6731,.T.);
#6731 = EDGE_CURVE('',#5001,#445,#6732,.T.);
#6732 = LINE('',#6733,#6734);
#6733 = CARTESIAN_POINT('',(-11.69272817969,-3.863620001078,
    7.655797082186));
#6734 = VECTOR('',#6735,1.);
#6735 = DIRECTION('',(-0.852643003638,0.,0.522493931397));
#6736 = PLANE('',#6737);
#6737 = AXIS2_PLACEMENT_3D('',#6738,#6739,#6740);
#6738 = CARTESIAN_POINT('',(-14.33482626555,-3.863620001078,
    9.074546663739));
#6739 = DIRECTION('',(-0.,-1.,-0.));
#6740 = DIRECTION('',(0.,0.,-1.));
#6741 = ADVANCED_FACE('',(#6742),#6752,.T.);
#6742 = FACE_BOUND('',#6743,.T.);
#6743 = EDGE_LOOP('',(#6744,#6745,#6746));
#6744 = ORIENTED_EDGE('',*,*,#444,.F.);
#6745 = ORIENTED_EDGE('',*,*,#6731,.F.);
#6746 = ORIENTED_EDGE('',*,*,#6747,.T.);
#6747 = EDGE_CURVE('',#5001,#399,#6748,.T.);
#6748 = LINE('',#6749,#6750);
#6749 = CARTESIAN_POINT('',(-11.69272817969,-3.863620001078,
    7.655797082186));
#6750 = VECTOR('',#6751,1.);
#6751 = DIRECTION('',(-0.7735053249,0.,0.633789801394));
#6752 = PLANE('',#6753);
#6753 = AXIS2_PLACEMENT_3D('',#6754,#6755,#6756);
#6754 = CARTESIAN_POINT('',(-14.03524670893,-3.863620001078,
    9.319748783585));
#6755 = DIRECTION('',(-0.,-1.,-0.));
#6756 = DIRECTION('',(0.,0.,-1.));
#6757 = ADVANCED_FACE('',(#6758),#6768,.T.);
#6758 = FACE_BOUND('',#6759,.T.);
#6759 = EDGE_LOOP('',(#6760,#6761,#6762));
#6760 = ORIENTED_EDGE('',*,*,#398,.F.);
#6761 = ORIENTED_EDGE('',*,*,#6747,.F.);
#6762 = ORIENTED_EDGE('',*,*,#6763,.T.);
#6763 = EDGE_CURVE('',#5001,#353,#6764,.T.);
#6764 = LINE('',#6765,#6766);
#6765 = CARTESIAN_POINT('',(-11.69272817969,-3.863620001078,
    7.655797082186));
#6766 = VECTOR('',#6767,1.);
#6767 = DIRECTION('',(-0.695460849925,0.,0.718563988954));
#6768 = PLANE('',#6769);
#6769 = AXIS2_PLACEMENT_3D('',#6770,#6771,#6772);
#6770 = CARTESIAN_POINT('',(-13.86333718223,-3.863620001078,
    9.668515983192));
#6771 = DIRECTION('',(-0.,-1.,-0.));
#6772 = DIRECTION('',(0.,0.,-1.));
#6773 = ADVANCED_FACE('',(#6774),#6784,.T.);
#6774 = FACE_BOUND('',#6775,.T.);
#6775 = EDGE_LOOP('',(#6776,#6782,#6783));
#6776 = ORIENTED_EDGE('',*,*,#6777,.T.);
#6777 = EDGE_CURVE('',#4978,#353,#6778,.T.);
#6778 = LINE('',#6779,#6780);
#6779 = CARTESIAN_POINT('',(-11.69272817969,-3.863620001078,
    15.504155993462));
#6780 = VECTOR('',#6781,1.);
#6781 = DIRECTION('',(-0.733911004164,0.,-0.679245638902));
#6782 = ORIENTED_EDGE('',*,*,#6763,.F.);
#6783 = ORIENTED_EDGE('',*,*,#5000,.F.);
#6784 = PLANE('',#6785);
#6785 = AXIS2_PLACEMENT_3D('',#6786,#6787,#6788);
#6786 = CARTESIAN_POINT('',(-12.87160651713,-3.863620001078,
    11.61240445433));
#6787 = DIRECTION('',(-0.,-1.,-0.));
#6788 = DIRECTION('',(0.,0.,-1.));
#6789 = ADVANCED_FACE('',(#6790),#6800,.T.);
#6790 = FACE_BOUND('',#6791,.T.);
#6791 = EDGE_LOOP('',(#6792,#6793,#6794));
#6792 = ORIENTED_EDGE('',*,*,#352,.F.);
#6793 = ORIENTED_EDGE('',*,*,#6777,.F.);
#6794 = ORIENTED_EDGE('',*,*,#6795,.T.);
#6795 = EDGE_CURVE('',#4978,#307,#6796,.T.);
#6796 = LINE('',#6797,#6798);
#6797 = CARTESIAN_POINT('',(-11.69272817969,-3.863620001078,
    15.504155993462));
#6798 = VECTOR('',#6799,1.);
#6799 = DIRECTION('',(-0.813103542843,0.,-0.582119084566));
#6800 = PLANE('',#6801);
#6801 = AXIS2_PLACEMENT_3D('',#6802,#6803,#6804);
#6802 = CARTESIAN_POINT('',(-13.86975678374,-3.863620001078,
    13.715802708682));
#6803 = DIRECTION('',(-0.,-1.,-0.));
#6804 = DIRECTION('',(0.,0.,-1.));
#6805 = ADVANCED_FACE('',(#6806),#6816,.T.);
#6806 = FACE_BOUND('',#6807,.T.);
#6807 = EDGE_LOOP('',(#6808,#6809,#6810));
#6808 = ORIENTED_EDGE('',*,*,#306,.F.);
#6809 = ORIENTED_EDGE('',*,*,#6795,.F.);
#6810 = ORIENTED_EDGE('',*,*,#6811,.T.);
#6811 = EDGE_CURVE('',#4978,#261,#6812,.T.);
#6812 = LINE('',#6813,#6814);
#6813 = CARTESIAN_POINT('',(-11.69272817969,-3.863620001078,
    15.504155993462));
#6814 = VECTOR('',#6815,1.);
#6815 = DIRECTION('',(-0.887344039097,0.,-0.461107965967));
#6816 = PLANE('',#6817);
#6817 = AXIS2_PLACEMENT_3D('',#6818,#6819,#6820);
#6818 = CARTESIAN_POINT('',(-14.04182135084,-3.863620001078,
    14.066773343767));
#6819 = DIRECTION('',(-0.,-1.,-0.));
#6820 = DIRECTION('',(0.,0.,-1.));
#6821 = ADVANCED_FACE('',(#6822),#6832,.T.);
#6822 = FACE_BOUND('',#6823,.T.);
#6823 = EDGE_LOOP('',(#6824,#6825,#6826));
#6824 = ORIENTED_EDGE('',*,*,#260,.F.);
#6825 = ORIENTED_EDGE('',*,*,#6811,.F.);
#6826 = ORIENTED_EDGE('',*,*,#6827,.T.);
#6827 = EDGE_CURVE('',#4978,#215,#6828,.T.);
#6828 = LINE('',#6829,#6830);
#6829 = CARTESIAN_POINT('',(-11.69272817969,-3.863620001078,
    15.504155993462));
#6830 = VECTOR('',#6831,1.);
#6831 = DIRECTION('',(-0.93050419303,0.,-0.366281239969));
#6832 = PLANE('',#6833);
#6833 = AXIS2_PLACEMENT_3D('',#6834,#6835,#6836);
#6834 = CARTESIAN_POINT('',(-14.34064002262,-3.863620001078,
    14.312550822474));
#6835 = DIRECTION('',(-0.,-1.,-0.));
#6836 = DIRECTION('',(0.,0.,-1.));
#6837 = ADVANCED_FACE('',(#6838),#6853,.T.);
#6838 = FACE_BOUND('',#6839,.T.);
#6839 = EDGE_LOOP('',(#6840,#6846,#6847));
#6840 = ORIENTED_EDGE('',*,*,#6841,.T.);
#6841 = EDGE_CURVE('',#5693,#215,#6842,.T.);
#6842 = LINE('',#6843,#6844);
#6843 = CARTESIAN_POINT('',(-23.03382902145,-3.863620001078,
    15.504155993462));
#6844 = VECTOR('',#6845,1.);
#6845 = DIRECTION('',(0.945209273727,0.,-0.326465049982));
#6846 = ORIENTED_EDGE('',*,*,#6827,.F.);
#6847 = ORIENTED_EDGE('',*,*,#6848,.T.);
#6848 = EDGE_CURVE('',#4978,#5693,#6849,.T.);
#6849 = LINE('',#6850,#6851);
#6850 = CARTESIAN_POINT('',(-11.69272817969,-3.863620001078,
    15.504155993462));
#6851 = VECTOR('',#6852,1.);
#6852 = DIRECTION('',(-1.,0.,0.));
#6853 = PLANE('',#6854);
#6854 = AXIS2_PLACEMENT_3D('',#6855,#6856,#6857);
#6855 = CARTESIAN_POINT('',(-17.35185384098,-3.863620001078,
    14.965943386352));
#6856 = DIRECTION('',(-0.,-1.,-0.));
#6857 = DIRECTION('',(0.,0.,-1.));
#6858 = ADVANCED_FACE('',(#6859),#6869,.T.);
#6859 = FACE_BOUND('',#6860,.T.);
#6860 = EDGE_LOOP('',(#6861,#6862,#6863));
#6861 = ORIENTED_EDGE('',*,*,#214,.F.);
#6862 = ORIENTED_EDGE('',*,*,#6841,.F.);
#6863 = ORIENTED_EDGE('',*,*,#6864,.T.);
#6864 = EDGE_CURVE('',#5693,#169,#6865,.T.);
#6865 = LINE('',#6866,#6867);
#6866 = CARTESIAN_POINT('',(-23.03382902145,-3.863620001078,
    15.504155993462));
#6867 = VECTOR('',#6868,1.);
#6868 = DIRECTION('',(0.930504210859,0.,-0.366281194676));
#6869 = PLANE('',#6870);
#6870 = AXIS2_PLACEMENT_3D('',#6871,#6872,#6873);
#6871 = CARTESIAN_POINT('',(-20.02487429611,-3.863620001078,
    14.40073489941));
#6872 = DIRECTION('',(-0.,-1.,-0.));
#6873 = DIRECTION('',(0.,0.,-1.));
#6874 = ADVANCED_FACE('',(#6875),#6885,.T.);
#6875 = FACE_BOUND('',#6876,.T.);
#6876 = EDGE_LOOP('',(#6877,#6878,#6879));
#6877 = ORIENTED_EDGE('',*,*,#168,.F.);
#6878 = ORIENTED_EDGE('',*,*,#6864,.F.);
#6879 = ORIENTED_EDGE('',*,*,#6880,.T.);
#6880 = EDGE_CURVE('',#5693,#123,#6881,.T.);
#6881 = LINE('',#6882,#6883);
#6882 = CARTESIAN_POINT('',(-23.03382902145,-3.863620001078,
    15.504155993462));
#6883 = VECTOR('',#6884,1.);
#6884 = DIRECTION('',(0.887344008273,0.,-0.461108025285));
#6885 = PLANE('',#6886);
#6886 = AXIS2_PLACEMENT_3D('',#6887,#6888,#6889);
#6887 = CARTESIAN_POINT('',(-20.38591687257,-3.863620001078,
    14.312550708656));
#6888 = DIRECTION('',(-0.,-1.,-0.));
#6889 = DIRECTION('',(0.,0.,-1.));
#6890 = ADVANCED_FACE('',(#6891),#6896,.T.);
#6891 = FACE_BOUND('',#6892,.T.);
#6892 = EDGE_LOOP('',(#6893,#6894,#6895));
#6893 = ORIENTED_EDGE('',*,*,#122,.F.);
#6894 = ORIENTED_EDGE('',*,*,#6880,.F.);
#6895 = ORIENTED_EDGE('',*,*,#6608,.F.);
#6896 = PLANE('',#6897);
#6897 = AXIS2_PLACEMENT_3D('',#6898,#6899,#6900);
#6898 = CARTESIAN_POINT('',(-20.68473623748,-3.863620001078,
    14.066773332726));
#6899 = DIRECTION('',(-0.,-1.,-0.));
#6900 = DIRECTION('',(0.,0.,-1.));
#6901 = ADVANCED_FACE('',(#6902),#6917,.T.);
#6902 = FACE_BOUND('',#6903,.T.);
#6903 = EDGE_LOOP('',(#6904,#6905,#6911));
#6904 = ORIENTED_EDGE('',*,*,#720,.F.);
#6905 = ORIENTED_EDGE('',*,*,#6906,.T.);
#6906 = EDGE_CURVE('',#721,#3881,#6907,.T.);
#6907 = LINE('',#6908,#6909);
#6908 = CARTESIAN_POINT('',(17.37087829113,-3.863620001078,
    12.517607426643));
#6909 = VECTOR('',#6910,1.);
#6910 = DIRECTION('',(-0.775091128497,0.,0.631849461917));
#6911 = ORIENTED_EDGE('',*,*,#6912,.T.);
#6912 = EDGE_CURVE('',#3881,#666,#6913,.T.);
#6913 = LINE('',#6914,#6915);
#6914 = CARTESIAN_POINT('',(13.707272577286,-3.863620001078,
    15.504155993462));
#6915 = VECTOR('',#6916,1.);
#6916 = DIRECTION('',(0.686257579004,0.,-0.727358601557));
#6917 = PLANE('',#6918);
#6918 = AXIS2_PLACEMENT_3D('',#6919,#6920,#6921);
#6919 = CARTESIAN_POINT('',(15.62192021146,-3.863620001078,
    13.706775971411));
#6920 = DIRECTION('',(-0.,-1.,-0.));
#6921 = DIRECTION('',(0.,0.,-1.));
#6922 = ADVANCED_FACE('',(#6923),#6933,.T.);
#6923 = FACE_BOUND('',#6924,.T.);
#6924 = EDGE_LOOP('',(#6925,#6931,#6932));
#6925 = ORIENTED_EDGE('',*,*,#6926,.T.);
#6926 = EDGE_CURVE('',#4302,#666,#6927,.T.);
#6927 = LINE('',#6928,#6929);
#6928 = CARTESIAN_POINT('',(13.707272577286,-3.863620001078,
    7.655797082186));
#6929 = VECTOR('',#6930,1.);
#6930 = DIRECTION('',(0.645491406817,0.,0.763767532516));
#6931 = ORIENTED_EDGE('',*,*,#6912,.F.);
#6932 = ORIENTED_EDGE('',*,*,#4301,.F.);
#6933 = PLANE('',#6934);
#6934 = AXIS2_PLACEMENT_3D('',#6935,#6936,#6937);
#6935 = CARTESIAN_POINT('',(14.709164940861,-3.863620001078,
    11.607367457796));
#6936 = DIRECTION('',(-0.,-1.,-0.));
#6937 = DIRECTION('',(0.,0.,-1.));
#6938 = ADVANCED_FACE('',(#6939),#6949,.T.);
#6939 = FACE_BOUND('',#6940,.T.);
#6940 = EDGE_LOOP('',(#6941,#6942,#6943));
#6941 = ORIENTED_EDGE('',*,*,#665,.F.);
#6942 = ORIENTED_EDGE('',*,*,#6926,.F.);
#6943 = ORIENTED_EDGE('',*,*,#6944,.T.);
#6944 = EDGE_CURVE('',#4302,#668,#6945,.T.);
#6945 = LINE('',#6946,#6947);
#6946 = CARTESIAN_POINT('',(13.707272577286,-3.863620001078,
    7.655797082186));
#6947 = VECTOR('',#6948,1.);
#6948 = DIRECTION('',(0.731180618644,0.,0.682183921622));
#6949 = PLANE('',#6950);
#6950 = AXIS2_PLACEMENT_3D('',#6951,#6952,#6953);
#6951 = CARTESIAN_POINT('',(15.615052950517,-3.863620001078,
    9.677167829548));
#6952 = DIRECTION('',(-0.,-1.,-0.));
#6953 = DIRECTION('',(0.,0.,-1.));
#6954 = ADVANCED_FACE('',(#6955),#6965,.T.);
#6955 = FACE_BOUND('',#6956,.T.);
#6956 = EDGE_LOOP('',(#6957,#6958,#6959));
#6957 = ORIENTED_EDGE('',*,*,#1272,.F.);
#6958 = ORIENTED_EDGE('',*,*,#6944,.F.);
#6959 = ORIENTED_EDGE('',*,*,#6960,.T.);
#6960 = EDGE_CURVE('',#4302,#1227,#6961,.T.);
#6961 = LINE('',#6962,#6963);
#6962 = CARTESIAN_POINT('',(13.707272577286,-3.863620001078,
    7.655797082186));
#6963 = VECTOR('',#6964,1.);
#6964 = DIRECTION('',(0.823751300739,0.,0.566951315839));
#6965 = PLANE('',#6966);
#6966 = AXIS2_PLACEMENT_3D('',#6967,#6968,#6969);
#6967 = CARTESIAN_POINT('',(15.788464119829,-3.863620001078,
    9.327822174078));
#6968 = DIRECTION('',(-0.,-1.,-0.));
#6969 = DIRECTION('',(0.,0.,-1.));
#6970 = ADVANCED_FACE('',(#6971),#6981,.T.);
#6971 = FACE_BOUND('',#6972,.T.);
#6972 = EDGE_LOOP('',(#6973,#6974,#6975));
#6973 = ORIENTED_EDGE('',*,*,#1226,.F.);
#6974 = ORIENTED_EDGE('',*,*,#6960,.F.);
#6975 = ORIENTED_EDGE('',*,*,#6976,.T.);
#6976 = EDGE_CURVE('',#4302,#1181,#6977,.T.);
#6977 = LINE('',#6978,#6979);
#6978 = CARTESIAN_POINT('',(13.707272577286,-3.863620001078,
    7.655797082186));
#6979 = VECTOR('',#6980,1.);
#6980 = DIRECTION('',(0.885246442006,0.,0.46512228168));
#6981 = PLANE('',#6982);
#6982 = AXIS2_PLACEMENT_3D('',#6983,#6984,#6985);
#6983 = CARTESIAN_POINT('',(16.090617704311,-3.863620001078,
    9.081018793763));
#6984 = DIRECTION('',(-0.,-1.,-0.));
#6985 = DIRECTION('',(0.,0.,-1.));
#6986 = ADVANCED_FACE('',(#6987),#6997,.T.);
#6987 = FACE_BOUND('',#6988,.T.);
#6988 = EDGE_LOOP('',(#6989,#6990,#6991));
#6989 = ORIENTED_EDGE('',*,*,#1180,.F.);
#6990 = ORIENTED_EDGE('',*,*,#6976,.F.);
#6991 = ORIENTED_EDGE('',*,*,#6992,.T.);
#6992 = EDGE_CURVE('',#4302,#1135,#6993,.T.);
#6993 = LINE('',#6994,#6995);
#6994 = CARTESIAN_POINT('',(13.707272577286,-3.863620001078,
    7.655797082186));
#6995 = VECTOR('',#6996,1.);
#6996 = DIRECTION('',(0.910175443189,0.,0.414222962443));
#6997 = PLANE('',#6998);
#6998 = AXIS2_PLACEMENT_3D('',#6999,#7000,#7001);
#6999 = CARTESIAN_POINT('',(16.454850963115,-3.863620001078,
    8.990985576703));
#7000 = DIRECTION('',(-0.,-1.,-0.));
#7001 = DIRECTION('',(0.,0.,-1.));
#7002 = ADVANCED_FACE('',(#7003),#7020,.T.);
#7003 = FACE_BOUND('',#7004,.T.);
#7004 = EDGE_LOOP('',(#7005,#7013,#7014));
#7005 = ORIENTED_EDGE('',*,*,#7006,.T.);
#7006 = EDGE_CURVE('',#7007,#1135,#7009,.T.);
#7007 = VERTEX_POINT('',#7008);
#7008 = CARTESIAN_POINT('',(24.540370118618,-3.863620001078,
    7.655797082186));
#7009 = LINE('',#7010,#7011);
#7010 = CARTESIAN_POINT('',(24.540370118618,-3.863620001078,
    7.655797082186));
#7011 = VECTOR('',#7012,1.);
#7012 = DIRECTION('',(-0.903257050331,0.,0.429099873023));
#7013 = ORIENTED_EDGE('',*,*,#6992,.F.);
#7014 = ORIENTED_EDGE('',*,*,#7015,.T.);
#7015 = EDGE_CURVE('',#4302,#7007,#7016,.T.);
#7016 = LINE('',#7017,#7018);
#7017 = CARTESIAN_POINT('',(13.707272577286,-3.863620001078,
    7.655797082186));
#7018 = VECTOR('',#7019,1.);
#7019 = DIRECTION('',(1.,0.,0.));
#7020 = PLANE('',#7021);
#7021 = AXIS2_PLACEMENT_3D('',#7022,#7023,#7024);
#7022 = CARTESIAN_POINT('',(19.129238014761,-3.863620001078,
    8.316065862102));
#7023 = DIRECTION('',(-0.,-1.,-0.));
#7024 = DIRECTION('',(0.,0.,-1.));
#7025 = ADVANCED_FACE('',(#7026),#7036,.T.);
#7026 = FACE_BOUND('',#7027,.T.);
#7027 = EDGE_LOOP('',(#7028,#7029,#7030));
#7028 = ORIENTED_EDGE('',*,*,#1134,.F.);
#7029 = ORIENTED_EDGE('',*,*,#7006,.F.);
#7030 = ORIENTED_EDGE('',*,*,#7031,.T.);
#7031 = EDGE_CURVE('',#7007,#1089,#7032,.T.);
#7032 = LINE('',#7033,#7034);
#7033 = CARTESIAN_POINT('',(24.540370118618,-3.863620001078,
    7.655797082186));
#7034 = VECTOR('',#7035,1.);
#7035 = DIRECTION('',(-0.852642965608,0.,0.522493993457));
#7036 = PLANE('',#7037);
#7037 = AXIS2_PLACEMENT_3D('',#7038,#7039,#7040);
#7038 = CARTESIAN_POINT('',(21.898273097167,-3.863620001078,
    9.074546548205));
#7039 = DIRECTION('',(-0.,-1.,-0.));
#7040 = DIRECTION('',(0.,0.,-1.));
#7041 = ADVANCED_FACE('',(#7042),#7052,.T.);
#7042 = FACE_BOUND('',#7043,.T.);
#7043 = EDGE_LOOP('',(#7044,#7045,#7046));
#7044 = ORIENTED_EDGE('',*,*,#1088,.F.);
#7045 = ORIENTED_EDGE('',*,*,#7031,.F.);
#7046 = ORIENTED_EDGE('',*,*,#7047,.T.);
#7047 = EDGE_CURVE('',#7007,#1043,#7048,.T.);
#7048 = LINE('',#7049,#7050);
#7049 = CARTESIAN_POINT('',(24.540370118618,-3.863620001078,
    7.655797082186));
#7050 = VECTOR('',#7051,1.);
#7051 = DIRECTION('',(-0.773505155757,0.,0.633790007824));
#7052 = PLANE('',#7053);
#7053 = AXIS2_PLACEMENT_3D('',#7054,#7055,#7056);
#7054 = CARTESIAN_POINT('',(22.197852184952,-3.863620001078,
    9.319748909893));
#7055 = DIRECTION('',(-0.,-1.,-0.));
#7056 = DIRECTION('',(0.,0.,-1.));
#7057 = ADVANCED_FACE('',(#7058),#7068,.T.);
#7058 = FACE_BOUND('',#7059,.T.);
#7059 = EDGE_LOOP('',(#7060,#7061,#7062));
#7060 = ORIENTED_EDGE('',*,*,#1042,.F.);
#7061 = ORIENTED_EDGE('',*,*,#7047,.F.);
#7062 = ORIENTED_EDGE('',*,*,#7063,.T.);
#7063 = EDGE_CURVE('',#7007,#997,#7064,.T.);
#7064 = LINE('',#7065,#7066);
#7065 = CARTESIAN_POINT('',(24.540370118618,-3.863620001078,
    7.655797082186));
#7066 = VECTOR('',#7067,1.);
#7067 = DIRECTION('',(-0.695460510726,0.,0.718564317247));
#7068 = PLANE('',#7069);
#7069 = AXIS2_PLACEMENT_3D('',#7070,#7071,#7072);
#7070 = CARTESIAN_POINT('',(22.369762632134,-3.863620001078,
    9.66851606539));
#7071 = DIRECTION('',(-0.,-1.,-0.));
#7072 = DIRECTION('',(0.,0.,-1.));
#7073 = ADVANCED_FACE('',(#7074),#7089,.T.);
#7074 = FACE_BOUND('',#7075,.T.);
#7075 = EDGE_LOOP('',(#7076,#7082,#7083));
#7076 = ORIENTED_EDGE('',*,*,#7077,.T.);
#7077 = EDGE_CURVE('',#6585,#997,#7078,.T.);
#7078 = LINE('',#7079,#7080);
#7079 = CARTESIAN_POINT('',(24.540370118618,-3.863620001078,
    15.504155993462));
#7080 = VECTOR('',#7081,1.);
#7081 = DIRECTION('',(-0.733910684313,0.,-0.679245984494));
#7082 = ORIENTED_EDGE('',*,*,#7063,.F.);
#7083 = ORIENTED_EDGE('',*,*,#7084,.T.);
#7084 = EDGE_CURVE('',#7007,#6585,#7085,.T.);
#7085 = LINE('',#7086,#7087);
#7086 = CARTESIAN_POINT('',(24.540370118618,-3.863620001078,
    7.655797082186));
#7087 = VECTOR('',#7088,1.);
#7088 = DIRECTION('',(0.,0.,1.));
#7089 = PLANE('',#7090);
#7090 = AXIS2_PLACEMENT_3D('',#7091,#7092,#7093);
#7091 = CARTESIAN_POINT('',(23.361493128673,-3.863620001078,
    11.612404417948));
#7092 = DIRECTION('',(-0.,-1.,-0.));
#7093 = DIRECTION('',(0.,0.,-1.));
#7094 = ADVANCED_FACE('',(#7095),#7105,.T.);
#7095 = FACE_BOUND('',#7096,.T.);
#7096 = EDGE_LOOP('',(#7097,#7098,#7099));
#7097 = ORIENTED_EDGE('',*,*,#996,.F.);
#7098 = ORIENTED_EDGE('',*,*,#7077,.F.);
#7099 = ORIENTED_EDGE('',*,*,#7100,.T.);
#7100 = EDGE_CURVE('',#6585,#951,#7101,.T.);
#7101 = LINE('',#7102,#7103);
#7102 = CARTESIAN_POINT('',(24.540370118618,-3.863620001078,
    15.504155993462));
#7103 = VECTOR('',#7104,1.);
#7104 = DIRECTION('',(-0.81310339285,0.,-0.582119294076));
#7105 = PLANE('',#7106);
#7106 = AXIS2_PLACEMENT_3D('',#7107,#7108,#7109);
#7107 = CARTESIAN_POINT('',(22.363343024169,-3.863620001078,
    13.71580263038));
#7108 = DIRECTION('',(-0.,-1.,-0.));
#7109 = DIRECTION('',(0.,0.,-1.));
#7110 = ADVANCED_FACE('',(#7111),#7121,.T.);
#7111 = FACE_BOUND('',#7112,.T.);
#7112 = EDGE_LOOP('',(#7113,#7114,#7115));
#7113 = ORIENTED_EDGE('',*,*,#950,.F.);
#7114 = ORIENTED_EDGE('',*,*,#7100,.F.);
#7115 = ORIENTED_EDGE('',*,*,#7116,.T.);
#7116 = EDGE_CURVE('',#6585,#905,#7117,.T.);
#7117 = LINE('',#7118,#7119);
#7118 = CARTESIAN_POINT('',(24.540370118618,-3.863620001078,
    15.504155993462));
#7119 = VECTOR('',#7120,1.);
#7120 = DIRECTION('',(-0.887344008273,0.,-0.461108025285));
#7121 = PLANE('',#7122);
#7122 = AXIS2_PLACEMENT_3D('',#7123,#7124,#7125);
#7123 = CARTESIAN_POINT('',(22.191277531343,-3.863620001078,
    14.066773231728));
#7124 = DIRECTION('',(-0.,-1.,-0.));
#7125 = DIRECTION('',(0.,0.,-1.));
#7126 = ADVANCED_FACE('',(#7127),#7137,.T.);
#7127 = FACE_BOUND('',#7128,.T.);
#7128 = EDGE_LOOP('',(#7129,#7130,#7131));
#7129 = ORIENTED_EDGE('',*,*,#904,.F.);
#7130 = ORIENTED_EDGE('',*,*,#7116,.F.);
#7131 = ORIENTED_EDGE('',*,*,#7132,.T.);
#7132 = EDGE_CURVE('',#6585,#859,#7133,.T.);
#7133 = LINE('',#7134,#7135);
#7134 = CARTESIAN_POINT('',(24.540370118618,-3.863620001078,
    15.504155993462));
#7135 = VECTOR('',#7136,1.);
#7136 = DIRECTION('',(-0.930504139543,0.,-0.366281375848));
#7137 = PLANE('',#7138);
#7138 = AXIS2_PLACEMENT_3D('',#7139,#7140,#7141);
#7139 = CARTESIAN_POINT('',(21.892459348794,-3.863620001078,
    14.312550919769));
#7140 = DIRECTION('',(-0.,-1.,-0.));
#7141 = DIRECTION('',(0.,0.,-1.));
#7142 = ADVANCED_FACE('',(#7143),#7153,.T.);
#7143 = FACE_BOUND('',#7144,.T.);
#7144 = EDGE_LOOP('',(#7145,#7151,#7152));
#7145 = ORIENTED_EDGE('',*,*,#7146,.T.);
#7146 = EDGE_CURVE('',#3881,#859,#7147,.T.);
#7147 = LINE('',#7148,#7149);
#7148 = CARTESIAN_POINT('',(13.707272577286,-3.863620001078,
    15.504155993462));
#7149 = VECTOR('',#7150,1.);
#7150 = DIRECTION('',(0.935681044747,0.,-0.352846967539));
#7151 = ORIENTED_EDGE('',*,*,#7132,.F.);
#7152 = ORIENTED_EDGE('',*,*,#6593,.F.);
#7153 = PLANE('',#7154);
#7154 = AXIS2_PLACEMENT_3D('',#7155,#7156,#7157);
#7155 = CARTESIAN_POINT('',(19.127706164511,-3.863620001078,
    14.964512792194));
#7156 = DIRECTION('',(-0.,-1.,-0.));
#7157 = DIRECTION('',(0.,0.,-1.));
#7158 = ADVANCED_FACE('',(#7159),#7169,.T.);
#7159 = FACE_BOUND('',#7160,.T.);
#7160 = EDGE_LOOP('',(#7161,#7162,#7163));
#7161 = ORIENTED_EDGE('',*,*,#858,.F.);
#7162 = ORIENTED_EDGE('',*,*,#7146,.F.);
#7163 = ORIENTED_EDGE('',*,*,#7164,.T.);
#7164 = EDGE_CURVE('',#3881,#813,#7165,.T.);
#7165 = LINE('',#7166,#7167);
#7166 = CARTESIAN_POINT('',(13.707272577286,-3.863620001078,
    15.504155993462));
#7167 = VECTOR('',#7168,1.);
#7168 = DIRECTION('',(0.916875046503,0.,-0.399174334219));
#7169 = PLANE('',#7170);
#7170 = AXIS2_PLACEMENT_3D('',#7171,#7172,#7173);
#7171 = CARTESIAN_POINT('',(16.460112523827,-3.863620001078,
    14.395933942111));
#7172 = DIRECTION('',(-0.,-1.,-0.));
#7173 = DIRECTION('',(0.,0.,-1.));
#7174 = ADVANCED_FACE('',(#7175),#7185,.T.);
#7175 = FACE_BOUND('',#7176,.T.);
#7176 = EDGE_LOOP('',(#7177,#7178,#7179));
#7177 = ORIENTED_EDGE('',*,*,#812,.F.);
#7178 = ORIENTED_EDGE('',*,*,#7164,.F.);
#7179 = ORIENTED_EDGE('',*,*,#7180,.T.);
#7180 = EDGE_CURVE('',#3881,#767,#7181,.T.);
#7181 = LINE('',#7182,#7183);
#7182 = CARTESIAN_POINT('',(13.707272577286,-3.863620001078,
    15.504155993462));
#7183 = VECTOR('',#7184,1.);
#7184 = DIRECTION('',(0.863663009366,0.,-0.504069644248));
#7185 = PLANE('',#7186);
#7186 = AXIS2_PLACEMENT_3D('',#7187,#7188,#7189);
#7187 = CARTESIAN_POINT('',(16.097303257693,-3.863620001078,
    14.306573787294));
#7188 = DIRECTION('',(-0.,-1.,-0.));
#7189 = DIRECTION('',(0.,0.,-1.));
#7190 = ADVANCED_FACE('',(#7191),#7196,.T.);
#7191 = FACE_BOUND('',#7192,.T.);
#7192 = EDGE_LOOP('',(#7193,#7194,#7195));
#7193 = ORIENTED_EDGE('',*,*,#766,.F.);
#7194 = ORIENTED_EDGE('',*,*,#7180,.F.);
#7195 = ORIENTED_EDGE('',*,*,#6906,.F.);
#7196 = PLANE('',#7197);
#7197 = AXIS2_PLACEMENT_3D('',#7198,#7199,#7200);
#7198 = CARTESIAN_POINT('',(15.795794453687,-3.863620001078,
    14.058830065221));
#7199 = DIRECTION('',(-0.,-1.,-0.));
#7200 = DIRECTION('',(0.,0.,-1.));
#7201 = ADVANCED_FACE('',(#7202),#7217,.T.);
#7202 = FACE_BOUND('',#7203,.T.);
#7203 = EDGE_LOOP('',(#7204,#7205,#7211));
#7204 = ORIENTED_EDGE('',*,*,#5890,.F.);
#7205 = ORIENTED_EDGE('',*,*,#7206,.T.);
#7206 = EDGE_CURVE('',#5868,#5130,#7207,.T.);
#7207 = LINE('',#7208,#7209);
#7208 = CARTESIAN_POINT('',(-23.03382902145,-2.281995671988,
    7.098488712311));
#7209 = VECTOR('',#7210,1.);
#7210 = DIRECTION('',(1.,0.,0.));
#7211 = ORIENTED_EDGE('',*,*,#7212,.T.);
#7212 = EDGE_CURVE('',#5130,#5891,#7213,.T.);
#7213 = LINE('',#7214,#7215);
#7214 = CARTESIAN_POINT('',(-11.69272817969,-2.281995671988,
    7.098488712311));
#7215 = VECTOR('',#7216,1.);
#7216 = DIRECTION('',(-0.998872479403,-3.957344289744E-02,
    -2.622427326765E-02));
#7217 = PLANE('',#7218);
#7218 = AXIS2_PLACEMENT_3D('',#7219,#7220,#7221);
#7219 = CARTESIAN_POINT('',(-17.49483163141,-2.396991759452,
    7.022283848605));
#7220 = DIRECTION('',(0.,0.552393647307,-0.8335833842));
#7221 = DIRECTION('',(0.,-0.8335833842,-0.552393647307));
#7222 = ADVANCED_FACE('',(#7223),#7233,.T.);
#7223 = FACE_BOUND('',#7224,.T.);
#7224 = EDGE_LOOP('',(#7225,#7231,#7232));
#7225 = ORIENTED_EDGE('',*,*,#7226,.T.);
#7226 = EDGE_CURVE('',#5107,#5891,#7227,.T.);
#7227 = LINE('',#7228,#7229);
#7228 = CARTESIAN_POINT('',(-11.69272817969,-2.731308688223,
    6.800740867853));
#7229 = VECTOR('',#7230,1.);
#7230 = DIRECTION('',(-1.,0.,0.));
#7231 = ORIENTED_EDGE('',*,*,#7212,.F.);
#7232 = ORIENTED_EDGE('',*,*,#5138,.F.);
#7233 = PLANE('',#7234);
#7234 = AXIS2_PLACEMENT_3D('',#7235,#7236,#7237);
#7235 = CARTESIAN_POINT('',(-17.23172556972,-2.616312600759,
    6.876945731559));
#7236 = DIRECTION('',(0.,0.552393647307,-0.8335833842));
#7237 = DIRECTION('',(0.,-0.8335833842,-0.552393647307));
#7238 = ADVANCED_FACE('',(#7239),#7249,.T.);
#7239 = FACE_BOUND('',#7240,.T.);
#7240 = EDGE_LOOP('',(#7241,#7242,#7243));
#7241 = ORIENTED_EDGE('',*,*,#5898,.F.);
#7242 = ORIENTED_EDGE('',*,*,#7226,.F.);
#7243 = ORIENTED_EDGE('',*,*,#7244,.T.);
#7244 = EDGE_CURVE('',#5107,#5899,#7245,.T.);
#7245 = LINE('',#7246,#7247);
#7246 = CARTESIAN_POINT('',(-11.69272817969,-2.731308688223,
    6.800740867853));
#7247 = VECTOR('',#7248,1.);
#7248 = DIRECTION('',(-0.998872480331,-4.745138565628E-02,
    1.460833972146E-03));
#7249 = PLANE('',#7250);
#7250 = AXIS2_PLACEMENT_3D('',#7251,#7252,#7253);
#7251 = CARTESIAN_POINT('',(-17.49483157848,-2.869197212408,
    6.804985891212));
#7252 = DIRECTION('',(-0.,-3.077132890439E-02,-0.999526450534));
#7253 = DIRECTION('',(0.,-0.999526450534,3.077132890439E-02));
#7254 = ADVANCED_FACE('',(#7255),#7265,.T.);
#7255 = FACE_BOUND('',#7256,.T.);
#7256 = EDGE_LOOP('',(#7257,#7263,#7264));
#7257 = ORIENTED_EDGE('',*,*,#7258,.T.);
#7258 = EDGE_CURVE('',#5085,#5899,#7259,.T.);
#7259 = LINE('',#7260,#7261);
#7260 = CARTESIAN_POINT('',(-11.69272817969,-3.270067098737,
    6.817327034473));
#7261 = VECTOR('',#7262,1.);
#7262 = DIRECTION('',(-1.,0.,0.));
#7263 = ORIENTED_EDGE('',*,*,#7244,.F.);
#7264 = ORIENTED_EDGE('',*,*,#5115,.F.);
#7265 = PLANE('',#7266);
#7266 = AXIS2_PLACEMENT_3D('',#7267,#7268,#7269);
#7267 = CARTESIAN_POINT('',(-17.23172562265,-3.132178574552,
    6.813082011115));
#7268 = DIRECTION('',(-0.,-3.077132890439E-02,-0.999526450534));
#7269 = DIRECTION('',(0.,-0.999526450534,3.077132890439E-02));
#7270 = ADVANCED_FACE('',(#7271),#7281,.T.);
#7271 = FACE_BOUND('',#7272,.T.);
#7272 = EDGE_LOOP('',(#7273,#7274,#7275));
#7273 = ORIENTED_EDGE('',*,*,#5929,.F.);
#7274 = ORIENTED_EDGE('',*,*,#7258,.F.);
#7275 = ORIENTED_EDGE('',*,*,#7276,.T.);
#7276 = EDGE_CURVE('',#5085,#5921,#7277,.T.);
#7277 = LINE('',#7278,#7279);
#7278 = CARTESIAN_POINT('',(-11.69272817969,-3.270067098737,
    6.817327034473));
#7279 = VECTOR('',#7280,1.);
#7280 = DIRECTION('',(-0.998872478769,-3.788537658181E-02,
    2.860890419436E-02));
#7281 = PLANE('',#7282);
#7282 = AXIS2_PLACEMENT_3D('',#7283,#7284,#7285);
#7283 = CARTESIAN_POINT('',(-17.49483166757,-3.380157851303,
    6.900461374872));
#7284 = DIRECTION('',(-0.,-0.602623848936,-0.798025373465));
#7285 = DIRECTION('',(0.,-0.798025373465,0.602623848936));
#7286 = ADVANCED_FACE('',(#7287),#7297,.T.);
#7287 = FACE_BOUND('',#7288,.T.);
#7288 = EDGE_LOOP('',(#7289,#7295,#7296));
#7289 = ORIENTED_EDGE('',*,*,#7290,.T.);
#7290 = EDGE_CURVE('',#5077,#5921,#7291,.T.);
#7291 = LINE('',#7292,#7293);
#7292 = CARTESIAN_POINT('',(-11.69272817969,-3.700213974714,
    7.142149746418));
#7293 = VECTOR('',#7294,1.);
#7294 = DIRECTION('',(-1.,0.,0.));
#7295 = ORIENTED_EDGE('',*,*,#7276,.F.);
#7296 = ORIENTED_EDGE('',*,*,#5084,.F.);
#7297 = PLANE('',#7298);
#7298 = AXIS2_PLACEMENT_3D('',#7299,#7300,#7301);
#7299 = CARTESIAN_POINT('',(-17.23172553357,-3.590123222148,
    7.05901540602));
#7300 = DIRECTION('',(-0.,-0.602623848936,-0.798025373465));
#7301 = DIRECTION('',(0.,-0.798025373465,0.602623848936));
#7302 = ADVANCED_FACE('',(#7303),#7313,.T.);
#7303 = FACE_BOUND('',#7304,.T.);
#7304 = EDGE_LOOP('',(#7305,#7306,#7307));
#7305 = ORIENTED_EDGE('',*,*,#5945,.F.);
#7306 = ORIENTED_EDGE('',*,*,#7290,.F.);
#7307 = ORIENTED_EDGE('',*,*,#7308,.T.);
#7308 = EDGE_CURVE('',#5077,#5822,#7309,.T.);
#7309 = LINE('',#7310,#7311);
#7310 = CARTESIAN_POINT('',(-11.69272817969,-3.700213974714,
    7.142149746418));
#7311 = VECTOR('',#7312,1.);
#7312 = DIRECTION('',(-0.998872482698,-1.439205818895E-02,
    4.523971673193E-02));
#7313 = PLANE('',#7314);
#7314 = AXIS2_PLACEMENT_3D('',#7315,#7316,#7317);
#7315 = CARTESIAN_POINT('',(-17.49483144355,-3.74203571676,7.27361139968
    ));
#7316 = DIRECTION('',(-0.,-0.952940368122,-0.303157805118));
#7317 = DIRECTION('',(0.,0.303157805118,-0.952940368122));
#7318 = ADVANCED_FACE('',(#7319),#7324,.T.);
#7319 = FACE_BOUND('',#7320,.T.);
#7320 = EDGE_LOOP('',(#7321,#7322,#7323));
#7321 = ORIENTED_EDGE('',*,*,#6715,.F.);
#7322 = ORIENTED_EDGE('',*,*,#7308,.F.);
#7323 = ORIENTED_EDGE('',*,*,#5076,.F.);
#7324 = PLANE('',#7325);
#7325 = AXIS2_PLACEMENT_3D('',#7326,#7327,#7328);
#7326 = CARTESIAN_POINT('',(-17.23172575758,-3.821798259032,
    7.524335428924));
#7327 = DIRECTION('',(-0.,-0.952940368122,-0.303157805118));
#7328 = DIRECTION('',(0.,0.303157805118,-0.952940368122));
#7329 = ADVANCED_FACE('',(#7330),#7347,.T.);
#7330 = FACE_BOUND('',#7331,.T.);
#7331 = EDGE_LOOP('',(#7332,#7340,#7341));
#7332 = ORIENTED_EDGE('',*,*,#7333,.T.);
#7333 = EDGE_CURVE('',#7334,#7007,#7336,.T.);
#7334 = VERTEX_POINT('',#7335);
#7335 = CARTESIAN_POINT('',(24.540370118618,-3.700213974714,
    7.142149746418));
#7336 = LINE('',#7337,#7338);
#7337 = CARTESIAN_POINT('',(24.540370118618,-3.700213974714,
    7.142149746418));
#7338 = VECTOR('',#7339,1.);
#7339 = DIRECTION('',(0.,-0.303157805118,0.952940368122));
#7340 = ORIENTED_EDGE('',*,*,#7015,.F.);
#7341 = ORIENTED_EDGE('',*,*,#7342,.T.);
#7342 = EDGE_CURVE('',#4302,#7334,#7343,.T.);
#7343 = LINE('',#7344,#7345);
#7344 = CARTESIAN_POINT('',(13.707272577286,-3.863620001078,
    7.655797082186));
#7345 = VECTOR('',#7346,1.);
#7346 = DIRECTION('',(0.998764457006,1.506532462849E-02,
    -4.735604940723E-02));
#7347 = PLANE('',#7348);
#7348 = AXIS2_PLACEMENT_3D('',#7349,#7350,#7351);
#7349 = CARTESIAN_POINT('',(19.255224292415,-3.821752816126,
    7.524192584571));
#7350 = DIRECTION('',(-0.,-0.952940368122,-0.303157805118));
#7351 = DIRECTION('',(0.,0.303157805118,-0.952940368122));
#7352 = ADVANCED_FACE('',(#7353),#7363,.T.);
#7353 = FACE_BOUND('',#7354,.T.);
#7354 = EDGE_LOOP('',(#7355,#7361,#7362));
#7355 = ORIENTED_EDGE('',*,*,#7356,.T.);
#7356 = EDGE_CURVE('',#4348,#7334,#7357,.T.);
#7357 = LINE('',#7358,#7359);
#7358 = CARTESIAN_POINT('',(13.707272577286,-3.700213974714,
    7.142149746418));
#7359 = VECTOR('',#7360,1.);
#7360 = DIRECTION('',(1.,0.,0.));
#7361 = ORIENTED_EDGE('',*,*,#7342,.F.);
#7362 = ORIENTED_EDGE('',*,*,#4347,.F.);
#7363 = PLANE('',#7364);
#7364 = AXIS2_PLACEMENT_3D('',#7365,#7366,#7367);
#7365 = CARTESIAN_POINT('',(18.992418403488,-3.742081159666,
    7.273754244033));
#7366 = DIRECTION('',(-0.,-0.952940368122,-0.303157805118));
#7367 = DIRECTION('',(0.,0.303157805118,-0.952940368122));
#7368 = ADVANCED_FACE('',(#7369),#7386,.T.);
#7369 = FACE_BOUND('',#7370,.T.);
#7370 = EDGE_LOOP('',(#7371,#7379,#7380));
#7371 = ORIENTED_EDGE('',*,*,#7372,.T.);
#7372 = EDGE_CURVE('',#7373,#7334,#7375,.T.);
#7373 = VERTEX_POINT('',#7374);
#7374 = CARTESIAN_POINT('',(24.540370118618,-3.270067098737,
    6.817327034473));
#7375 = LINE('',#7376,#7377);
#7376 = CARTESIAN_POINT('',(24.540370118618,-3.270067098737,
    6.817327034473));
#7377 = VECTOR('',#7378,1.);
#7378 = DIRECTION('',(0.,-0.798025373465,0.602623848936));
#7379 = ORIENTED_EDGE('',*,*,#7356,.F.);
#7380 = ORIENTED_EDGE('',*,*,#7381,.T.);
#7381 = EDGE_CURVE('',#4348,#7373,#7382,.T.);
#7382 = LINE('',#7383,#7384);
#7383 = CARTESIAN_POINT('',(13.707272577286,-3.700213974714,
    7.142149746418));
#7384 = VECTOR('',#7385,1.);
#7385 = DIRECTION('',(0.998764452701,3.965767016569E-02,
    -2.994724056371E-02));
#7386 = PLANE('',#7387);
#7387 = AXIS2_PLACEMENT_3D('',#7388,#7389,#7390);
#7388 = CARTESIAN_POINT('',(19.255224515907,-3.590003598907,
    7.058925073281));
#7389 = DIRECTION('',(-0.,-0.602623848936,-0.798025373465));
#7390 = DIRECTION('',(0.,-0.798025373465,0.602623848936));
#7391 = ADVANCED_FACE('',(#7392),#7402,.T.);
#7392 = FACE_BOUND('',#7393,.T.);
#7393 = EDGE_LOOP('',(#7394,#7400,#7401));
#7394 = ORIENTED_EDGE('',*,*,#7395,.T.);
#7395 = EDGE_CURVE('',#4371,#7373,#7396,.T.);
#7396 = LINE('',#7397,#7398);
#7397 = CARTESIAN_POINT('',(13.707272577286,-3.270067098737,
    6.817327034473));
#7398 = VECTOR('',#7399,1.);
#7399 = DIRECTION('',(1.,0.,0.));
#7400 = ORIENTED_EDGE('',*,*,#7381,.F.);
#7401 = ORIENTED_EDGE('',*,*,#4370,.F.);
#7402 = PLANE('',#7403);
#7403 = AXIS2_PLACEMENT_3D('',#7404,#7405,#7406);
#7404 = CARTESIAN_POINT('',(18.992418179997,-3.380277474544,
    6.90055170761));
#7405 = DIRECTION('',(-0.,-0.602623848936,-0.798025373465));
#7406 = DIRECTION('',(0.,-0.798025373465,0.602623848936));
#7407 = ADVANCED_FACE('',(#7408),#7425,.T.);
#7408 = FACE_BOUND('',#7409,.T.);
#7409 = EDGE_LOOP('',(#7410,#7418,#7419));
#7410 = ORIENTED_EDGE('',*,*,#7411,.T.);
#7411 = EDGE_CURVE('',#7412,#7373,#7414,.T.);
#7412 = VERTEX_POINT('',#7413);
#7413 = CARTESIAN_POINT('',(24.540370118618,-2.731308688223,
    6.800740867853));
#7414 = LINE('',#7415,#7416);
#7415 = CARTESIAN_POINT('',(24.540370118618,-2.731308688223,
    6.800740867853));
#7416 = VECTOR('',#7417,1.);
#7417 = DIRECTION('',(0.,-0.999526450534,3.077132890439E-02));
#7418 = ORIENTED_EDGE('',*,*,#7395,.F.);
#7419 = ORIENTED_EDGE('',*,*,#7420,.T.);
#7420 = EDGE_CURVE('',#4371,#7412,#7421,.T.);
#7421 = LINE('',#7422,#7423);
#7422 = CARTESIAN_POINT('',(13.707272577286,-3.270067098737,
    6.817327034473));
#7423 = VECTOR('',#7424,1.);
#7424 = DIRECTION('',(0.998764454413,4.967118110808E-02,
    -1.529172389714E-03));
#7425 = PLANE('',#7426);
#7426 = AXIS2_PLACEMENT_3D('',#7427,#7428,#7429);
#7427 = CARTESIAN_POINT('',(19.25522442703,-3.132028746701,
    6.813077398529));
#7428 = DIRECTION('',(-0.,-3.077132890439E-02,-0.999526450534));
#7429 = DIRECTION('',(0.,-0.999526450534,3.077132890439E-02));
#7430 = ADVANCED_FACE('',(#7431),#7441,.T.);
#7431 = FACE_BOUND('',#7432,.T.);
#7432 = EDGE_LOOP('',(#7433,#7439,#7440));
#7433 = ORIENTED_EDGE('',*,*,#7434,.T.);
#7434 = EDGE_CURVE('',#4394,#7412,#7435,.T.);
#7435 = LINE('',#7436,#7437);
#7436 = CARTESIAN_POINT('',(13.707272577286,-2.731308688223,
    6.800740867853));
#7437 = VECTOR('',#7438,1.);
#7438 = DIRECTION('',(1.,0.,0.));
#7439 = ORIENTED_EDGE('',*,*,#7420,.F.);
#7440 = ORIENTED_EDGE('',*,*,#4393,.F.);
#7441 = PLANE('',#7442);
#7442 = AXIS2_PLACEMENT_3D('',#7443,#7444,#7445);
#7443 = CARTESIAN_POINT('',(18.992418268874,-2.86934704026,
    6.804990503798));
#7444 = DIRECTION('',(-0.,-3.077132890439E-02,-0.999526450534));
#7445 = DIRECTION('',(0.,-0.999526450534,3.077132890439E-02));
#7446 = ADVANCED_FACE('',(#7447),#7464,.T.);
#7447 = FACE_BOUND('',#7448,.T.);
#7448 = EDGE_LOOP('',(#7449,#7457,#7458));
#7449 = ORIENTED_EDGE('',*,*,#7450,.T.);
#7450 = EDGE_CURVE('',#7451,#7412,#7453,.T.);
#7451 = VERTEX_POINT('',#7452);
#7452 = CARTESIAN_POINT('',(24.540370118618,-2.281995671988,
    7.098488712311));
#7453 = LINE('',#7454,#7455);
#7454 = CARTESIAN_POINT('',(24.540370118618,-2.281995671988,
    7.098488712311));
#7455 = VECTOR('',#7456,1.);
#7456 = DIRECTION('',(0.,-0.8335833842,-0.552393647307));
#7457 = ORIENTED_EDGE('',*,*,#7434,.F.);
#7458 = ORIENTED_EDGE('',*,*,#7459,.T.);
#7459 = EDGE_CURVE('',#4394,#7451,#7460,.T.);
#7460 = LINE('',#7461,#7462);
#7461 = CARTESIAN_POINT('',(13.707272577286,-2.731308688223,
    6.800740867853));
#7462 = VECTOR('',#7463,1.);
#7463 = DIRECTION('',(0.998764453396,4.142470492417E-02,
    2.745105561774E-02));
#7464 = PLANE('',#7465);
#7465 = AXIS2_PLACEMENT_3D('',#7466,#7467,#7468);
#7466 = CARTESIAN_POINT('',(19.255224479837,-2.616187647477,
    6.877028534792));
#7467 = DIRECTION('',(0.,0.552393647307,-0.8335833842));
#7468 = DIRECTION('',(0.,-0.8335833842,-0.552393647307));
#7469 = ADVANCED_FACE('',(#7470),#7480,.T.);
#7470 = FACE_BOUND('',#7471,.T.);
#7471 = EDGE_LOOP('',(#7472,#7478,#7479));
#7472 = ORIENTED_EDGE('',*,*,#7473,.T.);
#7473 = EDGE_CURVE('',#4325,#7451,#7474,.T.);
#7474 = LINE('',#7475,#7476);
#7475 = CARTESIAN_POINT('',(13.707272577286,-2.281995671988,
    7.098488712311));
#7476 = VECTOR('',#7477,1.);
#7477 = DIRECTION('',(1.,0.,0.));
#7478 = ORIENTED_EDGE('',*,*,#7459,.F.);
#7479 = ORIENTED_EDGE('',*,*,#4402,.F.);
#7480 = PLANE('',#7481);
#7481 = AXIS2_PLACEMENT_3D('',#7482,#7483,#7484);
#7482 = CARTESIAN_POINT('',(18.992418216067,-2.397116712734,
    7.022201045372));
#7483 = DIRECTION('',(0.,0.552393647307,-0.8335833842));
#7484 = DIRECTION('',(0.,-0.8335833842,-0.552393647307));
#7485 = ADVANCED_FACE('',(#7486),#7501,.T.);
#7486 = FACE_BOUND('',#7487,.T.);
#7487 = EDGE_LOOP('',(#7488,#7489,#7495));
#7488 = ORIENTED_EDGE('',*,*,#5593,.F.);
#7489 = ORIENTED_EDGE('',*,*,#7490,.T.);
#7490 = EDGE_CURVE('',#5563,#5344,#7491,.T.);
#7491 = LINE('',#7492,#7493);
#7492 = CARTESIAN_POINT('',(-23.03382902145,9.591556620598,
    7.098488712311));
#7493 = VECTOR('',#7494,1.);
#7494 = DIRECTION('',(1.,0.,0.));
#7495 = ORIENTED_EDGE('',*,*,#7496,.T.);
#7496 = EDGE_CURVE('',#5344,#5585,#7497,.T.);
#7497 = LINE('',#7498,#7499);
#7498 = CARTESIAN_POINT('',(-11.69272817969,9.591556620598,
    7.098488712311));
#7499 = VECTOR('',#7500,1.);
#7500 = DIRECTION('',(-0.991251721915,-9.252244237801E-02,
    9.412556219182E-02));
#7501 = PLANE('',#7502);
#7502 = AXIS2_PLACEMENT_3D('',#7503,#7504,#7505);
#7503 = CARTESIAN_POINT('',(-17.71577215849,9.309373784307,
    7.385560880145));
#7504 = DIRECTION('',(-0.,-0.713153817193,-0.70100758414));
#7505 = DIRECTION('',(0.,0.70100758414,-0.713153817193));
#7506 = ADVANCED_FACE('',(#7507),#7517,.T.);
#7507 = FACE_BOUND('',#7508,.T.);
#7508 = EDGE_LOOP('',(#7509,#7515,#7516));
#7509 = ORIENTED_EDGE('',*,*,#7510,.T.);
#7510 = EDGE_CURVE('',#5299,#5585,#7511,.T.);
#7511 = LINE('',#7512,#7513);
#7512 = CARTESIAN_POINT('',(-11.69272817969,8.532989633083,8.17539730072
    ));
#7513 = VECTOR('',#7514,1.);
#7514 = DIRECTION('',(-1.,0.,0.));
#7515 = ORIENTED_EDGE('',*,*,#7496,.F.);
#7516 = ORIENTED_EDGE('',*,*,#5352,.F.);
#7517 = PLANE('',#7518);
#7518 = AXIS2_PLACEMENT_3D('',#7519,#7520,#7521);
#7519 = CARTESIAN_POINT('',(-17.01078504264,8.815172469374,
    7.888325132886));
#7520 = DIRECTION('',(-0.,-0.713153817193,-0.70100758414));
#7521 = DIRECTION('',(0.,0.70100758414,-0.713153817193));
#7522 = ADVANCED_FACE('',(#7523),#7533,.T.);
#7523 = FACE_BOUND('',#7524,.T.);
#7524 = EDGE_LOOP('',(#7525,#7531,#7532));
#7525 = ORIENTED_EDGE('',*,*,#7526,.T.);
#7526 = EDGE_CURVE('',#5275,#5585,#7527,.T.);
#7527 = LINE('',#7528,#7529);
#7528 = CARTESIAN_POINT('',(-11.69272817969,7.28284791708,9.022415155172
    ));
#7529 = VECTOR('',#7530,1.);
#7530 = DIRECTION('',(-0.991251731831,0.109266742119,-7.403231192737E-02
    ));
#7531 = ORIENTED_EDGE('',*,*,#7510,.F.);
#7532 = ORIENTED_EDGE('',*,*,#5298,.F.);
#7533 = PLANE('',#7534);
#7534 = AXIS2_PLACEMENT_3D('',#7535,#7536,#7537);
#7535 = CARTESIAN_POINT('',(-17.01078523082,8.199738618395,
    8.401187349834));
#7536 = DIRECTION('',(-0.,-0.560915169145,-0.827873283192));
#7537 = DIRECTION('',(0.,-0.827873283192,0.560915169145));
#7538 = ADVANCED_FACE('',(#7539),#7549,.T.);
#7539 = FACE_BOUND('',#7540,.T.);
#7540 = EDGE_LOOP('',(#7541,#7542,#7543));
#7541 = ORIENTED_EDGE('',*,*,#5609,.F.);
#7542 = ORIENTED_EDGE('',*,*,#7526,.F.);
#7543 = ORIENTED_EDGE('',*,*,#7544,.T.);
#7544 = EDGE_CURVE('',#5275,#5487,#7545,.T.);
#7545 = LINE('',#7546,#7547);
#7546 = CARTESIAN_POINT('',(-11.69272817969,7.28284791708,9.022415155172
    ));
#7547 = VECTOR('',#7548,1.);
#7548 = DIRECTION('',(-1.,0.,0.));
#7549 = PLANE('',#7550);
#7550 = AXIS2_PLACEMENT_3D('',#7551,#7552,#7553);
#7551 = CARTESIAN_POINT('',(-17.71577197031,7.616098931768,
    8.796625106059));
#7552 = DIRECTION('',(-0.,-0.560915169145,-0.827873283192));
#7553 = DIRECTION('',(0.,-0.827873283192,0.560915169145));
#7554 = ADVANCED_FACE('',(#7555),#7565,.T.);
#7555 = FACE_BOUND('',#7556,.T.);
#7556 = EDGE_LOOP('',(#7557,#7563,#7564));
#7557 = ORIENTED_EDGE('',*,*,#7558,.T.);
#7558 = EDGE_CURVE('',#5252,#5487,#7559,.T.);
#7559 = LINE('',#7560,#7561);
#7560 = CARTESIAN_POINT('',(-11.69272817969,5.890224966407,
    9.606278347969));
#7561 = VECTOR('',#7562,1.);
#7562 = DIRECTION('',(-0.991251726701,0.121720097878,-5.103167726768E-02
    ));
#7563 = ORIENTED_EDGE('',*,*,#7544,.F.);
#7564 = ORIENTED_EDGE('',*,*,#5283,.F.);
#7565 = PLANE('',#7566);
#7566 = AXIS2_PLACEMENT_3D('',#7567,#7568,#7569);
#7567 = CARTESIAN_POINT('',(-17.01078513348,6.911615588821,
    9.178055913743));
#7568 = DIRECTION('',(-0.,-0.386647840462,-0.922227438036));
#7569 = DIRECTION('',(0.,-0.922227438036,0.386647840462));
#7570 = ADVANCED_FACE('',(#7571),#7581,.T.);
#7571 = FACE_BOUND('',#7572,.T.);
#7572 = EDGE_LOOP('',(#7573,#7574,#7575));
#7573 = ORIENTED_EDGE('',*,*,#5517,.F.);
#7574 = ORIENTED_EDGE('',*,*,#7558,.F.);
#7575 = ORIENTED_EDGE('',*,*,#7576,.T.);
#7576 = EDGE_CURVE('',#5252,#5509,#7577,.T.);
#7577 = LINE('',#7578,#7579);
#7578 = CARTESIAN_POINT('',(-11.69272817969,5.890224966407,
    9.606278347969));
#7579 = VECTOR('',#7580,1.);
#7580 = DIRECTION('',(-1.,0.,0.));
#7581 = PLANE('',#7582);
#7582 = AXIS2_PLACEMENT_3D('',#7583,#7584,#7585);
#7583 = CARTESIAN_POINT('',(-17.71577206766,6.261457294665,
    9.450637589398));
#7584 = DIRECTION('',(-0.,-0.386647840462,-0.922227438036));
#7585 = DIRECTION('',(0.,-0.922227438036,0.386647840462));
#7586 = ADVANCED_FACE('',(#7587),#7597,.T.);
#7587 = FACE_BOUND('',#7588,.T.);
#7588 = EDGE_LOOP('',(#7589,#7595,#7596));
#7589 = ORIENTED_EDGE('',*,*,#7590,.T.);
#7590 = EDGE_CURVE('',#5213,#5509,#7591,.T.);
#7591 = LINE('',#7592,#7593);
#7592 = CARTESIAN_POINT('',(-11.69272817969,4.409812512994,
    9.904056471586));
#7593 = VECTOR('',#7594,1.);
#7594 = DIRECTION('',(-0.991251734529,0.129393207303,-2.6026845688E-02)
  );
#7595 = ORIENTED_EDGE('',*,*,#7576,.F.);
#7596 = ORIENTED_EDGE('',*,*,#5260,.F.);
#7597 = PLANE('',#7598);
#7598 = AXIS2_PLACEMENT_3D('',#7599,#7600,#7601);
#7599 = CARTESIAN_POINT('',(-17.01078528204,5.495590549212,
    9.685657237275));
#7600 = DIRECTION('',(-0.,-0.197195716479,-0.980364141226));
#7601 = DIRECTION('',(0.,-0.980364141226,0.197195716479));
#7602 = ADVANCED_FACE('',(#7603),#7613,.T.);
#7603 = FACE_BOUND('',#7604,.T.);
#7604 = EDGE_LOOP('',(#7605,#7606,#7607));
#7605 = ORIENTED_EDGE('',*,*,#5540,.F.);
#7606 = ORIENTED_EDGE('',*,*,#7590,.F.);
#7607 = ORIENTED_EDGE('',*,*,#7608,.T.);
#7608 = EDGE_CURVE('',#5213,#5532,#7609,.T.);
#7609 = LINE('',#7610,#7611);
#7610 = CARTESIAN_POINT('',(-11.69272817969,4.409812512994,
    9.904056471586));
#7611 = VECTOR('',#7612,1.);
#7612 = DIRECTION('',(-1.,0.,0.));
#7613 = PLANE('',#7614);
#7614 = AXIS2_PLACEMENT_3D('',#7615,#7616,#7617);
#7615 = CARTESIAN_POINT('',(-17.7157719191,4.804446930189,9.82467758228)
  );
#7616 = DIRECTION('',(-0.,-0.197195716479,-0.980364141226));
#7617 = DIRECTION('',(0.,-0.980364141226,0.197195716479));
#7618 = ADVANCED_FACE('',(#7619),#7629,.T.);
#7619 = FACE_BOUND('',#7620,.T.);
#7620 = EDGE_LOOP('',(#7621,#7627,#7628));
#7621 = ORIENTED_EDGE('',*,*,#7622,.T.);
#7622 = EDGE_CURVE('',#5190,#5532,#7623,.T.);
#7623 = LINE('',#7624,#7625);
#7624 = CARTESIAN_POINT('',(-11.69272817969,2.899747867882,
    9.904056471586));
#7625 = VECTOR('',#7626,1.);
#7626 = DIRECTION('',(-0.991251725483,0.131984910984,0.));
#7627 = ORIENTED_EDGE('',*,*,#7608,.F.);
#7628 = ORIENTED_EDGE('',*,*,#5221,.F.);
#7629 = PLANE('',#7630);
#7630 = AXIS2_PLACEMENT_3D('',#7631,#7632,#7633);
#7631 = CARTESIAN_POINT('',(-17.01078511036,4.007273680647,
    9.904056471586));
#7632 = DIRECTION('',(-0.,-0.,-1.));
#7633 = DIRECTION('',(-1.,0.,0.));
#7634 = ADVANCED_FACE('',(#7635),#7645,.T.);
#7635 = FACE_BOUND('',#7636,.T.);
#7636 = EDGE_LOOP('',(#7637,#7638,#7639));
#7637 = ORIENTED_EDGE('',*,*,#5670,.F.);
#7638 = ORIENTED_EDGE('',*,*,#7622,.F.);
#7639 = ORIENTED_EDGE('',*,*,#7640,.T.);
#7640 = EDGE_CURVE('',#5190,#5671,#7641,.T.);
#7641 = LINE('',#7642,#7643);
#7642 = CARTESIAN_POINT('',(-11.69272817969,2.899747867882,
    9.904056471586));
#7643 = VECTOR('',#7644,1.);
#7644 = DIRECTION('',(-1.,0.,0.));
#7645 = PLANE('',#7646);
#7646 = AXIS2_PLACEMENT_3D('',#7647,#7648,#7649);
#7647 = CARTESIAN_POINT('',(-17.71577209078,3.302286700229,
    9.904056471586));
#7648 = DIRECTION('',(-0.,-0.,-1.));
#7649 = DIRECTION('',(-1.,0.,0.));
#7650 = ADVANCED_FACE('',(#7651),#7661,.T.);
#7651 = FACE_BOUND('',#7652,.T.);
#7652 = EDGE_LOOP('',(#7653,#7659,#7660));
#7653 = ORIENTED_EDGE('',*,*,#7654,.T.);
#7654 = EDGE_CURVE('',#5054,#5671,#7655,.T.);
#7655 = LINE('',#7656,#7657);
#7656 = CARTESIAN_POINT('',(-11.69272817969,1.419335319847,
    9.606278347969));
#7657 = VECTOR('',#7658,1.);
#7658 = DIRECTION('',(-0.991251733469,0.129393215435,2.602684566012E-02)
  );
#7659 = ORIENTED_EDGE('',*,*,#7640,.F.);
#7660 = ORIENTED_EDGE('',*,*,#5198,.F.);
#7661 = PLANE('',#7662);
#7662 = AXIS2_PLACEMENT_3D('',#7663,#7664,#7665);
#7663 = CARTESIAN_POINT('',(-17.01078526191,2.50511342397,9.82467758198)
  );
#7664 = DIRECTION('',(0.,0.197195704366,-0.980364143663));
#7665 = DIRECTION('',(0.,-0.980364143663,-0.197195704366));
#7666 = ADVANCED_FACE('',(#7667),#7677,.T.);
#7667 = FACE_BOUND('',#7668,.T.);
#7668 = EDGE_LOOP('',(#7669,#7670,#7671));
#7669 = ORIENTED_EDGE('',*,*,#5776,.F.);
#7670 = ORIENTED_EDGE('',*,*,#7654,.F.);
#7671 = ORIENTED_EDGE('',*,*,#7672,.T.);
#7672 = EDGE_CURVE('',#5054,#5777,#7673,.T.);
#7673 = LINE('',#7674,#7675);
#7674 = CARTESIAN_POINT('',(-11.69272817969,1.419335319847,
    9.606278347969));
#7675 = VECTOR('',#7676,1.);
#7676 = DIRECTION('',(-1.,0.,0.));
#7677 = PLANE('',#7678);
#7678 = AXIS2_PLACEMENT_3D('',#7679,#7680,#7681);
#7679 = CARTESIAN_POINT('',(-17.71577193923,1.813969763759,
    9.685657237576));
#7680 = DIRECTION('',(0.,0.197195704366,-0.980364143663));
#7681 = DIRECTION('',(0.,-0.980364143663,-0.197195704366));
#7682 = ADVANCED_FACE('',(#7683),#7693,.T.);
#7683 = FACE_BOUND('',#7684,.T.);
#7684 = EDGE_LOOP('',(#7685,#7691,#7692));
#7685 = ORIENTED_EDGE('',*,*,#7686,.T.);
#7686 = EDGE_CURVE('',#5031,#5777,#7687,.T.);
#7687 = LINE('',#7688,#7689);
#7688 = CARTESIAN_POINT('',(-11.69272817969,2.671210896224E-02,
    9.022415155172));
#7689 = VECTOR('',#7690,1.);
#7690 = DIRECTION('',(-0.991251723957,0.121720120284,5.103167712641E-02)
  );
#7691 = ORIENTED_EDGE('',*,*,#7672,.F.);
#7692 = ORIENTED_EDGE('',*,*,#5062,.F.);
#7693 = PLANE('',#7694);
#7694 = AXIS2_PLACEMENT_3D('',#7695,#7696,#7697);
#7695 = CARTESIAN_POINT('',(-17.0107850814,1.048102918589,9.450637587874
    ));
#7696 = DIRECTION('',(0.,0.386647779018,-0.922227463797));
#7697 = DIRECTION('',(0.,-0.922227463797,-0.386647779018));
#7698 = ADVANCED_FACE('',(#7699),#7709,.T.);
#7699 = FACE_BOUND('',#7700,.T.);
#7700 = EDGE_LOOP('',(#7701,#7702,#7703));
#7701 = ORIENTED_EDGE('',*,*,#5807,.F.);
#7702 = ORIENTED_EDGE('',*,*,#7686,.F.);
#7703 = ORIENTED_EDGE('',*,*,#7704,.T.);
#7704 = EDGE_CURVE('',#5031,#5799,#7705,.T.);
#7705 = LINE('',#7706,#7707);
#7706 = CARTESIAN_POINT('',(-11.69272817969,2.671210896224E-02,
    9.022415155172));
#7707 = VECTOR('',#7708,1.);
#7708 = DIRECTION('',(-1.,0.,0.));
#7709 = PLANE('',#7710);
#7710 = AXIS2_PLACEMENT_3D('',#7711,#7712,#7713);
#7711 = CARTESIAN_POINT('',(-17.71577211973,0.397944510221,
    9.178055915268));
#7712 = DIRECTION('',(0.,0.386647779018,-0.922227463797));
#7713 = DIRECTION('',(0.,-0.922227463797,-0.386647779018));
#7714 = ADVANCED_FACE('',(#7715),#7725,.T.);
#7715 = FACE_BOUND('',#7716,.T.);
#7716 = EDGE_LOOP('',(#7717,#7723,#7724));
#7717 = ORIENTED_EDGE('',*,*,#7718,.T.);
#7718 = EDGE_CURVE('',#5009,#5799,#7719,.T.);
#7719 = LINE('',#7720,#7721);
#7720 = CARTESIAN_POINT('',(-11.69272817969,-1.223429725319,
    8.17539730072));
#7721 = VECTOR('',#7722,1.);
#7722 = DIRECTION('',(-0.991251730711,0.109266752333,7.403231184376E-02)
  );
#7723 = ORIENTED_EDGE('',*,*,#7704,.F.);
#7724 = ORIENTED_EDGE('',*,*,#5039,.F.);
#7725 = PLANE('',#7726);
#7726 = AXIS2_PLACEMENT_3D('',#7727,#7728,#7729);
#7727 = CARTESIAN_POINT('',(-17.01078520958,-0.306538938587,
    8.796625105157));
#7728 = DIRECTION('',(0.,0.560915132773,-0.827873307835));
#7729 = DIRECTION('',(0.,-0.827873307835,-0.560915132773));
#7730 = ADVANCED_FACE('',(#7731),#7741,.T.);
#7731 = FACE_BOUND('',#7732,.T.);
#7732 = EDGE_LOOP('',(#7733,#7734,#7735));
#7733 = ORIENTED_EDGE('',*,*,#5853,.F.);
#7734 = ORIENTED_EDGE('',*,*,#7718,.F.);
#7735 = ORIENTED_EDGE('',*,*,#7736,.T.);
#7736 = EDGE_CURVE('',#5009,#5845,#7737,.T.);
#7737 = LINE('',#7738,#7739);
#7738 = CARTESIAN_POINT('',(-11.69272817969,-1.223429725319,
    8.17539730072));
#7739 = VECTOR('',#7740,1.);
#7740 = DIRECTION('',(-1.,0.,0.));
#7741 = PLANE('',#7742);
#7742 = AXIS2_PLACEMENT_3D('',#7743,#7744,#7745);
#7743 = CARTESIAN_POINT('',(-17.71577199156,-0.89017867777,
    8.401187350736));
#7744 = DIRECTION('',(0.,0.560915132773,-0.827873307835));
#7745 = DIRECTION('',(0.,-0.827873307835,-0.560915132773));
#7746 = ADVANCED_FACE('',(#7747),#7757,.T.);
#7747 = FACE_BOUND('',#7748,.T.);
#7748 = EDGE_LOOP('',(#7749,#7750,#7751));
#7749 = ORIENTED_EDGE('',*,*,#5876,.F.);
#7750 = ORIENTED_EDGE('',*,*,#7736,.F.);
#7751 = ORIENTED_EDGE('',*,*,#7752,.T.);
#7752 = EDGE_CURVE('',#5009,#5868,#7753,.T.);
#7753 = LINE('',#7754,#7755);
#7754 = CARTESIAN_POINT('',(-11.69272817969,-1.223429725319,
    8.17539730072));
#7755 = VECTOR('',#7756,1.);
#7756 = DIRECTION('',(-0.991251730258,-9.252235218326E-02,
    -9.412556298413E-02));
#7757 = PLANE('',#7758);
#7758 = AXIS2_PLACEMENT_3D('',#7759,#7760,#7761);
#7759 = CARTESIAN_POINT('',(-17.71577200016,-1.50561227575,
    7.888325141433));
#7760 = DIRECTION('',(0.,0.713154161779,-0.701007233584));
#7761 = DIRECTION('',(0.,0.701007233584,0.713154161779));
#7762 = ADVANCED_FACE('',(#7763),#7768,.T.);
#7763 = FACE_BOUND('',#7764,.T.);
#7764 = EDGE_LOOP('',(#7765,#7766,#7767));
#7765 = ORIENTED_EDGE('',*,*,#7206,.F.);
#7766 = ORIENTED_EDGE('',*,*,#7752,.F.);
#7767 = ORIENTED_EDGE('',*,*,#5153,.F.);
#7768 = PLANE('',#7769);
#7769 = AXIS2_PLACEMENT_3D('',#7770,#7771,#7772);
#7770 = CARTESIAN_POINT('',(-17.01078520098,-1.999813121557,
    7.385560871598));
#7771 = DIRECTION('',(0.,0.713154161779,-0.701007233584));
#7772 = DIRECTION('',(0.,0.701007233584,0.713154161779));
#7773 = ADVANCED_FACE('',(#7774),#7791,.T.);
#7774 = FACE_BOUND('',#7775,.T.);
#7775 = EDGE_LOOP('',(#7776,#7784,#7785));
#7776 = ORIENTED_EDGE('',*,*,#7777,.T.);
#7777 = EDGE_CURVE('',#7778,#7451,#7780,.T.);
#7778 = VERTEX_POINT('',#7779);
#7779 = CARTESIAN_POINT('',(24.540370118618,-1.223429725319,
    8.17539730072));
#7780 = LINE('',#7781,#7782);
#7781 = CARTESIAN_POINT('',(24.540370118618,-1.223429725319,
    8.17539730072));
#7782 = VECTOR('',#7783,1.);
#7783 = DIRECTION('',(0.,-0.701007233584,-0.713154161779));
#7784 = ORIENTED_EDGE('',*,*,#7473,.F.);
#7785 = ORIENTED_EDGE('',*,*,#7786,.T.);
#7786 = EDGE_CURVE('',#4325,#7778,#7787,.T.);
#7787 = LINE('',#7788,#7789);
#7788 = CARTESIAN_POINT('',(13.707272577286,-2.281995671988,
    7.098488712311));
#7789 = VECTOR('',#7790,1.);
#7790 = DIRECTION('',(0.99042404116,9.678018302092E-02,
    9.845717275441E-02));
#7791 = PLANE('',#7792);
#7792 = AXIS2_PLACEMENT_3D('',#7793,#7794,#7795);
#7793 = CARTESIAN_POINT('',(19.475152333626,-1.998998260993,
    7.38638985192));
#7794 = DIRECTION('',(0.,0.713154161779,-0.701007233584));
#7795 = DIRECTION('',(0.,0.701007233584,0.713154161779));
#7796 = ADVANCED_FACE('',(#7797),#7807,.T.);
#7797 = FACE_BOUND('',#7798,.T.);
#7798 = EDGE_LOOP('',(#7799,#7805,#7806));
#7799 = ORIENTED_EDGE('',*,*,#7800,.T.);
#7800 = EDGE_CURVE('',#4280,#7778,#7801,.T.);
#7801 = LINE('',#7802,#7803);
#7802 = CARTESIAN_POINT('',(13.707272577286,-1.223429725319,
    8.17539730072));
#7803 = VECTOR('',#7804,1.);
#7804 = DIRECTION('',(1.,0.,0.));
#7805 = ORIENTED_EDGE('',*,*,#7786,.F.);
#7806 = ORIENTED_EDGE('',*,*,#4333,.F.);
#7807 = PLANE('',#7808);
#7808 = AXIS2_PLACEMENT_3D('',#7809,#7810,#7811);
#7809 = CARTESIAN_POINT('',(18.772490362277,-1.506427136313,
    7.887496161111));
#7810 = DIRECTION('',(0.,0.713154161779,-0.701007233584));
#7811 = DIRECTION('',(0.,0.701007233584,0.713154161779));
#7812 = ADVANCED_FACE('',(#7813),#7823,.T.);
#7813 = FACE_BOUND('',#7814,.T.);
#7814 = EDGE_LOOP('',(#7815,#7821,#7822));
#7815 = ORIENTED_EDGE('',*,*,#7816,.T.);
#7816 = EDGE_CURVE('',#4256,#7778,#7817,.T.);
#7817 = LINE('',#7818,#7819);
#7818 = CARTESIAN_POINT('',(13.707272577286,2.671210896224E-02,
    9.022415155172));
#7819 = VECTOR('',#7820,1.);
#7820 = DIRECTION('',(0.990424041655,-0.114295151819,-7.743924058286E-02
    ));
#7821 = ORIENTED_EDGE('',*,*,#7800,.F.);
#7822 = ORIENTED_EDGE('',*,*,#4279,.F.);
#7823 = PLANE('',#7824);
#7824 = AXIS2_PLACEMENT_3D('',#7825,#7826,#7827);
#7825 = CARTESIAN_POINT('',(18.772490370815,-0.889216346366,
    8.401839366258));
#7826 = DIRECTION('',(0.,0.560915132773,-0.827873307835));
#7827 = DIRECTION('',(0.,-0.827873307835,-0.560915132773));
#7828 = ADVANCED_FACE('',(#7829),#7846,.T.);
#7829 = FACE_BOUND('',#7830,.T.);
#7830 = EDGE_LOOP('',(#7831,#7839,#7840));
#7831 = ORIENTED_EDGE('',*,*,#7832,.T.);
#7832 = EDGE_CURVE('',#7833,#7778,#7835,.T.);
#7833 = VERTEX_POINT('',#7834);
#7834 = CARTESIAN_POINT('',(24.540370118618,2.671210896224E-02,
    9.022415155172));
#7835 = LINE('',#7836,#7837);
#7836 = CARTESIAN_POINT('',(24.540370118618,2.671210896224E-02,
    9.022415155172));
#7837 = VECTOR('',#7838,1.);
#7838 = DIRECTION('',(0.,-0.827873307835,-0.560915132773));
#7839 = ORIENTED_EDGE('',*,*,#7816,.F.);
#7840 = ORIENTED_EDGE('',*,*,#7841,.T.);
#7841 = EDGE_CURVE('',#4256,#7833,#7842,.T.);
#7842 = LINE('',#7843,#7844);
#7843 = CARTESIAN_POINT('',(13.707272577286,2.671210896224E-02,
    9.022415155172));
#7844 = VECTOR('',#7845,1.);
#7845 = DIRECTION('',(1.,0.,0.));
#7846 = PLANE('',#7847);
#7847 = AXIS2_PLACEMENT_3D('',#7848,#7849,#7850);
#7848 = CARTESIAN_POINT('',(19.475152325089,-0.307501269991,
    8.795973089634));
#7849 = DIRECTION('',(0.,0.560915132773,-0.827873307835));
#7850 = DIRECTION('',(0.,-0.827873307835,-0.560915132773));
#7851 = ADVANCED_FACE('',(#7852),#7862,.T.);
#7852 = FACE_BOUND('',#7853,.T.);
#7853 = EDGE_LOOP('',(#7854,#7860,#7861));
#7854 = ORIENTED_EDGE('',*,*,#7855,.T.);
#7855 = EDGE_CURVE('',#4233,#7833,#7856,.T.);
#7856 = LINE('',#7857,#7858);
#7857 = CARTESIAN_POINT('',(13.707272577286,1.419335319847,
    9.606278347969));
#7858 = VECTOR('',#7859,1.);
#7859 = DIRECTION('',(0.990424034271,-0.127321617246,-5.338012850584E-02
    ));
#7860 = ORIENTED_EDGE('',*,*,#7841,.F.);
#7861 = ORIENTED_EDGE('',*,*,#4264,.F.);
#7862 = PLANE('',#7863);
#7863 = AXIS2_PLACEMENT_3D('',#7864,#7865,#7866);
#7864 = CARTESIAN_POINT('',(18.77249024354,0.39901652103,9.17850536035)
  );
#7865 = DIRECTION('',(0.,0.386647779018,-0.922227463797));
#7866 = DIRECTION('',(0.,-0.922227463797,-0.386647779018));
#7867 = ADVANCED_FACE('',(#7868),#7885,.T.);
#7868 = FACE_BOUND('',#7869,.T.);
#7869 = EDGE_LOOP('',(#7870,#7878,#7879));
#7870 = ORIENTED_EDGE('',*,*,#7871,.T.);
#7871 = EDGE_CURVE('',#7872,#7833,#7874,.T.);
#7872 = VERTEX_POINT('',#7873);
#7873 = CARTESIAN_POINT('',(24.540370118618,1.419335319847,
    9.606278347969));
#7874 = LINE('',#7875,#7876);
#7875 = CARTESIAN_POINT('',(24.540370118618,1.419335319847,
    9.606278347969));
#7876 = VECTOR('',#7877,1.);
#7877 = DIRECTION('',(0.,-0.922227463797,-0.386647779018));
#7878 = ORIENTED_EDGE('',*,*,#7855,.F.);
#7879 = ORIENTED_EDGE('',*,*,#7880,.T.);
#7880 = EDGE_CURVE('',#4233,#7872,#7881,.T.);
#7881 = LINE('',#7882,#7883);
#7882 = CARTESIAN_POINT('',(13.707272577286,1.419335319847,
    9.606278347969));
#7883 = VECTOR('',#7884,1.);
#7884 = DIRECTION('',(1.,0.,0.));
#7885 = PLANE('',#7886);
#7886 = AXIS2_PLACEMENT_3D('',#7887,#7888,#7889);
#7887 = CARTESIAN_POINT('',(19.475152452364,1.047030907779,
    9.450188142791));
#7888 = DIRECTION('',(0.,0.386647779018,-0.922227463797));
#7889 = DIRECTION('',(0.,-0.922227463797,-0.386647779018));
#7890 = ADVANCED_FACE('',(#7891),#7901,.T.);
#7891 = FACE_BOUND('',#7892,.T.);
#7892 = EDGE_LOOP('',(#7893,#7899,#7900));
#7893 = ORIENTED_EDGE('',*,*,#7894,.T.);
#7894 = EDGE_CURVE('',#4211,#7872,#7895,.T.);
#7895 = LINE('',#7896,#7897);
#7896 = CARTESIAN_POINT('',(13.707272577286,2.899747867882,
    9.904056471586));
#7897 = VECTOR('',#7898,1.);
#7898 = DIRECTION('',(0.99042404467,-0.135347824388,-2.722458765666E-02)
  );
#7899 = ORIENTED_EDGE('',*,*,#7880,.F.);
#7900 = ORIENTED_EDGE('',*,*,#4241,.F.);
#7901 = PLANE('',#7902);
#7902 = AXIS2_PLACEMENT_3D('',#7903,#7904,#7905);
#7903 = CARTESIAN_POINT('',(18.772490422778,1.815109352265,
    9.685886460523));
#7904 = DIRECTION('',(0.,0.197195704366,-0.980364143663));
#7905 = DIRECTION('',(0.,-0.980364143663,-0.197195704366));
#7906 = ADVANCED_FACE('',(#7907),#7924,.T.);
#7907 = FACE_BOUND('',#7908,.T.);
#7908 = EDGE_LOOP('',(#7909,#7917,#7918));
#7909 = ORIENTED_EDGE('',*,*,#7910,.T.);
#7910 = EDGE_CURVE('',#7911,#7872,#7913,.T.);
#7911 = VERTEX_POINT('',#7912);
#7912 = CARTESIAN_POINT('',(24.540370118618,2.899747867882,
    9.904056471586));
#7913 = LINE('',#7914,#7915);
#7914 = CARTESIAN_POINT('',(24.540370118618,2.899747867882,
    9.904056471586));
#7915 = VECTOR('',#7916,1.);
#7916 = DIRECTION('',(0.,-0.980364143663,-0.197195704366));
#7917 = ORIENTED_EDGE('',*,*,#7894,.F.);
#7918 = ORIENTED_EDGE('',*,*,#7919,.T.);
#7919 = EDGE_CURVE('',#4211,#7911,#7920,.T.);
#7920 = LINE('',#7921,#7922);
#7921 = CARTESIAN_POINT('',(13.707272577286,2.899747867882,
    9.904056471586));
#7922 = VECTOR('',#7923,1.);
#7923 = DIRECTION('',(1.,0.,0.));
#7924 = PLANE('',#7925);
#7925 = AXIS2_PLACEMENT_3D('',#7926,#7927,#7928);
#7926 = CARTESIAN_POINT('',(19.475152273125,2.503973835465,
    9.824448359033));
#7927 = DIRECTION('',(0.,0.197195704366,-0.980364143663));
#7928 = DIRECTION('',(0.,-0.980364143663,-0.197195704366));
#7929 = ADVANCED_FACE('',(#7930),#7940,.T.);
#7930 = FACE_BOUND('',#7931,.T.);
#7931 = EDGE_LOOP('',(#7932,#7938,#7939));
#7932 = ORIENTED_EDGE('',*,*,#7933,.T.);
#7933 = EDGE_CURVE('',#4172,#7911,#7934,.T.);
#7934 = LINE('',#7935,#7936);
#7935 = CARTESIAN_POINT('',(13.707272577286,4.409812512994,
    9.904056471586));
#7936 = VECTOR('',#7937,1.);
#7937 = DIRECTION('',(0.99042403594,-0.138058788323,0.));
#7938 = ORIENTED_EDGE('',*,*,#7919,.F.);
#7939 = ORIENTED_EDGE('',*,*,#4210,.F.);
#7940 = PLANE('',#7941);
#7941 = AXIS2_PLACEMENT_3D('',#7942,#7943,#7944);
#7942 = CARTESIAN_POINT('',(18.772490272293,3.303449114779,
    9.904056471586));
#7943 = DIRECTION('',(-0.,-0.,-1.));
#7944 = DIRECTION('',(-1.,0.,0.));
#7945 = ADVANCED_FACE('',(#7946),#7963,.T.);
#7946 = FACE_BOUND('',#7947,.T.);
#7947 = EDGE_LOOP('',(#7948,#7956,#7957));
#7948 = ORIENTED_EDGE('',*,*,#7949,.T.);
#7949 = EDGE_CURVE('',#7950,#7911,#7952,.T.);
#7950 = VERTEX_POINT('',#7951);
#7951 = CARTESIAN_POINT('',(24.540370118618,4.409812512994,
    9.904056471586));
#7952 = LINE('',#7953,#7954);
#7953 = CARTESIAN_POINT('',(24.540370118618,4.409812512994,
    9.904056471586));
#7954 = VECTOR('',#7955,1.);
#7955 = DIRECTION('',(0.,-1.,0.));
#7956 = ORIENTED_EDGE('',*,*,#7933,.F.);
#7957 = ORIENTED_EDGE('',*,*,#7958,.T.);
#7958 = EDGE_CURVE('',#4172,#7950,#7959,.T.);
#7959 = LINE('',#7960,#7961);
#7960 = CARTESIAN_POINT('',(13.707272577286,4.409812512994,
    9.904056471586));
#7961 = VECTOR('',#7962,1.);
#7962 = DIRECTION('',(1.,0.,0.));
#7963 = PLANE('',#7964);
#7964 = AXIS2_PLACEMENT_3D('',#7965,#7966,#7967);
#7965 = CARTESIAN_POINT('',(19.475152423611,4.006111266097,
    9.904056471586));
#7966 = DIRECTION('',(-0.,-0.,-1.));
#7967 = DIRECTION('',(-1.,0.,0.));
#7968 = ADVANCED_FACE('',(#7969),#7979,.T.);
#7969 = FACE_BOUND('',#7970,.T.);
#7970 = EDGE_LOOP('',(#7971,#7977,#7978));
#7971 = ORIENTED_EDGE('',*,*,#7972,.T.);
#7972 = EDGE_CURVE('',#4056,#7950,#7973,.T.);
#7973 = LINE('',#7974,#7975);
#7974 = CARTESIAN_POINT('',(13.707272577286,5.890224966407,
    9.606278347969));
#7975 = VECTOR('',#7976,1.);
#7976 = DIRECTION('',(0.99042404583,-0.135347815896,2.722458768853E-02)
  );
#7977 = ORIENTED_EDGE('',*,*,#7958,.F.);
#7978 = ORIENTED_EDGE('',*,*,#4171,.F.);
#7979 = PLANE('',#7980);
#7980 = AXIS2_PLACEMENT_3D('',#7981,#7982,#7983);
#7981 = CARTESIAN_POINT('',(18.772490442768,4.805586518553,
    9.824448359347));
#7982 = DIRECTION('',(-0.,-0.197195716479,-0.980364141226));
#7983 = DIRECTION('',(0.,-0.980364141226,0.197195716479));
#7984 = ADVANCED_FACE('',(#7985),#8002,.T.);
#7985 = FACE_BOUND('',#7986,.T.);
#7986 = EDGE_LOOP('',(#7987,#7995,#7996));
#7987 = ORIENTED_EDGE('',*,*,#7988,.T.);
#7988 = EDGE_CURVE('',#7989,#7950,#7991,.T.);
#7989 = VERTEX_POINT('',#7990);
#7990 = CARTESIAN_POINT('',(24.540370118618,5.890224966407,
    9.606278347969));
#7991 = LINE('',#7992,#7993);
#7992 = CARTESIAN_POINT('',(24.540370118618,5.890224966407,
    9.606278347969));
#7993 = VECTOR('',#7994,1.);
#7994 = DIRECTION('',(0.,-0.980364141226,0.197195716479));
#7995 = ORIENTED_EDGE('',*,*,#7972,.F.);
#7996 = ORIENTED_EDGE('',*,*,#7997,.T.);
#7997 = EDGE_CURVE('',#4056,#7989,#7998,.T.);
#7998 = LINE('',#7999,#8000);
#7999 = CARTESIAN_POINT('',(13.707272577286,5.890224966407,
    9.606278347969));
#8000 = VECTOR('',#8001,1.);
#8001 = DIRECTION('',(1.,0.,0.));
#8002 = PLANE('',#8003);
#8003 = AXIS2_PLACEMENT_3D('',#8004,#8005,#8006);
#8004 = CARTESIAN_POINT('',(19.475152253136,5.494450960847,
    9.685886460208));
#8005 = DIRECTION('',(-0.,-0.197195716479,-0.980364141226));
#8006 = DIRECTION('',(0.,-0.980364141226,0.197195716479));
#8007 = ADVANCED_FACE('',(#8008),#8018,.T.);
#8008 = FACE_BOUND('',#8009,.T.);
#8009 = EDGE_LOOP('',(#8010,#8016,#8017));
#8010 = ORIENTED_EDGE('',*,*,#8011,.T.);
#8011 = EDGE_CURVE('',#4033,#7989,#8012,.T.);
#8012 = LINE('',#8013,#8014);
#8013 = CARTESIAN_POINT('',(13.707272577286,7.28284791708,9.022415155172
    ));
#8014 = VECTOR('',#8015,1.);
#8015 = DIRECTION('',(0.990424037272,-0.127321593841,5.338012866753E-02)
  );
#8016 = ORIENTED_EDGE('',*,*,#7997,.F.);
#8017 = ORIENTED_EDGE('',*,*,#4064,.F.);
#8018 = PLANE('',#8019);
#8019 = AXIS2_PLACEMENT_3D('',#8020,#8021,#8022);
#8020 = CARTESIAN_POINT('',(18.772490295251,6.262529305109,
    9.450188144385));
#8021 = DIRECTION('',(-0.,-0.386647840462,-0.922227438036));
#8022 = DIRECTION('',(0.,-0.922227438036,0.386647840462));
#8023 = ADVANCED_FACE('',(#8024),#8041,.T.);
#8024 = FACE_BOUND('',#8025,.T.);
#8025 = EDGE_LOOP('',(#8026,#8034,#8035));
#8026 = ORIENTED_EDGE('',*,*,#8027,.T.);
#8027 = EDGE_CURVE('',#8028,#7989,#8030,.T.);
#8028 = VERTEX_POINT('',#8029);
#8029 = CARTESIAN_POINT('',(24.540370118618,7.28284791708,9.022415155172
    ));
#8030 = LINE('',#8031,#8032);
#8031 = CARTESIAN_POINT('',(24.540370118618,7.28284791708,9.022415155172
    ));
#8032 = VECTOR('',#8033,1.);
#8033 = DIRECTION('',(0.,-0.922227438036,0.386647840462));
#8034 = ORIENTED_EDGE('',*,*,#8011,.F.);
#8035 = ORIENTED_EDGE('',*,*,#8036,.T.);
#8036 = EDGE_CURVE('',#4033,#8028,#8037,.T.);
#8037 = LINE('',#8038,#8039);
#8038 = CARTESIAN_POINT('',(13.707272577286,7.28284791708,9.022415155172
    ));
#8039 = VECTOR('',#8040,1.);
#8040 = DIRECTION('',(1.,0.,0.));
#8041 = PLANE('',#8042);
#8042 = AXIS2_PLACEMENT_3D('',#8043,#8044,#8045);
#8043 = CARTESIAN_POINT('',(19.475152400653,6.910543578378,
    9.178505358756));
#8044 = DIRECTION('',(-0.,-0.386647840462,-0.922227438036));
#8045 = DIRECTION('',(0.,-0.922227438036,0.386647840462));
#8046 = ADVANCED_FACE('',(#8047),#8057,.T.);
#8047 = FACE_BOUND('',#8048,.T.);
#8048 = EDGE_LOOP('',(#8049,#8055,#8056));
#8049 = ORIENTED_EDGE('',*,*,#8050,.T.);
#8050 = EDGE_CURVE('',#4011,#8028,#8051,.T.);
#8051 = LINE('',#8052,#8053);
#8052 = CARTESIAN_POINT('',(13.707272577286,8.532989633083,8.17539730072
    ));
#8053 = VECTOR('',#8054,1.);
#8054 = DIRECTION('',(0.990424042879,-0.114295141146,7.743924067859E-02)
  );
#8055 = ORIENTED_EDGE('',*,*,#8036,.F.);
#8056 = ORIENTED_EDGE('',*,*,#4041,.F.);
#8057 = PLANE('',#8058);
#8058 = AXIS2_PLACEMENT_3D('',#8059,#8060,#8061);
#8059 = CARTESIAN_POINT('',(18.772490391915,7.61706126302,8.795973090578
    ));
#8060 = DIRECTION('',(-0.,-0.560915169145,-0.827873283192));
#8061 = DIRECTION('',(0.,-0.827873283192,0.560915169145));
#8062 = ADVANCED_FACE('',(#8063),#8080,.T.);
#8063 = FACE_BOUND('',#8064,.T.);
#8064 = EDGE_LOOP('',(#8065,#8073,#8074));
#8065 = ORIENTED_EDGE('',*,*,#8066,.T.);
#8066 = EDGE_CURVE('',#8067,#8028,#8069,.T.);
#8067 = VERTEX_POINT('',#8068);
#8068 = CARTESIAN_POINT('',(24.540370118618,8.532989633083,8.17539730072
    ));
#8069 = LINE('',#8070,#8071);
#8070 = CARTESIAN_POINT('',(24.540370118618,8.532989633083,8.17539730072
    ));
#8071 = VECTOR('',#8072,1.);
#8072 = DIRECTION('',(0.,-0.827873283192,0.560915169145));
#8073 = ORIENTED_EDGE('',*,*,#8050,.F.);
#8074 = ORIENTED_EDGE('',*,*,#8075,.T.);
#8075 = EDGE_CURVE('',#4011,#8067,#8076,.T.);
#8076 = LINE('',#8077,#8078);
#8077 = CARTESIAN_POINT('',(13.707272577286,8.532989633083,8.17539730072
    ));
#8078 = VECTOR('',#8079,1.);
#8079 = DIRECTION('',(1.,0.,0.));
#8080 = PLANE('',#8081);
#8081 = AXIS2_PLACEMENT_3D('',#8082,#8083,#8084);
#8082 = CARTESIAN_POINT('',(19.475152303989,8.198776287143,
    8.401839365315));
#8083 = DIRECTION('',(-0.,-0.560915169145,-0.827873283192));
#8084 = DIRECTION('',(0.,-0.827873283192,0.560915169145));
#8085 = ADVANCED_FACE('',(#8086),#8103,.T.);
#8086 = FACE_BOUND('',#8087,.T.);
#8087 = EDGE_LOOP('',(#8088,#8096,#8097));
#8088 = ORIENTED_EDGE('',*,*,#8089,.T.);
#8089 = EDGE_CURVE('',#8090,#8067,#8092,.T.);
#8090 = VERTEX_POINT('',#8091);
#8091 = CARTESIAN_POINT('',(24.540370118618,9.591556620598,
    7.098488712311));
#8092 = LINE('',#8093,#8094);
#8093 = CARTESIAN_POINT('',(24.540370118618,9.591556620598,
    7.098488712311));
#8094 = VECTOR('',#8095,1.);
#8095 = DIRECTION('',(0.,-0.70100758414,0.713153817193));
#8096 = ORIENTED_EDGE('',*,*,#8075,.F.);
#8097 = ORIENTED_EDGE('',*,*,#8098,.T.);
#8098 = EDGE_CURVE('',#4011,#8090,#8099,.T.);
#8099 = LINE('',#8100,#8101);
#8100 = CARTESIAN_POINT('',(13.707272577286,8.532989633083,8.17539730072
    ));
#8101 = VECTOR('',#8102,1.);
#8102 = DIRECTION('',(0.990424032039,9.678027728971E-02,
    -9.845717184762E-02));
#8103 = PLANE('',#8104);
#8104 = AXIS2_PLACEMENT_3D('',#8105,#8106,#8107);
#8105 = CARTESIAN_POINT('',(19.475152490853,8.815987331122,
    7.887496152175));
#8106 = DIRECTION('',(-0.,-0.713153817193,-0.70100758414));
#8107 = DIRECTION('',(0.,0.70100758414,-0.713153817193));
#8108 = ADVANCED_FACE('',(#8109),#8119,.T.);
#8109 = FACE_BOUND('',#8110,.T.);
#8110 = EDGE_LOOP('',(#8111,#8117,#8118));
#8111 = ORIENTED_EDGE('',*,*,#8112,.T.);
#8112 = EDGE_CURVE('',#4079,#8090,#8113,.T.);
#8113 = LINE('',#8114,#8115);
#8114 = CARTESIAN_POINT('',(13.707272577286,9.591556620598,
    7.098488712311));
#8115 = VECTOR('',#8116,1.);
#8116 = DIRECTION('',(1.,0.,0.));
#8117 = ORIENTED_EDGE('',*,*,#8098,.F.);
#8118 = ORIENTED_EDGE('',*,*,#4078,.F.);
#8119 = PLANE('',#8120);
#8120 = AXIS2_PLACEMENT_3D('',#8121,#8122,#8123);
#8121 = CARTESIAN_POINT('',(18.772490205051,9.308558922559,
    7.386389860856));
#8122 = DIRECTION('',(-0.,-0.713153817193,-0.70100758414));
#8123 = DIRECTION('',(0.,0.70100758414,-0.713153817193));
#8124 = ADVANCED_FACE('',(#8125),#8140,.T.);
#8125 = FACE_BOUND('',#8126,.T.);
#8126 = EDGE_LOOP('',(#8127,#8128,#8134));
#8127 = ORIENTED_EDGE('',*,*,#5554,.F.);
#8128 = ORIENTED_EDGE('',*,*,#8129,.T.);
#8129 = EDGE_CURVE('',#5479,#5321,#8130,.T.);
#8130 = LINE('',#8131,#8132);
#8131 = CARTESIAN_POINT('',(-23.03382902145,11.173180192709,
    7.655797082186));
#8132 = VECTOR('',#8133,1.);
#8133 = DIRECTION('',(1.,0.,0.));
#8134 = ORIENTED_EDGE('',*,*,#8135,.T.);
#8135 = EDGE_CURVE('',#5321,#5555,#8136,.T.);
#8136 = LINE('',#8137,#8138);
#8137 = CARTESIAN_POINT('',(-11.69272817969,11.173180192709,
    7.655797082186));
#8138 = VECTOR('',#8139,1.);
#8139 = DIRECTION('',(-0.998872482698,-1.439205818895E-02,
    -4.523971673193E-02));
#8140 = PLANE('',#8141);
#8141 = AXIS2_PLACEMENT_3D('',#8142,#8143,#8144);
#8142 = CARTESIAN_POINT('',(-17.49483144355,11.131358450664,
    7.524335428924));
#8143 = DIRECTION('',(0.,0.952940368122,-0.303157805118));
#8144 = DIRECTION('',(0.,0.303157805118,0.952940368122));
#8145 = ADVANCED_FACE('',(#8146),#8156,.T.);
#8146 = FACE_BOUND('',#8147,.T.);
#8147 = EDGE_LOOP('',(#8148,#8154,#8155));
#8148 = ORIENTED_EDGE('',*,*,#8149,.T.);
#8149 = EDGE_CURVE('',#5413,#5555,#8150,.T.);
#8150 = LINE('',#8151,#8152);
#8151 = CARTESIAN_POINT('',(-11.69272817969,11.009774166346,
    7.142149746418));
#8152 = VECTOR('',#8153,1.);
#8153 = DIRECTION('',(-1.,0.,0.));
#8154 = ORIENTED_EDGE('',*,*,#8135,.F.);
#8155 = ORIENTED_EDGE('',*,*,#5412,.F.);
#8156 = PLANE('',#8157);
#8157 = AXIS2_PLACEMENT_3D('',#8158,#8159,#8160);
#8158 = CARTESIAN_POINT('',(-17.23172575758,11.051595908391,
    7.27361139968));
#8159 = DIRECTION('',(0.,0.952940368122,-0.303157805118));
#8160 = DIRECTION('',(0.,0.303157805118,0.952940368122));
#8161 = ADVANCED_FACE('',(#8162),#8172,.T.);
#8162 = FACE_BOUND('',#8163,.T.);
#8163 = EDGE_LOOP('',(#8164,#8165,#8166));
#8164 = ORIENTED_EDGE('',*,*,#5624,.F.);
#8165 = ORIENTED_EDGE('',*,*,#8149,.F.);
#8166 = ORIENTED_EDGE('',*,*,#8167,.T.);
#8167 = EDGE_CURVE('',#5413,#5625,#8168,.T.);
#8168 = LINE('',#8169,#8170);
#8169 = CARTESIAN_POINT('',(-11.69272817969,11.009774166346,
    7.142149746418));
#8170 = VECTOR('',#8171,1.);
#8171 = DIRECTION('',(-0.99887248003,-3.788534329405E-02,
    -2.86089042305E-02));
#8172 = PLANE('',#8173);
#8173 = AXIS2_PLACEMENT_3D('',#8174,#8175,#8176);
#8174 = CARTESIAN_POINT('',(-17.49483159564,10.899683512078,
    7.059015407099));
#8175 = DIRECTION('',(0.,0.602624186625,-0.798025118461));
#8176 = DIRECTION('',(0.,-0.798025118461,-0.602624186625));
#8177 = ADVANCED_FACE('',(#8178),#8188,.T.);
#8178 = FACE_BOUND('',#8179,.T.);
#8179 = EDGE_LOOP('',(#8180,#8186,#8187));
#8180 = ORIENTED_EDGE('',*,*,#8181,.T.);
#8181 = EDGE_CURVE('',#5391,#5625,#8182,.T.);
#8182 = LINE('',#8183,#8184);
#8183 = CARTESIAN_POINT('',(-11.69272817969,10.579627668858,
    6.817327034473));
#8184 = VECTOR('',#8185,1.);
#8185 = DIRECTION('',(-1.,0.,0.));
#8186 = ORIENTED_EDGE('',*,*,#8167,.F.);
#8187 = ORIENTED_EDGE('',*,*,#5421,.F.);
#8188 = PLANE('',#8189);
#8189 = AXIS2_PLACEMENT_3D('',#8190,#8191,#8192);
#8190 = CARTESIAN_POINT('',(-17.2317256055,10.689718323125,
    6.900461373792));
#8191 = DIRECTION('',(0.,0.602624186625,-0.798025118461));
#8192 = DIRECTION('',(0.,-0.798025118461,-0.602624186625));
#8193 = ADVANCED_FACE('',(#8194),#8204,.T.);
#8194 = FACE_BOUND('',#8195,.T.);
#8195 = EDGE_LOOP('',(#8196,#8197,#8198));
#8196 = ORIENTED_EDGE('',*,*,#5655,.F.);
#8197 = ORIENTED_EDGE('',*,*,#8181,.F.);
#8198 = ORIENTED_EDGE('',*,*,#8199,.T.);
#8199 = EDGE_CURVE('',#5391,#5647,#8200,.T.);
#8200 = LINE('',#8201,#8202);
#8201 = CARTESIAN_POINT('',(-11.69272817969,10.579627668858,
    6.817327034473));
#8202 = VECTOR('',#8203,1.);
#8203 = DIRECTION('',(-0.998872479541,-4.745140228657E-02,
    -1.46083397099E-03));
#8204 = PLANE('',#8205);
#8205 = AXIS2_PLACEMENT_3D('',#8206,#8207,#8208);
#8206 = CARTESIAN_POINT('',(-17.49483162353,10.441739095117,
    6.813082011081));
#8207 = DIRECTION('',(0.,3.077131810585E-02,-0.999526450867));
#8208 = DIRECTION('',(0.,-0.999526450867,-3.077131810585E-02));
#8209 = ADVANCED_FACE('',(#8210),#8220,.T.);
#8210 = FACE_BOUND('',#8211,.T.);
#8211 = EDGE_LOOP('',(#8212,#8218,#8219));
#8212 = ORIENTED_EDGE('',*,*,#8213,.T.);
#8213 = EDGE_CURVE('',#5367,#5647,#8214,.T.);
#8214 = LINE('',#8215,#8216);
#8215 = CARTESIAN_POINT('',(-11.69272817969,10.040869069099,
    6.800740867853));
#8216 = VECTOR('',#8217,1.);
#8217 = DIRECTION('',(-1.,0.,0.));
#8218 = ORIENTED_EDGE('',*,*,#8199,.F.);
#8219 = ORIENTED_EDGE('',*,*,#5390,.F.);
#8220 = PLANE('',#8221);
#8221 = AXIS2_PLACEMENT_3D('',#8222,#8223,#8224);
#8222 = CARTESIAN_POINT('',(-17.23172557761,10.17875764284,
    6.804985891246));
#8223 = DIRECTION('',(0.,3.077131810585E-02,-0.999526450867));
#8224 = DIRECTION('',(0.,-0.999526450867,-3.077131810585E-02));
#8225 = ADVANCED_FACE('',(#8226),#8236,.T.);
#8226 = FACE_BOUND('',#8227,.T.);
#8227 = EDGE_LOOP('',(#8228,#8229,#8230));
#8228 = ORIENTED_EDGE('',*,*,#5646,.F.);
#8229 = ORIENTED_EDGE('',*,*,#8213,.F.);
#8230 = ORIENTED_EDGE('',*,*,#8231,.T.);
#8231 = EDGE_CURVE('',#5367,#5563,#8232,.T.);
#8232 = LINE('',#8233,#8234);
#8233 = CARTESIAN_POINT('',(-11.69272817969,10.040869069099,
    6.800740867853));
#8234 = VECTOR('',#8235,1.);
#8235 = DIRECTION('',(-0.99887248138,-3.95733929723E-02,
    2.622427331953E-02));
#8236 = PLANE('',#8237);
#8237 = AXIS2_PLACEMENT_3D('',#8238,#8239,#8240);
#8238 = CARTESIAN_POINT('',(-17.49483151872,9.925873129279,
    6.876945730009));
#8239 = DIRECTION('',(-0.,-0.552394132309,-0.833583062802));
#8240 = DIRECTION('',(0.,-0.833583062802,0.552394132309));
#8241 = ADVANCED_FACE('',(#8242),#8247,.T.);
#8242 = FACE_BOUND('',#8243,.T.);
#8243 = EDGE_LOOP('',(#8244,#8245,#8246));
#8244 = ORIENTED_EDGE('',*,*,#7490,.F.);
#8245 = ORIENTED_EDGE('',*,*,#8231,.F.);
#8246 = ORIENTED_EDGE('',*,*,#5375,.F.);
#8247 = PLANE('',#8248);
#8248 = AXIS2_PLACEMENT_3D('',#8249,#8250,#8251);
#8249 = CARTESIAN_POINT('',(-17.23172568242,9.706552560418,
    7.022283850155));
#8250 = DIRECTION('',(-0.,-0.552394132309,-0.833583062802));
#8251 = DIRECTION('',(0.,-0.833583062802,0.552394132309));
#8252 = ADVANCED_FACE('',(#8253),#8270,.T.);
#8253 = FACE_BOUND('',#8254,.T.);
#8254 = EDGE_LOOP('',(#8255,#8263,#8264));
#8255 = ORIENTED_EDGE('',*,*,#8256,.T.);
#8256 = EDGE_CURVE('',#8257,#8090,#8259,.T.);
#8257 = VERTEX_POINT('',#8258);
#8258 = CARTESIAN_POINT('',(24.540370118618,10.040869069099,
    6.800740867853));
#8259 = LINE('',#8260,#8261);
#8260 = CARTESIAN_POINT('',(24.540370118618,10.040869069099,
    6.800740867853));
#8261 = VECTOR('',#8262,1.);
#8262 = DIRECTION('',(0.,-0.833583062802,0.552394132309));
#8263 = ORIENTED_EDGE('',*,*,#8112,.F.);
#8264 = ORIENTED_EDGE('',*,*,#8265,.T.);
#8265 = EDGE_CURVE('',#4079,#8257,#8266,.T.);
#8266 = LINE('',#8267,#8268);
#8267 = CARTESIAN_POINT('',(13.707272577286,9.591556620598,
    7.098488712311));
#8268 = VECTOR('',#8269,1.);
#8269 = DIRECTION('',(0.998764455562,4.142465267135E-02,
    -2.745105567726E-02));
#8270 = PLANE('',#8271);
#8271 = AXIS2_PLACEMENT_3D('',#8272,#8273,#8274);
#8272 = CARTESIAN_POINT('',(19.255224367403,9.706677513433,
    7.022201046995));
#8273 = DIRECTION('',(-0.,-0.552394132309,-0.833583062802));
#8274 = DIRECTION('',(0.,-0.833583062802,0.552394132309));
#8275 = ADVANCED_FACE('',(#8276),#8286,.T.);
#8276 = FACE_BOUND('',#8277,.T.);
#8277 = EDGE_LOOP('',(#8278,#8284,#8285));
#8278 = ORIENTED_EDGE('',*,*,#8279,.T.);
#8279 = EDGE_CURVE('',#4149,#8257,#8280,.T.);
#8280 = LINE('',#8281,#8282);
#8281 = CARTESIAN_POINT('',(13.707272577286,10.040869069099,
    6.800740867853));
#8282 = VECTOR('',#8283,1.);
#8283 = DIRECTION('',(1.,0.,0.));
#8284 = ORIENTED_EDGE('',*,*,#8265,.F.);
#8285 = ORIENTED_EDGE('',*,*,#4156,.F.);
#8286 = PLANE('',#8287);
#8287 = AXIS2_PLACEMENT_3D('',#8288,#8289,#8290);
#8288 = CARTESIAN_POINT('',(18.992418328501,9.925748176264,
    6.877028533169));
#8289 = DIRECTION('',(-0.,-0.552394132309,-0.833583062802));
#8290 = DIRECTION('',(0.,-0.833583062802,0.552394132309));
#8291 = ADVANCED_FACE('',(#8292),#8309,.T.);
#8292 = FACE_BOUND('',#8293,.T.);
#8293 = EDGE_LOOP('',(#8294,#8302,#8303));
#8294 = ORIENTED_EDGE('',*,*,#8295,.T.);
#8295 = EDGE_CURVE('',#8296,#8257,#8298,.T.);
#8296 = VERTEX_POINT('',#8297);
#8297 = CARTESIAN_POINT('',(24.540370118618,10.579627668858,
    6.817327034473));
#8298 = LINE('',#8299,#8300);
#8299 = CARTESIAN_POINT('',(24.540370118618,10.579627668858,
    6.817327034473));
#8300 = VECTOR('',#8301,1.);
#8301 = DIRECTION('',(0.,-0.999526450867,-3.077131810585E-02));
#8302 = ORIENTED_EDGE('',*,*,#8279,.F.);
#8303 = ORIENTED_EDGE('',*,*,#8304,.T.);
#8304 = EDGE_CURVE('',#4149,#8296,#8305,.T.);
#8305 = LINE('',#8306,#8307);
#8306 = CARTESIAN_POINT('',(13.707272577286,10.040869069099,
    6.800740867853));
#8307 = VECTOR('',#8308,1.);
#8308 = DIRECTION('',(0.998764453548,4.967119851254E-02,
    1.529172388388E-03));
#8309 = PLANE('',#8310);
#8310 = AXIS2_PLACEMENT_3D('',#8311,#8312,#8313);
#8311 = CARTESIAN_POINT('',(19.255224471969,10.178907470797,
    6.804990503834));
#8312 = DIRECTION('',(0.,3.077131810585E-02,-0.999526450867));
#8313 = DIRECTION('',(0.,-0.999526450867,-3.077131810585E-02));
#8314 = ADVANCED_FACE('',(#8315),#8325,.T.);
#8315 = FACE_BOUND('',#8316,.T.);
#8316 = EDGE_LOOP('',(#8317,#8323,#8324));
#8317 = ORIENTED_EDGE('',*,*,#8318,.T.);
#8318 = EDGE_CURVE('',#4125,#8296,#8319,.T.);
#8319 = LINE('',#8320,#8321);
#8320 = CARTESIAN_POINT('',(13.707272577286,10.579627668858,
    6.817327034473));
#8321 = VECTOR('',#8322,1.);
#8322 = DIRECTION('',(1.,0.,0.));
#8323 = ORIENTED_EDGE('',*,*,#8304,.F.);
#8324 = ORIENTED_EDGE('',*,*,#4148,.F.);
#8325 = PLANE('',#8326);
#8326 = AXIS2_PLACEMENT_3D('',#8327,#8328,#8329);
#8327 = CARTESIAN_POINT('',(18.992418223935,10.44158926716,
    6.813077398493));
#8328 = DIRECTION('',(0.,3.077131810585E-02,-0.999526450867));
#8329 = DIRECTION('',(0.,-0.999526450867,-3.077131810585E-02));
#8330 = ADVANCED_FACE('',(#8331),#8348,.T.);
#8331 = FACE_BOUND('',#8332,.T.);
#8332 = EDGE_LOOP('',(#8333,#8341,#8342));
#8333 = ORIENTED_EDGE('',*,*,#8334,.T.);
#8334 = EDGE_CURVE('',#8335,#8296,#8337,.T.);
#8335 = VERTEX_POINT('',#8336);
#8336 = CARTESIAN_POINT('',(24.540370118618,11.009774166346,
    7.142149746418));
#8337 = LINE('',#8338,#8339);
#8338 = CARTESIAN_POINT('',(24.540370118618,11.009774166346,
    7.142149746418));
#8339 = VECTOR('',#8340,1.);
#8340 = DIRECTION('',(0.,-0.798025118461,-0.602624186625));
#8341 = ORIENTED_EDGE('',*,*,#8318,.F.);
#8342 = ORIENTED_EDGE('',*,*,#8343,.T.);
#8343 = EDGE_CURVE('',#4125,#8335,#8344,.T.);
#8344 = LINE('',#8345,#8346);
#8345 = CARTESIAN_POINT('',(13.707272577286,10.579627668858,
    6.817327034473));
#8346 = VECTOR('',#8347,1.);
#8347 = DIRECTION('',(0.998764454083,3.96576353255E-02,
    2.994724060515E-02));
#8348 = PLANE('',#8349);
#8349 = AXIS2_PLACEMENT_3D('',#8350,#8351,#8352);
#8350 = CARTESIAN_POINT('',(19.255224444148,10.689837946193,
    6.90055170648));
#8351 = DIRECTION('',(0.,0.602624186625,-0.798025118461));
#8352 = DIRECTION('',(0.,-0.798025118461,-0.602624186625));
#8353 = ADVANCED_FACE('',(#8354),#8364,.T.);
#8354 = FACE_BOUND('',#8355,.T.);
#8355 = EDGE_LOOP('',(#8356,#8362,#8363));
#8356 = ORIENTED_EDGE('',*,*,#8357,.T.);
#8357 = EDGE_CURVE('',#4102,#8335,#8358,.T.);
#8358 = LINE('',#8359,#8360);
#8359 = CARTESIAN_POINT('',(13.707272577286,11.009774166346,
    7.142149746418));
#8360 = VECTOR('',#8361,1.);
#8361 = DIRECTION('',(1.,0.,0.));
#8362 = ORIENTED_EDGE('',*,*,#8343,.F.);
#8363 = ORIENTED_EDGE('',*,*,#4133,.F.);
#8364 = PLANE('',#8365);
#8365 = AXIS2_PLACEMENT_3D('',#8366,#8367,#8368);
#8366 = CARTESIAN_POINT('',(18.992418251756,10.89956388901,
    7.058925074411));
#8367 = DIRECTION('',(0.,0.602624186625,-0.798025118461));
#8368 = DIRECTION('',(0.,-0.798025118461,-0.602624186625));
#8369 = ADVANCED_FACE('',(#8370),#8387,.T.);
#8370 = FACE_BOUND('',#8371,.T.);
#8371 = EDGE_LOOP('',(#8372,#8380,#8381));
#8372 = ORIENTED_EDGE('',*,*,#8373,.T.);
#8373 = EDGE_CURVE('',#8374,#8335,#8376,.T.);
#8374 = VERTEX_POINT('',#8375);
#8375 = CARTESIAN_POINT('',(24.540370118618,11.173180192709,
    7.655797082186));
#8376 = LINE('',#8377,#8378);
#8377 = CARTESIAN_POINT('',(24.540370118618,11.173180192709,
    7.655797082186));
#8378 = VECTOR('',#8379,1.);
#8379 = DIRECTION('',(0.,-0.303157805118,-0.952940368122));
#8380 = ORIENTED_EDGE('',*,*,#8357,.F.);
#8381 = ORIENTED_EDGE('',*,*,#8382,.T.);
#8382 = EDGE_CURVE('',#4102,#8374,#8383,.T.);
#8383 = LINE('',#8384,#8385);
#8384 = CARTESIAN_POINT('',(13.707272577286,11.009774166346,
    7.142149746418));
#8385 = VECTOR('',#8386,1.);
#8386 = DIRECTION('',(0.998764457006,1.506532462849E-02,
    4.735604940723E-02));
#8387 = PLANE('',#8388);
#8388 = AXIS2_PLACEMENT_3D('',#8389,#8390,#8391);
#8389 = CARTESIAN_POINT('',(19.255224292415,11.051641351298,
    7.273754244033));
#8390 = DIRECTION('',(0.,0.952940368122,-0.303157805118));
#8391 = DIRECTION('',(0.,0.303157805118,0.952940368122));
#8392 = ADVANCED_FACE('',(#8393),#8403,.T.);
#8393 = FACE_BOUND('',#8394,.T.);
#8394 = EDGE_LOOP('',(#8395,#8401,#8402));
#8395 = ORIENTED_EDGE('',*,*,#8396,.T.);
#8396 = EDGE_CURVE('',#4003,#8374,#8397,.T.);
#8397 = LINE('',#8398,#8399);
#8398 = CARTESIAN_POINT('',(13.707272577286,11.173180192709,
    7.655797082186));
#8399 = VECTOR('',#8400,1.);
#8400 = DIRECTION('',(1.,0.,0.));
#8401 = ORIENTED_EDGE('',*,*,#8382,.F.);
#8402 = ORIENTED_EDGE('',*,*,#4110,.F.);
#8403 = PLANE('',#8404);
#8404 = AXIS2_PLACEMENT_3D('',#8405,#8406,#8407);
#8405 = CARTESIAN_POINT('',(18.992418403488,11.131313007757,
    7.524192584571));
#8406 = DIRECTION('',(0.,0.952940368122,-0.303157805118));
#8407 = DIRECTION('',(0.,0.303157805118,0.952940368122));
#8408 = ADVANCED_FACE('',(#8409),#8424,.T.);
#8409 = FACE_BOUND('',#8410,.T.);
#8410 = EDGE_LOOP('',(#8411,#8412,#8418));
#8411 = ORIENTED_EDGE('',*,*,#62,.F.);
#8412 = ORIENTED_EDGE('',*,*,#8413,.T.);
#8413 = EDGE_CURVE('',#32,#5479,#8414,.T.);
#8414 = LINE('',#8415,#8416);
#8415 = CARTESIAN_POINT('',(-18.86222076416,11.173180192709,
    11.073903155327));
#8416 = VECTOR('',#8417,1.);
#8417 = DIRECTION('',(-0.773505268519,0.,-0.633789870204));
#8418 = ORIENTED_EDGE('',*,*,#8419,.T.);
#8419 = EDGE_CURVE('',#5479,#54,#8420,.T.);
#8420 = LINE('',#8421,#8422);
#8421 = CARTESIAN_POINT('',(-23.03382902145,11.173180192709,
    7.655797082186));
#8422 = VECTOR('',#8423,1.);
#8423 = DIRECTION('',(0.695460782085,0.,0.718564054613));
#8424 = PLANE('',#8425);
#8425 = AXIS2_PLACEMENT_3D('',#8426,#8427,#8428);
#8426 = CARTESIAN_POINT('',(-20.86322040938,11.173180192709,
    9.668515995606));
#8427 = DIRECTION('',(0.,1.,0.));
#8428 = DIRECTION('',(0.,-0.,1.));
#8429 = ADVANCED_FACE('',(#8430),#8440,.T.);
#8430 = FACE_BOUND('',#8431,.T.);
#8431 = EDGE_LOOP('',(#8432,#8438,#8439));
#8432 = ORIENTED_EDGE('',*,*,#8433,.T.);
#8433 = EDGE_CURVE('',#4877,#54,#8434,.T.);
#8434 = LINE('',#8435,#8436);
#8435 = CARTESIAN_POINT('',(-23.03382902145,11.173180192709,
    15.504155993462));
#8436 = VECTOR('',#8437,1.);
#8437 = DIRECTION('',(0.733910940194,0.,-0.67924570802));
#8438 = ORIENTED_EDGE('',*,*,#8419,.F.);
#8439 = ORIENTED_EDGE('',*,*,#5478,.F.);
#8440 = PLANE('',#8441);
#8441 = AXIS2_PLACEMENT_3D('',#8442,#8443,#8444);
#8442 = CARTESIAN_POINT('',(-21.8549509535,11.173180192709,
    11.612404447054));
#8443 = DIRECTION('',(0.,1.,0.));
#8444 = DIRECTION('',(0.,-0.,1.));
#8445 = ADVANCED_FACE('',(#8446),#8456,.T.);
#8446 = FACE_BOUND('',#8447,.T.);
#8447 = EDGE_LOOP('',(#8448,#8449,#8450));
#8448 = ORIENTED_EDGE('',*,*,#108,.F.);
#8449 = ORIENTED_EDGE('',*,*,#8433,.F.);
#8450 = ORIENTED_EDGE('',*,*,#8451,.T.);
#8451 = EDGE_CURVE('',#4877,#100,#8452,.T.);
#8452 = LINE('',#8453,#8454);
#8453 = CARTESIAN_POINT('',(-23.03382902145,11.173180192709,
    15.504155993462));
#8454 = VECTOR('',#8455,1.);
#8455 = DIRECTION('',(0.813103492846,0.,-0.582119154402));
#8456 = PLANE('',#8457);
#8457 = AXIS2_PLACEMENT_3D('',#8458,#8459,#8460);
#8458 = CARTESIAN_POINT('',(-20.85680080715,11.173180192709,
    13.715802695882));
#8459 = DIRECTION('',(0.,1.,0.));
#8460 = DIRECTION('',(0.,-0.,1.));
#8461 = ADVANCED_FACE('',(#8462),#8472,.T.);
#8462 = FACE_BOUND('',#8463,.T.);
#8463 = EDGE_LOOP('',(#8464,#8465,#8466));
#8464 = ORIENTED_EDGE('',*,*,#154,.F.);
#8465 = ORIENTED_EDGE('',*,*,#8451,.F.);
#8466 = ORIENTED_EDGE('',*,*,#8467,.T.);
#8467 = EDGE_CURVE('',#4877,#146,#8468,.T.);
#8468 = LINE('',#8469,#8470);
#8469 = CARTESIAN_POINT('',(-23.03382902145,11.173180192709,
    15.504155993462));
#8470 = VECTOR('',#8471,1.);
#8471 = DIRECTION('',(0.887344008273,0.,-0.461108025285));
#8472 = PLANE('',#8473);
#8473 = AXIS2_PLACEMENT_3D('',#8474,#8475,#8476);
#8474 = CARTESIAN_POINT('',(-20.68473623748,11.173180192709,
    14.066773332726));
#8475 = DIRECTION('',(0.,1.,0.));
#8476 = DIRECTION('',(0.,-0.,1.));
#8477 = ADVANCED_FACE('',(#8478),#8488,.T.);
#8478 = FACE_BOUND('',#8479,.T.);
#8479 = EDGE_LOOP('',(#8480,#8481,#8482));
#8480 = ORIENTED_EDGE('',*,*,#200,.F.);
#8481 = ORIENTED_EDGE('',*,*,#8467,.F.);
#8482 = ORIENTED_EDGE('',*,*,#8483,.T.);
#8483 = EDGE_CURVE('',#4877,#192,#8484,.T.);
#8484 = LINE('',#8485,#8486);
#8485 = CARTESIAN_POINT('',(-23.03382902145,11.173180192709,
    15.504155993462));
#8486 = VECTOR('',#8487,1.);
#8487 = DIRECTION('',(0.930504210859,0.,-0.366281194676));
#8488 = PLANE('',#8489);
#8489 = AXIS2_PLACEMENT_3D('',#8490,#8491,#8492);
#8490 = CARTESIAN_POINT('',(-20.38591687257,11.173180192709,
    14.312550708656));
#8491 = DIRECTION('',(0.,1.,0.));
#8492 = DIRECTION('',(0.,-0.,1.));
#8493 = ADVANCED_FACE('',(#8494),#8504,.T.);
#8494 = FACE_BOUND('',#8495,.T.);
#8495 = EDGE_LOOP('',(#8496,#8497,#8498));
#8496 = ORIENTED_EDGE('',*,*,#246,.F.);
#8497 = ORIENTED_EDGE('',*,*,#8483,.F.);
#8498 = ORIENTED_EDGE('',*,*,#8499,.T.);
#8499 = EDGE_CURVE('',#4877,#238,#8500,.T.);
#8500 = LINE('',#8501,#8502);
#8501 = CARTESIAN_POINT('',(-23.03382902145,11.173180192709,
    15.504155993462));
#8502 = VECTOR('',#8503,1.);
#8503 = DIRECTION('',(0.945209273727,0.,-0.326465049982));
#8504 = PLANE('',#8505);
#8505 = AXIS2_PLACEMENT_3D('',#8506,#8507,#8508);
#8506 = CARTESIAN_POINT('',(-20.02487429611,11.173180192709,
    14.40073489941));
#8507 = DIRECTION('',(0.,1.,0.));
#8508 = DIRECTION('',(0.,-0.,1.));
#8509 = ADVANCED_FACE('',(#8510),#8520,.T.);
#8510 = FACE_BOUND('',#8511,.T.);
#8511 = EDGE_LOOP('',(#8512,#8518,#8519));
#8512 = ORIENTED_EDGE('',*,*,#8513,.T.);
#8513 = EDGE_CURVE('',#4855,#238,#8514,.T.);
#8514 = LINE('',#8515,#8516);
#8515 = CARTESIAN_POINT('',(-11.69272817969,11.173180192709,
    15.504155993462));
#8516 = VECTOR('',#8517,1.);
#8517 = DIRECTION('',(-0.93050419303,0.,-0.366281239969));
#8518 = ORIENTED_EDGE('',*,*,#8499,.F.);
#8519 = ORIENTED_EDGE('',*,*,#4885,.F.);
#8520 = PLANE('',#8521);
#8521 = AXIS2_PLACEMENT_3D('',#8522,#8523,#8524);
#8522 = CARTESIAN_POINT('',(-17.35185384098,11.173180192709,
    14.965943386352));
#8523 = DIRECTION('',(0.,1.,0.));
#8524 = DIRECTION('',(0.,-0.,1.));
#8525 = ADVANCED_FACE('',(#8526),#8536,.T.);
#8526 = FACE_BOUND('',#8527,.T.);
#8527 = EDGE_LOOP('',(#8528,#8529,#8530));
#8528 = ORIENTED_EDGE('',*,*,#292,.F.);
#8529 = ORIENTED_EDGE('',*,*,#8513,.F.);
#8530 = ORIENTED_EDGE('',*,*,#8531,.T.);
#8531 = EDGE_CURVE('',#4855,#284,#8532,.T.);
#8532 = LINE('',#8533,#8534);
#8533 = CARTESIAN_POINT('',(-11.69272817969,11.173180192709,
    15.504155993462));
#8534 = VECTOR('',#8535,1.);
#8535 = DIRECTION('',(-0.887344039097,0.,-0.461107965967));
#8536 = PLANE('',#8537);
#8537 = AXIS2_PLACEMENT_3D('',#8538,#8539,#8540);
#8538 = CARTESIAN_POINT('',(-14.34064002262,11.173180192709,
    14.312550822474));
#8539 = DIRECTION('',(0.,1.,0.));
#8540 = DIRECTION('',(0.,-0.,1.));
#8541 = ADVANCED_FACE('',(#8542),#8552,.T.);
#8542 = FACE_BOUND('',#8543,.T.);
#8543 = EDGE_LOOP('',(#8544,#8545,#8546));
#8544 = ORIENTED_EDGE('',*,*,#338,.F.);
#8545 = ORIENTED_EDGE('',*,*,#8531,.F.);
#8546 = ORIENTED_EDGE('',*,*,#8547,.T.);
#8547 = EDGE_CURVE('',#4855,#330,#8548,.T.);
#8548 = LINE('',#8549,#8550);
#8549 = CARTESIAN_POINT('',(-11.69272817969,11.173180192709,
    15.504155993462));
#8550 = VECTOR('',#8551,1.);
#8551 = DIRECTION('',(-0.813103542843,0.,-0.582119084566));
#8552 = PLANE('',#8553);
#8553 = AXIS2_PLACEMENT_3D('',#8554,#8555,#8556);
#8554 = CARTESIAN_POINT('',(-14.04182135084,11.173180192709,
    14.066773343767));
#8555 = DIRECTION('',(0.,1.,0.));
#8556 = DIRECTION('',(0.,-0.,1.));
#8557 = ADVANCED_FACE('',(#8558),#8568,.T.);
#8558 = FACE_BOUND('',#8559,.T.);
#8559 = EDGE_LOOP('',(#8560,#8561,#8562));
#8560 = ORIENTED_EDGE('',*,*,#384,.F.);
#8561 = ORIENTED_EDGE('',*,*,#8547,.F.);
#8562 = ORIENTED_EDGE('',*,*,#8563,.T.);
#8563 = EDGE_CURVE('',#4855,#376,#8564,.T.);
#8564 = LINE('',#8565,#8566);
#8565 = CARTESIAN_POINT('',(-11.69272817969,11.173180192709,
    15.504155993462));
#8566 = VECTOR('',#8567,1.);
#8567 = DIRECTION('',(-0.733911004164,0.,-0.679245638902));
#8568 = PLANE('',#8569);
#8569 = AXIS2_PLACEMENT_3D('',#8570,#8571,#8572);
#8570 = CARTESIAN_POINT('',(-13.86975678374,11.173180192709,
    13.715802708682));
#8571 = DIRECTION('',(0.,1.,0.));
#8572 = DIRECTION('',(0.,-0.,1.));
#8573 = ADVANCED_FACE('',(#8574),#8584,.T.);
#8574 = FACE_BOUND('',#8575,.T.);
#8575 = EDGE_LOOP('',(#8576,#8582,#8583));
#8576 = ORIENTED_EDGE('',*,*,#8577,.T.);
#8577 = EDGE_CURVE('',#5321,#376,#8578,.T.);
#8578 = LINE('',#8579,#8580);
#8579 = CARTESIAN_POINT('',(-11.69272817969,11.173180192709,
    7.655797082186));
#8580 = VECTOR('',#8581,1.);
#8581 = DIRECTION('',(-0.695460849925,0.,0.718563988954));
#8582 = ORIENTED_EDGE('',*,*,#8563,.F.);
#8583 = ORIENTED_EDGE('',*,*,#5320,.F.);
#8584 = PLANE('',#8585);
#8585 = AXIS2_PLACEMENT_3D('',#8586,#8587,#8588);
#8586 = CARTESIAN_POINT('',(-12.87160651713,11.173180192709,
    11.61240445433));
#8587 = DIRECTION('',(0.,1.,0.));
#8588 = DIRECTION('',(0.,-0.,1.));
#8589 = ADVANCED_FACE('',(#8590),#8600,.T.);
#8590 = FACE_BOUND('',#8591,.T.);
#8591 = EDGE_LOOP('',(#8592,#8593,#8594));
#8592 = ORIENTED_EDGE('',*,*,#430,.F.);
#8593 = ORIENTED_EDGE('',*,*,#8577,.F.);
#8594 = ORIENTED_EDGE('',*,*,#8595,.T.);
#8595 = EDGE_CURVE('',#5321,#422,#8596,.T.);
#8596 = LINE('',#8597,#8598);
#8597 = CARTESIAN_POINT('',(-11.69272817969,11.173180192709,
    7.655797082186));
#8598 = VECTOR('',#8599,1.);
#8599 = DIRECTION('',(-0.7735053249,0.,0.633789801394));
#8600 = PLANE('',#8601);
#8601 = AXIS2_PLACEMENT_3D('',#8602,#8603,#8604);
#8602 = CARTESIAN_POINT('',(-13.86333718223,11.173180192709,
    9.668515983192));
#8603 = DIRECTION('',(0.,1.,0.));
#8604 = DIRECTION('',(0.,-0.,1.));
#8605 = ADVANCED_FACE('',(#8606),#8616,.T.);
#8606 = FACE_BOUND('',#8607,.T.);
#8607 = EDGE_LOOP('',(#8608,#8609,#8610));
#8608 = ORIENTED_EDGE('',*,*,#476,.F.);
#8609 = ORIENTED_EDGE('',*,*,#8595,.F.);
#8610 = ORIENTED_EDGE('',*,*,#8611,.T.);
#8611 = EDGE_CURVE('',#5321,#468,#8612,.T.);
#8612 = LINE('',#8613,#8614);
#8613 = CARTESIAN_POINT('',(-11.69272817969,11.173180192709,
    7.655797082186));
#8614 = VECTOR('',#8615,1.);
#8615 = DIRECTION('',(-0.852643003638,0.,0.522493931397));
#8616 = PLANE('',#8617);
#8617 = AXIS2_PLACEMENT_3D('',#8618,#8619,#8620);
#8618 = CARTESIAN_POINT('',(-14.03524670893,11.173180192709,
    9.319748783585));
#8619 = DIRECTION('',(0.,1.,0.));
#8620 = DIRECTION('',(0.,-0.,1.));
#8621 = ADVANCED_FACE('',(#8622),#8632,.T.);
#8622 = FACE_BOUND('',#8623,.T.);
#8623 = EDGE_LOOP('',(#8624,#8625,#8626));
#8624 = ORIENTED_EDGE('',*,*,#522,.F.);
#8625 = ORIENTED_EDGE('',*,*,#8611,.F.);
#8626 = ORIENTED_EDGE('',*,*,#8627,.T.);
#8627 = EDGE_CURVE('',#5321,#514,#8628,.T.);
#8628 = LINE('',#8629,#8630);
#8629 = CARTESIAN_POINT('',(-11.69272817969,11.173180192709,
    7.655797082186));
#8630 = VECTOR('',#8631,1.);
#8631 = DIRECTION('',(-0.903257121588,0.,0.429099723026));
#8632 = PLANE('',#8633);
#8633 = AXIS2_PLACEMENT_3D('',#8634,#8635,#8636);
#8634 = CARTESIAN_POINT('',(-14.33482626555,11.173180192709,
    9.074546663739));
#8635 = DIRECTION('',(0.,1.,0.));
#8636 = DIRECTION('',(0.,-0.,1.));
#8637 = ADVANCED_FACE('',(#8638),#8648,.T.);
#8638 = FACE_BOUND('',#8639,.T.);
#8639 = EDGE_LOOP('',(#8640,#8646,#8647));
#8640 = ORIENTED_EDGE('',*,*,#8641,.T.);
#8641 = EDGE_CURVE('',#5479,#514,#8642,.T.);
#8642 = LINE('',#8643,#8644);
#8643 = CARTESIAN_POINT('',(-23.03382902145,11.173180192709,
    7.655797082186));
#8644 = VECTOR('',#8645,1.);
#8645 = DIRECTION('',(0.923023310882,0.,0.384744028633));
#8646 = ORIENTED_EDGE('',*,*,#8627,.F.);
#8647 = ORIENTED_EDGE('',*,*,#8129,.F.);
#8648 = PLANE('',#8649);
#8649 = AXIS2_PLACEMENT_3D('',#8650,#8651,#8652);
#8650 = CARTESIAN_POINT('',(-17.34730018963,11.173180192709,
    8.313684634855));
#8651 = DIRECTION('',(0.,1.,0.));
#8652 = DIRECTION('',(0.,-0.,1.));
#8653 = ADVANCED_FACE('',(#8654),#8664,.T.);
#8654 = FACE_BOUND('',#8655,.T.);
#8655 = EDGE_LOOP('',(#8656,#8657,#8658));
#8656 = ORIENTED_EDGE('',*,*,#568,.F.);
#8657 = ORIENTED_EDGE('',*,*,#8641,.F.);
#8658 = ORIENTED_EDGE('',*,*,#8659,.T.);
#8659 = EDGE_CURVE('',#5479,#560,#8660,.T.);
#8660 = LINE('',#8661,#8662);
#8661 = CARTESIAN_POINT('',(-23.03382902145,11.173180192709,
    7.655797082186));
#8662 = VECTOR('',#8663,1.);
#8663 = DIRECTION('',(0.90325714534,0.,0.429099673027));
#8664 = PLANE('',#8665);
#8665 = AXIS2_PLACEMENT_3D('',#8666,#8667,#8668);
#8666 = CARTESIAN_POINT('',(-20.0294279423,11.173180192709,
    8.985654205969));
#8667 = DIRECTION('',(0.,1.,0.));
#8668 = DIRECTION('',(0.,-0.,1.));
#8669 = ADVANCED_FACE('',(#8670),#8680,.T.);
#8670 = FACE_BOUND('',#8671,.T.);
#8671 = EDGE_LOOP('',(#8672,#8673,#8674));
#8672 = ORIENTED_EDGE('',*,*,#614,.F.);
#8673 = ORIENTED_EDGE('',*,*,#8659,.F.);
#8674 = ORIENTED_EDGE('',*,*,#8675,.T.);
#8675 = EDGE_CURVE('',#5479,#606,#8676,.T.);
#8676 = LINE('',#8677,#8678);
#8677 = CARTESIAN_POINT('',(-23.03382902145,11.173180192709,
    7.655797082186));
#8678 = VECTOR('',#8679,1.);
#8679 = DIRECTION('',(0.852642965608,0.,0.522493993457));
#8680 = PLANE('',#8681);
#8681 = AXIS2_PLACEMENT_3D('',#8682,#8683,#8684);
#8682 = CARTESIAN_POINT('',(-20.39173064073,11.173180192709,
    9.074546797323));
#8683 = DIRECTION('',(0.,1.,0.));
#8684 = DIRECTION('',(0.,-0.,1.));
#8685 = ADVANCED_FACE('',(#8686),#8691,.T.);
#8686 = FACE_BOUND('',#8687,.T.);
#8687 = EDGE_LOOP('',(#8688,#8689,#8690));
#8688 = ORIENTED_EDGE('',*,*,#651,.F.);
#8689 = ORIENTED_EDGE('',*,*,#8675,.F.);
#8690 = ORIENTED_EDGE('',*,*,#8413,.F.);
#8691 = PLANE('',#8692);
#8692 = AXIS2_PLACEMENT_3D('',#8693,#8694,#8695);
#8693 = CARTESIAN_POINT('',(-20.69131088049,11.173180192709,
    9.319748794935));
#8694 = DIRECTION('',(0.,1.,0.));
#8695 = DIRECTION('',(0.,-0.,1.));
#8696 = ADVANCED_FACE('',(#8697),#8712,.T.);
#8697 = FACE_BOUND('',#8698,.T.);
#8698 = EDGE_LOOP('',(#8699,#8700,#8706));
#8699 = ORIENTED_EDGE('',*,*,#706,.F.);
#8700 = ORIENTED_EDGE('',*,*,#8701,.T.);
#8701 = EDGE_CURVE('',#676,#4003,#8702,.T.);
#8702 = LINE('',#8703,#8704);
#8703 = CARTESIAN_POINT('',(17.37087829113,11.173180192709,
    11.073903155327));
#8704 = VECTOR('',#8705,1.);
#8705 = DIRECTION('',(-0.731180618644,0.,-0.682183921622));
#8706 = ORIENTED_EDGE('',*,*,#8707,.T.);
#8707 = EDGE_CURVE('',#4003,#698,#8708,.T.);
#8708 = LINE('',#8709,#8710);
#8709 = CARTESIAN_POINT('',(13.707272577286,11.173180192709,
    7.655797082186));
#8710 = VECTOR('',#8711,1.);
#8711 = DIRECTION('',(0.645491406817,0.,0.763767532516));
#8712 = PLANE('',#8713);
#8713 = AXIS2_PLACEMENT_3D('',#8714,#8715,#8716);
#8714 = CARTESIAN_POINT('',(15.615052950517,11.173180192709,
    9.677167829548));
#8715 = DIRECTION('',(0.,1.,0.));
#8716 = DIRECTION('',(0.,-0.,1.));
#8717 = ADVANCED_FACE('',(#8718),#8728,.T.);
#8718 = FACE_BOUND('',#8719,.T.);
#8719 = EDGE_LOOP('',(#8720,#8726,#8727));
#8720 = ORIENTED_EDGE('',*,*,#8721,.T.);
#8721 = EDGE_CURVE('',#3927,#698,#8722,.T.);
#8722 = LINE('',#8723,#8724);
#8723 = CARTESIAN_POINT('',(13.707272577286,11.173180192709,
    15.504155993462));
#8724 = VECTOR('',#8725,1.);
#8725 = DIRECTION('',(0.686257579004,0.,-0.727358601557));
#8726 = ORIENTED_EDGE('',*,*,#8707,.F.);
#8727 = ORIENTED_EDGE('',*,*,#4002,.F.);
#8728 = PLANE('',#8729);
#8729 = AXIS2_PLACEMENT_3D('',#8730,#8731,#8732);
#8730 = CARTESIAN_POINT('',(14.709164940861,11.173180192709,
    11.607367457796));
#8731 = DIRECTION('',(0.,1.,0.));
#8732 = DIRECTION('',(0.,-0.,1.));
#8733 = ADVANCED_FACE('',(#8734),#8744,.T.);
#8734 = FACE_BOUND('',#8735,.T.);
#8735 = EDGE_LOOP('',(#8736,#8737,#8738));
#8736 = ORIENTED_EDGE('',*,*,#752,.F.);
#8737 = ORIENTED_EDGE('',*,*,#8721,.F.);
#8738 = ORIENTED_EDGE('',*,*,#8739,.T.);
#8739 = EDGE_CURVE('',#3927,#744,#8740,.T.);
#8740 = LINE('',#8741,#8742);
#8741 = CARTESIAN_POINT('',(13.707272577286,11.173180192709,
    15.504155993462));
#8742 = VECTOR('',#8743,1.);
#8743 = DIRECTION('',(0.775091128497,0.,-0.631849461917));
#8744 = PLANE('',#8745);
#8745 = AXIS2_PLACEMENT_3D('',#8746,#8747,#8748);
#8746 = CARTESIAN_POINT('',(15.62192021146,11.173180192709,
    13.706775971411));
#8747 = DIRECTION('',(0.,1.,0.));
#8748 = DIRECTION('',(0.,-0.,1.));
#8749 = ADVANCED_FACE('',(#8750),#8760,.T.);
#8750 = FACE_BOUND('',#8751,.T.);
#8751 = EDGE_LOOP('',(#8752,#8753,#8754));
#8752 = ORIENTED_EDGE('',*,*,#798,.F.);
#8753 = ORIENTED_EDGE('',*,*,#8739,.F.);
#8754 = ORIENTED_EDGE('',*,*,#8755,.T.);
#8755 = EDGE_CURVE('',#3927,#790,#8756,.T.);
#8756 = LINE('',#8757,#8758);
#8757 = CARTESIAN_POINT('',(13.707272577286,11.173180192709,
    15.504155993462));
#8758 = VECTOR('',#8759,1.);
#8759 = DIRECTION('',(0.863663009366,0.,-0.504069644248));
#8760 = PLANE('',#8761);
#8761 = AXIS2_PLACEMENT_3D('',#8762,#8763,#8764);
#8762 = CARTESIAN_POINT('',(15.795794453687,11.173180192709,
    14.058830065221));
#8763 = DIRECTION('',(0.,1.,0.));
#8764 = DIRECTION('',(0.,-0.,1.));
#8765 = ADVANCED_FACE('',(#8766),#8776,.T.);
#8766 = FACE_BOUND('',#8767,.T.);
#8767 = EDGE_LOOP('',(#8768,#8769,#8770));
#8768 = ORIENTED_EDGE('',*,*,#844,.F.);
#8769 = ORIENTED_EDGE('',*,*,#8755,.F.);
#8770 = ORIENTED_EDGE('',*,*,#8771,.T.);
#8771 = EDGE_CURVE('',#3927,#836,#8772,.T.);
#8772 = LINE('',#8773,#8774);
#8773 = CARTESIAN_POINT('',(13.707272577286,11.173180192709,
    15.504155993462));
#8774 = VECTOR('',#8775,1.);
#8775 = DIRECTION('',(0.916875046503,0.,-0.399174334219));
#8776 = PLANE('',#8777);
#8777 = AXIS2_PLACEMENT_3D('',#8778,#8779,#8780);
#8778 = CARTESIAN_POINT('',(16.097303257693,11.173180192709,
    14.306573787294));
#8779 = DIRECTION('',(0.,1.,0.));
#8780 = DIRECTION('',(0.,-0.,1.));
#8781 = ADVANCED_FACE('',(#8782),#8792,.T.);
#8782 = FACE_BOUND('',#8783,.T.);
#8783 = EDGE_LOOP('',(#8784,#8785,#8786));
#8784 = ORIENTED_EDGE('',*,*,#890,.F.);
#8785 = ORIENTED_EDGE('',*,*,#8771,.F.);
#8786 = ORIENTED_EDGE('',*,*,#8787,.T.);
#8787 = EDGE_CURVE('',#3927,#882,#8788,.T.);
#8788 = LINE('',#8789,#8790);
#8789 = CARTESIAN_POINT('',(13.707272577286,11.173180192709,
    15.504155993462));
#8790 = VECTOR('',#8791,1.);
#8791 = DIRECTION('',(0.935681044747,0.,-0.352846967539));
#8792 = PLANE('',#8793);
#8793 = AXIS2_PLACEMENT_3D('',#8794,#8795,#8796);
#8794 = CARTESIAN_POINT('',(16.460112523827,11.173180192709,
    14.395933942111));
#8795 = DIRECTION('',(0.,1.,0.));
#8796 = DIRECTION('',(0.,-0.,1.));
#8797 = ADVANCED_FACE('',(#8798),#8815,.T.);
#8798 = FACE_BOUND('',#8799,.T.);
#8799 = EDGE_LOOP('',(#8800,#8808,#8809));
#8800 = ORIENTED_EDGE('',*,*,#8801,.T.);
#8801 = EDGE_CURVE('',#8802,#882,#8804,.T.);
#8802 = VERTEX_POINT('',#8803);
#8803 = CARTESIAN_POINT('',(24.540370118618,11.173180192709,
    15.504155993462));
#8804 = LINE('',#8805,#8806);
#8805 = CARTESIAN_POINT('',(24.540370118618,11.173180192709,
    15.504155993462));
#8806 = VECTOR('',#8807,1.);
#8807 = DIRECTION('',(-0.930504139543,0.,-0.366281375848));
#8808 = ORIENTED_EDGE('',*,*,#8787,.F.);
#8809 = ORIENTED_EDGE('',*,*,#8810,.T.);
#8810 = EDGE_CURVE('',#3927,#8802,#8811,.T.);
#8811 = LINE('',#8812,#8813);
#8812 = CARTESIAN_POINT('',(13.707272577286,11.173180192709,
    15.504155993462));
#8813 = VECTOR('',#8814,1.);
#8814 = DIRECTION('',(1.,0.,0.));
#8815 = PLANE('',#8816);
#8816 = AXIS2_PLACEMENT_3D('',#8817,#8818,#8819);
#8817 = CARTESIAN_POINT('',(19.127706164511,11.173180192709,
    14.964512792194));
#8818 = DIRECTION('',(0.,1.,0.));
#8819 = DIRECTION('',(0.,-0.,1.));
#8820 = ADVANCED_FACE('',(#8821),#8831,.T.);
#8821 = FACE_BOUND('',#8822,.T.);
#8822 = EDGE_LOOP('',(#8823,#8824,#8825));
#8823 = ORIENTED_EDGE('',*,*,#936,.F.);
#8824 = ORIENTED_EDGE('',*,*,#8801,.F.);
#8825 = ORIENTED_EDGE('',*,*,#8826,.T.);
#8826 = EDGE_CURVE('',#8802,#928,#8827,.T.);
#8827 = LINE('',#8828,#8829);
#8828 = CARTESIAN_POINT('',(24.540370118618,11.173180192709,
    15.504155993462));
#8829 = VECTOR('',#8830,1.);
#8830 = DIRECTION('',(-0.887344008273,0.,-0.461108025285));
#8831 = PLANE('',#8832);
#8832 = AXIS2_PLACEMENT_3D('',#8833,#8834,#8835);
#8833 = CARTESIAN_POINT('',(21.892459348794,11.173180192709,
    14.312550919769));
#8834 = DIRECTION('',(0.,1.,0.));
#8835 = DIRECTION('',(0.,-0.,1.));
#8836 = ADVANCED_FACE('',(#8837),#8847,.T.);
#8837 = FACE_BOUND('',#8838,.T.);
#8838 = EDGE_LOOP('',(#8839,#8840,#8841));
#8839 = ORIENTED_EDGE('',*,*,#982,.F.);
#8840 = ORIENTED_EDGE('',*,*,#8826,.F.);
#8841 = ORIENTED_EDGE('',*,*,#8842,.T.);
#8842 = EDGE_CURVE('',#8802,#974,#8843,.T.);
#8843 = LINE('',#8844,#8845);
#8844 = CARTESIAN_POINT('',(24.540370118618,11.173180192709,
    15.504155993462));
#8845 = VECTOR('',#8846,1.);
#8846 = DIRECTION('',(-0.81310339285,0.,-0.582119294076));
#8847 = PLANE('',#8848);
#8848 = AXIS2_PLACEMENT_3D('',#8849,#8850,#8851);
#8849 = CARTESIAN_POINT('',(22.191277531343,11.173180192709,
    14.066773231728));
#8850 = DIRECTION('',(0.,1.,0.));
#8851 = DIRECTION('',(0.,-0.,1.));
#8852 = ADVANCED_FACE('',(#8853),#8863,.T.);
#8853 = FACE_BOUND('',#8854,.T.);
#8854 = EDGE_LOOP('',(#8855,#8856,#8857));
#8855 = ORIENTED_EDGE('',*,*,#1028,.F.);
#8856 = ORIENTED_EDGE('',*,*,#8842,.F.);
#8857 = ORIENTED_EDGE('',*,*,#8858,.T.);
#8858 = EDGE_CURVE('',#8802,#1020,#8859,.T.);
#8859 = LINE('',#8860,#8861);
#8860 = CARTESIAN_POINT('',(24.540370118618,11.173180192709,
    15.504155993462));
#8861 = VECTOR('',#8862,1.);
#8862 = DIRECTION('',(-0.733910684313,0.,-0.679245984494));
#8863 = PLANE('',#8864);
#8864 = AXIS2_PLACEMENT_3D('',#8865,#8866,#8867);
#8865 = CARTESIAN_POINT('',(22.363343024169,11.173180192709,
    13.71580263038));
#8866 = DIRECTION('',(0.,1.,0.));
#8867 = DIRECTION('',(0.,-0.,1.));
#8868 = ADVANCED_FACE('',(#8869),#8884,.T.);
#8869 = FACE_BOUND('',#8870,.T.);
#8870 = EDGE_LOOP('',(#8871,#8877,#8878));
#8871 = ORIENTED_EDGE('',*,*,#8872,.T.);
#8872 = EDGE_CURVE('',#8374,#1020,#8873,.T.);
#8873 = LINE('',#8874,#8875);
#8874 = CARTESIAN_POINT('',(24.540370118618,11.173180192709,
    7.655797082186));
#8875 = VECTOR('',#8876,1.);
#8876 = DIRECTION('',(-0.695460510726,0.,0.718564317247));
#8877 = ORIENTED_EDGE('',*,*,#8858,.F.);
#8878 = ORIENTED_EDGE('',*,*,#8879,.T.);
#8879 = EDGE_CURVE('',#8802,#8374,#8880,.T.);
#8880 = LINE('',#8881,#8882);
#8881 = CARTESIAN_POINT('',(24.540370118618,11.173180192709,
    15.504155993462));
#8882 = VECTOR('',#8883,1.);
#8883 = DIRECTION('',(0.,0.,-1.));
#8884 = PLANE('',#8885);
#8885 = AXIS2_PLACEMENT_3D('',#8886,#8887,#8888);
#8886 = CARTESIAN_POINT('',(23.361493128673,11.173180192709,
    11.612404417948));
#8887 = DIRECTION('',(0.,1.,0.));
#8888 = DIRECTION('',(0.,-0.,1.));
#8889 = ADVANCED_FACE('',(#8890),#8900,.T.);
#8890 = FACE_BOUND('',#8891,.T.);
#8891 = EDGE_LOOP('',(#8892,#8893,#8894));
#8892 = ORIENTED_EDGE('',*,*,#1074,.F.);
#8893 = ORIENTED_EDGE('',*,*,#8872,.F.);
#8894 = ORIENTED_EDGE('',*,*,#8895,.T.);
#8895 = EDGE_CURVE('',#8374,#1066,#8896,.T.);
#8896 = LINE('',#8897,#8898);
#8897 = CARTESIAN_POINT('',(24.540370118618,11.173180192709,
    7.655797082186));
#8898 = VECTOR('',#8899,1.);
#8899 = DIRECTION('',(-0.773505155757,0.,0.633790007824));
#8900 = PLANE('',#8901);
#8901 = AXIS2_PLACEMENT_3D('',#8902,#8903,#8904);
#8902 = CARTESIAN_POINT('',(22.369762632134,11.173180192709,
    9.66851606539));
#8903 = DIRECTION('',(0.,1.,0.));
#8904 = DIRECTION('',(0.,-0.,1.));
#8905 = ADVANCED_FACE('',(#8906),#8916,.T.);
#8906 = FACE_BOUND('',#8907,.T.);
#8907 = EDGE_LOOP('',(#8908,#8909,#8910));
#8908 = ORIENTED_EDGE('',*,*,#1120,.F.);
#8909 = ORIENTED_EDGE('',*,*,#8895,.F.);
#8910 = ORIENTED_EDGE('',*,*,#8911,.T.);
#8911 = EDGE_CURVE('',#8374,#1112,#8912,.T.);
#8912 = LINE('',#8913,#8914);
#8913 = CARTESIAN_POINT('',(24.540370118618,11.173180192709,
    7.655797082186));
#8914 = VECTOR('',#8915,1.);
#8915 = DIRECTION('',(-0.852642965608,0.,0.522493993457));
#8916 = PLANE('',#8917);
#8917 = AXIS2_PLACEMENT_3D('',#8918,#8919,#8920);
#8918 = CARTESIAN_POINT('',(22.197852184952,11.173180192709,
    9.319748909894));
#8919 = DIRECTION('',(0.,1.,0.));
#8920 = DIRECTION('',(0.,-0.,1.));
#8921 = ADVANCED_FACE('',(#8922),#8932,.T.);
#8922 = FACE_BOUND('',#8923,.T.);
#8923 = EDGE_LOOP('',(#8924,#8925,#8926));
#8924 = ORIENTED_EDGE('',*,*,#1166,.F.);
#8925 = ORIENTED_EDGE('',*,*,#8911,.F.);
#8926 = ORIENTED_EDGE('',*,*,#8927,.T.);
#8927 = EDGE_CURVE('',#8374,#1158,#8928,.T.);
#8928 = LINE('',#8929,#8930);
#8929 = CARTESIAN_POINT('',(24.540370118618,11.173180192709,
    7.655797082186));
#8930 = VECTOR('',#8931,1.);
#8931 = DIRECTION('',(-0.903257050331,0.,0.429099873023));
#8932 = PLANE('',#8933);
#8933 = AXIS2_PLACEMENT_3D('',#8934,#8935,#8936);
#8934 = CARTESIAN_POINT('',(21.898273097167,11.173180192709,
    9.074546548205));
#8935 = DIRECTION('',(0.,1.,0.));
#8936 = DIRECTION('',(0.,-0.,1.));
#8937 = ADVANCED_FACE('',(#8938),#8948,.T.);
#8938 = FACE_BOUND('',#8939,.T.);
#8939 = EDGE_LOOP('',(#8940,#8946,#8947));
#8940 = ORIENTED_EDGE('',*,*,#8941,.T.);
#8941 = EDGE_CURVE('',#4003,#1158,#8942,.T.);
#8942 = LINE('',#8943,#8944);
#8943 = CARTESIAN_POINT('',(13.707272577286,11.173180192709,
    7.655797082186));
#8944 = VECTOR('',#8945,1.);
#8945 = DIRECTION('',(0.910175443189,0.,0.414222962443));
#8946 = ORIENTED_EDGE('',*,*,#8927,.F.);
#8947 = ORIENTED_EDGE('',*,*,#8396,.F.);
#8948 = PLANE('',#8949);
#8949 = AXIS2_PLACEMENT_3D('',#8950,#8951,#8952);
#8950 = CARTESIAN_POINT('',(19.129238014761,11.173180192709,
    8.316065862102));
#8951 = DIRECTION('',(0.,1.,0.));
#8952 = DIRECTION('',(0.,-0.,1.));
#8953 = ADVANCED_FACE('',(#8954),#8964,.T.);
#8954 = FACE_BOUND('',#8955,.T.);
#8955 = EDGE_LOOP('',(#8956,#8957,#8958));
#8956 = ORIENTED_EDGE('',*,*,#1212,.F.);
#8957 = ORIENTED_EDGE('',*,*,#8941,.F.);
#8958 = ORIENTED_EDGE('',*,*,#8959,.T.);
#8959 = EDGE_CURVE('',#4003,#1204,#8960,.T.);
#8960 = LINE('',#8961,#8962);
#8961 = CARTESIAN_POINT('',(13.707272577286,11.173180192709,
    7.655797082186));
#8962 = VECTOR('',#8963,1.);
#8963 = DIRECTION('',(0.885246442006,0.,0.46512228168));
#8964 = PLANE('',#8965);
#8965 = AXIS2_PLACEMENT_3D('',#8966,#8967,#8968);
#8966 = CARTESIAN_POINT('',(16.454850963115,11.173180192709,
    8.990985576703));
#8967 = DIRECTION('',(0.,1.,0.));
#8968 = DIRECTION('',(0.,-0.,1.));
#8969 = ADVANCED_FACE('',(#8970),#8980,.T.);
#8970 = FACE_BOUND('',#8971,.T.);
#8971 = EDGE_LOOP('',(#8972,#8973,#8974));
#8972 = ORIENTED_EDGE('',*,*,#1258,.F.);
#8973 = ORIENTED_EDGE('',*,*,#8959,.F.);
#8974 = ORIENTED_EDGE('',*,*,#8975,.T.);
#8975 = EDGE_CURVE('',#4003,#1250,#8976,.T.);
#8976 = LINE('',#8977,#8978);
#8977 = CARTESIAN_POINT('',(13.707272577286,11.173180192709,
    7.655797082186));
#8978 = VECTOR('',#8979,1.);
#8979 = DIRECTION('',(0.823751300739,0.,0.566951315839));
#8980 = PLANE('',#8981);
#8981 = AXIS2_PLACEMENT_3D('',#8982,#8983,#8984);
#8982 = CARTESIAN_POINT('',(16.090617704311,11.173180192709,
    9.081018793763));
#8983 = DIRECTION('',(0.,1.,0.));
#8984 = DIRECTION('',(0.,-0.,1.));
#8985 = ADVANCED_FACE('',(#8986),#8991,.T.);
#8986 = FACE_BOUND('',#8987,.T.);
#8987 = EDGE_LOOP('',(#8988,#8989,#8990));
#8988 = ORIENTED_EDGE('',*,*,#1295,.F.);
#8989 = ORIENTED_EDGE('',*,*,#8975,.F.);
#8990 = ORIENTED_EDGE('',*,*,#8701,.F.);
#8991 = PLANE('',#8992);
#8992 = AXIS2_PLACEMENT_3D('',#8993,#8994,#8995);
#8993 = CARTESIAN_POINT('',(15.788464119829,11.173180192709,
    9.327822174078));
#8994 = DIRECTION('',(0.,1.,0.));
#8995 = DIRECTION('',(0.,-0.,1.));
#8996 = ADVANCED_FACE('',(#8997),#9012,.T.);
#8997 = FACE_BOUND('',#8998,.T.);
#8998 = EDGE_LOOP('',(#8999,#9000,#9006));
#8999 = ORIENTED_EDGE('',*,*,#2044,.F.);
#9000 = ORIENTED_EDGE('',*,*,#9001,.T.);
#9001 = EDGE_CURVE('',#2013,#8802,#9002,.T.);
#9002 = LINE('',#9003,#9004);
#9003 = CARTESIAN_POINT('',(24.540370118618,19.529779338837,
    15.504155993462));
#9004 = VECTOR('',#9005,1.);
#9005 = DIRECTION('',(0.,-1.,0.));
#9006 = ORIENTED_EDGE('',*,*,#9007,.T.);
#9007 = EDGE_CURVE('',#8802,#2036,#9008,.T.);
#9008 = LINE('',#9009,#9010);
#9009 = CARTESIAN_POINT('',(24.540370118618,11.173180192709,
    15.504155993462));
#9010 = VECTOR('',#9011,1.);
#9011 = DIRECTION('',(-0.791795044877,0.610786875193,0.));
#9012 = PLANE('',#9013);
#9013 = AXIS2_PLACEMENT_3D('',#9014,#9015,#9016);
#9014 = CARTESIAN_POINT('',(20.500822011417,16.728480429237,
    15.504155993462));
#9015 = DIRECTION('',(-0.,-0.,-1.));
#9016 = DIRECTION('',(-1.,0.,0.));
#9017 = ADVANCED_FACE('',(#9018),#9023,.T.);
#9018 = FACE_BOUND('',#9019,.T.);
#9019 = EDGE_LOOP('',(#9020,#9021,#9022));
#9020 = ORIENTED_EDGE('',*,*,#3970,.F.);
#9021 = ORIENTED_EDGE('',*,*,#9007,.F.);
#9022 = ORIENTED_EDGE('',*,*,#8810,.F.);
#9023 = PLANE('',#9024);
#9024 = AXIS2_PLACEMENT_3D('',#9025,#9026,#9027);
#9025 = CARTESIAN_POINT('',(17.746820684487,13.974479102308,
    15.504155993462));
#9026 = DIRECTION('',(-0.,-0.,-1.));
#9027 = DIRECTION('',(-1.,0.,0.));
#9028 = ADVANCED_FACE('',(#9029),#9039,.T.);
#9029 = FACE_BOUND('',#9030,.T.);
#9030 = EDGE_LOOP('',(#9031,#9032,#9033));
#9031 = ORIENTED_EDGE('',*,*,#6848,.F.);
#9032 = ORIENTED_EDGE('',*,*,#4986,.F.);
#9033 = ORIENTED_EDGE('',*,*,#9034,.T.);
#9034 = EDGE_CURVE('',#4955,#5693,#9035,.T.);
#9035 = LINE('',#9036,#9037);
#9036 = CARTESIAN_POINT('',(-11.69272817969,-12.22021990418,
    15.504155993462));
#9037 = VECTOR('',#9038,1.);
#9038 = DIRECTION('',(-0.805055861664,0.593199005057,0.));
#9039 = PLANE('',#9040);
#9040 = AXIS2_PLACEMENT_3D('',#9041,#9042,#9043);
#9041 = CARTESIAN_POINT('',(-15.96069002899,-6.639331381055,
    15.504155993462));
#9042 = DIRECTION('',(-0.,-0.,-1.));
#9043 = DIRECTION('',(-1.,0.,0.));
#9044 = ADVANCED_FACE('',(#9045),#9050,.T.);
#9045 = FACE_BOUND('',#9046,.T.);
#9046 = EDGE_LOOP('',(#9047,#9048,#9049));
#9047 = ORIENTED_EDGE('',*,*,#5761,.F.);
#9048 = ORIENTED_EDGE('',*,*,#9034,.F.);
#9049 = ORIENTED_EDGE('',*,*,#6264,.F.);
#9050 = PLANE('',#9051);
#9051 = AXIS2_PLACEMENT_3D('',#9052,#9053,#9054);
#9052 = CARTESIAN_POINT('',(-18.76586717215,-9.444508524207,
    15.504155993462));
#9053 = DIRECTION('',(-0.,-0.,-1.));
#9054 = DIRECTION('',(-1.,0.,0.));
#9055 = ADVANCED_FACE('',(#9056),#9066,.T.);
#9056 = FACE_BOUND('',#9057,.T.);
#9057 = EDGE_LOOP('',(#9058,#9059,#9060));
#9058 = ORIENTED_EDGE('',*,*,#3540,.F.);
#9059 = ORIENTED_EDGE('',*,*,#4614,.F.);
#9060 = ORIENTED_EDGE('',*,*,#9061,.T.);
#9061 = EDGE_CURVE('',#4591,#3532,#9062,.T.);
#9062 = LINE('',#9063,#9064);
#9063 = CARTESIAN_POINT('',(-36.96572754383,-12.22021990418,
    46.111154055595));
#9064 = VECTOR('',#9065,1.);
#9065 = DIRECTION('',(0.,0.747409034662,0.664364158354));
#9066 = PLANE('',#9067);
#9067 = AXIS2_PLACEMENT_3D('',#9068,#9069,#9070);
#9068 = CARTESIAN_POINT('',(-36.96572754383,-8.575572773129,
    47.864008968383));
#9069 = DIRECTION('',(-1.,-0.,-0.));
#9070 = DIRECTION('',(0.,0.,-1.));
#9071 = ADVANCED_FACE('',(#9072),#9082,.T.);
#9072 = FACE_BOUND('',#9073,.T.);
#9073 = EDGE_LOOP('',(#9074,#9080,#9081));
#9074 = ORIENTED_EDGE('',*,*,#9075,.T.);
#9075 = EDGE_CURVE('',#2892,#3532,#9076,.T.);
#9076 = LINE('',#9077,#9078);
#9077 = CARTESIAN_POINT('',(-36.96572754383,-12.22021990418,
    69.606155872345));
#9078 = VECTOR('',#9079,1.);
#9079 = DIRECTION('',(0.,0.296399243274,-0.955064127997));
#9080 = ORIENTED_EDGE('',*,*,#9061,.F.);
#9081 = ORIENTED_EDGE('',*,*,#6380,.F.);
#9082 = PLANE('',#9083);
#9083 = AXIS2_PLACEMENT_3D('',#9084,#9085,#9086);
#9084 = CARTESIAN_POINT('',(-36.96572754383,-10.69419918325,
    57.43365912266));
#9085 = DIRECTION('',(-1.,-0.,-0.));
#9086 = DIRECTION('',(0.,0.,-1.));
#9087 = ADVANCED_FACE('',(#9088),#9103,.T.);
#9088 = FACE_BOUND('',#9089,.T.);
#9089 = EDGE_LOOP('',(#9090,#9096,#9097));
#9090 = ORIENTED_EDGE('',*,*,#9091,.T.);
#9091 = EDGE_CURVE('',#6011,#3532,#9092,.T.);
#9092 = LINE('',#9093,#9094);
#9093 = CARTESIAN_POINT('',(-36.96572754383,13.560780489445,
    51.191158294678));
#9094 = VECTOR('',#9095,1.);
#9095 = DIRECTION('',(0.,-1.,0.));
#9096 = ORIENTED_EDGE('',*,*,#9075,.F.);
#9097 = ORIENTED_EDGE('',*,*,#9098,.T.);
#9098 = EDGE_CURVE('',#2892,#6011,#9099,.T.);
#9099 = LINE('',#9100,#9101);
#9100 = CARTESIAN_POINT('',(-36.96572754383,-12.22021990418,
    69.606155872345));
#9101 = VECTOR('',#9102,1.);
#9102 = DIRECTION('',(0.,0.813733511566,-0.581238137216));
#9103 = PLANE('',#9104);
#9104 = AXIS2_PLACEMENT_3D('',#9105,#9106,#9107);
#9105 = CARTESIAN_POINT('',(-36.96572754383,-1.245985434412,
    57.797527624635));
#9106 = DIRECTION('',(-1.,-0.,-0.));
#9107 = DIRECTION('',(0.,0.,-1.));
#9108 = ADVANCED_FACE('',(#9109),#9119,.T.);
#9109 = FACE_BOUND('',#9110,.T.);
#9110 = EDGE_LOOP('',(#9111,#9117,#9118));
#9111 = ORIENTED_EDGE('',*,*,#9112,.T.);
#9112 = EDGE_CURVE('',#2220,#6011,#9113,.T.);
#9113 = LINE('',#9114,#9115);
#9114 = CARTESIAN_POINT('',(-36.96572754383,19.529779338837,
    69.606155872345));
#9115 = VECTOR('',#9116,1.);
#9116 = DIRECTION('',(0.,-0.308344240944,-0.951274844131));
#9117 = ORIENTED_EDGE('',*,*,#9098,.F.);
#9118 = ORIENTED_EDGE('',*,*,#2900,.F.);
#9119 = PLANE('',#9120);
#9120 = AXIS2_PLACEMENT_3D('',#9121,#9122,#9123);
#9121 = CARTESIAN_POINT('',(-36.96572754383,5.526746978112,
    63.929711407506));
#9122 = DIRECTION('',(-1.,-0.,-0.));
#9123 = DIRECTION('',(0.,0.,-1.));
#9124 = ADVANCED_FACE('',(#9125),#9135,.T.);
#9125 = FACE_BOUND('',#9126,.T.);
#9126 = EDGE_LOOP('',(#9127,#9133,#9134));
#9127 = ORIENTED_EDGE('',*,*,#9128,.T.);
#9128 = EDGE_CURVE('',#2266,#6011,#9129,.T.);
#9129 = LINE('',#9130,#9131);
#9130 = CARTESIAN_POINT('',(-36.96572754383,19.529779338837,
    46.111154055595));
#9131 = VECTOR('',#9132,1.);
#9132 = DIRECTION('',(0.,-0.761539061095,0.648119015634));
#9133 = ORIENTED_EDGE('',*,*,#9112,.F.);
#9134 = ORIENTED_EDGE('',*,*,#2265,.F.);
#9135 = PLANE('',#9136);
#9136 = AXIS2_PLACEMENT_3D('',#9137,#9138,#9139);
#9137 = CARTESIAN_POINT('',(-36.96572754383,17.92857077581,
    57.404945940196));
#9138 = DIRECTION('',(-1.,-0.,-0.));
#9139 = DIRECTION('',(0.,0.,-1.));
#9140 = ADVANCED_FACE('',(#9141),#9146,.T.);
#9141 = FACE_BOUND('',#9142,.T.);
#9142 = EDGE_LOOP('',(#9143,#9144,#9145));
#9143 = ORIENTED_EDGE('',*,*,#9128,.F.);
#9144 = ORIENTED_EDGE('',*,*,#5995,.F.);
#9145 = ORIENTED_EDGE('',*,*,#6034,.F.);
#9146 = PLANE('',#9147);
#9147 = AXIS2_PLACEMENT_3D('',#9148,#9149,#9150);
#9148 = CARTESIAN_POINT('',(-36.96572754383,15.742547423596,
    47.848423684592));
#9149 = DIRECTION('',(-1.,-0.,-0.));
#9150 = DIRECTION('',(0.,0.,-1.));
#9151 = ADVANCED_FACE('',(#9152),#9162,.T.);
#9152 = FACE_BOUND('',#9153,.T.);
#9153 = EDGE_LOOP('',(#9154,#9155,#9156));
#9154 = ORIENTED_EDGE('',*,*,#2667,.F.);
#9155 = ORIENTED_EDGE('',*,*,#3531,.F.);
#9156 = ORIENTED_EDGE('',*,*,#9157,.T.);
#9157 = EDGE_CURVE('',#3532,#2659,#9158,.T.);
#9158 = LINE('',#9159,#9160);
#9159 = CARTESIAN_POINT('',(-36.96572754383,-6.50522005558,
    51.191158294678));
#9160 = VECTOR('',#9161,1.);
#9161 = DIRECTION('',(0.307178743536,0.951651837344,0.));
#9162 = PLANE('',#9163);
#9163 = AXIS2_PLACEMENT_3D('',#9164,#9165,#9166);
#9164 = CARTESIAN_POINT('',(-32.36283824128,2.163390853828,
    51.191158294678));
#9165 = DIRECTION('',(-0.,-0.,-1.));
#9166 = DIRECTION('',(-1.,0.,0.));
#9167 = ADVANCED_FACE('',(#9168),#9173,.T.);
#9168 = FACE_BOUND('',#9169,.T.);
#9169 = EDGE_LOOP('',(#9170,#9171,#9172));
#9170 = ORIENTED_EDGE('',*,*,#6010,.F.);
#9171 = ORIENTED_EDGE('',*,*,#9157,.F.);
#9172 = ORIENTED_EDGE('',*,*,#9091,.F.);
#9173 = PLANE('',#9174);
#9174 = AXIS2_PLACEMENT_3D('',#9175,#9176,#9177);
#9175 = CARTESIAN_POINT('',(-35.09161696749,4.892169580037,
    51.191158294678));
#9176 = DIRECTION('',(-0.,-0.,-1.));
#9177 = DIRECTION('',(-1.,0.,0.));
#9178 = ADVANCED_FACE('',(#9179),#9189,.T.);
#9179 = FACE_BOUND('',#9180,.T.);
#9180 = EDGE_LOOP('',(#9181,#9182,#9183));
#9181 = ORIENTED_EDGE('',*,*,#6529,.F.);
#9182 = ORIENTED_EDGE('',*,*,#6584,.F.);
#9183 = ORIENTED_EDGE('',*,*,#9184,.T.);
#9184 = EDGE_CURVE('',#6585,#2758,#9185,.T.);
#9185 = LINE('',#9186,#9187);
#9186 = CARTESIAN_POINT('',(24.540370118618,-3.863620001078,
    15.504155993462));
#9187 = VECTOR('',#9188,1.);
#9188 = DIRECTION('',(0.,-0.152649871611,0.988280333052));
#9189 = PLANE('',#9190);
#9190 = AXIS2_PLACEMENT_3D('',#9191,#9192,#9193);
#9191 = CARTESIAN_POINT('',(24.540370118618,-9.970675807781,
    40.626400077753));
#9192 = DIRECTION('',(1.,0.,0.));
#9193 = DIRECTION('',(0.,0.,1.));
#9194 = ADVANCED_FACE('',(#9195),#9210,.T.);
#9195 = FACE_BOUND('',#9196,.T.);
#9196 = EDGE_LOOP('',(#9197,#9203,#9204));
#9197 = ORIENTED_EDGE('',*,*,#9198,.T.);
#9198 = EDGE_CURVE('',#8802,#2758,#9199,.T.);
#9199 = LINE('',#9200,#9201);
#9200 = CARTESIAN_POINT('',(24.540370118618,11.173180192709,
    15.504155993462));
#9201 = VECTOR('',#9202,1.);
#9202 = DIRECTION('',(0.,-0.396881717138,0.91786976342));
#9203 = ORIENTED_EDGE('',*,*,#9184,.F.);
#9204 = ORIENTED_EDGE('',*,*,#9205,.T.);
#9205 = EDGE_CURVE('',#6585,#8802,#9206,.T.);
#9206 = LINE('',#9207,#9208);
#9207 = CARTESIAN_POINT('',(24.540370118618,-3.863620001078,
    15.504155993462));
#9208 = VECTOR('',#9209,1.);
#9209 = DIRECTION('',(0.,1.,0.));
#9210 = PLANE('',#9211);
#9211 = AXIS2_PLACEMENT_3D('',#9212,#9213,#9214);
#9212 = CARTESIAN_POINT('',(24.540370118618,-3.232863337142,
    39.395197860735));
#9213 = DIRECTION('',(1.,0.,0.));
#9214 = DIRECTION('',(0.,0.,1.));
#9215 = ADVANCED_FACE('',(#9216),#9226,.T.);
#9216 = FACE_BOUND('',#9217,.T.);
#9217 = EDGE_LOOP('',(#9218,#9219,#9220));
#9218 = ORIENTED_EDGE('',*,*,#2803,.F.);
#9219 = ORIENTED_EDGE('',*,*,#9198,.F.);
#9220 = ORIENTED_EDGE('',*,*,#9221,.T.);
#9221 = EDGE_CURVE('',#8802,#2098,#9222,.T.);
#9222 = LINE('',#9223,#9224);
#9223 = CARTESIAN_POINT('',(24.540370118618,11.173180192709,
    15.504155993462));
#9224 = VECTOR('',#9225,1.);
#9225 = DIRECTION('',(0.,0.152649858106,0.988280335138));
#9226 = PLANE('',#9227);
#9227 = AXIS2_PLACEMENT_3D('',#9228,#9229,#9230);
#9228 = CARTESIAN_POINT('',(24.540370118618,6.364123359087,
    48.460611346609));
#9229 = DIRECTION('',(1.,0.,0.));
#9230 = DIRECTION('',(0.,0.,1.));
#9231 = ADVANCED_FACE('',(#9232),#9237,.T.);
#9232 = FACE_BOUND('',#9233,.T.);
#9233 = EDGE_LOOP('',(#9234,#9235,#9236));
#9234 = ORIENTED_EDGE('',*,*,#2097,.F.);
#9235 = ORIENTED_EDGE('',*,*,#9221,.F.);
#9236 = ORIENTED_EDGE('',*,*,#9001,.F.);
#9237 = PLANE('',#9238);
#9238 = AXIS2_PLACEMENT_3D('',#9239,#9240,#9241);
#9239 = CARTESIAN_POINT('',(24.540370118618,17.280235460566,
    40.62640023811));
#9240 = DIRECTION('',(1.,0.,0.));
#9241 = DIRECTION('',(0.,0.,1.));
#9242 = ADVANCED_FACE('',(#9243),#9258,.T.);
#9243 = FACE_BOUND('',#9244,.T.);
#9244 = EDGE_LOOP('',(#9245,#9246,#9252));
#9245 = ORIENTED_EDGE('',*,*,#7084,.F.);
#9246 = ORIENTED_EDGE('',*,*,#9247,.T.);
#9247 = EDGE_CURVE('',#7007,#7451,#9248,.T.);
#9248 = LINE('',#9249,#9250);
#9249 = CARTESIAN_POINT('',(24.540370118618,-3.863620001078,
    7.655797082186));
#9250 = VECTOR('',#9251,1.);
#9251 = DIRECTION('',(0.,0.943160890636,-0.332336477647));
#9252 = ORIENTED_EDGE('',*,*,#9253,.T.);
#9253 = EDGE_CURVE('',#7451,#6585,#9254,.T.);
#9254 = LINE('',#9255,#9256);
#9255 = CARTESIAN_POINT('',(24.540370118618,-2.281995671988,
    7.098488712311));
#9256 = VECTOR('',#9257,1.);
#9257 = DIRECTION('',(0.,-0.184916664892,0.982754204797));
#9258 = PLANE('',#9259);
#9259 = AXIS2_PLACEMENT_3D('',#9260,#9261,#9262);
#9260 = CARTESIAN_POINT('',(24.540370118618,-3.416121004727,
    11.058290987376));
#9261 = DIRECTION('',(1.,0.,0.));
#9262 = DIRECTION('',(0.,0.,1.));
#9263 = ADVANCED_FACE('',(#9264),#9274,.T.);
#9264 = FACE_BOUND('',#9265,.T.);
#9265 = EDGE_LOOP('',(#9266,#9272,#9273));
#9266 = ORIENTED_EDGE('',*,*,#9267,.T.);
#9267 = EDGE_CURVE('',#7778,#6585,#9268,.T.);
#9268 = LINE('',#9269,#9270);
#9269 = CARTESIAN_POINT('',(24.540370118618,-1.223429725319,
    8.17539730072));
#9270 = VECTOR('',#9271,1.);
#9271 = DIRECTION('',(0.,-0.338928241238,0.940812227435));
#9272 = ORIENTED_EDGE('',*,*,#9253,.F.);
#9273 = ORIENTED_EDGE('',*,*,#7777,.F.);
#9274 = PLANE('',#9275);
#9275 = AXIS2_PLACEMENT_3D('',#9276,#9277,#9278);
#9276 = CARTESIAN_POINT('',(24.540370118618,-2.730208391399,
    11.226322000593));
#9277 = DIRECTION('',(1.,0.,0.));
#9278 = DIRECTION('',(0.,0.,1.));
#9279 = ADVANCED_FACE('',(#9280),#9290,.T.);
#9280 = FACE_BOUND('',#9281,.T.);
#9281 = EDGE_LOOP('',(#9282,#9288,#9289));
#9282 = ORIENTED_EDGE('',*,*,#9283,.T.);
#9283 = EDGE_CURVE('',#7833,#6585,#9284,.T.);
#9284 = LINE('',#9285,#9286);
#9285 = CARTESIAN_POINT('',(24.540370118618,2.671210896224E-02,
    9.022415155172));
#9286 = VECTOR('',#9287,1.);
#9287 = DIRECTION('',(0.,-0.514620990575,0.857417772185));
#9288 = ORIENTED_EDGE('',*,*,#9267,.F.);
#9289 = ORIENTED_EDGE('',*,*,#7832,.F.);
#9290 = PLANE('',#9291);
#9291 = AXIS2_PLACEMENT_3D('',#9292,#9293,#9294);
#9292 = CARTESIAN_POINT('',(24.540370118618,-2.089026236641,
    11.739396300937));
#9293 = DIRECTION('',(1.,0.,0.));
#9294 = DIRECTION('',(0.,0.,1.));
#9295 = ADVANCED_FACE('',(#9296),#9306,.T.);
#9296 = FACE_BOUND('',#9297,.T.);
#9297 = EDGE_LOOP('',(#9298,#9299,#9300));
#9298 = ORIENTED_EDGE('',*,*,#7333,.F.);
#9299 = ORIENTED_EDGE('',*,*,#7372,.F.);
#9300 = ORIENTED_EDGE('',*,*,#9301,.T.);
#9301 = EDGE_CURVE('',#7373,#7007,#9302,.T.);
#9302 = LINE('',#9303,#9304);
#9303 = CARTESIAN_POINT('',(24.540370118618,-3.270067098737,
    6.817327034473));
#9304 = VECTOR('',#9305,1.);
#9305 = DIRECTION('',(0.,-0.577781771891,0.816191291347));
#9306 = PLANE('',#9307);
#9307 = AXIS2_PLACEMENT_3D('',#9308,#9309,#9310);
#9308 = CARTESIAN_POINT('',(24.540370118618,-3.600989533248,
    7.212390132761));
#9309 = DIRECTION('',(1.,0.,0.));
#9310 = DIRECTION('',(0.,0.,1.));
#9311 = ADVANCED_FACE('',(#9312),#9322,.T.);
#9312 = FACE_BOUND('',#9313,.T.);
#9313 = EDGE_LOOP('',(#9314,#9320,#9321));
#9314 = ORIENTED_EDGE('',*,*,#9315,.T.);
#9315 = EDGE_CURVE('',#7412,#7007,#9316,.T.);
#9316 = LINE('',#9317,#9318);
#9317 = CARTESIAN_POINT('',(24.540370118618,-2.731308688223,
    6.800740867853));
#9318 = VECTOR('',#9319,1.);
#9319 = DIRECTION('',(0.,-0.798025902986,0.602623147716));
#9320 = ORIENTED_EDGE('',*,*,#9301,.F.);
#9321 = ORIENTED_EDGE('',*,*,#7411,.F.);
#9322 = PLANE('',#9323);
#9323 = AXIS2_PLACEMENT_3D('',#9324,#9325,#9326);
#9324 = CARTESIAN_POINT('',(24.540370118618,-3.336579182918,
    7.15542496214));
#9325 = DIRECTION('',(1.,0.,0.));
#9326 = DIRECTION('',(0.,0.,1.));
#9327 = ADVANCED_FACE('',(#9328),#9333,.T.);
#9328 = FACE_BOUND('',#9329,.T.);
#9329 = EDGE_LOOP('',(#9330,#9331,#9332));
#9330 = ORIENTED_EDGE('',*,*,#9247,.F.);
#9331 = ORIENTED_EDGE('',*,*,#9315,.F.);
#9332 = ORIENTED_EDGE('',*,*,#7450,.F.);
#9333 = PLANE('',#9334);
#9334 = AXIS2_PLACEMENT_3D('',#9335,#9336,#9337);
#9335 = CARTESIAN_POINT('',(24.540370118618,-3.076548632107,
    7.255630305023));
#9336 = DIRECTION('',(1.,0.,0.));
#9337 = DIRECTION('',(0.,0.,1.));
#9338 = ADVANCED_FACE('',(#9339),#9349,.T.);
#9339 = FACE_BOUND('',#9340,.T.);
#9340 = EDGE_LOOP('',(#9341,#9342,#9343));
#9341 = ORIENTED_EDGE('',*,*,#9283,.F.);
#9342 = ORIENTED_EDGE('',*,*,#7871,.F.);
#9343 = ORIENTED_EDGE('',*,*,#9344,.T.);
#9344 = EDGE_CURVE('',#7872,#6585,#9345,.T.);
#9345 = LINE('',#9346,#9347);
#9346 = CARTESIAN_POINT('',(24.540370118618,1.419335319847,
    9.606278347969));
#9347 = VECTOR('',#9348,1.);
#9348 = DIRECTION('',(0.,-0.667209078967,0.744870488706));
#9349 = PLANE('',#9350);
#9350 = AXIS2_PLACEMENT_3D('',#9351,#9352,#9353);
#9351 = CARTESIAN_POINT('',(24.540370118618,-1.359095554278,
    12.137218963038));
#9352 = DIRECTION('',(1.,0.,0.));
#9353 = DIRECTION('',(0.,0.,1.));
#9354 = ADVANCED_FACE('',(#9355),#9365,.T.);
#9355 = FACE_BOUND('',#9356,.T.);
#9356 = EDGE_LOOP('',(#9357,#9363,#9364));
#9357 = ORIENTED_EDGE('',*,*,#9358,.T.);
#9358 = EDGE_CURVE('',#7911,#6585,#9359,.T.);
#9359 = LINE('',#9360,#9361);
#9360 = CARTESIAN_POINT('',(24.540370118618,2.899747867882,
    9.904056471586));
#9361 = VECTOR('',#9362,1.);
#9362 = DIRECTION('',(0.,-0.770236019835,0.637758946428));
#9363 = ORIENTED_EDGE('',*,*,#9344,.F.);
#9364 = ORIENTED_EDGE('',*,*,#7910,.F.);
#9365 = PLANE('',#9366);
#9366 = AXIS2_PLACEMENT_3D('',#9367,#9368,#9369);
#9367 = CARTESIAN_POINT('',(24.540370118618,-0.584750641358,
    12.394808552378));
#9368 = DIRECTION('',(1.,0.,0.));
#9369 = DIRECTION('',(0.,0.,1.));
#9370 = ADVANCED_FACE('',(#9371),#9381,.T.);
#9371 = FACE_BOUND('',#9372,.T.);
#9372 = EDGE_LOOP('',(#9373,#9379,#9380));
#9373 = ORIENTED_EDGE('',*,*,#9374,.T.);
#9374 = EDGE_CURVE('',#7950,#6585,#9375,.T.);
#9375 = LINE('',#9376,#9377);
#9376 = CARTESIAN_POINT('',(24.540370118618,4.409812512994,
    9.904056471586));
#9377 = VECTOR('',#9378,1.);
#9378 = DIRECTION('',(0.,-0.828127029569,0.560540473915));
#9379 = ORIENTED_EDGE('',*,*,#9358,.F.);
#9380 = ORIENTED_EDGE('',*,*,#7949,.F.);
#9381 = PLANE('',#9382);
#9382 = AXIS2_PLACEMENT_3D('',#9383,#9384,#9385);
#9383 = CARTESIAN_POINT('',(24.540370118618,0.197988197968,
    12.495627793487));
#9384 = DIRECTION('',(1.,0.,0.));
#9385 = DIRECTION('',(0.,0.,1.));
#9386 = ADVANCED_FACE('',(#9387),#9397,.T.);
#9387 = FACE_BOUND('',#9388,.T.);
#9388 = EDGE_LOOP('',(#9389,#9390,#9391));
#9389 = ORIENTED_EDGE('',*,*,#9205,.F.);
#9390 = ORIENTED_EDGE('',*,*,#9374,.F.);
#9391 = ORIENTED_EDGE('',*,*,#9392,.T.);
#9392 = EDGE_CURVE('',#7950,#8802,#9393,.T.);
#9393 = LINE('',#9394,#9395);
#9394 = CARTESIAN_POINT('',(24.540370118618,4.409812512994,
    9.904056471586));
#9395 = VECTOR('',#9396,1.);
#9396 = DIRECTION('',(0.,0.770236011069,0.637758957014));
#9397 = PLANE('',#9398);
#9398 = AXIS2_PLACEMENT_3D('',#9399,#9400,#9401);
#9399 = CARTESIAN_POINT('',(24.540370118618,3.729888164676,
    13.949476899788));
#9400 = DIRECTION('',(1.,0.,0.));
#9401 = DIRECTION('',(0.,0.,1.));
#9402 = ADVANCED_FACE('',(#9403),#9413,.T.);
#9403 = FACE_BOUND('',#9404,.T.);
#9404 = EDGE_LOOP('',(#9405,#9411,#9412));
#9405 = ORIENTED_EDGE('',*,*,#9406,.T.);
#9406 = EDGE_CURVE('',#7989,#8802,#9407,.T.);
#9407 = LINE('',#9408,#9409);
#9408 = CARTESIAN_POINT('',(24.540370118618,5.890224966407,
    9.606278347969));
#9409 = VECTOR('',#9410,1.);
#9410 = DIRECTION('',(0.,0.667209072336,0.744870494645));
#9411 = ORIENTED_EDGE('',*,*,#9392,.F.);
#9412 = ORIENTED_EDGE('',*,*,#7988,.F.);
#9413 = PLANE('',#9414);
#9414 = AXIS2_PLACEMENT_3D('',#9415,#9416,#9417);
#9415 = CARTESIAN_POINT('',(24.540370118618,7.894310923556,
    12.394808562793));
#9416 = DIRECTION('',(1.,0.,0.));
#9417 = DIRECTION('',(0.,0.,1.));
#9418 = ADVANCED_FACE('',(#9419),#9429,.T.);
#9419 = FACE_BOUND('',#9420,.T.);
#9420 = EDGE_LOOP('',(#9421,#9427,#9428));
#9421 = ORIENTED_EDGE('',*,*,#9422,.T.);
#9422 = EDGE_CURVE('',#8028,#8802,#9423,.T.);
#9423 = LINE('',#9424,#9425);
#9424 = CARTESIAN_POINT('',(24.540370118618,7.28284791708,9.022415155172
    ));
#9425 = VECTOR('',#9426,1.);
#9426 = DIRECTION('',(0.,0.514621006679,0.85741776252));
#9427 = ORIENTED_EDGE('',*,*,#9406,.F.);
#9428 = ORIENTED_EDGE('',*,*,#8027,.F.);
#9429 = PLANE('',#9430);
#9430 = AXIS2_PLACEMENT_3D('',#9431,#9432,#9433);
#9431 = CARTESIAN_POINT('',(24.540370118618,8.668655760691,
    12.137219001993));
#9432 = DIRECTION('',(1.,0.,0.));
#9433 = DIRECTION('',(0.,0.,1.));
#9434 = ADVANCED_FACE('',(#9435),#9445,.T.);
#9435 = FACE_BOUND('',#9436,.T.);
#9436 = EDGE_LOOP('',(#9437,#9438,#9439));
#9437 = ORIENTED_EDGE('',*,*,#9422,.F.);
#9438 = ORIENTED_EDGE('',*,*,#8066,.F.);
#9439 = ORIENTED_EDGE('',*,*,#9440,.T.);
#9440 = EDGE_CURVE('',#8067,#8802,#9441,.T.);
#9441 = LINE('',#9442,#9443);
#9442 = CARTESIAN_POINT('',(24.540370118618,8.532989633083,8.17539730072
    ));
#9443 = VECTOR('',#9444,1.);
#9444 = DIRECTION('',(0.,0.338928273493,0.940812215815));
#9445 = PLANE('',#9446);
#9446 = AXIS2_PLACEMENT_3D('',#9447,#9448,#9449);
#9447 = CARTESIAN_POINT('',(24.540370118618,9.39858631583,
    11.739396322398));
#9448 = DIRECTION('',(1.,0.,0.));
#9449 = DIRECTION('',(0.,0.,1.));
#9450 = ADVANCED_FACE('',(#9451),#9461,.T.);
#9451 = FACE_BOUND('',#9452,.T.);
#9452 = EDGE_LOOP('',(#9453,#9459,#9460));
#9453 = ORIENTED_EDGE('',*,*,#9454,.T.);
#9454 = EDGE_CURVE('',#8090,#8802,#9455,.T.);
#9455 = LINE('',#9456,#9457);
#9456 = CARTESIAN_POINT('',(24.540370118618,9.591556620598,
    7.098488712311));
#9457 = VECTOR('',#9458,1.);
#9458 = DIRECTION('',(0.,0.184916579416,0.98275422088));
#9459 = ORIENTED_EDGE('',*,*,#9440,.F.);
#9460 = ORIENTED_EDGE('',*,*,#8089,.F.);
#9461 = PLANE('',#9462);
#9462 = AXIS2_PLACEMENT_3D('',#9463,#9464,#9465);
#9463 = CARTESIAN_POINT('',(24.540370118618,10.039768678797,
    11.226321856616));
#9464 = DIRECTION('',(1.,0.,0.));
#9465 = DIRECTION('',(0.,0.,1.));
#9466 = ADVANCED_FACE('',(#9467),#9477,.T.);
#9467 = FACE_BOUND('',#9468,.T.);
#9468 = EDGE_LOOP('',(#9469,#9470,#9471));
#9469 = ORIENTED_EDGE('',*,*,#8879,.F.);
#9470 = ORIENTED_EDGE('',*,*,#9454,.F.);
#9471 = ORIENTED_EDGE('',*,*,#9472,.T.);
#9472 = EDGE_CURVE('',#8090,#8374,#9473,.T.);
#9473 = LINE('',#9474,#9475);
#9474 = CARTESIAN_POINT('',(24.540370118618,9.591556620598,
    7.098488712311));
#9475 = VECTOR('',#9476,1.);
#9476 = DIRECTION('',(0.,0.943160840779,0.332336619138));
#9477 = PLANE('',#9478);
#9478 = AXIS2_PLACEMENT_3D('',#9479,#9480,#9481);
#9479 = CARTESIAN_POINT('',(24.540370118618,10.725681426752,
    11.05829113087));
#9480 = DIRECTION('',(1.,0.,0.));
#9481 = DIRECTION('',(0.,0.,1.));
#9482 = ADVANCED_FACE('',(#9483),#9493,.T.);
#9483 = FACE_BOUND('',#9484,.T.);
#9484 = EDGE_LOOP('',(#9485,#9491,#9492));
#9485 = ORIENTED_EDGE('',*,*,#9486,.T.);
#9486 = EDGE_CURVE('',#8257,#8374,#9487,.T.);
#9487 = LINE('',#9488,#9489);
#9488 = CARTESIAN_POINT('',(24.540370118618,10.040869069099,
    6.800740867853));
#9489 = VECTOR('',#9490,1.);
#9490 = DIRECTION('',(0.,0.79802585455,0.602623211857));
#9491 = ORIENTED_EDGE('',*,*,#9472,.F.);
#9492 = ORIENTED_EDGE('',*,*,#8256,.F.);
#9493 = PLANE('',#9494);
#9494 = AXIS2_PLACEMENT_3D('',#9495,#9496,#9497);
#9495 = CARTESIAN_POINT('',(24.540370118618,10.386109171206,
    7.255630322136));
#9496 = DIRECTION('',(1.,0.,0.));
#9497 = DIRECTION('',(0.,0.,1.));
#9498 = ADVANCED_FACE('',(#9499),#9509,.T.);
#9499 = FACE_BOUND('',#9500,.T.);
#9500 = EDGE_LOOP('',(#9501,#9507,#9508));
#9501 = ORIENTED_EDGE('',*,*,#9502,.T.);
#9502 = EDGE_CURVE('',#8296,#8374,#9503,.T.);
#9503 = LINE('',#9504,#9505);
#9504 = CARTESIAN_POINT('',(24.540370118618,10.579627668858,
    6.817327034473));
#9505 = VECTOR('',#9506,1.);
#9506 = DIRECTION('',(0.,0.577781526452,0.816191465093));
#9507 = ORIENTED_EDGE('',*,*,#9486,.F.);
#9508 = ORIENTED_EDGE('',*,*,#8295,.F.);
#9509 = PLANE('',#9510);
#9510 = AXIS2_PLACEMENT_3D('',#9511,#9512,#9513);
#9511 = CARTESIAN_POINT('',(24.540370118618,10.646139499731,
    7.155424930562));
#9512 = DIRECTION('',(1.,0.,0.));
#9513 = DIRECTION('',(0.,0.,1.));
#9514 = ADVANCED_FACE('',(#9515),#9520,.T.);
#9515 = FACE_BOUND('',#9516,.T.);
#9516 = EDGE_LOOP('',(#9517,#9518,#9519));
#9517 = ORIENTED_EDGE('',*,*,#9502,.F.);
#9518 = ORIENTED_EDGE('',*,*,#8334,.F.);
#9519 = ORIENTED_EDGE('',*,*,#8373,.F.);
#9520 = PLANE('',#9521);
#9521 = AXIS2_PLACEMENT_3D('',#9522,#9523,#9524);
#9522 = CARTESIAN_POINT('',(24.540370118618,10.91054988584,
    7.212390163628));
#9523 = DIRECTION('',(1.,0.,0.));
#9524 = DIRECTION('',(0.,0.,1.));
#9525 = ( GEOMETRIC_REPRESENTATION_CONTEXT(3) 
GLOBAL_UNCERTAINTY_ASSIGNED_CONTEXT((#9529)) 
GLOBAL_UNIT_ASSIGNED_CONTEXT((#9526,#9527,#9528)) REPRESENTATION_CONTEXT
('Context #1','3D Context with UNIT and UNCERTAINTY') );
#9526 = ( LENGTH_UNIT() NAMED_UNIT(*) SI_UNIT(.MILLI.,.METRE.) );
#9527 = ( NAMED_UNIT(*) PLANE_ANGLE_UNIT() SI_UNIT($,.RADIAN.) );
#9528 = ( NAMED_UNIT(*) SI_UNIT($,.STERADIAN.) SOLID_ANGLE_UNIT() );
#9529 = UNCERTAINTY_MEASURE_WITH_UNIT(LENGTH_MEASURE(1.E-07),#9526,
  'distance_accuracy_value','confusion accuracy');
#9530 = PRODUCT_RELATED_PRODUCT_CATEGORY('part',$,(#7));
#9531 = MECHANICAL_DESIGN_GEOMETRIC_PRESENTATION_REPRESENTATION('',(
    #9532),#9525);
#9532 = STYLED_ITEM('color',(#9533),#15);
#9533 = PRESENTATION_STYLE_ASSIGNMENT((#9534,#9540));
#9534 = SURFACE_STYLE_USAGE(.BOTH.,#9535);
#9535 = SURFACE_SIDE_STYLE('',(#9536));
#9536 = SURFACE_STYLE_FILL_AREA(#9537);
#9537 = FILL_AREA_STYLE('',(#9538));
#9538 = FILL_AREA_STYLE_COLOUR('',#9539);
#9539 = COLOUR_RGB('',0.101960784187,0.105882356759,0.113725493293);
#9540 = CURVE_STYLE('',#9541,POSITIVE_LENGTH_MEASURE(0.1),#9542);
#9541 = DRAUGHTING_PRE_DEFINED_CURVE_FONT('continuous');
#9542 = COLOUR_RGB('',0.121568629232,0.129411774038,0.133333336917);
ENDSEC;
END-ISO-10303-21;
