ISO-10303-21;
HEADER;
FILE_DESCRIPTION(('FreeCAD Model'),'2;1');
FILE_NAME('Open CASCADE Shape Model','2026-09-03T20:23:38',(''),(''),
  'Open CASCADE STEP processor 7.8','FreeCAD','Unknown');
FILE_SCHEMA(('AUTOMOTIVE_DESIGN { 1 0 10303 214 1 1 1 1 }'));
ENDSEC;
DATA;
#1 = APPLICATION_PROTOCOL_DEFINITION('international standard',
  'automotive_design',2000,#2);
#2 = APPLICATION_CONTEXT(
  'core data for automotive mechanical design processes');
#3 = SHAPE_DEFINITION_REPRESENTATION(#4,#10);
#4 = PRODUCT_DEFINITION_SHAPE('','',#5);
#5 = PRODUCT_DEFINITION('design','',#6,#9);
#6 = PRODUCT_DEFINITION_FORMATION('','',#7);
#7 = PRODUCT('Adapter','Adapter','',(#8));
#8 = PRODUCT_CONTEXT('',#2,'mechanical');
#9 = PRODUCT_DEFINITION_CONTEXT('part definition',#2,'design');
#10 = ADVANCED_BREP_SHAPE_REPRESENTATION('',(#11,#15),#17588);
#11 = AXIS2_PLACEMENT_3D('',#12,#13,#14);
#12 = CARTESIAN_POINT('',(0.,0.,0.));
#13 = DIRECTION('',(0.,0.,1.));
#14 = DIRECTION('',(1.,0.,-0.));
#15 = MANIFOLD_SOLID_BREP('',#16);
#16 = CLOSED_SHELL('',(#17,#49,#72,#102,#118,#150,#173,#203,#219,#251,
    #274,#297,#320,#343,#366,#389,#412,#435,#458,#481,#504,#525,#541,
    #564,#587,#603,#626,#649,#672,#695,#718,#741,#762,#778,#801,#824,
    #854,#877,#893,#909,#932,#955,#978,#1001,#1024,#1047,#1070,#1093,
    #1116,#1139,#1162,#1185,#1201,#1231,#1254,#1277,#1300,#1323,#1346,
    #1362,#1378,#1394,#1417,#1440,#1463,#1486,#1509,#1532,#1555,#1578,
    #1601,#1624,#1647,#1670,#1693,#1716,#1739,#1762,#1785,#1808,#1831,
    #1854,#1877,#1900,#1923,#1946,#1969,#1992,#2015,#2038,#2061,#2084,
    #2107,#2130,#2153,#2176,#2199,#2222,#2245,#2268,#2291,#2314,#2337,
    #2360,#2383,#2406,#2429,#2452,#2475,#2498,#2521,#2544,#2567,#2590,
    #2613,#2636,#2659,#2682,#2705,#2728,#2751,#2774,#2797,#2820,#2843,
    #2866,#2889,#2912,#2935,#2958,#2981,#3004,#3027,#3050,#3073,#3096,
    #3119,#3142,#3165,#3188,#3211,#3234,#3257,#3280,#3303,#3326,#3349,
    #3370,#3393,#3409,#3425,#3441,#3464,#3487,#3510,#3533,#3563,#3579,
    #3602,#3625,#3641,#3673,#3696,#3719,#3742,#3765,#3788,#3811,#3834,
    #3857,#3880,#3912,#3935,#3965,#3988,#4011,#4034,#4057,#4080,#4103,
    #4126,#4149,#4172,#4195,#4218,#4241,#4264,#4287,#4310,#4333,#4356,
    #4379,#4402,#4425,#4448,#4471,#4494,#4517,#4540,#4561,#4577,#4600,
    #4616,#4639,#4662,#4685,#4708,#4731,#4754,#4777,#4800,#4823,#4846,
    #4869,#4892,#4915,#4938,#4961,#4984,#5007,#5030,#5053,#5076,#5099,
    #5122,#5145,#5168,#5191,#5214,#5237,#5260,#5283,#5306,#5329,#5352,
    #5375,#5398,#5419,#5435,#5458,#5474,#5490,#5513,#5529,#5545,#5561,
    #5584,#5600,#5623,#5639,#5662,#5678,#5694,#5710,#5733,#5749,#5765,
    #5781,#5797,#5820,#5836,#5859,#5875,#5898,#5914,#5937,#5953,#5969,
    #5992,#6008,#6031,#6047,#6070,#6086,#6109,#6125,#6155,#6176,#6192,
    #6203,#6235,#6258,#6281,#6304,#6327,#6350,#6373,#6396,#6419,#6442,
    #6465,#6488,#6509,#6532,#6548,#6571,#6587,#6610,#6626,#6642,#6665,
    #6681,#6704,#6727,#6750,#6773,#6796,#6819,#6842,#6865,#6888,#6911,
    #6934,#6957,#6978,#6994,#7015,#7036,#7052,#7063,#7095,#7118,#7141,
    #7164,#7187,#7210,#7233,#7256,#7279,#7302,#7325,#7348,#7371,#7394,
    #7417,#7440,#7463,#7486,#7509,#7532,#7555,#7578,#7601,#7624,#7647,
    #7670,#7693,#7714,#7744,#7760,#7790,#7813,#7836,#7859,#7882,#7905,
    #7928,#7951,#7974,#7997,#8020,#8043,#8066,#8089,#8112,#8135,#8158,
    #8181,#8204,#8227,#8250,#8273,#8296,#8319,#8342,#8365,#8388,#8411,
    #8434,#8457,#8480,#8503,#8526,#8549,#8570,#8586,#8602,#8618,#8641,
    #8657,#8673,#8696,#8712,#8735,#8751,#8774,#8790,#8813,#8829,#8852,
    #8868,#8891,#8907,#8930,#8946,#8969,#8985,#9008,#9024,#9047,#9063,
    #9086,#9102,#9125,#9141,#9164,#9180,#9203,#9219,#9242,#9263,#9274,
    #9295,#9316,#9337,#9353,#9369,#9385,#9401,#9417,#9433,#9449,#9465,
    #9481,#9497,#9513,#9534,#9550,#9561,#9577,#9593,#9609,#9625,#9641,
    #9657,#9673,#9689,#9705,#9721,#9737,#9753,#9769,#9785,#9801,#9817,
    #9833,#9849,#9865,#9881,#9897,#9913,#9929,#9945,#9961,#9977,#9993,
    #10009,#10025,#10041,#10057,#10073,#10089,#10105,#10121,#10137,
    #10158,#10174,#10190,#10206,#10222,#10238,#10254,#10270,#10286,
    #10302,#10318,#10334,#10350,#10366,#10382,#10398,#10414,#10430,
    #10446,#10462,#10478,#10494,#10510,#10526,#10537,#10558,#10574,
    #10590,#10611,#10627,#10643,#10664,#10680,#10691,#10707,#10718,
    #10739,#10755,#10766,#10782,#10798,#10814,#10830,#10846,#10862,
    #10878,#10894,#10910,#10926,#10942,#10958,#10974,#10990,#11006,
    #11022,#11038,#11054,#11070,#11086,#11102,#11118,#11134,#11150,
    #11161,#11182,#11198,#11214,#11230,#11246,#11262,#11278,#11294,
    #11310,#11326,#11342,#11358,#11374,#11390,#11406,#11422,#11438,
    #11454,#11470,#11486,#11502,#11518,#11534,#11550,#11566,#11582,
    #11598,#11614,#11630,#11646,#11662,#11678,#11694,#11710,#11726,
    #11742,#11758,#11774,#11790,#11806,#11817,#11833,#11849,#11865,
    #11881,#11892,#11913,#11929,#11945,#11961,#11977,#11993,#12009,
    #12025,#12041,#12052,#12068,#12084,#12100,#12116,#12132,#12148,
    #12164,#12180,#12196,#12212,#12228,#12244,#12260,#12276,#12292,
    #12308,#12324,#12340,#12356,#12372,#12388,#12404,#12420,#12436,
    #12452,#12468,#12484,#12500,#12516,#12532,#12548,#12564,#12580,
    #12596,#12612,#12628,#12644,#12660,#12676,#12692,#12708,#12719,
    #12735,#12751,#12767,#12783,#12799,#12815,#12831,#12847,#12863,
    #12879,#12895,#12911,#12927,#12943,#12959,#12975,#12991,#13007,
    #13023,#13039,#13055,#13071,#13087,#13103,#13119,#13135,#13151,
    #13167,#13183,#13199,#13215,#13226,#13258,#13281,#13304,#13327,
    #13350,#13373,#13396,#13419,#13442,#13465,#13488,#13511,#13534,
    #13557,#13580,#13603,#13626,#13649,#13672,#13695,#13727,#13750,
    #13773,#13796,#13819,#13842,#13865,#13888,#13911,#13934,#13957,
    #13980,#14003,#14026,#14049,#14072,#14095,#14118,#14141,#14164,
    #14192,#14215,#14231,#14254,#14270,#14293,#14309,#14332,#14348,
    #14371,#14387,#14410,#14426,#14449,#14465,#14488,#14504,#14527,
    #14543,#14566,#14582,#14605,#14621,#14644,#14660,#14683,#14699,
    #14722,#14738,#14761,#14777,#14800,#14816,#14839,#14855,#14878,
    #14894,#14917,#14933,#14956,#14972,#14995,#15011,#15027,#15050,
    #15066,#15089,#15105,#15126,#15149,#15165,#15188,#15204,#15227,
    #15243,#15266,#15282,#15305,#15321,#15344,#15360,#15383,#15399,
    #15422,#15438,#15461,#15477,#15500,#15516,#15539,#15555,#15578,
    #15594,#15617,#15633,#15656,#15672,#15695,#15711,#15734,#15750,
    #15773,#15789,#15812,#15828,#15851,#15867,#15890,#15906,#15929,
    #15945,#15961,#15977,#15993,#16009,#16025,#16041,#16062,#16078,
    #16094,#16105,#16121,#16137,#16153,#16169,#16185,#16201,#16217,
    #16233,#16249,#16265,#16281,#16297,#16313,#16329,#16345,#16361,
    #16377,#16393,#16409,#16425,#16441,#16457,#16473,#16489,#16505,
    #16521,#16537,#16553,#16569,#16585,#16601,#16617,#16633,#16649,
    #16665,#16681,#16697,#16713,#16729,#16745,#16761,#16777,#16793,
    #16809,#16825,#16841,#16857,#16873,#16889,#16905,#16921,#16937,
    #16953,#16969,#16985,#17001,#17017,#17033,#17049,#17065,#17081,
    #17097,#17113,#17129,#17145,#17161,#17177,#17193,#17209,#17225,
    #17241,#17257,#17273,#17289,#17305,#17321,#17337,#17353,#17369,
    #17385,#17401,#17417,#17433,#17449,#17465,#17481,#17497,#17513,
    #17529,#17545,#17561,#17577));
#17 = ADVANCED_FACE('',(#18),#44,.T.);
#18 = FACE_BOUND('',#19,.T.);
#19 = EDGE_LOOP('',(#20,#30,#38));
#20 = ORIENTED_EDGE('',*,*,#21,.T.);
#21 = EDGE_CURVE('',#22,#24,#26,.T.);
#22 = VERTEX_POINT('',#23);
#23 = CARTESIAN_POINT('',(-5.378716096282,26.72757461071,17.917155206203
    ));
#24 = VERTEX_POINT('',#25);
#25 = CARTESIAN_POINT('',(-5.378716096282,26.72757461071,28.839155387878
    ));
#26 = LINE('',#27,#28);
#27 = CARTESIAN_POINT('',(-5.378716096282,26.72757461071,17.917155206203
    ));
#28 = VECTOR('',#29,1.);
#29 = DIRECTION('',(0.,0.,1.));
#30 = ORIENTED_EDGE('',*,*,#31,.T.);
#31 = EDGE_CURVE('',#24,#32,#34,.T.);
#32 = VERTEX_POINT('',#33);
#33 = CARTESIAN_POINT('',(-5.336308240891,26.487082386017,
    28.839155387878));
#34 = LINE('',#35,#36);
#35 = CARTESIAN_POINT('',(-5.378716096282,26.72757461071,28.839155387878
    ));
#36 = VECTOR('',#37,1.);
#37 = DIRECTION('',(0.173658453975,-0.984805940967,0.));
#38 = ORIENTED_EDGE('',*,*,#39,.T.);
#39 = EDGE_CURVE('',#32,#22,#40,.T.);
#40 = LINE('',#41,#42);
#41 = CARTESIAN_POINT('',(-5.336308240891,26.487082386017,
    28.839155387878));
#42 = VECTOR('',#43,1.);
#43 = DIRECTION('',(-3.881821872533E-03,2.201356256689E-02,
    -0.999750136045));
#44 = PLANE('',#45);
#45 = AXIS2_PLACEMENT_3D('',#46,#47,#48);
#46 = CARTESIAN_POINT('',(-5.367995623728,26.666779499275,
    23.438523536547));
#47 = DIRECTION('',(0.984805940967,0.173658453975,0.));
#48 = DIRECTION('',(-0.173658453975,0.984805940967,0.));
#49 = ADVANCED_FACE('',(#50),#67,.T.);
#50 = FACE_BOUND('',#51,.T.);
#51 = EDGE_LOOP('',(#52,#60,#61));
#52 = ORIENTED_EDGE('',*,*,#53,.T.);
#53 = EDGE_CURVE('',#54,#22,#56,.T.);
#54 = VERTEX_POINT('',#55);
#55 = CARTESIAN_POINT('',(-5.336308240891,26.487082386017,
    17.917155206203));
#56 = LINE('',#57,#58);
#57 = CARTESIAN_POINT('',(-5.336308240891,26.487082386017,
    17.917155206203));
#58 = VECTOR('',#59,1.);
#59 = DIRECTION('',(-0.173658453975,0.984805940967,0.));
#60 = ORIENTED_EDGE('',*,*,#39,.F.);
#61 = ORIENTED_EDGE('',*,*,#62,.T.);
#62 = EDGE_CURVE('',#32,#54,#63,.T.);
#63 = LINE('',#64,#65);
#64 = CARTESIAN_POINT('',(-5.336308240891,26.487082386017,
    28.839155387878));
#65 = VECTOR('',#66,1.);
#66 = DIRECTION('',(0.,0.,-1.));
#67 = PLANE('',#68);
#68 = AXIS2_PLACEMENT_3D('',#69,#70,#71);
#69 = CARTESIAN_POINT('',(-5.347028713444,26.547877497452,
    23.317787057535));
#70 = DIRECTION('',(0.984805940967,0.173658453975,0.));
#71 = DIRECTION('',(-0.173658453975,0.984805940967,0.));
#72 = ADVANCED_FACE('',(#73),#97,.T.);
#73 = FACE_BOUND('',#74,.T.);
#74 = EDGE_LOOP('',(#75,#85,#91));
#75 = ORIENTED_EDGE('',*,*,#76,.T.);
#76 = EDGE_CURVE('',#77,#79,#81,.T.);
#77 = VERTEX_POINT('',#78);
#78 = CARTESIAN_POINT('',(-4.933246830106,26.806130862236,
    17.917155206203));
#79 = VERTEX_POINT('',#80);
#80 = CARTESIAN_POINT('',(-4.933246830106,26.806130862236,
    28.839155387878));
#81 = LINE('',#82,#83);
#82 = CARTESIAN_POINT('',(-4.933246830106,26.806130862236,
    17.917155206203));
#83 = VECTOR('',#84,1.);
#84 = DIRECTION('',(0.,0.,1.));
#85 = ORIENTED_EDGE('',*,*,#86,.T.);
#86 = EDGE_CURVE('',#79,#24,#87,.T.);
#87 = LINE('',#88,#89);
#88 = CARTESIAN_POINT('',(-4.933246830106,26.806130862236,
    28.839155387878));
#89 = VECTOR('',#90,1.);
#90 = DIRECTION('',(-0.984804728118,-0.17366533182,0.));
#91 = ORIENTED_EDGE('',*,*,#92,.T.);
#92 = EDGE_CURVE('',#24,#77,#93,.T.);
#93 = LINE('',#94,#95);
#94 = CARTESIAN_POINT('',(-5.378716096282,26.72757461071,28.839155387878
    ));
#95 = VECTOR('',#96,1.);
#96 = DIRECTION('',(4.075148333059E-02,7.186317929517E-03,
    -0.999143469899));
#97 = PLANE('',#98);
#98 = AXIS2_PLACEMENT_3D('',#99,#100,#101);
#99 = CARTESIAN_POINT('',(-5.046919338572,26.786085290421,
    23.488900220891));
#100 = DIRECTION('',(0.17366533182,-0.984804728118,0.));
#101 = DIRECTION('',(-0.984804728118,-0.17366533182,0.));
#102 = ADVANCED_FACE('',(#103),#113,.T.);
#103 = FACE_BOUND('',#104,.T.);
#104 = EDGE_LOOP('',(#105,#111,#112));
#105 = ORIENTED_EDGE('',*,*,#106,.T.);
#106 = EDGE_CURVE('',#22,#77,#107,.T.);
#107 = LINE('',#108,#109);
#108 = CARTESIAN_POINT('',(-5.378716096282,26.72757461071,
    17.917155206203));
#109 = VECTOR('',#110,1.);
#110 = DIRECTION('',(0.984804728118,0.17366533182,0.));
#111 = ORIENTED_EDGE('',*,*,#92,.F.);
#112 = ORIENTED_EDGE('',*,*,#21,.F.);
#113 = PLANE('',#114);
#114 = AXIS2_PLACEMENT_3D('',#115,#116,#117);
#115 = CARTESIAN_POINT('',(-5.265043587816,26.747620182525,
    23.267410373191));
#116 = DIRECTION('',(0.17366533182,-0.984804728118,0.));
#117 = DIRECTION('',(-0.984804728118,-0.17366533182,0.));
#118 = ADVANCED_FACE('',(#119),#145,.T.);
#119 = FACE_BOUND('',#120,.T.);
#120 = EDGE_LOOP('',(#121,#131,#139));
#121 = ORIENTED_EDGE('',*,*,#122,.T.);
#122 = EDGE_CURVE('',#123,#125,#127,.T.);
#123 = VERTEX_POINT('',#124);
#124 = CARTESIAN_POINT('',(-1.376465896517,27.433330345154,
    17.917155206203));
#125 = VERTEX_POINT('',#126);
#126 = CARTESIAN_POINT('',(-1.376465896517,27.433330345154,
    28.839155387878));
#127 = LINE('',#128,#129);
#128 = CARTESIAN_POINT('',(-1.376465896517,27.433330345154,
    17.917155206203));
#129 = VECTOR('',#130,1.);
#130 = DIRECTION('',(0.,0.,1.));
#131 = ORIENTED_EDGE('',*,*,#132,.T.);
#132 = EDGE_CURVE('',#125,#133,#135,.T.);
#133 = VERTEX_POINT('',#134);
#134 = CARTESIAN_POINT('',(-1.821935257316,27.354774093628,
    28.839155387878));
#135 = LINE('',#136,#137);
#136 = CARTESIAN_POINT('',(-1.376465896517,27.433330345154,
    28.839155387878));
#137 = VECTOR('',#138,1.);
#138 = DIRECTION('',(-0.984804734427,-0.173665296044,0.));
#139 = ORIENTED_EDGE('',*,*,#140,.T.);
#140 = EDGE_CURVE('',#133,#123,#141,.T.);
#141 = LINE('',#142,#143);
#142 = CARTESIAN_POINT('',(-1.821935257316,27.354774093628,
    28.839155387878));
#143 = VECTOR('',#144,1.);
#144 = DIRECTION('',(4.075149197229E-02,7.186317926986E-03,
    -0.999143469546));
#145 = PLANE('',#146);
#146 = AXIS2_PLACEMENT_3D('',#147,#148,#149);
#147 = CARTESIAN_POINT('',(-1.490138429603,27.413284773255,
    23.488900243223));
#148 = DIRECTION('',(0.173665296044,-0.984804734427,0.));
#149 = DIRECTION('',(-0.984804734427,-0.173665296044,0.));
#150 = ADVANCED_FACE('',(#151),#168,.T.);
#151 = FACE_BOUND('',#152,.T.);
#152 = EDGE_LOOP('',(#153,#161,#162));
#153 = ORIENTED_EDGE('',*,*,#154,.T.);
#154 = EDGE_CURVE('',#155,#123,#157,.T.);
#155 = VERTEX_POINT('',#156);
#156 = CARTESIAN_POINT('',(-1.821935257316,27.354774093628,
    17.917155206203));
#157 = LINE('',#158,#159);
#158 = CARTESIAN_POINT('',(-1.821935257316,27.354774093628,
    17.917155206203));
#159 = VECTOR('',#160,1.);
#160 = DIRECTION('',(0.984804734427,0.173665296044,0.));
#161 = ORIENTED_EDGE('',*,*,#140,.F.);
#162 = ORIENTED_EDGE('',*,*,#163,.T.);
#163 = EDGE_CURVE('',#133,#155,#164,.T.);
#164 = LINE('',#165,#166);
#165 = CARTESIAN_POINT('',(-1.821935257316,27.354774093628,
    28.839155387878));
#166 = VECTOR('',#167,1.);
#167 = DIRECTION('',(0.,0.,-1.));
#168 = PLANE('',#169);
#169 = AXIS2_PLACEMENT_3D('',#170,#171,#172);
#170 = CARTESIAN_POINT('',(-1.70826272423,27.374819665527,
    23.267410350859));
#171 = DIRECTION('',(0.173665296044,-0.984804734427,0.));
#172 = DIRECTION('',(-0.984804734427,-0.173665296044,0.));
#173 = ADVANCED_FACE('',(#174),#198,.T.);
#174 = FACE_BOUND('',#175,.T.);
#175 = EDGE_LOOP('',(#176,#186,#192));
#176 = ORIENTED_EDGE('',*,*,#177,.T.);
#177 = EDGE_CURVE('',#178,#180,#182,.T.);
#178 = VERTEX_POINT('',#179);
#179 = CARTESIAN_POINT('',(-1.334057757258,27.192838120461,
    17.917155206203));
#180 = VERTEX_POINT('',#181);
#181 = CARTESIAN_POINT('',(-1.334057757258,27.192838120461,
    28.839155387878));
#182 = LINE('',#183,#184);
#183 = CARTESIAN_POINT('',(-1.334057757258,27.192838120461,
    17.917155206203));
#184 = VECTOR('',#185,1.);
#185 = DIRECTION('',(0.,0.,1.));
#186 = ORIENTED_EDGE('',*,*,#187,.T.);
#187 = EDGE_CURVE('',#180,#125,#188,.T.);
#188 = LINE('',#189,#190);
#189 = CARTESIAN_POINT('',(-1.334057757258,27.192838120461,
    28.839155387878));
#190 = VECTOR('',#191,1.);
#191 = DIRECTION('',(-0.173659581343,0.984805742168,0.));
#192 = ORIENTED_EDGE('',*,*,#193,.T.);
#193 = EDGE_CURVE('',#125,#178,#194,.T.);
#194 = LINE('',#195,#196);
#195 = CARTESIAN_POINT('',(-1.376465896517,27.433330345154,
    28.839155387878));
#196 = VECTOR('',#197,1.);
#197 = DIRECTION('',(3.881847856045E-03,-2.201356256467E-02,
    -0.999750135944));
#198 = PLANE('',#199);
#199 = AXIS2_PLACEMENT_3D('',#200,#201,#202);
#200 = CARTESIAN_POINT('',(-1.344778301596,27.253633232032,
    23.438523548595));
#201 = DIRECTION('',(-0.984805742168,-0.173659581343,-0.));
#202 = DIRECTION('',(0.173659581343,-0.984805742168,0.));
#203 = ADVANCED_FACE('',(#204),#214,.T.);
#204 = FACE_BOUND('',#205,.T.);
#205 = EDGE_LOOP('',(#206,#212,#213));
#206 = ORIENTED_EDGE('',*,*,#207,.T.);
#207 = EDGE_CURVE('',#123,#178,#208,.T.);
#208 = LINE('',#209,#210);
#209 = CARTESIAN_POINT('',(-1.376465896517,27.433330345154,
    17.917155206203));
#210 = VECTOR('',#211,1.);
#211 = DIRECTION('',(0.173659581343,-0.984805742168,0.));
#212 = ORIENTED_EDGE('',*,*,#193,.F.);
#213 = ORIENTED_EDGE('',*,*,#122,.F.);
#214 = PLANE('',#215);
#215 = AXIS2_PLACEMENT_3D('',#216,#217,#218);
#216 = CARTESIAN_POINT('',(-1.365745352179,27.372535233583,
    23.317787045486));
#217 = DIRECTION('',(-0.984805742168,-0.173659581343,-0.));
#218 = DIRECTION('',(0.173659581343,-0.984805742168,0.));
#219 = ADVANCED_FACE('',(#220),#246,.T.);
#220 = FACE_BOUND('',#221,.T.);
#221 = EDGE_LOOP('',(#222,#232,#240));
#222 = ORIENTED_EDGE('',*,*,#223,.T.);
#223 = EDGE_CURVE('',#224,#226,#228,.T.);
#224 = VERTEX_POINT('',#225);
#225 = CARTESIAN_POINT('',(-6.367443066835,13.862539565563,
    17.917155206203));
#226 = VERTEX_POINT('',#227);
#227 = CARTESIAN_POINT('',(-6.753350198269,13.582193911076,
    17.917155206203));
#228 = LINE('',#229,#230);
#229 = CARTESIAN_POINT('',(-6.367443066835,13.862539565563,
    17.917155206203));
#230 = VECTOR('',#231,1.);
#231 = DIRECTION('',(-0.809049182676,-0.587740946345,0.));
#232 = ORIENTED_EDGE('',*,*,#233,.T.);
#233 = EDGE_CURVE('',#226,#234,#236,.T.);
#234 = VERTEX_POINT('',#235);
#235 = CARTESIAN_POINT('',(-7.823664742708,23.098241877556,
    17.917155206203));
#236 = LINE('',#237,#238);
#237 = CARTESIAN_POINT('',(-6.753350198269,13.582193911076,
    17.917155206203));
#238 = VECTOR('',#239,1.);
#239 = DIRECTION('',(-0.111769935903,0.993734110026,0.));
#240 = ORIENTED_EDGE('',*,*,#241,.T.);
#241 = EDGE_CURVE('',#234,#224,#242,.T.);
#242 = LINE('',#243,#244);
#243 = CARTESIAN_POINT('',(-7.823664742708,23.098241877556,
    17.917155206203));
#244 = VECTOR('',#245,1.);
#245 = DIRECTION('',(0.155748948631,-0.987796671892,0.));
#246 = PLANE('',#247);
#247 = AXIS2_PLACEMENT_3D('',#248,#249,#250);
#248 = CARTESIAN_POINT('',(-7.177627932981,18.294241443506,
    17.917155206203));
#249 = DIRECTION('',(-0.,-0.,-1.));
#250 = DIRECTION('',(-1.,0.,0.));
#251 = ADVANCED_FACE('',(#252),#269,.T.);
#252 = FACE_BOUND('',#253,.T.);
#253 = EDGE_LOOP('',(#254,#262,#263));
#254 = ORIENTED_EDGE('',*,*,#255,.T.);
#255 = EDGE_CURVE('',#256,#224,#258,.T.);
#256 = VERTEX_POINT('',#257);
#257 = CARTESIAN_POINT('',(-5.971077135205,14.127890980244,
    17.917155206203));
#258 = LINE('',#259,#260);
#259 = CARTESIAN_POINT('',(-5.971077135205,14.127890980244,
    17.917155206203));
#260 = VECTOR('',#261,1.);
#261 = DIRECTION('',(-0.830977151337,-0.55630654675,0.));
#262 = ORIENTED_EDGE('',*,*,#241,.F.);
#263 = ORIENTED_EDGE('',*,*,#264,.T.);
#264 = EDGE_CURVE('',#234,#256,#265,.T.);
#265 = LINE('',#266,#267);
#266 = CARTESIAN_POINT('',(-7.823664742708,23.098241877556,
    17.917155206203));
#267 = VECTOR('',#268,1.);
#268 = DIRECTION('',(0.202255177499,-0.97933285617,0.));
#269 = PLANE('',#270);
#270 = AXIS2_PLACEMENT_3D('',#271,#272,#273);
#271 = CARTESIAN_POINT('',(-6.976673380625,18.431718619469,
    17.917155206203));
#272 = DIRECTION('',(-0.,-0.,-1.));
#273 = DIRECTION('',(-1.,0.,0.));
#274 = ADVANCED_FACE('',(#275),#292,.T.);
#275 = FACE_BOUND('',#276,.T.);
#276 = EDGE_LOOP('',(#277,#285,#286));
#277 = ORIENTED_EDGE('',*,*,#278,.T.);
#278 = EDGE_CURVE('',#279,#256,#281,.T.);
#279 = VERTEX_POINT('',#280);
#280 = CARTESIAN_POINT('',(-5.56483489871,14.377860581875,
    17.917155206203));
#281 = LINE('',#282,#283);
#282 = CARTESIAN_POINT('',(-5.56483489871,14.377860581875,
    17.917155206203));
#283 = VECTOR('',#284,1.);
#284 = DIRECTION('',(-0.851682291062,-0.524058465338,0.));
#285 = ORIENTED_EDGE('',*,*,#264,.F.);
#286 = ORIENTED_EDGE('',*,*,#287,.T.);
#287 = EDGE_CURVE('',#234,#279,#288,.T.);
#288 = LINE('',#289,#290);
#289 = CARTESIAN_POINT('',(-7.823664742708,23.098241877556,
    17.917155206203));
#290 = VECTOR('',#291,1.);
#291 = DIRECTION('',(0.25075310156,-0.968051074096,0.));
#292 = PLANE('',#293);
#293 = AXIS2_PLACEMENT_3D('',#294,#295,#296);
#294 = CARTESIAN_POINT('',(-6.770340008001,18.561906247718,
    17.917155206203));
#295 = DIRECTION('',(-0.,-0.,-1.));
#296 = DIRECTION('',(-1.,0.,0.));
#297 = ADVANCED_FACE('',(#298),#315,.T.);
#298 = FACE_BOUND('',#299,.T.);
#299 = EDGE_LOOP('',(#300,#308,#309));
#300 = ORIENTED_EDGE('',*,*,#301,.T.);
#301 = EDGE_CURVE('',#302,#279,#304,.T.);
#302 = VERTEX_POINT('',#303);
#303 = CARTESIAN_POINT('',(-6.561622560024,23.240189063549,
    17.917155206203));
#304 = LINE('',#305,#306);
#305 = CARTESIAN_POINT('',(-6.561622560024,23.240189063549,
    17.917155206203));
#306 = VECTOR('',#307,1.);
#307 = DIRECTION('',(0.111769937369,-0.993734109861,0.));
#308 = ORIENTED_EDGE('',*,*,#287,.F.);
#309 = ORIENTED_EDGE('',*,*,#310,.T.);
#310 = EDGE_CURVE('',#234,#302,#311,.T.);
#311 = LINE('',#312,#313);
#312 = CARTESIAN_POINT('',(-7.823664742708,23.098241877556,
    17.917155206203));
#313 = VECTOR('',#314,1.);
#314 = DIRECTION('',(0.993734164003,0.111769455998,0.));
#315 = PLANE('',#316);
#316 = AXIS2_PLACEMENT_3D('',#317,#318,#319);
#317 = CARTESIAN_POINT('',(-6.434064576011,19.064182048984,
    17.917155206203));
#318 = DIRECTION('',(-0.,-0.,-1.));
#319 = DIRECTION('',(-1.,0.,0.));
#320 = ADVANCED_FACE('',(#321),#338,.T.);
#321 = FACE_BOUND('',#322,.T.);
#322 = EDGE_LOOP('',(#323,#331,#332));
#323 = ORIENTED_EDGE('',*,*,#324,.T.);
#324 = EDGE_CURVE('',#325,#302,#327,.T.);
#325 = VERTEX_POINT('',#326);
#326 = CARTESIAN_POINT('',(-7.835344928503,24.118043971062,
    17.917155206203));
#327 = LINE('',#328,#329);
#328 = CARTESIAN_POINT('',(-7.835344928503,24.118043971062,
    17.917155206203));
#329 = VECTOR('',#330,1.);
#330 = DIRECTION('',(0.823386260876,-0.567481334847,0.));
#331 = ORIENTED_EDGE('',*,*,#310,.F.);
#332 = ORIENTED_EDGE('',*,*,#333,.T.);
#333 = EDGE_CURVE('',#234,#325,#334,.T.);
#334 = LINE('',#335,#336);
#335 = CARTESIAN_POINT('',(-7.823664742708,23.098241877556,
    17.917155206203));
#336 = VECTOR('',#337,1.);
#337 = DIRECTION('',(-1.145263364436E-02,0.999934416441,0.));
#338 = PLANE('',#339);
#339 = AXIS2_PLACEMENT_3D('',#340,#341,#342);
#340 = CARTESIAN_POINT('',(-7.364283845786,23.491471112992,
    17.917155206203));
#341 = DIRECTION('',(-0.,-0.,-1.));
#342 = DIRECTION('',(-1.,0.,0.));
#343 = ADVANCED_FACE('',(#344),#361,.T.);
#344 = FACE_BOUND('',#345,.T.);
#345 = EDGE_LOOP('',(#346,#354,#355));
#346 = ORIENTED_EDGE('',*,*,#347,.T.);
#347 = EDGE_CURVE('',#348,#302,#350,.T.);
#348 = VERTEX_POINT('',#349);
#349 = CARTESIAN_POINT('',(-6.574164944887,23.959643089771,
    17.917155206203));
#350 = LINE('',#351,#352);
#351 = CARTESIAN_POINT('',(-6.574164944887,23.959643089771,
    17.917155206203));
#352 = VECTOR('',#353,1.);
#353 = DIRECTION('',(1.7430550003E-02,-0.999848076423,0.));
#354 = ORIENTED_EDGE('',*,*,#324,.F.);
#355 = ORIENTED_EDGE('',*,*,#356,.T.);
#356 = EDGE_CURVE('',#325,#348,#357,.T.);
#357 = LINE('',#358,#359);
#358 = CARTESIAN_POINT('',(-7.835344928503,24.118043971062,
    17.917155206203));
#359 = VECTOR('',#360,1.);
#360 = DIRECTION('',(0.992204756515,-0.124618301824,0.));
#361 = PLANE('',#362);
#362 = AXIS2_PLACEMENT_3D('',#363,#364,#365);
#363 = CARTESIAN_POINT('',(-7.072471680407,23.792260165864,
    17.917155206203));
#364 = DIRECTION('',(-0.,-0.,-1.));
#365 = DIRECTION('',(-1.,0.,0.));
#366 = ADVANCED_FACE('',(#367),#384,.T.);
#367 = FACE_BOUND('',#368,.T.);
#368 = EDGE_LOOP('',(#369,#377,#378));
#369 = ORIENTED_EDGE('',*,*,#370,.T.);
#370 = EDGE_CURVE('',#371,#348,#373,.T.);
#371 = VERTEX_POINT('',#372);
#372 = CARTESIAN_POINT('',(-7.643087404966,25.119630122185,
    17.917155206203));
#373 = LINE('',#374,#375);
#374 = CARTESIAN_POINT('',(-7.643087404966,25.119630122185,
    17.917155206203));
#375 = VECTOR('',#376,1.);
#376 = DIRECTION('',(0.677651808707,-0.735382911248,0.));
#377 = ORIENTED_EDGE('',*,*,#356,.F.);
#378 = ORIENTED_EDGE('',*,*,#379,.T.);
#379 = EDGE_CURVE('',#325,#371,#380,.T.);
#380 = LINE('',#381,#382);
#381 = CARTESIAN_POINT('',(-7.835344928503,24.118043971062,
    17.917155206203));
#382 = VECTOR('',#383,1.);
#383 = DIRECTION('',(0.188511526265,0.982070977305,0.));
#384 = PLANE('',#385);
#385 = AXIS2_PLACEMENT_3D('',#386,#387,#388);
#386 = CARTESIAN_POINT('',(-7.306464668897,24.395963525118,
    17.917155206203));
#387 = DIRECTION('',(-0.,-0.,-1.));
#388 = DIRECTION('',(-1.,0.,0.));
#389 = ADVANCED_FACE('',(#390),#407,.T.);
#390 = FACE_BOUND('',#391,.T.);
#391 = EDGE_LOOP('',(#392,#400,#401));
#392 = ORIENTED_EDGE('',*,*,#393,.T.);
#393 = EDGE_CURVE('',#394,#348,#396,.T.);
#394 = VERTEX_POINT('',#395);
#395 = CARTESIAN_POINT('',(-6.451213389635,24.668625068665,
    17.917155206203));
#396 = LINE('',#397,#398);
#397 = CARTESIAN_POINT('',(-6.451213389635,24.668625068665,
    17.917155206203));
#398 = VECTOR('',#399,1.);
#399 = DIRECTION('',(-0.170869490043,-0.985293670624,0.));
#400 = ORIENTED_EDGE('',*,*,#370,.F.);
#401 = ORIENTED_EDGE('',*,*,#402,.T.);
#402 = EDGE_CURVE('',#371,#394,#403,.T.);
#403 = LINE('',#404,#405);
#404 = CARTESIAN_POINT('',(-7.643087404966,25.119630122185,
    17.917155206203));
#405 = VECTOR('',#406,1.);
#406 = DIRECTION('',(0.935279583105,-0.353909736271,0.));
#407 = PLANE('',#408);
#408 = AXIS2_PLACEMENT_3D('',#409,#410,#411);
#409 = CARTESIAN_POINT('',(-6.966617479147,24.620694404814,
    17.917155206203));
#410 = DIRECTION('',(-0.,-0.,-1.));
#411 = DIRECTION('',(-1.,0.,0.));
#412 = ADVANCED_FACE('',(#413),#430,.T.);
#413 = FACE_BOUND('',#414,.T.);
#414 = EDGE_LOOP('',(#415,#423,#424));
#415 = ORIENTED_EDGE('',*,*,#416,.T.);
#416 = EDGE_CURVE('',#417,#394,#419,.T.);
#417 = VERTEX_POINT('',#418);
#418 = CARTESIAN_POINT('',(-7.254638338089,26.062629127502,
    17.917155206203));
#419 = LINE('',#420,#421);
#420 = CARTESIAN_POINT('',(-7.254638338089,26.062629127502,
    17.917155206203));
#421 = VECTOR('',#422,1.);
#422 = DIRECTION('',(0.499345549335,-0.866402921486,0.));
#423 = ORIENTED_EDGE('',*,*,#402,.F.);
#424 = ORIENTED_EDGE('',*,*,#425,.T.);
#425 = EDGE_CURVE('',#371,#417,#426,.T.);
#426 = LINE('',#427,#428);
#427 = CARTESIAN_POINT('',(-7.643087404966,25.119630122185,
    17.917155206203));
#428 = VECTOR('',#429,1.);
#429 = DIRECTION('',(0.380880049505,0.924624457761,0.));
#430 = PLANE('',#431);
#431 = AXIS2_PLACEMENT_3D('',#432,#433,#434);
#432 = CARTESIAN_POINT('',(-7.072052351797,25.270609207066,
    17.917155206203));
#433 = DIRECTION('',(-0.,-0.,-1.));
#434 = DIRECTION('',(-1.,0.,0.));
#435 = ADVANCED_FACE('',(#436),#453,.T.);
#436 = FACE_BOUND('',#437,.T.);
#437 = EDGE_LOOP('',(#438,#446,#447));
#438 = ORIENTED_EDGE('',*,*,#439,.T.);
#439 = EDGE_CURVE('',#440,#394,#442,.T.);
#440 = VERTEX_POINT('',#441);
#441 = CARTESIAN_POINT('',(-6.197153452039,25.341847360134,
    17.917155206203));
#442 = LINE('',#443,#444);
#443 = CARTESIAN_POINT('',(-6.197153452039,25.341847360134,
    17.917155206203));
#444 = VECTOR('',#445,1.);
#445 = DIRECTION('',(-0.353074027737,-0.935595388476,0.));
#446 = ORIENTED_EDGE('',*,*,#416,.F.);
#447 = ORIENTED_EDGE('',*,*,#448,.T.);
#448 = EDGE_CURVE('',#417,#440,#449,.T.);
#449 = LINE('',#450,#451);
#450 = CARTESIAN_POINT('',(-7.254638338089,26.062629127502,
    17.917155206203));
#451 = VECTOR('',#452,1.);
#452 = DIRECTION('',(0.826311221667,-0.563213782633,0.));
#453 = PLANE('',#454);
#454 = AXIS2_PLACEMENT_3D('',#455,#456,#457);
#455 = CARTESIAN_POINT('',(-6.702429671011,25.413145085947,
    17.917155206203));
#456 = DIRECTION('',(-0.,-0.,-1.));
#457 = DIRECTION('',(-1.,0.,0.));
#458 = ADVANCED_FACE('',(#459),#476,.T.);
#459 = FACE_BOUND('',#460,.T.);
#460 = EDGE_LOOP('',(#461,#469,#470));
#461 = ORIENTED_EDGE('',*,*,#462,.T.);
#462 = EDGE_CURVE('',#463,#440,#465,.T.);
#463 = VERTEX_POINT('',#464);
#464 = CARTESIAN_POINT('',(-6.68565659523,26.909031558037,
    17.917155206203));
#465 = LINE('',#466,#467);
#466 = CARTESIAN_POINT('',(-6.68565659523,26.909031558037,
    17.917155206203));
#467 = VECTOR('',#468,1.);
#468 = DIRECTION('',(0.297585673815,-0.954695117166,0.));
#469 = ORIENTED_EDGE('',*,*,#448,.F.);
#470 = ORIENTED_EDGE('',*,*,#471,.T.);
#471 = EDGE_CURVE('',#417,#463,#472,.T.);
#472 = LINE('',#473,#474);
#473 = CARTESIAN_POINT('',(-7.254638338089,26.062629127502,
    17.917155206203));
#474 = VECTOR('',#475,1.);
#475 = DIRECTION('',(0.557895677109,0.829911087686,0.));
#476 = PLANE('',#477);
#477 = AXIS2_PLACEMENT_3D('',#478,#479,#480);
#478 = CARTESIAN_POINT('',(-6.670607500521,26.081278659893,
    17.917155206203));
#479 = DIRECTION('',(-0.,-0.,-1.));
#480 = DIRECTION('',(-1.,0.,0.));
#481 = ADVANCED_FACE('',(#482),#499,.T.);
#482 = FACE_BOUND('',#483,.T.);
#483 = EDGE_LOOP('',(#484,#492,#493));
#484 = ORIENTED_EDGE('',*,*,#485,.T.);
#485 = EDGE_CURVE('',#486,#440,#488,.T.);
#486 = VERTEX_POINT('',#487);
#487 = CARTESIAN_POINT('',(-5.821046549082,25.955295562744,
    17.917155206203));
#488 = LINE('',#489,#490);
#489 = CARTESIAN_POINT('',(-5.821046549082,25.955295562744,
    17.917155206203));
#490 = VECTOR('',#491,1.);
#491 = DIRECTION('',(-0.522685826833,-0.852525381691,0.));
#492 = ORIENTED_EDGE('',*,*,#462,.F.);
#493 = ORIENTED_EDGE('',*,*,#494,.T.);
#494 = EDGE_CURVE('',#463,#486,#495,.T.);
#495 = LINE('',#496,#497);
#496 = CARTESIAN_POINT('',(-6.68565659523,26.909031558037,
    17.917155206203));
#497 = VECTOR('',#498,1.);
#498 = DIRECTION('',(0.671641741454,-0.740876083523,0.));
#499 = PLANE('',#500);
#500 = AXIS2_PLACEMENT_3D('',#501,#502,#503);
#501 = CARTESIAN_POINT('',(-6.289790519819,26.139612834458,
    17.917155206203));
#502 = DIRECTION('',(-0.,-0.,-1.));
#503 = DIRECTION('',(-1.,0.,0.));
#504 = ADVANCED_FACE('',(#505),#520,.T.);
#505 = FACE_BOUND('',#506,.T.);
#506 = EDGE_LOOP('',(#507,#513,#514));
#507 = ORIENTED_EDGE('',*,*,#508,.T.);
#508 = EDGE_CURVE('',#22,#486,#509,.T.);
#509 = LINE('',#510,#511);
#510 = CARTESIAN_POINT('',(-5.378716096282,26.72757461071,
    17.917155206203));
#511 = VECTOR('',#512,1.);
#512 = DIRECTION('',(-0.497009557607,-0.867745066046,0.));
#513 = ORIENTED_EDGE('',*,*,#494,.F.);
#514 = ORIENTED_EDGE('',*,*,#515,.T.);
#515 = EDGE_CURVE('',#463,#22,#516,.T.);
#516 = LINE('',#517,#518);
#517 = CARTESIAN_POINT('',(-6.68565659523,26.909031558037,
    17.917155206203));
#518 = VECTOR('',#519,1.);
#519 = DIRECTION('',(0.990498733224,-0.137521850923,0.));
#520 = PLANE('',#521);
#521 = AXIS2_PLACEMENT_3D('',#522,#523,#524);
#522 = CARTESIAN_POINT('',(-6.003578049396,26.554778288635,
    17.917155206203));
#523 = DIRECTION('',(-0.,-0.,-1.));
#524 = DIRECTION('',(-1.,0.,0.));
#525 = ADVANCED_FACE('',(#526),#536,.T.);
#526 = FACE_BOUND('',#527,.T.);
#527 = EDGE_LOOP('',(#528,#534,#535));
#528 = ORIENTED_EDGE('',*,*,#529,.T.);
#529 = EDGE_CURVE('',#54,#486,#530,.T.);
#530 = LINE('',#531,#532);
#531 = CARTESIAN_POINT('',(-5.336308240891,26.487082386017,
    17.917155206203));
#532 = VECTOR('',#533,1.);
#533 = DIRECTION('',(-0.673658121458,-0.739043121471,0.));
#534 = ORIENTED_EDGE('',*,*,#508,.F.);
#535 = ORIENTED_EDGE('',*,*,#53,.F.);
#536 = PLANE('',#537);
#537 = AXIS2_PLACEMENT_3D('',#538,#539,#540);
#538 = CARTESIAN_POINT('',(-5.559722289906,26.329787023406,
    17.917155206203));
#539 = DIRECTION('',(-0.,-0.,-1.));
#540 = DIRECTION('',(-1.,0.,0.));
#541 = ADVANCED_FACE('',(#542),#559,.T.);
#542 = FACE_BOUND('',#543,.T.);
#543 = EDGE_LOOP('',(#544,#545,#553));
#544 = ORIENTED_EDGE('',*,*,#515,.F.);
#545 = ORIENTED_EDGE('',*,*,#546,.T.);
#546 = EDGE_CURVE('',#463,#547,#549,.T.);
#547 = VERTEX_POINT('',#548);
#548 = CARTESIAN_POINT('',(-5.959072962403,27.624721884727,
    17.917155206203));
#549 = LINE('',#550,#551);
#550 = CARTESIAN_POINT('',(-6.68565659523,26.909031558037,
    17.917155206203));
#551 = VECTOR('',#552,1.);
#552 = DIRECTION('',(0.712427145795,0.701746080811,0.));
#553 = ORIENTED_EDGE('',*,*,#554,.T.);
#554 = EDGE_CURVE('',#547,#22,#555,.T.);
#555 = LINE('',#556,#557);
#556 = CARTESIAN_POINT('',(-5.959072962403,27.624721884727,
    17.917155206203));
#557 = VECTOR('',#558,1.);
#558 = DIRECTION('',(0.543152193087,-0.839634262727,0.));
#559 = PLANE('',#560);
#560 = AXIS2_PLACEMENT_3D('',#561,#562,#563);
#561 = CARTESIAN_POINT('',(-6.005121751177,27.064747306759,
    17.917155206203));
#562 = DIRECTION('',(-0.,-0.,-1.));
#563 = DIRECTION('',(-1.,0.,0.));
#564 = ADVANCED_FACE('',(#565),#582,.T.);
#565 = FACE_BOUND('',#566,.T.);
#566 = EDGE_LOOP('',(#567,#575,#576));
#567 = ORIENTED_EDGE('',*,*,#568,.T.);
#568 = EDGE_CURVE('',#569,#22,#571,.T.);
#569 = VERTEX_POINT('',#570);
#570 = CARTESIAN_POINT('',(-5.104175335169,28.180859208107,
    17.917155206203));
#571 = LINE('',#572,#573);
#572 = CARTESIAN_POINT('',(-5.104175335169,28.180859208107,
    17.917155206203));
#573 = VECTOR('',#574,1.);
#574 = DIRECTION('',(-0.185627305554,-0.982620223399,0.));
#575 = ORIENTED_EDGE('',*,*,#554,.F.);
#576 = ORIENTED_EDGE('',*,*,#577,.T.);
#577 = EDGE_CURVE('',#547,#569,#578,.T.);
#578 = LINE('',#579,#580);
#579 = CARTESIAN_POINT('',(-5.959072962403,27.624721884727,
    17.917155206203));
#580 = VECTOR('',#581,1.);
#581 = DIRECTION('',(0.83824020858,0.54530115782,0.));
#582 = PLANE('',#583);
#583 = AXIS2_PLACEMENT_3D('',#584,#585,#586);
#584 = CARTESIAN_POINT('',(-5.452434563799,27.499172276674,
    17.917155206203));
#585 = DIRECTION('',(-0.,-0.,-1.));
#586 = DIRECTION('',(-1.,0.,0.));
#587 = ADVANCED_FACE('',(#588),#598,.T.);
#588 = FACE_BOUND('',#589,.T.);
#589 = EDGE_LOOP('',(#590,#591,#592));
#590 = ORIENTED_EDGE('',*,*,#106,.F.);
#591 = ORIENTED_EDGE('',*,*,#568,.F.);
#592 = ORIENTED_EDGE('',*,*,#593,.T.);
#593 = EDGE_CURVE('',#569,#77,#594,.T.);
#594 = LINE('',#595,#596);
#595 = CARTESIAN_POINT('',(-5.104175335169,28.180859208107,
    17.917155206203));
#596 = VECTOR('',#597,1.);
#597 = DIRECTION('',(0.123386119259,-0.992358738347,0.));
#598 = PLANE('',#599);
#599 = AXIS2_PLACEMENT_3D('',#600,#601,#602);
#600 = CARTESIAN_POINT('',(-5.136756658178,27.376876222692,
    17.917155206203));
#601 = DIRECTION('',(-0.,-0.,-1.));
#602 = DIRECTION('',(-1.,0.,0.));
#603 = ADVANCED_FACE('',(#604),#621,.T.);
#604 = FACE_BOUND('',#605,.T.);
#605 = EDGE_LOOP('',(#606,#614,#615));
#606 = ORIENTED_EDGE('',*,*,#607,.T.);
#607 = EDGE_CURVE('',#608,#77,#610,.T.);
#608 = VERTEX_POINT('',#609);
#609 = CARTESIAN_POINT('',(-4.218023180962,27.192393016815,
    17.917155206203));
#610 = LINE('',#611,#612);
#611 = CARTESIAN_POINT('',(-4.218023180962,27.192393016815,
    17.917155206203));
#612 = VECTOR('',#613,1.);
#613 = DIRECTION('',(-0.879884111354,-0.475188331703,0.));
#614 = ORIENTED_EDGE('',*,*,#593,.F.);
#615 = ORIENTED_EDGE('',*,*,#616,.T.);
#616 = EDGE_CURVE('',#569,#608,#617,.T.);
#617 = LINE('',#618,#619);
#618 = CARTESIAN_POINT('',(-5.104175335169,28.180859208107,
    17.917155206203));
#619 = VECTOR('',#620,1.);
#620 = DIRECTION('',(0.667520412615,-0.744591497898,0.));
#621 = PLANE('',#622);
#622 = AXIS2_PLACEMENT_3D('',#623,#624,#625);
#623 = CARTESIAN_POINT('',(-4.781907511851,27.452267527595,
    17.917155206203));
#624 = DIRECTION('',(-0.,-0.,-1.));
#625 = DIRECTION('',(-1.,0.,0.));
#626 = ADVANCED_FACE('',(#627),#644,.T.);
#627 = FACE_BOUND('',#628,.T.);
#628 = EDGE_LOOP('',(#629,#637,#638));
#629 = ORIENTED_EDGE('',*,*,#630,.T.);
#630 = EDGE_CURVE('',#631,#608,#633,.T.);
#631 = VERTEX_POINT('',#632);
#632 = CARTESIAN_POINT('',(-4.155418369174,28.555021810532,
    17.917155206203));
#633 = LINE('',#634,#635);
#634 = CARTESIAN_POINT('',(-4.155418369174,28.555021810532,
    17.917155206203));
#635 = VECTOR('',#636,1.);
#636 = DIRECTION('',(-4.589572844011E-02,-0.998946235846,0.));
#637 = ORIENTED_EDGE('',*,*,#616,.F.);
#638 = ORIENTED_EDGE('',*,*,#639,.T.);
#639 = EDGE_CURVE('',#569,#631,#640,.T.);
#640 = LINE('',#641,#642);
#641 = CARTESIAN_POINT('',(-5.104175335169,28.180859208107,
    17.917155206203));
#642 = VECTOR('',#643,1.);
#643 = DIRECTION('',(0.930271282221,0.36687237764,0.));
#644 = PLANE('',#645);
#645 = AXIS2_PLACEMENT_3D('',#646,#647,#648);
#646 = CARTESIAN_POINT('',(-4.478150487493,27.942601609926,
    17.917155206203));
#647 = DIRECTION('',(-0.,-0.,-1.));
#648 = DIRECTION('',(-1.,0.,0.));
#649 = ADVANCED_FACE('',(#650),#667,.T.);
#650 = FACE_BOUND('',#651,.T.);
#651 = EDGE_LOOP('',(#652,#660,#661));
#652 = ORIENTED_EDGE('',*,*,#653,.T.);
#653 = EDGE_CURVE('',#654,#608,#656,.T.);
#654 = VERTEX_POINT('',#655);
#655 = CARTESIAN_POINT('',(-3.437139174342,27.418142318726,
    17.917155206203));
#656 = LINE('',#657,#658);
#657 = CARTESIAN_POINT('',(-3.437139174342,27.418142318726,
    17.917155206203));
#658 = VECTOR('',#659,1.);
#659 = DIRECTION('',(-0.960661488834,-0.277721990255,0.));
#660 = ORIENTED_EDGE('',*,*,#630,.F.);
#661 = ORIENTED_EDGE('',*,*,#662,.T.);
#662 = EDGE_CURVE('',#631,#654,#663,.T.);
#663 = LINE('',#664,#665);
#664 = CARTESIAN_POINT('',(-4.155418369174,28.555021810532,
    17.917155206203));
#665 = VECTOR('',#666,1.);
#666 = DIRECTION('',(0.534125901423,-0.845404945236,0.));
#667 = PLANE('',#668);
#668 = AXIS2_PLACEMENT_3D('',#669,#670,#671);
#669 = CARTESIAN_POINT('',(-3.954734324005,27.78560474776,
    17.917155206203));
#670 = DIRECTION('',(-0.,-0.,-1.));
#671 = DIRECTION('',(-1.,0.,0.));
#672 = ADVANCED_FACE('',(#673),#690,.T.);
#673 = FACE_BOUND('',#674,.T.);
#674 = EDGE_LOOP('',(#675,#683,#684));
#675 = ORIENTED_EDGE('',*,*,#676,.T.);
#676 = EDGE_CURVE('',#677,#654,#679,.T.);
#677 = VERTEX_POINT('',#678);
#678 = CARTESIAN_POINT('',(-3.151043507457,28.732130670547,
    17.917155206203));
#679 = LINE('',#680,#681);
#680 = CARTESIAN_POINT('',(-3.151043507457,28.732130670547,
    17.917155206203));
#681 = VECTOR('',#682,1.);
#682 = DIRECTION('',(-0.212746339038,-0.977107463499,0.));
#683 = ORIENTED_EDGE('',*,*,#662,.F.);
#684 = ORIENTED_EDGE('',*,*,#685,.T.);
#685 = EDGE_CURVE('',#631,#677,#686,.T.);
#686 = LINE('',#687,#688);
#687 = CARTESIAN_POINT('',(-4.155418369174,28.555021810532,
    17.917155206203));
#688 = VECTOR('',#689,1.);
#689 = DIRECTION('',(0.984805996843,0.173658137102,0.));
#690 = PLANE('',#691);
#691 = AXIS2_PLACEMENT_3D('',#692,#693,#694);
#692 = CARTESIAN_POINT('',(-3.574891375389,28.199320157583,
    17.917155206203));
#693 = DIRECTION('',(-0.,-0.,-1.));
#694 = DIRECTION('',(-1.,0.,0.));
#695 = ADVANCED_FACE('',(#696),#713,.T.);
#696 = FACE_BOUND('',#697,.T.);
#697 = EDGE_LOOP('',(#698,#706,#707));
#698 = ORIENTED_EDGE('',*,*,#699,.T.);
#699 = EDGE_CURVE('',#700,#654,#702,.T.);
#700 = VERTEX_POINT('',#701);
#701 = CARTESIAN_POINT('',(-2.62613800168,27.473105049133,
    17.917155206203));
#702 = LINE('',#703,#704);
#703 = CARTESIAN_POINT('',(-2.62613800168,27.473105049133,
    17.917155206203));
#704 = VECTOR('',#705,1.);
#705 = DIRECTION('',(-0.997711395475,-6.761635408516E-02,0.));
#706 = ORIENTED_EDGE('',*,*,#676,.F.);
#707 = ORIENTED_EDGE('',*,*,#708,.T.);
#708 = EDGE_CURVE('',#677,#700,#709,.T.);
#709 = LINE('',#710,#711);
#710 = CARTESIAN_POINT('',(-3.151043507457,28.732130670547,
    17.917155206203));
#711 = VECTOR('',#712,1.);
#712 = DIRECTION('',(0.384809954468,-0.922995828237,0.));
#713 = PLANE('',#714);
#714 = AXIS2_PLACEMENT_3D('',#715,#716,#717);
#715 = CARTESIAN_POINT('',(-3.076450222206,27.940479806934,
    17.917155206203));
#716 = DIRECTION('',(-0.,-0.,-1.));
#717 = DIRECTION('',(-1.,0.,0.));
#718 = ADVANCED_FACE('',(#719),#736,.T.);
#719 = FACE_BOUND('',#720,.T.);
#720 = EDGE_LOOP('',(#721,#729,#730));
#721 = ORIENTED_EDGE('',*,*,#722,.T.);
#722 = EDGE_CURVE('',#723,#700,#725,.T.);
#723 = VERTEX_POINT('',#724);
#724 = CARTESIAN_POINT('',(-2.131531904638,28.705052018166,
    17.917155206203));
#725 = LINE('',#726,#727);
#726 = CARTESIAN_POINT('',(-2.131531904638,28.705052018166,
    17.917155206203));
#727 = VECTOR('',#728,1.);
#728 = DIRECTION('',(-0.372576990335,-0.928001285707,0.));
#729 = ORIENTED_EDGE('',*,*,#708,.F.);
#730 = ORIENTED_EDGE('',*,*,#731,.T.);
#731 = EDGE_CURVE('',#677,#723,#732,.T.);
#732 = LINE('',#733,#734);
#733 = CARTESIAN_POINT('',(-3.151043507457,28.732130670547,
    17.917155206203));
#734 = VECTOR('',#735,1.);
#735 = DIRECTION('',(0.999647458664,-2.655105244784E-02,0.));
#736 = PLANE('',#737);
#737 = AXIS2_PLACEMENT_3D('',#738,#739,#740);
#738 = CARTESIAN_POINT('',(-2.638303458264,28.267038149685,
    17.917155206203));
#739 = DIRECTION('',(-0.,-0.,-1.));
#740 = DIRECTION('',(-1.,0.,0.));
#741 = ADVANCED_FACE('',(#742),#757,.T.);
#742 = FACE_BOUND('',#743,.T.);
#743 = EDGE_LOOP('',(#744,#750,#751));
#744 = ORIENTED_EDGE('',*,*,#745,.T.);
#745 = EDGE_CURVE('',#155,#700,#746,.T.);
#746 = LINE('',#747,#748);
#747 = CARTESIAN_POINT('',(-1.821935257316,27.354774093628,
    17.917155206203));
#748 = VECTOR('',#749,1.);
#749 = DIRECTION('',(-0.989347471827,0.14557328048,0.));
#750 = ORIENTED_EDGE('',*,*,#722,.F.);
#751 = ORIENTED_EDGE('',*,*,#752,.T.);
#752 = EDGE_CURVE('',#723,#155,#753,.T.);
#753 = LINE('',#754,#755);
#754 = CARTESIAN_POINT('',(-2.131531904638,28.705052018166,
    17.917155206203));
#755 = VECTOR('',#756,1.);
#756 = DIRECTION('',(0.223484487451,-0.97470748631,0.));
#757 = PLANE('',#758);
#758 = AXIS2_PLACEMENT_3D('',#759,#760,#761);
#759 = CARTESIAN_POINT('',(-2.185152522143,27.910176006656,
    17.917155206203));
#760 = DIRECTION('',(-0.,-0.,-1.));
#761 = DIRECTION('',(-1.,0.,0.));
#762 = ADVANCED_FACE('',(#763),#773,.T.);
#763 = FACE_BOUND('',#764,.T.);
#764 = EDGE_LOOP('',(#765,#766,#767));
#765 = ORIENTED_EDGE('',*,*,#154,.F.);
#766 = ORIENTED_EDGE('',*,*,#752,.F.);
#767 = ORIENTED_EDGE('',*,*,#768,.T.);
#768 = EDGE_CURVE('',#723,#123,#769,.T.);
#769 = LINE('',#770,#771);
#770 = CARTESIAN_POINT('',(-2.131531904638,28.705052018166,
    17.917155206203));
#771 = VECTOR('',#772,1.);
#772 = DIRECTION('',(0.510529388322,-0.859860304736,0.));
#773 = PLANE('',#774);
#774 = AXIS2_PLACEMENT_3D('',#775,#776,#777);
#775 = CARTESIAN_POINT('',(-1.825919771693,27.960705992674,
    17.917155206203));
#776 = DIRECTION('',(-0.,-0.,-1.));
#777 = DIRECTION('',(-1.,0.,0.));
#778 = ADVANCED_FACE('',(#779),#796,.T.);
#779 = FACE_BOUND('',#780,.T.);
#780 = EDGE_LOOP('',(#781,#789,#790));
#781 = ORIENTED_EDGE('',*,*,#782,.T.);
#782 = EDGE_CURVE('',#783,#123,#785,.T.);
#783 = VERTEX_POINT('',#784);
#784 = CARTESIAN_POINT('',(-1.137975313514,28.474869847298,
    17.917155206203));
#785 = LINE('',#786,#787);
#786 = CARTESIAN_POINT('',(-1.137975313514,28.474869847298,
    17.917155206203));
#787 = VECTOR('',#788,1.);
#788 = DIRECTION('',(-0.223202267674,-0.974772151687,0.));
#789 = ORIENTED_EDGE('',*,*,#768,.F.);
#790 = ORIENTED_EDGE('',*,*,#791,.T.);
#791 = EDGE_CURVE('',#723,#783,#792,.T.);
#792 = LINE('',#793,#794);
#793 = CARTESIAN_POINT('',(-2.131531904638,28.705052018166,
    17.917155206203));
#794 = VECTOR('',#795,1.);
#795 = DIRECTION('',(0.974197512404,-0.225697157326,0.));
#796 = PLANE('',#797);
#797 = AXIS2_PLACEMENT_3D('',#798,#799,#800);
#798 = CARTESIAN_POINT('',(-1.571112567495,28.183602075333,
    17.917155206203));
#799 = DIRECTION('',(-0.,-0.,-1.));
#800 = DIRECTION('',(-1.,0.,0.));
#801 = ADVANCED_FACE('',(#802),#819,.T.);
#802 = FACE_BOUND('',#803,.T.);
#803 = EDGE_LOOP('',(#804,#812,#813));
#804 = ORIENTED_EDGE('',*,*,#805,.T.);
#805 = EDGE_CURVE('',#806,#123,#808,.T.);
#806 = VERTEX_POINT('',#807);
#807 = CARTESIAN_POINT('',(-0.210420075245,28.050870776176,
    17.917155206203));
#808 = LINE('',#809,#810);
#809 = CARTESIAN_POINT('',(-0.210420075245,28.050870776176,
    17.917155206203));
#810 = VECTOR('',#811,1.);
#811 = DIRECTION('',(-0.883718316287,-0.468019163559,0.));
#812 = ORIENTED_EDGE('',*,*,#782,.F.);
#813 = ORIENTED_EDGE('',*,*,#814,.T.);
#814 = EDGE_CURVE('',#783,#806,#815,.T.);
#815 = LINE('',#816,#817);
#816 = CARTESIAN_POINT('',(-1.137975313514,28.474869847298,
    17.917155206203));
#817 = VECTOR('',#818,1.);
#818 = DIRECTION('',(0.909484181978,-0.41573852688,0.));
#819 = PLANE('',#820);
#820 = AXIS2_PLACEMENT_3D('',#821,#822,#823);
#821 = CARTESIAN_POINT('',(-0.90316920349,27.964422428872,
    17.917155206203));
#822 = DIRECTION('',(-0.,-0.,-1.));
#823 = DIRECTION('',(-1.,0.,0.));
#824 = ADVANCED_FACE('',(#825),#849,.T.);
#825 = FACE_BOUND('',#826,.T.);
#826 = EDGE_LOOP('',(#827,#835,#843));
#827 = ORIENTED_EDGE('',*,*,#828,.T.);
#828 = EDGE_CURVE('',#806,#829,#831,.T.);
#829 = VERTEX_POINT('',#830);
#830 = CARTESIAN_POINT('',(0.613749007136,27.450135278702,
    17.917155206203));
#831 = LINE('',#832,#833);
#832 = CARTESIAN_POINT('',(-0.210420075245,28.050870776176,
    17.917155206203));
#833 = VECTOR('',#834,1.);
#834 = DIRECTION('',(0.808110734575,-0.589030593998,0.));
#835 = ORIENTED_EDGE('',*,*,#836,.T.);
#836 = EDGE_CURVE('',#829,#837,#839,.T.);
#837 = VERTEX_POINT('',#838);
#838 = CARTESIAN_POINT('',(-0.133415299468,26.411121058464,
    17.917155206203));
#839 = LINE('',#840,#841);
#840 = CARTESIAN_POINT('',(0.613749007136,27.450135278702,
    17.917155206203));
#841 = VECTOR('',#842,1.);
#842 = DIRECTION('',(-0.583828126358,-0.811877280673,0.));
#843 = ORIENTED_EDGE('',*,*,#844,.T.);
#844 = EDGE_CURVE('',#837,#806,#845,.T.);
#845 = LINE('',#846,#847);
#846 = CARTESIAN_POINT('',(-0.133415299468,26.411121058464,
    17.917155206203));
#847 = VECTOR('',#848,1.);
#848 = DIRECTION('',(-4.69096005154E-02,0.998899138742,0.));
#849 = PLANE('',#850);
#850 = AXIS2_PLACEMENT_3D('',#851,#852,#853);
#851 = CARTESIAN_POINT('',(5.856520151164E-02,27.267895776618,
    17.917155206203));
#852 = DIRECTION('',(-0.,-0.,-1.));
#853 = DIRECTION('',(-1.,0.,0.));
#854 = ADVANCED_FACE('',(#855),#872,.T.);
#855 = FACE_BOUND('',#856,.T.);
#856 = EDGE_LOOP('',(#857,#865,#866));
#857 = ORIENTED_EDGE('',*,*,#858,.T.);
#858 = EDGE_CURVE('',#859,#806,#861,.T.);
#859 = VERTEX_POINT('',#860);
#860 = CARTESIAN_POINT('',(-0.696662003919,26.858922576904,
    17.917155206203));
#861 = LINE('',#862,#863);
#862 = CARTESIAN_POINT('',(-0.696662003919,26.858922576904,
    17.917155206203));
#863 = VECTOR('',#864,1.);
#864 = DIRECTION('',(0.377718840896,0.925920340652,0.));
#865 = ORIENTED_EDGE('',*,*,#844,.F.);
#866 = ORIENTED_EDGE('',*,*,#867,.T.);
#867 = EDGE_CURVE('',#837,#859,#868,.T.);
#868 = LINE('',#869,#870);
#869 = CARTESIAN_POINT('',(-0.133415299468,26.411121058464,
    17.917155206203));
#870 = VECTOR('',#871,1.);
#871 = DIRECTION('',(-0.782760565799,0.622322984173,0.));
#872 = PLANE('',#873);
#873 = AXIS2_PLACEMENT_3D('',#874,#875,#876);
#874 = CARTESIAN_POINT('',(-0.319235250768,27.192455618754,
    17.917155206203));
#875 = DIRECTION('',(-0.,-0.,-1.));
#876 = DIRECTION('',(-1.,0.,0.));
#877 = ADVANCED_FACE('',(#878),#888,.T.);
#878 = FACE_BOUND('',#879,.T.);
#879 = EDGE_LOOP('',(#880,#881,#882));
#880 = ORIENTED_EDGE('',*,*,#805,.F.);
#881 = ORIENTED_EDGE('',*,*,#858,.F.);
#882 = ORIENTED_EDGE('',*,*,#883,.T.);
#883 = EDGE_CURVE('',#859,#123,#884,.T.);
#884 = LINE('',#885,#886);
#885 = CARTESIAN_POINT('',(-0.696662003919,26.858922576904,
    17.917155206203));
#886 = VECTOR('',#887,1.);
#887 = DIRECTION('',(-0.763835390838,0.645411105966,0.));
#888 = PLANE('',#889);
#889 = AXIS2_PLACEMENT_3D('',#890,#891,#892);
#890 = CARTESIAN_POINT('',(-0.730188951594,27.484683329481,
    17.917155206203));
#891 = DIRECTION('',(-0.,-0.,-1.));
#892 = DIRECTION('',(-1.,0.,0.));
#893 = ADVANCED_FACE('',(#894),#904,.T.);
#894 = FACE_BOUND('',#895,.T.);
#895 = EDGE_LOOP('',(#896,#897,#898));
#896 = ORIENTED_EDGE('',*,*,#207,.F.);
#897 = ORIENTED_EDGE('',*,*,#883,.F.);
#898 = ORIENTED_EDGE('',*,*,#899,.T.);
#899 = EDGE_CURVE('',#859,#178,#900,.T.);
#900 = LINE('',#901,#902);
#901 = CARTESIAN_POINT('',(-0.696662003919,26.858922576904,
    17.917155206203));
#902 = VECTOR('',#903,1.);
#903 = DIRECTION('',(-0.885807784066,0.464052335074,0.));
#904 = PLANE('',#905);
#905 = AXIS2_PLACEMENT_3D('',#906,#907,#908);
#906 = CARTESIAN_POINT('',(-1.07031663326,27.121445046928,
    17.917155206203));
#907 = DIRECTION('',(-0.,-0.,-1.));
#908 = DIRECTION('',(-1.,0.,0.));
#909 = ADVANCED_FACE('',(#910),#927,.T.);
#910 = FACE_BOUND('',#911,.T.);
#911 = EDGE_LOOP('',(#912,#920,#921));
#912 = ORIENTED_EDGE('',*,*,#913,.T.);
#913 = EDGE_CURVE('',#914,#837,#916,.T.);
#914 = VERTEX_POINT('',#915);
#915 = CARTESIAN_POINT('',(0.335591258481,25.8654058218,17.917155206203)
  );
#916 = LINE('',#917,#918);
#917 = CARTESIAN_POINT('',(0.335591258481,25.8654058218,17.917155206203)
  );
#918 = VECTOR('',#919,1.);
#919 = DIRECTION('',(-0.651792743669,0.758397138246,0.));
#920 = ORIENTED_EDGE('',*,*,#836,.F.);
#921 = ORIENTED_EDGE('',*,*,#922,.T.);
#922 = EDGE_CURVE('',#829,#914,#923,.T.);
#923 = LINE('',#924,#925);
#924 = CARTESIAN_POINT('',(0.613749007136,27.450135278702,
    17.917155206203));
#925 = VECTOR('',#926,1.);
#926 = DIRECTION('',(-0.172880899636,-0.984942736681,0.));
#927 = PLANE('',#928);
#928 = AXIS2_PLACEMENT_3D('',#929,#930,#931);
#929 = CARTESIAN_POINT('',(0.316998121168,26.650946190252,
    17.917155206203));
#930 = DIRECTION('',(-0.,-0.,-1.));
#931 = DIRECTION('',(-1.,0.,0.));
#932 = ADVANCED_FACE('',(#933),#950,.T.);
#933 = FACE_BOUND('',#934,.T.);
#934 = EDGE_LOOP('',(#935,#943,#944));
#935 = ORIENTED_EDGE('',*,*,#936,.T.);
#936 = EDGE_CURVE('',#937,#914,#939,.T.);
#937 = VERTEX_POINT('',#938);
#938 = CARTESIAN_POINT('',(1.301313590258,26.696877598763,
    17.917155206203));
#939 = LINE('',#940,#941);
#940 = CARTESIAN_POINT('',(1.301313590258,26.696877598763,
    17.917155206203));
#941 = VECTOR('',#942,1.);
#942 = DIRECTION('',(-0.757816313555,-0.652467956999,0.));
#943 = ORIENTED_EDGE('',*,*,#922,.F.);
#944 = ORIENTED_EDGE('',*,*,#945,.T.);
#945 = EDGE_CURVE('',#829,#937,#946,.T.);
#946 = LINE('',#947,#948);
#947 = CARTESIAN_POINT('',(0.613749007136,27.450135278702,
    17.917155206203));
#948 = VECTOR('',#949,1.);
#949 = DIRECTION('',(0.674166459201,-0.738579437358,0.));
#950 = PLANE('',#951);
#951 = AXIS2_PLACEMENT_3D('',#952,#953,#954);
#952 = CARTESIAN_POINT('',(0.71307991941,26.643433911538,17.917155206203
    ));
#953 = DIRECTION('',(-0.,-0.,-1.));
#954 = DIRECTION('',(-1.,0.,0.));
#955 = ADVANCED_FACE('',(#956),#973,.T.);
#956 = FACE_BOUND('',#957,.T.);
#957 = EDGE_LOOP('',(#958,#966,#967));
#958 = ORIENTED_EDGE('',*,*,#959,.T.);
#959 = EDGE_CURVE('',#960,#914,#962,.T.);
#960 = VERTEX_POINT('',#961);
#961 = CARTESIAN_POINT('',(0.693628836423,25.241238796711,
    17.917155206203));
#962 = LINE('',#963,#964);
#963 = CARTESIAN_POINT('',(0.693628836423,25.241238796711,
    17.917155206203));
#964 = VECTOR('',#965,1.);
#965 = DIRECTION('',(-0.497574266534,0.86742137931,0.));
#966 = ORIENTED_EDGE('',*,*,#936,.F.);
#967 = ORIENTED_EDGE('',*,*,#968,.T.);
#968 = EDGE_CURVE('',#937,#960,#969,.T.);
#969 = LINE('',#970,#971);
#970 = CARTESIAN_POINT('',(1.301313590258,26.696877598763,
    17.917155206203));
#971 = VECTOR('',#972,1.);
#972 = DIRECTION('',(-0.385246538283,-0.922813689073,0.));
#973 = PLANE('',#974);
#974 = AXIS2_PLACEMENT_3D('',#975,#976,#977);
#975 = CARTESIAN_POINT('',(0.836302502209,25.996654203774,
    17.917155206203));
#976 = DIRECTION('',(-0.,-0.,-1.));
#977 = DIRECTION('',(-1.,0.,0.));
#978 = ADVANCED_FACE('',(#979),#996,.T.);
#979 = FACE_BOUND('',#980,.T.);
#980 = EDGE_LOOP('',(#981,#989,#990));
#981 = ORIENTED_EDGE('',*,*,#982,.T.);
#982 = EDGE_CURVE('',#983,#960,#985,.T.);
#983 = VERTEX_POINT('',#984);
#984 = CARTESIAN_POINT('',(1.824560460448,25.821464705467,
    17.917155206203));
#985 = LINE('',#986,#987);
#986 = CARTESIAN_POINT('',(1.824560460448,25.821464705467,
    17.917155206203));
#987 = VECTOR('',#988,1.);
#988 = DIRECTION('',(-0.889734082284,-0.456479203055,0.));
#989 = ORIENTED_EDGE('',*,*,#968,.F.);
#990 = ORIENTED_EDGE('',*,*,#991,.T.);
#991 = EDGE_CURVE('',#937,#983,#992,.T.);
#992 = LINE('',#993,#994);
#993 = CARTESIAN_POINT('',(1.301313590258,26.696877598763,
    17.917155206203));
#994 = VECTOR('',#995,1.);
#995 = DIRECTION('',(0.513052466369,-0.858357248908,0.));
#996 = PLANE('',#997);
#997 = AXIS2_PLACEMENT_3D('',#998,#999,#1000);
#998 = CARTESIAN_POINT('',(1.232519265212,25.901720332358,
    17.917155206203));
#999 = DIRECTION('',(-0.,-0.,-1.));
#1000 = DIRECTION('',(-1.,0.,0.));
#1001 = ADVANCED_FACE('',(#1002),#1019,.T.);
#1002 = FACE_BOUND('',#1003,.T.);
#1003 = EDGE_LOOP('',(#1004,#1012,#1013));
#1004 = ORIENTED_EDGE('',*,*,#1005,.T.);
#1005 = EDGE_CURVE('',#1006,#960,#1008,.T.);
#1006 = VERTEX_POINT('',#1007);
#1007 = CARTESIAN_POINT('',(0.927926134318,24.560890305042,
    17.917155206203));
#1008 = LINE('',#1009,#1010);
#1009 = CARTESIAN_POINT('',(0.927926134318,24.560890305042,
    17.917155206203));
#1010 = VECTOR('',#1011,1.);
#1011 = DIRECTION('',(-0.325611049711,0.945503804491,0.));
#1012 = ORIENTED_EDGE('',*,*,#982,.F.);
#1013 = ORIENTED_EDGE('',*,*,#1014,.T.);
#1014 = EDGE_CURVE('',#983,#1006,#1015,.T.);
#1015 = LINE('',#1016,#1017);
#1016 = CARTESIAN_POINT('',(1.824560460448,25.821464705467,
    17.917155206203));
#1017 = VECTOR('',#1018,1.);
#1018 = DIRECTION('',(-0.579620753381,-0.814886361556,0.));
#1019 = PLANE('',#1020);
#1020 = AXIS2_PLACEMENT_3D('',#1021,#1022,#1023);
#1021 = CARTESIAN_POINT('',(1.219132105227,25.254395134636,
    17.917155206203));
#1022 = DIRECTION('',(-0.,-0.,-1.));
#1023 = DIRECTION('',(-1.,0.,0.));
#1024 = ADVANCED_FACE('',(#1025),#1042,.T.);
#1025 = FACE_BOUND('',#1026,.T.);
#1026 = EDGE_LOOP('',(#1027,#1035,#1036));
#1027 = ORIENTED_EDGE('',*,*,#1028,.T.);
#1028 = EDGE_CURVE('',#1029,#1006,#1031,.T.);
#1029 = VERTEX_POINT('',#1030);
#1030 = CARTESIAN_POINT('',(2.162399993837,24.859174847603,
    17.917155206203));
#1031 = LINE('',#1032,#1033);
#1032 = CARTESIAN_POINT('',(2.162399993837,24.859174847603,
    17.917155206203));
#1033 = VECTOR('',#1034,1.);
#1034 = DIRECTION('',(-0.972026848415,-0.234869763827,0.));
#1035 = ORIENTED_EDGE('',*,*,#1014,.F.);
#1036 = ORIENTED_EDGE('',*,*,#1037,.T.);
#1037 = EDGE_CURVE('',#983,#1029,#1038,.T.);
#1038 = LINE('',#1039,#1040);
#1039 = CARTESIAN_POINT('',(1.824560460448,25.821464705467,
    17.917155206203));
#1040 = VECTOR('',#1041,1.);
#1041 = DIRECTION('',(0.331257049173,-0.943540548876,0.));
#1042 = PLANE('',#1043);
#1043 = AXIS2_PLACEMENT_3D('',#1044,#1045,#1046);
#1044 = CARTESIAN_POINT('',(1.596225946053,25.071560224156,
    17.917155206203));
#1045 = DIRECTION('',(-0.,-0.,-1.));
#1046 = DIRECTION('',(-1.,0.,0.));
#1047 = ADVANCED_FACE('',(#1048),#1065,.T.);
#1048 = FACE_BOUND('',#1049,.T.);
#1049 = EDGE_LOOP('',(#1050,#1058,#1059));
#1050 = ORIENTED_EDGE('',*,*,#1051,.T.);
#1051 = EDGE_CURVE('',#1052,#1006,#1054,.T.);
#1052 = VERTEX_POINT('',#1053);
#1053 = CARTESIAN_POINT('',(3.022551622987,15.892151629925,
    17.917155206203));
#1054 = LINE('',#1055,#1056);
#1055 = CARTESIAN_POINT('',(3.022551622987,15.892151629925,
    17.917155206203));
#1056 = VECTOR('',#1057,1.);
#1057 = DIRECTION('',(-0.234870592947,0.972026648075,0.));
#1058 = ORIENTED_EDGE('',*,*,#1028,.F.);
#1059 = ORIENTED_EDGE('',*,*,#1060,.T.);
#1060 = EDGE_CURVE('',#1029,#1052,#1061,.T.);
#1061 = LINE('',#1062,#1063);
#1062 = CARTESIAN_POINT('',(2.162399993837,24.859174847603,
    17.917155206203));
#1063 = VECTOR('',#1064,1.);
#1064 = DIRECTION('',(9.548558253373E-02,-0.995430813029,0.));
#1065 = PLANE('',#1066);
#1066 = AXIS2_PLACEMENT_3D('',#1067,#1068,#1069);
#1067 = CARTESIAN_POINT('',(2.236433102158,20.593129382122,
    17.917155206203));
#1068 = DIRECTION('',(-0.,-0.,-1.));
#1069 = DIRECTION('',(-1.,0.,0.));
#1070 = ADVANCED_FACE('',(#1071),#1088,.T.);
#1071 = FACE_BOUND('',#1072,.T.);
#1072 = EDGE_LOOP('',(#1073,#1081,#1082));
#1073 = ORIENTED_EDGE('',*,*,#1074,.T.);
#1074 = EDGE_CURVE('',#1075,#1052,#1077,.T.);
#1075 = VERTEX_POINT('',#1076);
#1076 = CARTESIAN_POINT('',(3.489791226387,15.796212112904,
    17.917155206203));
#1077 = LINE('',#1078,#1079);
#1078 = CARTESIAN_POINT('',(3.489791226387,15.796212112904,
    17.917155206203));
#1079 = VECTOR('',#1080,1.);
#1080 = DIRECTION('',(-0.979563272159,0.201136261864,0.));
#1081 = ORIENTED_EDGE('',*,*,#1060,.F.);
#1082 = ORIENTED_EDGE('',*,*,#1083,.T.);
#1083 = EDGE_CURVE('',#1029,#1075,#1084,.T.);
#1084 = LINE('',#1085,#1086);
#1085 = CARTESIAN_POINT('',(2.162399993837,24.859174847603,
    17.917155206203));
#1086 = VECTOR('',#1087,1.);
#1087 = DIRECTION('',(0.144917180889,-0.989443788541,0.));
#1088 = PLANE('',#1089);
#1089 = AXIS2_PLACEMENT_3D('',#1090,#1091,#1092);
#1090 = CARTESIAN_POINT('',(2.72422556632,20.236168921201,
    17.917155206203));
#1091 = DIRECTION('',(-0.,-0.,-1.));
#1092 = DIRECTION('',(-1.,0.,0.));
#1093 = ADVANCED_FACE('',(#1094),#1111,.T.);
#1094 = FACE_BOUND('',#1095,.T.);
#1095 = EDGE_LOOP('',(#1096,#1104,#1105));
#1096 = ORIENTED_EDGE('',*,*,#1097,.T.);
#1097 = EDGE_CURVE('',#1098,#1075,#1100,.T.);
#1098 = VERTEX_POINT('',#1099);
#1099 = CARTESIAN_POINT('',(3.953011649847,15.682439684868,
    17.917155206203));
#1100 = LINE('',#1101,#1102);
#1101 = CARTESIAN_POINT('',(3.953011649847,15.682439684868,
    17.917155206203));
#1102 = VECTOR('',#1103,1.);
#1103 = DIRECTION('',(-0.971136912415,0.238522739682,0.));
#1104 = ORIENTED_EDGE('',*,*,#1083,.F.);
#1105 = ORIENTED_EDGE('',*,*,#1106,.T.);
#1106 = EDGE_CURVE('',#1029,#1098,#1107,.T.);
#1107 = LINE('',#1108,#1109);
#1108 = CARTESIAN_POINT('',(2.162399993837,24.859174847603,
    17.917155206203));
#1109 = VECTOR('',#1110,1.);
#1110 = DIRECTION('',(0.191513366417,-0.98149000529,0.));
#1111 = PLANE('',#1112);
#1112 = AXIS2_PLACEMENT_3D('',#1113,#1114,#1115);
#1113 = CARTESIAN_POINT('',(2.962643527221,20.184408605855,
    17.917155206203));
#1114 = DIRECTION('',(-0.,-0.,-1.));
#1115 = DIRECTION('',(-1.,0.,0.));
#1116 = ADVANCED_FACE('',(#1117),#1134,.T.);
#1117 = FACE_BOUND('',#1118,.T.);
#1118 = EDGE_LOOP('',(#1119,#1127,#1128));
#1119 = ORIENTED_EDGE('',*,*,#1120,.T.);
#1120 = EDGE_CURVE('',#1121,#1098,#1123,.T.);
#1121 = VERTEX_POINT('',#1122);
#1122 = CARTESIAN_POINT('',(4.411532747746,15.550999367237,
    17.917155206203));
#1123 = LINE('',#1124,#1125);
#1124 = CARTESIAN_POINT('',(4.411532747746,15.550999367237,
    17.917155206203));
#1125 = VECTOR('',#1126,1.);
#1126 = DIRECTION('',(-0.961283074446,0.275562789187,0.));
#1127 = ORIENTED_EDGE('',*,*,#1106,.F.);
#1128 = ORIENTED_EDGE('',*,*,#1129,.T.);
#1129 = EDGE_CURVE('',#1029,#1121,#1130,.T.);
#1130 = LINE('',#1131,#1132);
#1131 = CARTESIAN_POINT('',(2.162399993837,24.859174847603,
    17.917155206203));
#1132 = VECTOR('',#1133,1.);
#1133 = DIRECTION('',(0.234870621118,-0.972026641268,0.));
#1134 = PLANE('',#1135);
#1135 = AXIS2_PLACEMENT_3D('',#1136,#1137,#1138);
#1136 = CARTESIAN_POINT('',(3.198500470483,20.123958315168,
    17.917155206203));
#1137 = DIRECTION('',(-0.,-0.,-1.));
#1138 = DIRECTION('',(-1.,0.,0.));
#1139 = ADVANCED_FACE('',(#1140),#1157,.T.);
#1140 = FACE_BOUND('',#1141,.T.);
#1141 = EDGE_LOOP('',(#1142,#1143,#1151));
#1142 = ORIENTED_EDGE('',*,*,#86,.F.);
#1143 = ORIENTED_EDGE('',*,*,#1144,.T.);
#1144 = EDGE_CURVE('',#79,#1145,#1147,.T.);
#1145 = VERTEX_POINT('',#1146);
#1146 = CARTESIAN_POINT('',(-5.072343233228,26.705867481232,
    28.839155387878));
#1147 = LINE('',#1148,#1149);
#1148 = CARTESIAN_POINT('',(-4.933246830106,26.806130862236,
    28.839155387878));
#1149 = VECTOR('',#1150,1.);
#1150 = DIRECTION('',(-0.811219040979,-0.584742394182,0.));
#1151 = ORIENTED_EDGE('',*,*,#1152,.T.);
#1152 = EDGE_CURVE('',#1145,#24,#1153,.T.);
#1153 = LINE('',#1154,#1155);
#1154 = CARTESIAN_POINT('',(-5.072343233228,26.705867481232,
    28.839155387878));
#1155 = VECTOR('',#1156,1.);
#1156 = DIRECTION('',(-0.997499408001,7.067482605442E-02,0.));
#1157 = PLANE('',#1158);
#1158 = AXIS2_PLACEMENT_3D('',#1159,#1160,#1161);
#1159 = CARTESIAN_POINT('',(-5.150712485469,26.748314128303,
    28.839155387878));
#1160 = DIRECTION('',(-0.,-0.,-1.));
#1161 = DIRECTION('',(-1.,0.,0.));
#1162 = ADVANCED_FACE('',(#1163),#1180,.T.);
#1163 = FACE_BOUND('',#1164,.T.);
#1164 = EDGE_LOOP('',(#1165,#1173,#1174));
#1165 = ORIENTED_EDGE('',*,*,#1166,.T.);
#1166 = EDGE_CURVE('',#1167,#24,#1169,.T.);
#1167 = VERTEX_POINT('',#1168);
#1168 = CARTESIAN_POINT('',(-5.206788000464,26.599445319176,
    28.839155387878));
#1169 = LINE('',#1170,#1171);
#1170 = CARTESIAN_POINT('',(-5.206788000464,26.599445319176,
    28.839155387878));
#1171 = VECTOR('',#1172,1.);
#1172 = DIRECTION('',(-0.801824718543,0.59755930311,0.));
#1173 = ORIENTED_EDGE('',*,*,#1152,.F.);
#1174 = ORIENTED_EDGE('',*,*,#1175,.T.);
#1175 = EDGE_CURVE('',#1145,#1167,#1176,.T.);
#1176 = LINE('',#1177,#1178);
#1177 = CARTESIAN_POINT('',(-5.072343233228,26.705867481232,
    28.839155387878));
#1178 = VECTOR('',#1179,1.);
#1179 = DIRECTION('',(-0.784083510605,-0.620655337847,0.));
#1180 = PLANE('',#1181);
#1181 = AXIS2_PLACEMENT_3D('',#1182,#1183,#1184);
#1182 = CARTESIAN_POINT('',(-5.225059066235,26.684407011369,
    28.839155387878));
#1183 = DIRECTION('',(-0.,-0.,-1.));
#1184 = DIRECTION('',(-1.,0.,0.));
#1185 = ADVANCED_FACE('',(#1186),#1196,.T.);
#1186 = FACE_BOUND('',#1187,.T.);
#1187 = EDGE_LOOP('',(#1188,#1189,#1190));
#1188 = ORIENTED_EDGE('',*,*,#31,.F.);
#1189 = ORIENTED_EDGE('',*,*,#1166,.F.);
#1190 = ORIENTED_EDGE('',*,*,#1191,.T.);
#1191 = EDGE_CURVE('',#1167,#32,#1192,.T.);
#1192 = LINE('',#1193,#1194);
#1193 = CARTESIAN_POINT('',(-5.206788000464,26.599445319176,
    28.839155387878));
#1194 = VECTOR('',#1195,1.);
#1195 = DIRECTION('',(-0.755365545023,-0.655303665023,0.));
#1196 = PLANE('',#1197);
#1197 = AXIS2_PLACEMENT_3D('',#1198,#1199,#1200);
#1198 = CARTESIAN_POINT('',(-5.312080726938,26.609013205538,
    28.839155387878));
#1199 = DIRECTION('',(-0.,-0.,-1.));
#1200 = DIRECTION('',(-1.,0.,0.));
#1201 = ADVANCED_FACE('',(#1202),#1226,.T.);
#1202 = FACE_BOUND('',#1203,.T.);
#1203 = EDGE_LOOP('',(#1204,#1214,#1220));
#1204 = ORIENTED_EDGE('',*,*,#1205,.T.);
#1205 = EDGE_CURVE('',#1206,#1208,#1210,.T.);
#1206 = VERTEX_POINT('',#1207);
#1207 = CARTESIAN_POINT('',(2.227417676151,16.01316986084,
    28.839155387878));
#1208 = VERTEX_POINT('',#1209);
#1209 = CARTESIAN_POINT('',(3.022551622987,15.892151629925,
    28.839155387878));
#1210 = LINE('',#1211,#1212);
#1211 = CARTESIAN_POINT('',(2.227417676151,16.01316986084,
    28.839155387878));
#1212 = VECTOR('',#1213,1.);
#1213 = DIRECTION('',(0.988615215047,-0.150465798696,0.));
#1214 = ORIENTED_EDGE('',*,*,#1215,.T.);
#1215 = EDGE_CURVE('',#1208,#1052,#1216,.T.);
#1216 = LINE('',#1217,#1218);
#1217 = CARTESIAN_POINT('',(3.022551622987,15.892151629925,
    28.839155387878));
#1218 = VECTOR('',#1219,1.);
#1219 = DIRECTION('',(0.,0.,-1.));
#1220 = ORIENTED_EDGE('',*,*,#1221,.T.);
#1221 = EDGE_CURVE('',#1052,#1206,#1222,.T.);
#1222 = LINE('',#1223,#1224);
#1223 = CARTESIAN_POINT('',(3.022551622987,15.892151629925,
    17.917155206203));
#1224 = VECTOR('',#1225,1.);
#1225 = DIRECTION('',(-7.260453634173E-02,1.105030489448E-02,
    0.997299589925));
#1226 = PLANE('',#1227);
#1227 = AXIS2_PLACEMENT_3D('',#1228,#1229,#1230);
#1228 = CARTESIAN_POINT('',(2.816458873807,15.923518646777,
    23.571834517555));
#1229 = DIRECTION('',(0.150465798696,0.988615215047,0.));
#1230 = DIRECTION('',(0.988615215047,-0.150465798696,0.));
#1231 = ADVANCED_FACE('',(#1232),#1249,.T.);
#1232 = FACE_BOUND('',#1233,.T.);
#1233 = EDGE_LOOP('',(#1234,#1242,#1243));
#1234 = ORIENTED_EDGE('',*,*,#1235,.T.);
#1235 = EDGE_CURVE('',#1236,#1206,#1238,.T.);
#1236 = VERTEX_POINT('',#1237);
#1237 = CARTESIAN_POINT('',(2.195760436356,16.01690479517,
    11.694155842066));
#1238 = LINE('',#1239,#1240);
#1239 = CARTESIAN_POINT('',(2.195760436356,16.01690479517,
    11.694155842066));
#1240 = VECTOR('',#1241,1.);
#1241 = DIRECTION('',(1.8464383737E-03,-2.178435680071E-04,
    0.999998271603));
#1242 = ORIENTED_EDGE('',*,*,#1221,.F.);
#1243 = ORIENTED_EDGE('',*,*,#1244,.T.);
#1244 = EDGE_CURVE('',#1052,#1236,#1245,.T.);
#1245 = LINE('',#1246,#1247);
#1246 = CARTESIAN_POINT('',(3.022551622987,15.892151629925,
    17.917155206203));
#1247 = VECTOR('',#1248,1.);
#1248 = DIRECTION('',(-0.13167723969,1.986856259199E-02,-0.991093509598)
  );
#1249 = PLANE('',#1250);
#1250 = AXIS2_PLACEMENT_3D('',#1251,#1252,#1253);
#1251 = CARTESIAN_POINT('',(2.415909557435,15.984112599311,
    20.260448358176));
#1252 = DIRECTION('',(0.149647823647,0.988739361594,-6.092507906603E-05)
  );
#1253 = DIRECTION('',(0.988739363429,-0.149647823925,3.999858983524E-17)
  );
#1254 = ADVANCED_FACE('',(#1255),#1272,.T.);
#1255 = FACE_BOUND('',#1256,.T.);
#1256 = EDGE_LOOP('',(#1257,#1265,#1266));
#1257 = ORIENTED_EDGE('',*,*,#1258,.T.);
#1258 = EDGE_CURVE('',#1259,#1206,#1261,.T.);
#1259 = VERTEX_POINT('',#1260);
#1260 = CARTESIAN_POINT('',(1.426127786934,16.082578778267,
    28.839155387878));
#1261 = LINE('',#1262,#1263);
#1262 = CARTESIAN_POINT('',(1.426127786934,16.082578778267,
    28.839155387878));
#1263 = VECTOR('',#1264,1.);
#1264 = DIRECTION('',(0.996269340521,-8.629832638845E-02,0.));
#1265 = ORIENTED_EDGE('',*,*,#1235,.F.);
#1266 = ORIENTED_EDGE('',*,*,#1267,.T.);
#1267 = EDGE_CURVE('',#1236,#1259,#1268,.T.);
#1268 = LINE('',#1269,#1270);
#1269 = CARTESIAN_POINT('',(2.195760436356,16.01690479517,
    11.694155842066));
#1270 = VECTOR('',#1271,1.);
#1271 = DIRECTION('',(-4.484413971074E-02,3.82662205869E-03,
    0.998986666626));
#1272 = PLANE('',#1273);
#1273 = AXIS2_PLACEMENT_3D('',#1274,#1275,#1276);
#1274 = CARTESIAN_POINT('',(2.006941401451,16.032752840952,
    20.463022564768));
#1275 = DIRECTION('',(8.629832624481E-02,0.996269338864,
    5.768642601443E-05));
#1276 = DIRECTION('',(0.996269340521,-8.62983263884E-02,
    8.470329472543E-22));
#1277 = ADVANCED_FACE('',(#1278),#1295,.T.);
#1278 = FACE_BOUND('',#1279,.T.);
#1279 = EDGE_LOOP('',(#1280,#1288,#1289));
#1280 = ORIENTED_EDGE('',*,*,#1281,.T.);
#1281 = EDGE_CURVE('',#1282,#1259,#1284,.T.);
#1282 = VERTEX_POINT('',#1283);
#1283 = CARTESIAN_POINT('',(0.622027755156,16.100089216232,
    11.694155842066));
#1284 = LINE('',#1285,#1286);
#1285 = CARTESIAN_POINT('',(0.622027755156,16.100089216232,
    11.694155842066));
#1286 = VECTOR('',#1287,1.);
#1287 = DIRECTION('',(4.684845372205E-02,-1.020192650484E-03,
    0.99890148743));
#1288 = ORIENTED_EDGE('',*,*,#1267,.F.);
#1289 = ORIENTED_EDGE('',*,*,#1290,.T.);
#1290 = EDGE_CURVE('',#1236,#1282,#1291,.T.);
#1291 = LINE('',#1292,#1293);
#1292 = CARTESIAN_POINT('',(2.195760436356,16.01690479517,
    11.694155842066));
#1293 = VECTOR('',#1294,1.);
#1294 = DIRECTION('',(-0.998605934492,5.278434992337E-02,0.));
#1295 = PLANE('',#1296);
#1296 = AXIS2_PLACEMENT_3D('',#1297,#1298,#1299);
#1297 = CARTESIAN_POINT('',(1.417116666445,16.070010203764,
    19.890364860218));
#1298 = DIRECTION('',(5.278429399724E-02,0.998604876449,
    -1.455692295173E-03));
#1299 = DIRECTION('',(0.998605934492,-5.278434992335E-02,
    -3.001884765069E-17));
#1300 = ADVANCED_FACE('',(#1301),#1318,.T.);
#1301 = FACE_BOUND('',#1302,.T.);
#1302 = EDGE_LOOP('',(#1303,#1311,#1312));
#1303 = ORIENTED_EDGE('',*,*,#1304,.T.);
#1304 = EDGE_CURVE('',#1305,#1259,#1307,.T.);
#1305 = VERTEX_POINT('',#1306);
#1306 = CARTESIAN_POINT('',(0.622027755156,16.100089216232,
    28.839155387878));
#1307 = LINE('',#1308,#1309);
#1308 = CARTESIAN_POINT('',(0.622027755156,16.100089216232,
    28.839155387878));
#1309 = VECTOR('',#1310,1.);
#1310 = DIRECTION('',(0.999762977576,-2.177128081966E-02,0.));
#1311 = ORIENTED_EDGE('',*,*,#1281,.F.);
#1312 = ORIENTED_EDGE('',*,*,#1313,.T.);
#1313 = EDGE_CURVE('',#1282,#1305,#1314,.T.);
#1314 = LINE('',#1315,#1316);
#1315 = CARTESIAN_POINT('',(0.622027755156,16.100089216232,
    11.694155842066));
#1316 = VECTOR('',#1317,1.);
#1317 = DIRECTION('',(0.,0.,1.));
#1318 = PLANE('',#1319);
#1319 = AXIS2_PLACEMENT_3D('',#1320,#1321,#1322);
#1320 = CARTESIAN_POINT('',(0.827765323264,16.095608983946,
    20.463014604237));
#1321 = DIRECTION('',(2.177128081966E-02,0.999762977576,0.));
#1322 = DIRECTION('',(0.999762977576,-2.177128081966E-02,0.));
#1323 = ADVANCED_FACE('',(#1324),#1341,.T.);
#1324 = FACE_BOUND('',#1325,.T.);
#1325 = EDGE_LOOP('',(#1326,#1334,#1335));
#1326 = ORIENTED_EDGE('',*,*,#1327,.T.);
#1327 = EDGE_CURVE('',#1328,#1236,#1330,.T.);
#1328 = VERTEX_POINT('',#1329);
#1329 = CARTESIAN_POINT('',(3.746365091205,15.73552056551,
    11.694155842066));
#1330 = LINE('',#1331,#1332);
#1331 = CARTESIAN_POINT('',(3.746365091205,15.73552056551,
    11.694155842066));
#1332 = VECTOR('',#1333,1.);
#1333 = DIRECTION('',(-0.983930595039,0.178551348765,0.));
#1334 = ORIENTED_EDGE('',*,*,#1244,.F.);
#1335 = ORIENTED_EDGE('',*,*,#1336,.T.);
#1336 = EDGE_CURVE('',#1052,#1328,#1337,.T.);
#1337 = LINE('',#1338,#1339);
#1338 = CARTESIAN_POINT('',(3.022551622987,15.892151629925,
    17.917155206203));
#1339 = VECTOR('',#1340,1.);
#1340 = DIRECTION('',(0.115497665368,-2.499334850526E-02,-0.992993263736
    ));
#1341 = PLANE('',#1342);
#1342 = AXIS2_PLACEMENT_3D('',#1343,#1344,#1345);
#1343 = CARTESIAN_POINT('',(2.993604471064,15.883352634806,
    14.458425307935));
#1344 = DIRECTION('',(0.178549922181,0.98392273366,-3.997433584058E-03)
  );
#1345 = DIRECTION('',(0.983930595039,-0.178551348765,-1.084202172486E-19
    ));
#1346 = ADVANCED_FACE('',(#1347),#1357,.T.);
#1347 = FACE_BOUND('',#1348,.T.);
#1348 = EDGE_LOOP('',(#1349,#1355,#1356));
#1349 = ORIENTED_EDGE('',*,*,#1350,.T.);
#1350 = EDGE_CURVE('',#1075,#1328,#1351,.T.);
#1351 = LINE('',#1352,#1353);
#1352 = CARTESIAN_POINT('',(3.489791226387,15.796212112904,
    17.917155206203));
#1353 = VECTOR('',#1354,1.);
#1354 = DIRECTION('',(4.119298126264E-02,-9.744039114704E-03,
    -0.999103694316));
#1355 = ORIENTED_EDGE('',*,*,#1336,.F.);
#1356 = ORIENTED_EDGE('',*,*,#1074,.F.);
#1357 = PLANE('',#1358);
#1358 = AXIS2_PLACEMENT_3D('',#1359,#1360,#1361);
#1359 = CARTESIAN_POINT('',(3.49191112305,15.791919777565,
    14.920062871075));
#1360 = DIRECTION('',(0.201136102042,0.979562493805,-1.26062948163E-03)
  );
#1361 = DIRECTION('',(0.979563272159,-0.201136261864,-6.899862625698E-16
    ));
#1362 = ADVANCED_FACE('',(#1363),#1373,.T.);
#1363 = FACE_BOUND('',#1364,.T.);
#1364 = EDGE_LOOP('',(#1365,#1371,#1372));
#1365 = ORIENTED_EDGE('',*,*,#1366,.T.);
#1366 = EDGE_CURVE('',#1098,#1328,#1367,.T.);
#1367 = LINE('',#1368,#1369);
#1368 = CARTESIAN_POINT('',(3.953011649847,15.682439684868,
    17.917155206203));
#1369 = VECTOR('',#1370,1.);
#1370 = DIRECTION('',(-3.318740715822E-02,8.524781684022E-03,
    -0.999412789644));
#1371 = ORIENTED_EDGE('',*,*,#1350,.F.);
#1372 = ORIENTED_EDGE('',*,*,#1097,.F.);
#1373 = PLANE('',#1374);
#1374 = AXIS2_PLACEMENT_3D('',#1375,#1376,#1377);
#1375 = CARTESIAN_POINT('',(3.733405639178,15.737497646327,
    14.920419009042));
#1376 = DIRECTION('',(0.238522723968,0.971136848435,3.629920140644E-04)
  );
#1377 = DIRECTION('',(0.971136912415,-0.238522739682,-8.99887803163E-17)
  );
#1378 = ADVANCED_FACE('',(#1379),#1389,.T.);
#1379 = FACE_BOUND('',#1380,.T.);
#1380 = EDGE_LOOP('',(#1381,#1382,#1383));
#1381 = ORIENTED_EDGE('',*,*,#1366,.F.);
#1382 = ORIENTED_EDGE('',*,*,#1120,.F.);
#1383 = ORIENTED_EDGE('',*,*,#1384,.T.);
#1384 = EDGE_CURVE('',#1121,#1328,#1385,.T.);
#1385 = LINE('',#1386,#1387);
#1386 = CARTESIAN_POINT('',(4.411532747746,15.550999367237,
    17.917155206203));
#1387 = VECTOR('',#1388,1.);
#1388 = DIRECTION('',(-0.106237002526,2.947073390322E-02,-0.993904007003
    ));
#1389 = PLANE('',#1390);
#1390 = AXIS2_PLACEMENT_3D('',#1391,#1392,#1393);
#1391 = CARTESIAN_POINT('',(3.972642518286,15.673847168274,
    14.920130767058));
#1392 = DIRECTION('',(0.275562664566,0.961282639712,-9.510441693609E-04)
  );
#1393 = DIRECTION('',(0.961283074445,-0.275562789187,1.700571107544E-16)
  );
#1394 = ADVANCED_FACE('',(#1395),#1412,.T.);
#1395 = FACE_BOUND('',#1396,.T.);
#1396 = EDGE_LOOP('',(#1397,#1405,#1406));
#1397 = ORIENTED_EDGE('',*,*,#1398,.T.);
#1398 = EDGE_CURVE('',#1399,#1328,#1401,.T.);
#1399 = VERTEX_POINT('',#1400);
#1400 = CARTESIAN_POINT('',(5.248982766271,15.260446608067,
    11.694155842066));
#1401 = LINE('',#1402,#1403);
#1402 = CARTESIAN_POINT('',(5.248982766271,15.260446608067,
    11.694155842066));
#1403 = VECTOR('',#1404,1.);
#1404 = DIRECTION('',(-0.95348000378,0.301456269452,0.));
#1405 = ORIENTED_EDGE('',*,*,#1384,.F.);
#1406 = ORIENTED_EDGE('',*,*,#1407,.T.);
#1407 = EDGE_CURVE('',#1121,#1399,#1408,.T.);
#1408 = LINE('',#1409,#1410);
#1409 = CARTESIAN_POINT('',(4.411532747746,15.550999367237,
    17.917155206203));
#1410 = VECTOR('',#1411,1.);
#1411 = DIRECTION('',(0.133228559672,-4.622356529537E-02,-0.990006834774
    ));
#1412 = PLANE('',#1413);
#1413 = AXIS2_PLACEMENT_3D('',#1414,#1415,#1416);
#1414 = CARTESIAN_POINT('',(4.460065033706,15.521326274055,
    14.458453366517));
#1415 = DIRECTION('',(0.301453917583,0.953472565023,-3.950104163212E-03)
  );
#1416 = DIRECTION('',(0.95348000378,-0.301456269452,-5.102255423717E-16)
  );
#1417 = ADVANCED_FACE('',(#1418),#1435,.T.);
#1418 = FACE_BOUND('',#1419,.T.);
#1419 = EDGE_LOOP('',(#1420,#1428,#1429));
#1420 = ORIENTED_EDGE('',*,*,#1421,.T.);
#1421 = EDGE_CURVE('',#1422,#1399,#1424,.T.);
#1422 = VERTEX_POINT('',#1423);
#1423 = CARTESIAN_POINT('',(4.411532747746,15.550999367237,
    36.967156720161));
#1424 = LINE('',#1425,#1426);
#1425 = CARTESIAN_POINT('',(4.411532747746,15.550999367237,
    36.967156720161));
#1426 = VECTOR('',#1427,1.);
#1427 = DIRECTION('',(3.311578992946E-02,-1.148950256525E-02,
    -0.999385479076));
#1428 = ORIENTED_EDGE('',*,*,#1407,.F.);
#1429 = ORIENTED_EDGE('',*,*,#1430,.T.);
#1430 = EDGE_CURVE('',#1121,#1422,#1431,.T.);
#1431 = LINE('',#1432,#1433);
#1432 = CARTESIAN_POINT('',(4.411532747746,15.550999367237,
    17.917155206203));
#1433 = VECTOR('',#1434,1.);
#1434 = DIRECTION('',(0.,0.,1.));
#1435 = PLANE('',#1436);
#1436 = AXIS2_PLACEMENT_3D('',#1437,#1438,#1439);
#1437 = CARTESIAN_POINT('',(4.672691073905,15.460390649621,
    24.318837569703));
#1438 = DIRECTION('',(0.327781638781,0.944753511387,0.));
#1439 = DIRECTION('',(0.944753511387,-0.327781638781,0.));
#1440 = ADVANCED_FACE('',(#1441),#1458,.T.);
#1441 = FACE_BOUND('',#1442,.T.);
#1442 = EDGE_LOOP('',(#1443,#1451,#1452));
#1443 = ORIENTED_EDGE('',*,*,#1444,.T.);
#1444 = EDGE_CURVE('',#1445,#1399,#1447,.T.);
#1445 = VERTEX_POINT('',#1446);
#1446 = CARTESIAN_POINT('',(5.889756396413,14.991422331333,
    36.967156720161));
#1447 = LINE('',#1448,#1449);
#1448 = CARTESIAN_POINT('',(5.889756396413,14.991422331333,
    36.967156720161));
#1449 = VECTOR('',#1450,1.);
#1450 = DIRECTION('',(-2.534449760797E-02,1.064070807134E-02,
    -0.999622144499));
#1451 = ORIENTED_EDGE('',*,*,#1421,.F.);
#1452 = ORIENTED_EDGE('',*,*,#1453,.T.);
#1453 = EDGE_CURVE('',#1422,#1445,#1454,.T.);
#1454 = LINE('',#1455,#1456);
#1455 = CARTESIAN_POINT('',(4.411532747746,15.550999367237,
    36.967156720161));
#1456 = VECTOR('',#1457,1.);
#1457 = DIRECTION('',(0.935234069063,-0.354029993171,0.));
#1458 = PLANE('',#1459);
#1459 = AXIS2_PLACEMENT_3D('',#1460,#1461,#1462);
#1460 = CARTESIAN_POINT('',(5.198281045903,15.266007908124,
    24.713638206835));
#1461 = DIRECTION('',(0.354029823439,0.935233620687,9.792099227766E-04)
  );
#1462 = DIRECTION('',(0.935234069063,-0.35402999317,5.799939521711E-16)
  );
#1463 = ADVANCED_FACE('',(#1464),#1481,.T.);
#1464 = FACE_BOUND('',#1465,.T.);
#1465 = EDGE_LOOP('',(#1466,#1474,#1475));
#1466 = ORIENTED_EDGE('',*,*,#1467,.T.);
#1467 = EDGE_CURVE('',#1468,#1399,#1470,.T.);
#1468 = VERTEX_POINT('',#1469);
#1469 = CARTESIAN_POINT('',(6.679519766569,14.599299645424,
    11.694155842066));
#1470 = LINE('',#1471,#1472);
#1471 = CARTESIAN_POINT('',(6.679519766569,14.599299645424,
    11.694155842066));
#1472 = VECTOR('',#1473,1.);
#1473 = DIRECTION('',(-0.907742182555,0.419528461503,0.));
#1474 = ORIENTED_EDGE('',*,*,#1444,.F.);
#1475 = ORIENTED_EDGE('',*,*,#1476,.T.);
#1476 = EDGE_CURVE('',#1445,#1468,#1477,.T.);
#1477 = LINE('',#1478,#1479);
#1478 = CARTESIAN_POINT('',(5.889756396413,14.991422331333,
    36.967156720161));
#1479 = VECTOR('',#1480,1.);
#1480 = DIRECTION('',(3.123028971871E-02,-1.550604339095E-02,
    -0.999391930937));
#1481 = PLANE('',#1482);
#1482 = AXIS2_PLACEMENT_3D('',#1483,#1484,#1485);
#1483 = CARTESIAN_POINT('',(5.928169426793,14.959699230935,
    23.948768972429));
#1484 = DIRECTION('',(0.41952826247,0.907741751902,-9.740861222847E-04)
  );
#1485 = DIRECTION('',(0.907742182554,-0.419528461503,5.300122320195E-16)
  );
#1486 = ADVANCED_FACE('',(#1487),#1504,.T.);
#1487 = FACE_BOUND('',#1488,.T.);
#1488 = EDGE_LOOP('',(#1489,#1497,#1498));
#1489 = ORIENTED_EDGE('',*,*,#1490,.T.);
#1490 = EDGE_CURVE('',#1491,#1468,#1493,.T.);
#1491 = VERTEX_POINT('',#1492);
#1492 = CARTESIAN_POINT('',(7.2851385355,14.249006104469,36.967156720161
    ));
#1493 = LINE('',#1494,#1495);
#1494 = CARTESIAN_POINT('',(7.2851385355,14.249006104469,36.967156720161
    ));
#1495 = VECTOR('',#1496,1.);
#1496 = DIRECTION('',(-2.395389650988E-02,1.385507791135E-02,
    -0.999617050504));
#1497 = ORIENTED_EDGE('',*,*,#1476,.F.);
#1498 = ORIENTED_EDGE('',*,*,#1499,.T.);
#1499 = EDGE_CURVE('',#1445,#1491,#1500,.T.);
#1500 = LINE('',#1501,#1502);
#1501 = CARTESIAN_POINT('',(5.889756396413,14.991422331333,
    36.967156720161));
#1502 = VECTOR('',#1503,1.);
#1503 = DIRECTION('',(0.882822102928,-0.469707498963,0.));
#1504 = PLANE('',#1505);
#1505 = AXIS2_PLACEMENT_3D('',#1506,#1507,#1508);
#1506 = CARTESIAN_POINT('',(6.63205027517,14.610094135576,
    24.713638575053));
#1507 = DIRECTION('',(0.469707273124,0.882821678461,9.806192541977E-04)
  );
#1508 = DIRECTION('',(0.882822102928,-0.469707498963,3.199480611005E-16)
  );
#1509 = ADVANCED_FACE('',(#1510),#1527,.T.);
#1510 = FACE_BOUND('',#1511,.T.);
#1511 = EDGE_LOOP('',(#1512,#1520,#1521));
#1512 = ORIENTED_EDGE('',*,*,#1513,.T.);
#1513 = EDGE_CURVE('',#1514,#1468,#1516,.T.);
#1514 = VERTEX_POINT('',#1515);
#1515 = CARTESIAN_POINT('',(8.015041899681,13.762678897381,
    11.694155842066));
#1516 = LINE('',#1517,#1518);
#1517 = CARTESIAN_POINT('',(8.015041899681,13.762678897381,
    11.694155842066));
#1518 = VECTOR('',#1519,1.);
#1519 = DIRECTION('',(-0.847450455155,0.530874491813,0.));
#1520 = ORIENTED_EDGE('',*,*,#1490,.F.);
#1521 = ORIENTED_EDGE('',*,*,#1522,.T.);
#1522 = EDGE_CURVE('',#1491,#1514,#1523,.T.);
#1523 = LINE('',#1524,#1525);
#1524 = CARTESIAN_POINT('',(7.2851385355,14.249006104469,36.967156720161
    ));
#1525 = VECTOR('',#1526,1.);
#1526 = DIRECTION('',(2.886337955747E-02,-1.923137699613E-02,
    -0.999398348738));
#1527 = PLANE('',#1528);
#1528 = AXIS2_PLACEMENT_3D('',#1529,#1530,#1531);
#1529 = CARTESIAN_POINT('',(7.317184109799,14.213947728435,
    23.948768560528));
#1530 = DIRECTION('',(0.530874239278,0.847450052026,-9.75393617131E-04)
  );
#1531 = DIRECTION('',(0.847450455155,-0.530874491813,5.421010862428E-20)
  );
#1532 = ADVANCED_FACE('',(#1533),#1550,.T.);
#1533 = FACE_BOUND('',#1534,.T.);
#1534 = EDGE_LOOP('',(#1535,#1543,#1544));
#1535 = ORIENTED_EDGE('',*,*,#1536,.T.);
#1536 = EDGE_CURVE('',#1537,#1514,#1539,.T.);
#1537 = VERTEX_POINT('',#1538);
#1538 = CARTESIAN_POINT('',(8.575174558163,13.335727608204,
    36.967156720161));
#1539 = LINE('',#1540,#1541);
#1540 = CARTESIAN_POINT('',(8.575174558163,13.335727608204,
    36.967156720161));
#1541 = VECTOR('',#1542,1.);
#1542 = DIRECTION('',(-2.215468147923E-02,1.688701716573E-02,
    -0.999611924068));
#1543 = ORIENTED_EDGE('',*,*,#1522,.F.);
#1544 = ORIENTED_EDGE('',*,*,#1545,.T.);
#1545 = EDGE_CURVE('',#1491,#1537,#1546,.T.);
#1546 = LINE('',#1547,#1548);
#1547 = CARTESIAN_POINT('',(7.2851385355,14.249006104469,36.967156720161
    ));
#1548 = VECTOR('',#1549,1.);
#1549 = DIRECTION('',(0.816172773651,-0.577807929637,0.));
#1550 = PLANE('',#1551);
#1551 = AXIS2_PLACEMENT_3D('',#1552,#1553,#1554);
#1552 = CARTESIAN_POINT('',(7.971279473733,13.777996417123,
    24.713638620959));
#1553 = DIRECTION('',(0.577807651066,0.81617238016,9.81953600875E-04));
#1554 = DIRECTION('',(0.816172773651,-0.577807929637,-1.499451604547E-16
    ));
#1555 = ADVANCED_FACE('',(#1556),#1573,.T.);
#1556 = FACE_BOUND('',#1557,.T.);
#1557 = EDGE_LOOP('',(#1558,#1566,#1567));
#1558 = ORIENTED_EDGE('',*,*,#1559,.T.);
#1559 = EDGE_CURVE('',#1560,#1514,#1562,.T.);
#1560 = VERTEX_POINT('',#1561);
#1561 = CARTESIAN_POINT('',(9.234136122465,12.763998031616,
    11.694155842066));
#1562 = LINE('',#1563,#1564);
#1563 = CARTESIAN_POINT('',(9.234136122465,12.763998031616,
    11.694155842066));
#1564 = VECTOR('',#1565,1.);
#1565 = DIRECTION('',(-0.773571484617,0.633709048529,0.));
#1566 = ORIENTED_EDGE('',*,*,#1536,.F.);
#1567 = ORIENTED_EDGE('',*,*,#1568,.T.);
#1568 = EDGE_CURVE('',#1537,#1560,#1569,.T.);
#1569 = LINE('',#1570,#1571);
#1570 = CARTESIAN_POINT('',(8.575174558163,13.335727608204,
    36.967156720161));
#1571 = VECTOR('',#1572,1.);
#1572 = DIRECTION('',(2.605821557432E-02,-2.260868215085E-02,
    -0.999404731274));
#1573 = PLANE('',#1574);
#1574 = AXIS2_PLACEMENT_3D('',#1575,#1576,#1577);
#1575 = CARTESIAN_POINT('',(8.600659096647,13.298414103684,
    23.948768286237));
#1576 = DIRECTION('',(0.633708746277,0.773571115656,-9.766857436037E-04)
  );
#1577 = DIRECTION('',(0.773571484617,-0.633709048529,3.899333113344E-16)
  );
#1578 = ADVANCED_FACE('',(#1579),#1596,.T.);
#1579 = FACE_BOUND('',#1580,.T.);
#1580 = EDGE_LOOP('',(#1581,#1589,#1590));
#1581 = ORIENTED_EDGE('',*,*,#1582,.T.);
#1582 = EDGE_CURVE('',#1583,#1560,#1585,.T.);
#1583 = VERTEX_POINT('',#1584);
#1584 = CARTESIAN_POINT('',(9.739060032368,12.26631462574,
    36.967156720161));
#1585 = LINE('',#1586,#1587);
#1586 = CARTESIAN_POINT('',(9.739060032368,12.26631462574,
    36.967156720161));
#1587 = VECTOR('',#1588,1.);
#1588 = DIRECTION('',(-1.997093093523E-02,1.968455193235E-02,
    -0.999606762849));
#1589 = ORIENTED_EDGE('',*,*,#1568,.F.);
#1590 = ORIENTED_EDGE('',*,*,#1591,.T.);
#1591 = EDGE_CURVE('',#1537,#1583,#1592,.T.);
#1592 = LINE('',#1593,#1594);
#1593 = CARTESIAN_POINT('',(8.575174558163,13.335727608204,
    36.967156720161));
#1594 = VECTOR('',#1595,1.);
#1595 = DIRECTION('',(0.736360112321,-0.676589820336,0.));
#1596 = PLANE('',#1597);
#1597 = AXIS2_PLACEMENT_3D('',#1598,#1599,#1600);
#1598 = CARTESIAN_POINT('',(9.19443106259,12.783096817211,
    24.713639069245));
#1599 = DIRECTION('',(0.676589493328,0.736359756425,9.831764449793E-04)
  );
#1600 = DIRECTION('',(0.736360112321,-0.676589820336,4.000706016472E-17)
  );
#1601 = ADVANCED_FACE('',(#1602),#1619,.T.);
#1602 = FACE_BOUND('',#1603,.T.);
#1603 = EDGE_LOOP('',(#1604,#1612,#1613));
#1604 = ORIENTED_EDGE('',*,*,#1605,.T.);
#1605 = EDGE_CURVE('',#1606,#1560,#1608,.T.);
#1606 = VERTEX_POINT('',#1607);
#1607 = CARTESIAN_POINT('',(10.317257237434,11.619270181656,
    11.694155842066));
#1608 = LINE('',#1609,#1610);
#1609 = CARTESIAN_POINT('',(10.317257237434,11.619270181656,
    11.694155842066));
#1610 = VECTOR('',#1611,1.);
#1611 = DIRECTION('',(-0.687290417092,0.72638273835,0.));
#1612 = ORIENTED_EDGE('',*,*,#1582,.F.);
#1613 = ORIENTED_EDGE('',*,*,#1614,.T.);
#1614 = EDGE_CURVE('',#1583,#1606,#1615,.T.);
#1615 = LINE('',#1616,#1617);
#1616 = CARTESIAN_POINT('',(9.739060032368,12.26631462574,
    36.967156720161));
#1617 = VECTOR('',#1618,1.);
#1618 = DIRECTION('',(2.286458568294E-02,-2.558712322161E-02,
    -0.999411081511));
#1619 = PLANE('',#1620);
#1620 = AXIS2_PLACEMENT_3D('',#1621,#1622,#1623);
#1621 = CARTESIAN_POINT('',(9.757957660182,12.22781873746,
    23.948768139749));
#1622 = DIRECTION('',(0.72638239102,0.687290088455,-9.779196792043E-04)
  );
#1623 = DIRECTION('',(-0.687290417092,0.72638273835,3.299227210873E-16)
  );
#1624 = ADVANCED_FACE('',(#1625),#1642,.T.);
#1625 = FACE_BOUND('',#1626,.T.);
#1626 = EDGE_LOOP('',(#1627,#1635,#1636));
#1627 = ORIENTED_EDGE('',*,*,#1628,.T.);
#1628 = EDGE_CURVE('',#1629,#1606,#1631,.T.);
#1629 = VERTEX_POINT('',#1630);
#1630 = CARTESIAN_POINT('',(10.758021879196,11.058015680313,
    36.967156720161));
#1631 = LINE('',#1632,#1633);
#1632 = CARTESIAN_POINT('',(10.758021879196,11.058015680313,
    36.967156720161));
#1633 = VECTOR('',#1634,1.);
#1634 = DIRECTION('',(-1.743319004554E-02,2.21988232693E-02,
    -0.999601568691));
#1635 = ORIENTED_EDGE('',*,*,#1614,.F.);
#1636 = ORIENTED_EDGE('',*,*,#1637,.T.);
#1637 = EDGE_CURVE('',#1583,#1629,#1638,.T.);
#1638 = LINE('',#1639,#1640);
#1639 = CARTESIAN_POINT('',(9.739060032368,12.26631462574,
    36.967156720161));
#1640 = VECTOR('',#1641,1.);
#1641 = DIRECTION('',(0.644671205089,-0.764459964503,0.));
#1642 = PLANE('',#1643);
#1643 = AXIS2_PLACEMENT_3D('',#1644,#1645,#1646);
#1644 = CARTESIAN_POINT('',(10.281834243209,11.641395602854,
    24.713638991795));
#1645 = DIRECTION('',(0.764459594137,0.644670892759,9.843580275351E-04)
  );
#1646 = DIRECTION('',(-0.64467120509,0.764459964503,-5.099002817199E-16)
  );
#1647 = ADVANCED_FACE('',(#1648),#1665,.T.);
#1648 = FACE_BOUND('',#1649,.T.);
#1649 = EDGE_LOOP('',(#1650,#1658,#1659));
#1650 = ORIENTED_EDGE('',*,*,#1651,.T.);
#1651 = EDGE_CURVE('',#1652,#1606,#1654,.T.);
#1652 = VERTEX_POINT('',#1653);
#1653 = CARTESIAN_POINT('',(11.24703938961,10.346847546101,
    11.694155842066));
#1654 = LINE('',#1655,#1656);
#1655 = CARTESIAN_POINT('',(11.24703938961,10.346847546101,
    11.694155842066));
#1656 = VECTOR('',#1657,1.);
#1657 = DIRECTION('',(-0.589989636351,0.807410817985,0.));
#1658 = ORIENTED_EDGE('',*,*,#1628,.F.);
#1659 = ORIENTED_EDGE('',*,*,#1660,.T.);
#1660 = EDGE_CURVE('',#1629,#1652,#1661,.T.);
#1661 = LINE('',#1662,#1663);
#1662 = CARTESIAN_POINT('',(10.758021879196,11.058015680313,
    36.967156720161));
#1663 = VECTOR('',#1664,1.);
#1664 = DIRECTION('',(1.9338131197E-02,-2.812304751805E-02,
    -0.999417395726));
#1665 = PLANE('',#1666);
#1666 = AXIS2_PLACEMENT_3D('',#1667,#1668,#1669);
#1667 = CARTESIAN_POINT('',(10.770470427951,11.019376213011,
    23.948767856247));
#1668 = DIRECTION('',(0.807410431009,0.589989353581,-9.790601858572E-04)
  );
#1669 = DIRECTION('',(-0.589989636351,0.807410817985,2.699663409489E-16)
  );
#1670 = ADVANCED_FACE('',(#1671),#1688,.T.);
#1671 = FACE_BOUND('',#1672,.T.);
#1672 = EDGE_LOOP('',(#1673,#1681,#1682));
#1673 = ORIENTED_EDGE('',*,*,#1674,.T.);
#1674 = EDGE_CURVE('',#1675,#1652,#1677,.T.);
#1675 = VERTEX_POINT('',#1676);
#1676 = CARTESIAN_POINT('',(11.615626841784,9.730316925049,
    36.967156720161));
#1677 = LINE('',#1678,#1679);
#1678 = CARTESIAN_POINT('',(11.615626841784,9.730316925049,
    36.967156720161));
#1679 = VECTOR('',#1680,1.);
#1680 = DIRECTION('',(-1.457835063471E-02,2.438498521243E-02,
    -0.999596340624));
#1681 = ORIENTED_EDGE('',*,*,#1660,.F.);
#1682 = ORIENTED_EDGE('',*,*,#1683,.T.);
#1683 = EDGE_CURVE('',#1629,#1675,#1684,.T.);
#1684 = LINE('',#1685,#1686);
#1685 = CARTESIAN_POINT('',(10.758021879196,11.058015680313,
    36.967156720161));
#1686 = VECTOR('',#1687,1.);
#1687 = DIRECTION('',(0.542584741844,-0.840001070188,0.));
#1688 = PLANE('',#1689);
#1689 = AXIS2_PLACEMENT_3D('',#1690,#1691,#1692);
#1690 = CARTESIAN_POINT('',(11.216000775461,10.371252797407,
    24.713639243757));
#1691 = DIRECTION('',(0.840000662289,0.542584478369,9.854880947804E-04)
  );
#1692 = DIRECTION('',(-0.542584741845,0.840001070188,-4.80030511868E-16)
  );
#1693 = ADVANCED_FACE('',(#1694),#1711,.T.);
#1694 = FACE_BOUND('',#1695,.T.);
#1695 = EDGE_LOOP('',(#1696,#1704,#1705));
#1696 = ORIENTED_EDGE('',*,*,#1697,.T.);
#1697 = EDGE_CURVE('',#1698,#1652,#1700,.T.);
#1698 = VERTEX_POINT('',#1699);
#1699 = CARTESIAN_POINT('',(12.008573877811,8.967130708694,
    11.694155842066));
#1700 = LINE('',#1701,#1702);
#1701 = CARTESIAN_POINT('',(12.008573877811,8.967130708694,
    11.694155842066));
#1702 = VECTOR('',#1703,1.);
#1703 = DIRECTION('',(-0.483228823912,0.875494091208,0.));
#1704 = ORIENTED_EDGE('',*,*,#1674,.F.);
#1705 = ORIENTED_EDGE('',*,*,#1706,.T.);
#1706 = EDGE_CURVE('',#1675,#1698,#1707,.T.);
#1707 = LINE('',#1708,#1709);
#1708 = CARTESIAN_POINT('',(11.615626841784,9.730316925049,
    36.967156720161));
#1709 = VECTOR('',#1710,1.);
#1710 = DIRECTION('',(1.553913496119E-02,-3.018028520162E-02,
    -0.999423676761));
#1711 = PLANE('',#1712);
#1712 = AXIS2_PLACEMENT_3D('',#1713,#1714,#1715);
#1713 = CARTESIAN_POINT('',(11.621916728195,9.692516111373,
    23.948767726837));
#1714 = DIRECTION('',(0.875493670687,0.483228591805,-9.801272819173E-04)
  );
#1715 = DIRECTION('',(-0.483228823912,0.875494091208,-4.299945816078E-16
    ));
#1716 = ADVANCED_FACE('',(#1717),#1734,.T.);
#1717 = FACE_BOUND('',#1718,.T.);
#1718 = EDGE_LOOP('',(#1719,#1727,#1728));
#1719 = ORIENTED_EDGE('',*,*,#1720,.T.);
#1720 = EDGE_CURVE('',#1721,#1698,#1723,.T.);
#1721 = VERTEX_POINT('',#1722);
#1722 = CARTESIAN_POINT('',(12.298044914007,8.304631781578,
    36.967156720161));
#1723 = LINE('',#1724,#1725);
#1724 = CARTESIAN_POINT('',(12.298044914007,8.304631781578,
    36.967156720161));
#1725 = VECTOR('',#1726,1.);
#1726 = DIRECTION('',(-1.144908221891E-02,2.620298315914E-02,
    -0.999591077486));
#1727 = ORIENTED_EDGE('',*,*,#1706,.F.);
#1728 = ORIENTED_EDGE('',*,*,#1729,.T.);
#1729 = EDGE_CURVE('',#1675,#1721,#1730,.T.);
#1730 = LINE('',#1731,#1732);
#1731 = CARTESIAN_POINT('',(11.615626841784,9.730316925049,
    36.967156720161));
#1732 = VECTOR('',#1733,1.);
#1733 = DIRECTION('',(0.431748275114,-0.901994139081,0.));
#1734 = PLANE('',#1735);
#1735 = AXIS2_PLACEMENT_3D('',#1736,#1737,#1738);
#1736 = CARTESIAN_POINT('',(11.981906994143,8.993094373851,
    24.713639603963));
#1737 = DIRECTION('',(0.901993700187,0.431748065033,9.864906408968E-04)
  );
#1738 = DIRECTION('',(-0.431748275114,0.901994139081,1.000176504118E-16)
  );
#1739 = ADVANCED_FACE('',(#1740),#1757,.T.);
#1740 = FACE_BOUND('',#1741,.T.);
#1741 = EDGE_LOOP('',(#1742,#1750,#1751));
#1742 = ORIENTED_EDGE('',*,*,#1743,.T.);
#1743 = EDGE_CURVE('',#1744,#1698,#1746,.T.);
#1744 = VERTEX_POINT('',#1745);
#1745 = CARTESIAN_POINT('',(12.589653658867,7.502242380381,
    11.694155842066));
#1746 = LINE('',#1747,#1748);
#1747 = CARTESIAN_POINT('',(12.589653658867,7.502242380381,
    11.694155842066));
#1748 = VECTOR('',#1749,1.);
#1749 = DIRECTION('',(-0.368722107014,0.929539675215,0.));
#1750 = ORIENTED_EDGE('',*,*,#1720,.F.);
#1751 = ORIENTED_EDGE('',*,*,#1752,.T.);
#1752 = EDGE_CURVE('',#1721,#1744,#1753,.T.);
#1753 = LINE('',#1754,#1755);
#1754 = CARTESIAN_POINT('',(12.298044914007,8.304631781578,
    36.967156720161));
#1755 = VECTOR('',#1756,1.);
#1756 = DIRECTION('',(1.153177288087E-02,-3.173077796786E-02,
    -0.999429925479));
#1757 = PLANE('',#1758);
#1758 = AXIS2_PLACEMENT_3D('',#1759,#1760,#1761);
#1759 = CARTESIAN_POINT('',(12.298606849221,8.268573622057,
    23.948767678227));
#1760 = DIRECTION('',(0.929539227795,0.368721929535,-9.811577522043E-04)
  );
#1761 = DIRECTION('',(-0.368722107014,0.929539675215,-1.199669703855E-16
    ));
#1762 = ADVANCED_FACE('',(#1763),#1780,.T.);
#1763 = FACE_BOUND('',#1764,.T.);
#1764 = EDGE_LOOP('',(#1765,#1773,#1774));
#1765 = ORIENTED_EDGE('',*,*,#1766,.T.);
#1766 = EDGE_CURVE('',#1767,#1744,#1769,.T.);
#1767 = VERTEX_POINT('',#1768);
#1768 = CARTESIAN_POINT('',(12.794269621372,6.80395424366,
    36.967156720161));
#1769 = LINE('',#1770,#1771);
#1770 = CARTESIAN_POINT('',(12.794269621372,6.80395424366,
    36.967156720161));
#1771 = VECTOR('',#1772,1.);
#1772 = DIRECTION('',(-8.092873792716E-03,2.761836218562E-02,
    -0.999585779943));
#1773 = ORIENTED_EDGE('',*,*,#1752,.F.);
#1774 = ORIENTED_EDGE('',*,*,#1775,.T.);
#1775 = EDGE_CURVE('',#1721,#1767,#1776,.T.);
#1776 = LINE('',#1777,#1778);
#1777 = CARTESIAN_POINT('',(12.298044914007,8.304631781578,
    36.967156720161));
#1778 = VECTOR('',#1779,1.);
#1779 = DIRECTION('',(0.313948578615,-0.949439987564,0.));
#1780 = PLANE('',#1781);
#1781 = AXIS2_PLACEMENT_3D('',#1782,#1783,#1784);
#1782 = CARTESIAN_POINT('',(12.567236946177,7.529084828176,
    24.713639742325));
#1783 = DIRECTION('',(0.949439524679,0.313948425555,9.874561016519E-04)
  );
#1784 = DIRECTION('',(-0.313948578616,0.949439987564,-7.900039129816E-16
    ));
#1785 = ADVANCED_FACE('',(#1786),#1803,.T.);
#1786 = FACE_BOUND('',#1787,.T.);
#1787 = EDGE_LOOP('',(#1788,#1796,#1797));
#1788 = ORIENTED_EDGE('',*,*,#1789,.T.);
#1789 = EDGE_CURVE('',#1790,#1744,#1792,.T.);
#1790 = VERTEX_POINT('',#1791);
#1791 = CARTESIAN_POINT('',(12.980960321426,5.975667077303,
    11.694155842066));
#1792 = LINE('',#1793,#1794);
#1793 = CARTESIAN_POINT('',(12.980960321426,5.975667077303,
    11.694155842066));
#1794 = VECTOR('',#1795,1.);
#1795 = DIRECTION('',(-0.248302173401,0.968682626397,0.));
#1796 = ORIENTED_EDGE('',*,*,#1766,.F.);
#1797 = ORIENTED_EDGE('',*,*,#1798,.T.);
#1798 = EDGE_CURVE('',#1767,#1790,#1799,.T.);
#1799 = LINE('',#1800,#1801);
#1800 = CARTESIAN_POINT('',(12.794269621372,6.80395424366,
    36.967156720161));
#1801 = VECTOR('',#1802,1.);
#1802 = DIRECTION('',(7.382796898806E-03,-3.275511807138E-02,
    -0.999436139306));
#1803 = PLANE('',#1804);
#1804 = AXIS2_PLACEMENT_3D('',#1805,#1806,#1807);
#1805 = CARTESIAN_POINT('',(12.789659977186,6.77044460267,
    23.948767393785));
#1806 = DIRECTION('',(0.968682159209,0.248302053647,-9.821332299602E-04)
  );
#1807 = DIRECTION('',(-0.248302173401,0.968682626397,1.699486905371E-16)
  );
#1808 = ADVANCED_FACE('',(#1809),#1826,.T.);
#1809 = FACE_BOUND('',#1810,.T.);
#1810 = EDGE_LOOP('',(#1811,#1819,#1820));
#1811 = ORIENTED_EDGE('',*,*,#1812,.T.);
#1812 = EDGE_CURVE('',#1813,#1790,#1815,.T.);
#1813 = VERTEX_POINT('',#1814);
#1814 = CARTESIAN_POINT('',(13.096295154095,5.25248644352,
    36.967156720161));
#1815 = LINE('',#1816,#1817);
#1816 = CARTESIAN_POINT('',(13.096295154095,5.25248644352,
    36.967156720161));
#1817 = VECTOR('',#1818,1.);
#1818 = DIRECTION('',(-4.561644436192E-03,2.860274591933E-02,
    -0.999580449151));
#1819 = ORIENTED_EDGE('',*,*,#1798,.F.);
#1820 = ORIENTED_EDGE('',*,*,#1821,.T.);
#1821 = EDGE_CURVE('',#1767,#1813,#1822,.T.);
#1822 = LINE('',#1823,#1824);
#1823 = CARTESIAN_POINT('',(12.794269621372,6.80395424366,
    36.967156720161));
#1824 = VECTOR('',#1825,1.);
#1825 = DIRECTION('',(0.191083778234,-0.981573731156,0.));
#1826 = PLANE('',#1827);
#1827 = AXIS2_PLACEMENT_3D('',#1828,#1829,#1830);
#1828 = CARTESIAN_POINT('',(12.962575410408,6.002767247122,
    24.713639886203));
#1829 = DIRECTION('',(0.981573251743,0.191083684906,9.883445869764E-04)
  );
#1830 = DIRECTION('',(-0.191083778234,0.981573731156,2.600187860163E-16)
  );
#1831 = ADVANCED_FACE('',(#1832),#1849,.T.);
#1832 = FACE_BOUND('',#1833,.T.);
#1833 = EDGE_LOOP('',(#1834,#1842,#1843));
#1834 = ORIENTED_EDGE('',*,*,#1835,.T.);
#1835 = EDGE_CURVE('',#1836,#1790,#1838,.T.);
#1836 = VERTEX_POINT('',#1837);
#1837 = CARTESIAN_POINT('',(13.176223051548,4.41188133657,
    11.694155842066));
#1838 = LINE('',#1839,#1840);
#1839 = CARTESIAN_POINT('',(13.176223051548,4.41188133657,
    11.694155842066));
#1840 = VECTOR('',#1841,1.);
#1841 = DIRECTION('',(-0.123903224306,0.992294306648,0.));
#1842 = ORIENTED_EDGE('',*,*,#1812,.F.);
#1843 = ORIENTED_EDGE('',*,*,#1844,.T.);
#1844 = EDGE_CURVE('',#1813,#1836,#1845,.T.);
#1845 = LINE('',#1846,#1847);
#1846 = CARTESIAN_POINT('',(13.096295154095,5.25248644352,
    36.967156720161));
#1847 = VECTOR('',#1848,1.);
#1848 = DIRECTION('',(3.160816698207E-03,-3.324244404398E-02,
    -0.999442319072));
#1849 = PLANE('',#1850);
#1850 = AXIS2_PLACEMENT_3D('',#1851,#1852,#1853);
#1851 = CARTESIAN_POINT('',(13.087179182237,5.222216953211,
    23.94876721259));
#1852 = DIRECTION('',(0.992293827292,0.123903164451,-9.829332754365E-04)
  );
#1853 = DIRECTION('',(-0.123903224306,0.992294306648,-2.000353008236E-17
    ));
#1854 = ADVANCED_FACE('',(#1855),#1872,.T.);
#1855 = FACE_BOUND('',#1856,.T.);
#1856 = EDGE_LOOP('',(#1857,#1865,#1866));
#1857 = ORIENTED_EDGE('',*,*,#1858,.T.);
#1858 = EDGE_CURVE('',#1859,#1836,#1861,.T.);
#1859 = VERTEX_POINT('',#1860);
#1860 = CARTESIAN_POINT('',(13.199254894257,3.675251457095,
    36.967156720161));
#1861 = LINE('',#1862,#1863);
#1862 = CARTESIAN_POINT('',(13.199254894257,3.675251457095,
    36.967156720161));
#1863 = VECTOR('',#1864,1.);
#1864 = DIRECTION('',(-9.109348048476E-04,2.913452492683E-02,
    -0.999575084551));
#1865 = ORIENTED_EDGE('',*,*,#1844,.F.);
#1866 = ORIENTED_EDGE('',*,*,#1867,.T.);
#1867 = EDGE_CURVE('',#1813,#1859,#1868,.T.);
#1868 = LINE('',#1869,#1870);
#1869 = CARTESIAN_POINT('',(13.096295154095,5.25248644352,
    36.967156720161));
#1870 = VECTOR('',#1871,1.);
#1871 = DIRECTION('',(6.513998771238E-02,-0.9978761356,0.));
#1872 = PLANE('',#1873);
#1873 = AXIS2_PLACEMENT_3D('',#1874,#1875,#1876);
#1874 = CARTESIAN_POINT('',(13.161566282523,4.43868835128,
    24.713639975002));
#1875 = DIRECTION('',(0.997875647339,6.513995583935E-02,
    9.892423534214E-04));
#1876 = DIRECTION('',(-6.513998771237E-02,0.9978761356,
    1.000176504118E-17));
#1877 = ADVANCED_FACE('',(#1878),#1895,.T.);
#1878 = FACE_BOUND('',#1879,.T.);
#1879 = EDGE_LOOP('',(#1880,#1888,#1889));
#1880 = ORIENTED_EDGE('',*,*,#1881,.T.);
#1881 = EDGE_CURVE('',#1882,#1836,#1884,.T.);
#1882 = VERTEX_POINT('',#1883);
#1883 = CARTESIAN_POINT('',(13.172306442261,2.835956680775,
    11.694155842066));
#1884 = LINE('',#1885,#1886);
#1885 = CARTESIAN_POINT('',(13.172306442261,2.835956680775,
    11.694155842066));
#1886 = VECTOR('',#1887,1.);
#1887 = DIRECTION('',(2.485269316175E-03,0.999996911713,0.));
#1888 = ORIENTED_EDGE('',*,*,#1858,.F.);
#1889 = ORIENTED_EDGE('',*,*,#1890,.T.);
#1890 = EDGE_CURVE('',#1859,#1882,#1891,.T.);
#1891 = LINE('',#1892,#1893);
#1892 = CARTESIAN_POINT('',(13.199254894257,3.675251457095,
    36.967156720161));
#1893 = VECTOR('',#1894,1.);
#1894 = DIRECTION('',(-1.065706011576E-03,-3.319082998706E-02,
    -0.999448464442));
#1895 = PLANE('',#1896);
#1896 = AXIS2_PLACEMENT_3D('',#1897,#1898,#1899);
#1897 = CARTESIAN_POINT('',(13.186382145261,3.648785369753,
    23.94876703158));
#1898 = DIRECTION('',(0.999996427826,-2.485268113582E-03,
    -9.837566700425E-04));
#1899 = DIRECTION('',(2.485269316175E-03,0.999996911713,
    -3.811648262644E-21));
#1900 = ADVANCED_FACE('',(#1901),#1918,.T.);
#1901 = FACE_BOUND('',#1902,.T.);
#1902 = EDGE_LOOP('',(#1903,#1911,#1912));
#1903 = ORIENTED_EDGE('',*,*,#1904,.T.);
#1904 = EDGE_CURVE('',#1905,#1882,#1907,.T.);
#1905 = VERTEX_POINT('',#1906);
#1906 = CARTESIAN_POINT('',(13.101485002041,2.097685860097,
    36.967156720161));
#1907 = LINE('',#1908,#1909);
#1908 = CARTESIAN_POINT('',(13.101485002041,2.097685860097,
    36.967156720161));
#1909 = VECTOR('',#1910,1.);
#1910 = DIRECTION('',(2.801051014585E-03,2.919926825656E-02,
    -0.999569685838));
#1911 = ORIENTED_EDGE('',*,*,#1890,.F.);
#1912 = ORIENTED_EDGE('',*,*,#1913,.T.);
#1913 = EDGE_CURVE('',#1859,#1905,#1914,.T.);
#1914 = LINE('',#1915,#1916);
#1915 = CARTESIAN_POINT('',(13.199254894257,3.675251457095,
    36.967156720161));
#1916 = VECTOR('',#1917,1.);
#1917 = DIRECTION('',(-6.185648845819E-02,-0.998085053909,0.));
#1918 = PLANE('',#1919);
#1919 = AXIS2_PLACEMENT_3D('',#1920,#1921,#1922);
#1920 = CARTESIAN_POINT('',(13.16100720957,2.86200131318,24.713640207205
    ));
#1921 = DIRECTION('',(0.998084564848,-6.185645814858E-02,
    9.899484569669E-04));
#1922 = DIRECTION('',(6.18564884582E-02,0.998085053909,
    9.974659986867E-18));
#1923 = ADVANCED_FACE('',(#1924),#1941,.T.);
#1924 = FACE_BOUND('',#1925,.T.);
#1925 = EDGE_LOOP('',(#1926,#1934,#1935));
#1926 = ORIENTED_EDGE('',*,*,#1927,.T.);
#1927 = EDGE_CURVE('',#1928,#1882,#1930,.T.);
#1928 = VERTEX_POINT('',#1929);
#1929 = CARTESIAN_POINT('',(12.969277107716,1.27316031158,
    11.694155842066));
#1930 = LINE('',#1931,#1932);
#1931 = CARTESIAN_POINT('',(12.969277107716,1.27316031158,
    11.694155842066));
#1932 = VECTOR('',#1933,1.);
#1933 = DIRECTION('',(0.128831493003,0.991666499591,0.));
#1934 = ORIENTED_EDGE('',*,*,#1904,.F.);
#1935 = ORIENTED_EDGE('',*,*,#1936,.T.);
#1936 = EDGE_CURVE('',#1905,#1928,#1937,.T.);
#1937 = LINE('',#1938,#1939);
#1938 = CARTESIAN_POINT('',(13.101485002041,2.097685860097,
    36.967156720161));
#1939 = VECTOR('',#1940,1.);
#1940 = DIRECTION('',(-5.22833776894E-03,-3.260696412096E-02,
    -0.999454576444));
#1941 = PLANE('',#1942);
#1942 = AXIS2_PLACEMENT_3D('',#1943,#1944,#1945);
#1943 = CARTESIAN_POINT('',(13.085671762061,2.075448681616,
    23.948766933347));
#1944 = DIRECTION('',(0.991666019009,-0.128831430568,-9.845000366762E-04
    ));
#1945 = DIRECTION('',(0.128831493002,0.991666499591,5.899957172123E-16)
  );
#1946 = ADVANCED_FACE('',(#1947),#1964,.T.);
#1947 = FACE_BOUND('',#1948,.T.);
#1948 = EDGE_LOOP('',(#1949,#1957,#1958));
#1949 = ORIENTED_EDGE('',*,*,#1950,.T.);
#1950 = EDGE_CURVE('',#1951,#1928,#1953,.T.);
#1951 = VERTEX_POINT('',#1952);
#1952 = CARTESIAN_POINT('',(12.80456302166,0.545233372226,
    36.967156720161));
#1953 = LINE('',#1954,#1955);
#1954 = CARTESIAN_POINT('',(12.80456302166,0.545233372226,
    36.967156720161));
#1955 = VECTOR('',#1956,1.);
#1956 = DIRECTION('',(6.514553345773E-03,2.879000206842E-02,
    -0.99956425325));
#1957 = ORIENTED_EDGE('',*,*,#1936,.F.);
#1958 = ORIENTED_EDGE('',*,*,#1959,.T.);
#1959 = EDGE_CURVE('',#1905,#1951,#1960,.T.);
#1960 = LINE('',#1961,#1962);
#1961 = CARTESIAN_POINT('',(13.101485002041,2.097685860097,
    36.967156720161));
#1962 = VECTOR('',#1963,1.);
#1963 = DIRECTION('',(-0.187854905896,-0.982196790023,0.));
#1964 = PLANE('',#1965);
#1965 = AXIS2_PLACEMENT_3D('',#1966,#1967,#1968);
#1966 = CARTESIAN_POINT('',(12.960908211582,1.298062534262,
    24.713640276062));
#1967 = DIRECTION('',(0.982196308054,-0.187854813715,9.906614469286E-04)
  );
#1968 = DIRECTION('',(0.187854905896,0.982196790023,3.600093313738E-16)
  );
#1969 = ADVANCED_FACE('',(#1970),#1987,.T.);
#1970 = FACE_BOUND('',#1971,.T.);
#1971 = EDGE_LOOP('',(#1972,#1980,#1981));
#1972 = ORIENTED_EDGE('',*,*,#1973,.T.);
#1973 = EDGE_CURVE('',#1974,#1928,#1976,.T.);
#1974 = VERTEX_POINT('',#1975);
#1975 = CARTESIAN_POINT('',(12.570388543606,-0.251451388001,
    11.694155842066));
#1976 = LINE('',#1977,#1978);
#1977 = CARTESIAN_POINT('',(12.570388543606,-0.251451388001,
    11.694155842066));
#1978 = VECTOR('',#1979,1.);
#1979 = DIRECTION('',(0.253113247646,0.967436656255,0.));
#1980 = ORIENTED_EDGE('',*,*,#1950,.F.);
#1981 = ORIENTED_EDGE('',*,*,#1982,.T.);
#1982 = EDGE_CURVE('',#1951,#1974,#1983,.T.);
#1983 = LINE('',#1984,#1985);
#1984 = CARTESIAN_POINT('',(12.80456302166,0.545233372226,
    36.967156720161));
#1985 = VECTOR('',#1986,1.);
#1986 = DIRECTION('',(-9.26079883527E-03,-3.150615456007E-02,
    -0.999460654468));
#1987 = PLANE('',#1988);
#1988 = AXIS2_PLACEMENT_3D('',#1989,#1990,#1991);
#1989 = CARTESIAN_POINT('',(12.786668118745,0.52750527594,
    23.948766849414));
#1990 = DIRECTION('',(0.967436186804,-0.253113124823,-9.851420120505E-04
    ));
#1991 = DIRECTION('',(0.253113247647,0.967436656255,-7.800292529947E-16)
  );
#1992 = ADVANCED_FACE('',(#1993),#2010,.T.);
#1993 = FACE_BOUND('',#1994,.T.);
#1994 = EDGE_LOOP('',(#1995,#2003,#2004));
#1995 = ORIENTED_EDGE('',*,*,#1996,.T.);
#1996 = EDGE_CURVE('',#1997,#1974,#1999,.T.);
#1997 = VERTEX_POINT('',#1998);
#1998 = CARTESIAN_POINT('',(12.313279116154,-0.957068500668,
    36.967156720161));
#1999 = LINE('',#2000,#2001);
#2000 = CARTESIAN_POINT('',(12.313279116154,-0.957068500668,
    36.967156720161));
#2001 = VECTOR('',#2002,1.);
#2002 = DIRECTION('',(1.016879588609E-02,2.790748073123E-02,
    -0.99955878672));
#2003 = ORIENTED_EDGE('',*,*,#1982,.F.);
#2004 = ORIENTED_EDGE('',*,*,#2005,.T.);
#2005 = EDGE_CURVE('',#1951,#1997,#2006,.T.);
#2006 = LINE('',#2007,#2008);
#2007 = CARTESIAN_POINT('',(12.80456302166,0.545233372226,
    36.967156720161));
#2008 = VECTOR('',#2009,1.);
#2009 = DIRECTION('',(-0.310822737795,-0.950467898285,0.));
#2010 = PLANE('',#2011);
#2011 = AXIS2_PLACEMENT_3D('',#2012,#2013,#2014);
#2012 = CARTESIAN_POINT('',(12.564486876073,-0.227976583648,
    24.713640345558));
#2013 = DIRECTION('',(0.950467431311,-0.310822585085,9.912713633789E-04)
  );
#2014 = DIRECTION('',(0.310822737795,0.950467898285,1.799775606326E-16)
  );
#2015 = ADVANCED_FACE('',(#2016),#2033,.T.);
#2016 = FACE_BOUND('',#2017,.T.);
#2017 = EDGE_LOOP('',(#2018,#2026,#2027));
#2018 = ORIENTED_EDGE('',*,*,#2019,.T.);
#2019 = EDGE_CURVE('',#2020,#1974,#2022,.T.);
#2020 = VERTEX_POINT('',#2021);
#2021 = CARTESIAN_POINT('',(11.982037979364,-1.713434809446,
    11.694155842066));
#2022 = LINE('',#2023,#2024);
#2023 = CARTESIAN_POINT('',(11.982037979364,-1.713434809446,
    11.694155842066));
#2024 = VECTOR('',#2025,1.);
#2025 = DIRECTION('',(0.373335727698,0.927696305061,0.));
#2026 = ORIENTED_EDGE('',*,*,#1996,.F.);
#2027 = ORIENTED_EDGE('',*,*,#2028,.T.);
#2028 = EDGE_CURVE('',#1997,#2020,#2029,.T.);
#2029 = LINE('',#2030,#2031);
#2030 = CARTESIAN_POINT('',(12.313279116154,-0.957068500668,
    36.967156720161));
#2031 = VECTOR('',#2032,1.);
#2032 = DIRECTION('',(-1.309953206786E-02,-2.991187873864E-02,
    -0.99946669868));
#2033 = PLANE('',#2034);
#2034 = AXIS2_PLACEMENT_3D('',#2035,#2036,#2037);
#2035 = CARTESIAN_POINT('',(12.294179531571,-0.970155552617,
    23.948766817492));
#2036 = DIRECTION('',(0.927695854348,-0.373335546316,-9.857396993055E-04
    ));
#2037 = DIRECTION('',(0.373335727698,0.927696305061,1.400789206851E-16)
  );
#2038 = ADVANCED_FACE('',(#2039),#2056,.T.);
#2039 = FACE_BOUND('',#2040,.T.);
#2040 = EDGE_LOOP('',(#2041,#2049,#2050));
#2041 = ORIENTED_EDGE('',*,*,#2042,.T.);
#2042 = EDGE_CURVE('',#2043,#2020,#2045,.T.);
#2043 = VERTEX_POINT('',#2044);
#2044 = CARTESIAN_POINT('',(11.63555431366,-2.384990990162,
    36.967156720161));
#2045 = LINE('',#2046,#2047);
#2046 = CARTESIAN_POINT('',(11.63555431366,-2.384990990162,
    36.967156720161));
#2047 = VECTOR('',#2048,1.);
#2048 = DIRECTION('',(1.370351260759E-02,2.656020903732E-02,
    -0.999553284742));
#2049 = ORIENTED_EDGE('',*,*,#2028,.F.);
#2050 = ORIENTED_EDGE('',*,*,#2051,.T.);
#2051 = EDGE_CURVE('',#1997,#2043,#2052,.T.);
#2052 = LINE('',#2053,#2054);
#2053 = CARTESIAN_POINT('',(12.313279116154,-0.957068500668,
    36.967156720161));
#2054 = VECTOR('',#2055,1.);
#2055 = DIRECTION('',(-0.428778879684,-0.903409471024,0.));
#2056 = PLANE('',#2057);
#2057 = AXIS2_PLACEMENT_3D('',#2058,#2059,#2060);
#2058 = CARTESIAN_POINT('',(11.978118971668,-1.691574681876,
    24.713640650951));
#2059 = DIRECTION('',(0.903409026635,-0.428778668767,9.918689961191E-04)
  );
#2060 = DIRECTION('',(0.428778879684,0.903409471024,1.99981090715E-16));
#2061 = ADVANCED_FACE('',(#2062),#2079,.T.);
#2062 = FACE_BOUND('',#2063,.T.);
#2063 = EDGE_LOOP('',(#2064,#2072,#2073));
#2064 = ORIENTED_EDGE('',*,*,#2065,.T.);
#2065 = EDGE_CURVE('',#2066,#2020,#2068,.T.);
#2066 = VERTEX_POINT('',#2067);
#2067 = CARTESIAN_POINT('',(11.213655102253,-3.089349530637,
    11.694155842066));
#2068 = LINE('',#2069,#2070);
#2069 = CARTESIAN_POINT('',(11.213655102253,-3.089349530637,
    11.694155842066));
#2070 = VECTOR('',#2071,1.);
#2071 = DIRECTION('',(0.487574419814,0.873081430992,0.));
#2072 = ORIENTED_EDGE('',*,*,#2042,.F.);
#2073 = ORIENTED_EDGE('',*,*,#2074,.T.);
#2074 = EDGE_CURVE('',#2043,#2066,#2075,.T.);
#2075 = LINE('',#2076,#2077);
#2076 = CARTESIAN_POINT('',(11.63555431366,-2.384990990162,
    36.967156720161));
#2077 = VECTOR('',#2078,1.);
#2078 = DIRECTION('',(-1.668487054654E-02,-2.785530465203E-02,
    -0.999472709531));
#2079 = PLANE('',#2080);
#2080 = AXIS2_PLACEMENT_3D('',#2081,#2082,#2083);
#2081 = CARTESIAN_POINT('',(11.616123132096,-2.393452857248,
    23.948766599649));
#2082 = DIRECTION('',(0.873081006385,-0.487574182691,-9.862362018035E-04
    ));
#2083 = DIRECTION('',(0.487574419814,0.873081430992,1.700029006457E-16)
  );
#2084 = ADVANCED_FACE('',(#2085),#2102,.T.);
#2085 = FACE_BOUND('',#2086,.T.);
#2086 = EDGE_LOOP('',(#2087,#2095,#2096));
#2087 = ORIENTED_EDGE('',*,*,#2088,.T.);
#2088 = EDGE_CURVE('',#2089,#2066,#2091,.T.);
#2089 = VERTEX_POINT('',#2090);
#2090 = CARTESIAN_POINT('',(10.782320904732,-3.715503814816,
    36.967156720161));
#2091 = LINE('',#2092,#2093);
#2092 = CARTESIAN_POINT('',(10.782320904732,-3.715503814816,
    36.967156720161));
#2093 = VECTOR('',#2094,1.);
#2094 = DIRECTION('',(1.705927716146E-02,2.476441594714E-02,
    -0.999547750118));
#2095 = ORIENTED_EDGE('',*,*,#2074,.F.);
#2096 = ORIENTED_EDGE('',*,*,#2097,.T.);
#2097 = EDGE_CURVE('',#2043,#2089,#2098,.T.);
#2098 = LINE('',#2099,#2100);
#2099 = CARTESIAN_POINT('',(11.63555431366,-2.384990990162,
    36.967156720161));
#2100 = VECTOR('',#2101,1.);
#2101 = DIRECTION('',(-0.539818823546,-0.841781229148,0.));
#2102 = PLANE('',#2103);
#2103 = AXIS2_PLACEMENT_3D('',#2104,#2105,#2106);
#2104 = CARTESIAN_POINT('',(11.211232631976,-3.069193809164,
    24.713640597095));
#2105 = DIRECTION('',(0.841780814689,-0.539818557761,9.923297075908E-04)
  );
#2106 = DIRECTION('',(0.539818823546,0.841781229148,-4.998172015158E-17)
  );
#2107 = ADVANCED_FACE('',(#2108),#2125,.T.);
#2108 = FACE_BOUND('',#2109,.T.);
#2109 = EDGE_LOOP('',(#2110,#2118,#2119));
#2110 = ORIENTED_EDGE('',*,*,#2111,.T.);
#2111 = EDGE_CURVE('',#2112,#2066,#2114,.T.);
#2112 = VERTEX_POINT('',#2113);
#2113 = CARTESIAN_POINT('',(10.27756125927,-4.357136616111,
    11.694155842066));
#2114 = LINE('',#2115,#2116);
#2115 = CARTESIAN_POINT('',(10.27756125927,-4.357136616111,
    11.694155842066));
#2116 = VECTOR('',#2117,1.);
#2117 = DIRECTION('',(0.593994508212,0.80446909463,0.));
#2118 = ORIENTED_EDGE('',*,*,#2088,.F.);
#2119 = ORIENTED_EDGE('',*,*,#2120,.T.);
#2120 = EDGE_CURVE('',#2089,#2112,#2121,.T.);
#2121 = LINE('',#2122,#2123);
#2122 = CARTESIAN_POINT('',(10.782320904732,-3.715503814816,
    36.967156720161));
#2123 = VECTOR('',#2124,1.);
#2124 = DIRECTION('',(-1.996187587502E-02,-2.537483820652E-02,
    -0.999478684664));
#2125 = PLANE('',#2126);
#2126 = AXIS2_PLACEMENT_3D('',#2127,#2128,#2129);
#2127 = CARTESIAN_POINT('',(10.763401950811,-3.719501008284,
    23.948766353016));
#2128 = DIRECTION('',(0.804468703014,-0.593994219055,-9.867115786494E-04
    ));
#2129 = DIRECTION('',(0.593994508212,0.80446909463,1.199127602769E-16));
#2130 = ADVANCED_FACE('',(#2131),#2148,.T.);
#2131 = FACE_BOUND('',#2132,.T.);
#2132 = EDGE_LOOP('',(#2133,#2141,#2142));
#2133 = ORIENTED_EDGE('',*,*,#2134,.T.);
#2134 = EDGE_CURVE('',#2135,#2112,#2137,.T.);
#2135 = VERTEX_POINT('',#2136);
#2136 = CARTESIAN_POINT('',(9.767339253426,-4.927148607373,
    36.967156720161));
#2137 = LINE('',#2138,#2139);
#2138 = CARTESIAN_POINT('',(9.767339253426,-4.927148607373,
    36.967156720161));
#2139 = VECTOR('',#2140,1.);
#2140 = DIRECTION('',(2.017917934843E-02,2.254386143814E-02,
    -0.999542182718));
#2141 = ORIENTED_EDGE('',*,*,#2120,.F.);
#2142 = ORIENTED_EDGE('',*,*,#2143,.T.);
#2143 = EDGE_CURVE('',#2089,#2135,#2144,.T.);
#2144 = LINE('',#2145,#2146);
#2145 = CARTESIAN_POINT('',(10.782320904732,-3.715503814816,
    36.967156720161));
#2146 = VECTOR('',#2147,1.);
#2147 = DIRECTION('',(-0.642152873676,-0.766576602063,0.));
#2148 = PLANE('',#2149);
#2149 = AXIS2_PLACEMENT_3D('',#2150,#2151,#2152);
#2150 = CARTESIAN_POINT('',(10.276162096995,-4.338679416351,
    24.713640615696));
#2151 = DIRECTION('',(0.766576224323,-0.642152557247,9.92735333523E-04)
  );
#2152 = DIRECTION('',(0.642152873676,0.766576602063,-2.39933940771E-16)
  );
#2153 = ADVANCED_FACE('',(#2154),#2171,.T.);
#2154 = FACE_BOUND('',#2155,.T.);
#2155 = EDGE_LOOP('',(#2156,#2164,#2165));
#2156 = ORIENTED_EDGE('',*,*,#2157,.T.);
#2157 = EDGE_CURVE('',#2158,#2112,#2160,.T.);
#2158 = VERTEX_POINT('',#2159);
#2159 = CARTESIAN_POINT('',(9.188765829802,-5.496468341351,
    11.694155842066));
#2160 = LINE('',#2161,#2162);
#2161 = CARTESIAN_POINT('',(9.188765829802,-5.496468341351,
    11.694155842066));
#2162 = VECTOR('',#2163,1.);
#2163 = DIRECTION('',(0.690891161695,0.722958783536,0.));
#2164 = ORIENTED_EDGE('',*,*,#2134,.F.);
#2165 = ORIENTED_EDGE('',*,*,#2166,.T.);
#2166 = EDGE_CURVE('',#2135,#2158,#2167,.T.);
#2167 = LINE('',#2168,#2169);
#2168 = CARTESIAN_POINT('',(9.767339253426,-4.927148607373,
    36.967156720161));
#2169 = VECTOR('',#2170,1.);
#2170 = DIRECTION('',(-2.288114677253E-02,-2.251518625249E-02,
    -0.999484626951));
#2171 = PLANE('',#2172);
#2172 = AXIS2_PLACEMENT_3D('',#2173,#2174,#2175);
#2173 = CARTESIAN_POINT('',(9.749727383877,-4.926978265886,
    23.948766545104));
#2174 = DIRECTION('',(0.722958431328,-0.690890825111,-9.870910903066E-04
    ));
#2175 = DIRECTION('',(0.690891161696,0.722958783535,-1.020017403874E-15)
  );
#2176 = ADVANCED_FACE('',(#2177),#2194,.T.);
#2177 = FACE_BOUND('',#2178,.T.);
#2178 = EDGE_LOOP('',(#2179,#2187,#2188));
#2179 = ORIENTED_EDGE('',*,*,#2180,.T.);
#2180 = EDGE_CURVE('',#2181,#2158,#2183,.T.);
#2181 = VERTEX_POINT('',#2182);
#2182 = CARTESIAN_POINT('',(8.606978273392,-6.00038433373,
    36.967156720161));
#2183 = LINE('',#2184,#2185);
#2184 = CARTESIAN_POINT('',(8.606978273392,-6.00038433373,
    36.967156720161));
#2185 = VECTOR('',#2186,1.);
#2186 = DIRECTION('',(2.300945371882E-02,1.992966603887E-02,
    -0.999536579346));
#2187 = ORIENTED_EDGE('',*,*,#2166,.F.);
#2188 = ORIENTED_EDGE('',*,*,#2189,.T.);
#2189 = EDGE_CURVE('',#2135,#2181,#2190,.T.);
#2190 = LINE('',#2191,#2192);
#2191 = CARTESIAN_POINT('',(9.767339253426,-4.927148607373,
    36.967156720161));
#2192 = VECTOR('',#2193,1.);
#2193 = DIRECTION('',(-0.734130402706,-0.679008506444,0.));
#2194 = PLANE('',#2195);
#2195 = AXIS2_PLACEMENT_3D('',#2196,#2197,#2198);
#2196 = CARTESIAN_POINT('',(9.187945253919,-5.479615083358,
    24.713640803095));
#2197 = DIRECTION('',(0.679008171608,-0.734130040688,9.931007827067E-04)
  );
#2198 = DIRECTION('',(-0.734130402706,-0.679008506444,1.008308020412E-17
    ));
#2199 = ADVANCED_FACE('',(#2200),#2217,.T.);
#2200 = FACE_BOUND('',#2201,.T.);
#2201 = EDGE_LOOP('',(#2202,#2210,#2211));
#2202 = ORIENTED_EDGE('',*,*,#2203,.T.);
#2203 = EDGE_CURVE('',#2204,#2158,#2206,.T.);
#2204 = VERTEX_POINT('',#2205);
#2205 = CARTESIAN_POINT('',(7.964723992348,-6.489078235626,
    11.694155842066));
#2206 = LINE('',#2207,#2208);
#2207 = CARTESIAN_POINT('',(7.964723992348,-6.489078235626,
    11.694155842066));
#2208 = VECTOR('',#2209,1.);
#2209 = DIRECTION('',(0.776711189004,0.62985691143,0.));
#2210 = ORIENTED_EDGE('',*,*,#2180,.F.);
#2211 = ORIENTED_EDGE('',*,*,#2212,.T.);
#2212 = EDGE_CURVE('',#2181,#2204,#2213,.T.);
#2213 = LINE('',#2214,#2215);
#2214 = CARTESIAN_POINT('',(8.606978273392,-6.00038433373,
    36.967156720161));
#2215 = VECTOR('',#2216,1.);
#2216 = DIRECTION('',(-2.539971721518E-02,-1.93267484224E-02,
    -0.999490535804));
#2217 = PLANE('',#2218);
#2218 = AXIS2_PLACEMENT_3D('',#2219,#2220,#2221);
#2219 = CARTESIAN_POINT('',(8.591397913112,-5.996469346716,
    23.948766447041));
#2220 = DIRECTION('',(0.629856604395,-0.776710810382,-9.873882474868E-04
    ));
#2221 = DIRECTION('',(-0.776711189004,-0.62985691143,-1.599740305502E-16
    ));
#2222 = ADVANCED_FACE('',(#2223),#2240,.T.);
#2223 = FACE_BOUND('',#2224,.T.);
#2224 = EDGE_LOOP('',(#2225,#2233,#2234));
#2225 = ORIENTED_EDGE('',*,*,#2226,.T.);
#2226 = EDGE_CURVE('',#2227,#2204,#2229,.T.);
#2227 = VERTEX_POINT('',#2228);
#2228 = CARTESIAN_POINT('',(7.319953513145,-6.917902290821,
    36.967156720161));
#2229 = LINE('',#2230,#2231);
#2230 = CARTESIAN_POINT('',(7.319953513145,-6.917902290821,
    36.967156720161));
#2231 = VECTOR('',#2232,1.);
#2232 = DIRECTION('',(2.550025807531E-02,1.695971578895E-02,
    -0.999530942432));
#2233 = ORIENTED_EDGE('',*,*,#2212,.F.);
#2234 = ORIENTED_EDGE('',*,*,#2235,.T.);
#2235 = EDGE_CURVE('',#2181,#2227,#2236,.T.);
#2236 = LINE('',#2237,#2238);
#2237 = CARTESIAN_POINT('',(8.606978273392,-6.00038433373,
    36.967156720161));
#2238 = VECTOR('',#2239,1.);
#2239 = DIRECTION('',(-0.814267399517,-0.580489967255,0.));
#2240 = PLANE('',#2241);
#2241 = AXIS2_PLACEMENT_3D('',#2242,#2243,#2244);
#2242 = CARTESIAN_POINT('',(7.96408218431,-6.473652647143,
    24.713640809621));
#2243 = DIRECTION('',(0.580489680848,-0.814266997768,9.933657589488E-04)
  );
#2244 = DIRECTION('',(-0.814267399517,-0.580489967255,
    -6.200552224445E-16));
#2245 = ADVANCED_FACE('',(#2246),#2263,.T.);
#2246 = FACE_BOUND('',#2247,.T.);
#2247 = EDGE_LOOP('',(#2248,#2256,#2257));
#2248 = ORIENTED_EDGE('',*,*,#2249,.T.);
#2249 = EDGE_CURVE('',#2250,#2204,#2252,.T.);
#2250 = VERTEX_POINT('',#2251);
#2251 = CARTESIAN_POINT('',(6.625061184168,-7.319052708149,
    11.694155842066));
#2252 = LINE('',#2253,#2254);
#2253 = CARTESIAN_POINT('',(6.625061184168,-7.319052708149,
    11.694155842066));
#2254 = VECTOR('',#2255,1.);
#2255 = DIRECTION('',(0.850077832685,0.526657078541,0.));
#2256 = ORIENTED_EDGE('',*,*,#2226,.F.);
#2257 = ORIENTED_EDGE('',*,*,#2258,.T.);
#2258 = EDGE_CURVE('',#2227,#2250,#2259,.T.);
#2259 = LINE('',#2260,#2261);
#2260 = CARTESIAN_POINT('',(7.319953513145,-6.917902290821,
    36.967156720161));
#2261 = VECTOR('',#2262,1.);
#2262 = DIRECTION('',(-2.748159553494E-02,-1.586469307252E-02,
    -0.999496409909));
#2263 = PLANE('',#2264);
#2264 = AXIS2_PLACEMENT_3D('',#2265,#2266,#2267);
#2265 = CARTESIAN_POINT('',(7.307038754615,-6.910778274906,
    23.948766310363));
#2266 = DIRECTION('',(0.526656821677,-0.85007741808,-9.876498039714E-04)
  );
#2267 = DIRECTION('',(-0.850077832685,-0.526657078541,
    -2.599374708534E-16));
#2268 = ADVANCED_FACE('',(#2269),#2286,.T.);
#2269 = FACE_BOUND('',#2270,.T.);
#2270 = EDGE_LOOP('',(#2271,#2279,#2280));
#2271 = ORIENTED_EDGE('',*,*,#2272,.T.);
#2272 = EDGE_CURVE('',#2273,#2250,#2275,.T.);
#2273 = VERTEX_POINT('',#2274);
#2274 = CARTESIAN_POINT('',(5.927020958066,-7.66490278244,
    36.967156720161));
#2275 = LINE('',#2276,#2277);
#2276 = CARTESIAN_POINT('',(5.927020958066,-7.66490278244,
    36.967156720161));
#2277 = VECTOR('',#2278,1.);
#2278 = DIRECTION('',(2.760688572495E-02,1.367807057803E-02,
    -0.99952527244));
#2279 = ORIENTED_EDGE('',*,*,#2258,.F.);
#2280 = ORIENTED_EDGE('',*,*,#2281,.T.);
#2281 = EDGE_CURVE('',#2227,#2273,#2282,.T.);
#2282 = LINE('',#2283,#2284);
#2283 = CARTESIAN_POINT('',(7.319953513145,-6.917902290821,
    36.967156720161));
#2284 = VECTOR('',#2285,1.);
#2285 = DIRECTION('',(-0.881272725682,-0.472608064859,0.));
#2286 = PLANE('',#2287);
#2287 = AXIS2_PLACEMENT_3D('',#2288,#2289,#2290);
#2288 = CARTESIAN_POINT('',(6.62425523395,-7.304805999864,
    24.713640766035));
#2289 = DIRECTION('',(0.472607831571,-0.88127229067,9.935974967687E-04)
  );
#2290 = DIRECTION('',(-0.881272725682,-0.472608064859,
    -1.700029006457E-16));
#2291 = ADVANCED_FACE('',(#2292),#2309,.T.);
#2292 = FACE_BOUND('',#2293,.T.);
#2293 = EDGE_LOOP('',(#2294,#2302,#2303));
#2294 = ORIENTED_EDGE('',*,*,#2295,.T.);
#2295 = EDGE_CURVE('',#2296,#2250,#2298,.T.);
#2296 = VERTEX_POINT('',#2297);
#2297 = CARTESIAN_POINT('',(5.191256305575,-7.973083311319,
    11.694155842066));
#2298 = LINE('',#2299,#2300);
#2299 = CARTESIAN_POINT('',(5.191256305575,-7.973083311319,
    11.694155842066));
#2300 = VECTOR('',#2301,1.);
#2301 = DIRECTION('',(0.909815611855,0.41501271357,0.));
#2302 = ORIENTED_EDGE('',*,*,#2272,.F.);
#2303 = ORIENTED_EDGE('',*,*,#2304,.T.);
#2304 = EDGE_CURVE('',#2273,#2296,#2305,.T.);
#2305 = LINE('',#2306,#2307);
#2306 = CARTESIAN_POINT('',(5.927020958066,-7.66490278244,
    36.967156720161));
#2307 = VECTOR('',#2308,1.);
#2308 = DIRECTION('',(-2.909818384741E-02,-1.218799198516E-02,
    -0.999502250397));
#2309 = PLANE('',#2310);
#2310 = AXIS2_PLACEMENT_3D('',#2311,#2312,#2313);
#2311 = CARTESIAN_POINT('',(5.917300828963,-7.65520261776,
    23.948766398376));
#2312 = DIRECTION('',(0.415012511104,-0.909815167995,-9.877820396902E-04
    ));
#2313 = DIRECTION('',(-0.909815611855,-0.415012713571,
    -8.100074430639E-16));
#2314 = ADVANCED_FACE('',(#2315),#2332,.T.);
#2315 = FACE_BOUND('',#2316,.T.);
#2316 = EDGE_LOOP('',(#2317,#2325,#2326));
#2317 = ORIENTED_EDGE('',*,*,#2318,.T.);
#2318 = EDGE_CURVE('',#2319,#2296,#2321,.T.);
#2319 = VERTEX_POINT('',#2320);
#2320 = CARTESIAN_POINT('',(4.450646987557,-8.229341137409,
    36.967156720161));
#2321 = LINE('',#2322,#2323);
#2322 = CARTESIAN_POINT('',(4.450646987557,-8.229341137409,
    36.967156720161));
#2323 = VECTOR('',#2324,1.);
#2324 = DIRECTION('',(2.929028923174E-02,1.013471699783E-02,
    -0.999519567827));
#2325 = ORIENTED_EDGE('',*,*,#2304,.F.);
#2326 = ORIENTED_EDGE('',*,*,#2327,.T.);
#2327 = EDGE_CURVE('',#2273,#2319,#2328,.T.);
#2328 = LINE('',#2329,#2330);
#2329 = CARTESIAN_POINT('',(5.927020958066,-7.66490278244,
    36.967156720161));
#2330 = VECTOR('',#2331,1.);
#2331 = DIRECTION('',(-0.934063985535,-0.357105685933,0.));
#2332 = PLANE('',#2333);
#2333 = AXIS2_PLACEMENT_3D('',#2334,#2335,#2336);
#2334 = CARTESIAN_POINT('',(5.190011531939,-7.959708034547,
    24.713640785372));
#2335 = DIRECTION('',(0.357105509611,-0.93406352434,9.937316062105E-04)
  );
#2336 = DIRECTION('',(-0.934063985536,-0.357105685933,
    -3.099734011136E-16));
#2337 = ADVANCED_FACE('',(#2338),#2355,.T.);
#2338 = FACE_BOUND('',#2339,.T.);
#2339 = EDGE_LOOP('',(#2340,#2348,#2349));
#2340 = ORIENTED_EDGE('',*,*,#2341,.T.);
#2341 = EDGE_CURVE('',#2342,#2296,#2344,.T.);
#2342 = VERTEX_POINT('',#2343);
#2343 = CARTESIAN_POINT('',(3.686297294497,-8.440685129166,
    11.694155842066));
#2344 = LINE('',#2345,#2346);
#2345 = CARTESIAN_POINT('',(3.686297294497,-8.440685129166,
    11.694155842066));
#2346 = VECTOR('',#2347,1.);
#2347 = DIRECTION('',(0.95496608468,0.296714976216,0.));
#2348 = ORIENTED_EDGE('',*,*,#2318,.F.);
#2349 = ORIENTED_EDGE('',*,*,#2350,.T.);
#2350 = EDGE_CURVE('',#2319,#2342,#2351,.T.);
#2351 = LINE('',#2352,#2353);
#2352 = CARTESIAN_POINT('',(4.450646987557,-8.229341137409,
    36.967156720161));
#2353 = VECTOR('',#2354,1.);
#2354 = DIRECTION('',(-3.022884697956E-02,-8.358327667117E-03,
    -0.99950805658));
#2355 = PLANE('',#2356);
#2356 = AXIS2_PLACEMENT_3D('',#2357,#2358,#2359);
#2357 = CARTESIAN_POINT('',(4.444530427191,-8.217773994382,
    23.948766332898));
#2358 = DIRECTION('',(0.296714831422,-0.954965618665,-9.879176835824E-04
    ));
#2359 = DIRECTION('',(-0.95496608468,-0.296714976216,-2.700205510575E-16
    ));
#2360 = ADVANCED_FACE('',(#2361),#2378,.T.);
#2361 = FACE_BOUND('',#2362,.T.);
#2362 = EDGE_LOOP('',(#2363,#2371,#2372));
#2363 = ORIENTED_EDGE('',*,*,#2364,.T.);
#2364 = EDGE_CURVE('',#2365,#2342,#2367,.T.);
#2365 = VERTEX_POINT('',#2366);
#2366 = CARTESIAN_POINT('',(2.914641050994,-8.602112412453,
    36.967156720161));
#2367 = LINE('',#2368,#2369);
#2368 = CARTESIAN_POINT('',(2.914641050994,-8.602112412453,
    36.967156720161));
#2369 = VECTOR('',#2370,1.);
#2370 = DIRECTION('',(3.051798598117E-02,6.38423599862E-03,
    -0.99951382885));
#2371 = ORIENTED_EDGE('',*,*,#2350,.F.);
#2372 = ORIENTED_EDGE('',*,*,#2373,.T.);
#2373 = EDGE_CURVE('',#2319,#2365,#2374,.T.);
#2374 = LINE('',#2375,#2376);
#2375 = CARTESIAN_POINT('',(4.450646987557,-8.229341137409,
    36.967156720161));
#2376 = VECTOR('',#2377,1.);
#2377 = DIRECTION('',(-0.971791232473,-0.235842745254,0.));
#2378 = PLANE('',#2379);
#2379 = AXIS2_PLACEMENT_3D('',#2380,#2381,#2382);
#2380 = CARTESIAN_POINT('',(3.684416370717,-8.427827474573,
    24.713640939348));
#2381 = DIRECTION('',(0.235842628794,-0.971790752599,9.937836823769E-04)
  );
#2382 = DIRECTION('',(-0.971791232473,-0.235842745254,
    -1.002887009549E-17));
#2383 = ADVANCED_FACE('',(#2384),#2401,.T.);
#2384 = FACE_BOUND('',#2385,.T.);
#2385 = EDGE_LOOP('',(#2386,#2394,#2395));
#2386 = ORIENTED_EDGE('',*,*,#2387,.T.);
#2387 = EDGE_CURVE('',#2388,#2342,#2390,.T.);
#2388 = VERTEX_POINT('',#2389);
#2389 = CARTESIAN_POINT('',(2.134313045442,-8.714361041784,
    11.694155842066));
#2390 = LINE('',#2391,#2392);
#2391 = CARTESIAN_POINT('',(2.134313045442,-8.714361041784,
    11.694155842066));
#2392 = VECTOR('',#2393,1.);
#2393 = DIRECTION('',(0.984805667754,0.17366000334,0.));
#2394 = ORIENTED_EDGE('',*,*,#2364,.F.);
#2395 = ORIENTED_EDGE('',*,*,#2396,.T.);
#2396 = EDGE_CURVE('',#2365,#2388,#2397,.T.);
#2397 = LINE('',#2398,#2399);
#2398 = CARTESIAN_POINT('',(2.914641050994,-8.602112412453,
    36.967156720161));
#2399 = VECTOR('',#2400,1.);
#2400 = DIRECTION('',(-3.086094273891E-02,-4.43928514378E-03,
    -0.999513829299));
#2401 = PLANE('',#2402);
#2402 = AXIS2_PLACEMENT_3D('',#2403,#2404,#2405);
#2403 = CARTESIAN_POINT('',(2.912407592839,-8.589446189672,
    23.948766287164));
#2404 = DIRECTION('',(0.173659918589,-0.984805187138,-9.879580830981E-04
    ));
#2405 = DIRECTION('',(-0.984805667754,-0.17366000334,-5.00006936896E-16)
  );
#2406 = ADVANCED_FACE('',(#2407),#2424,.T.);
#2407 = FACE_BOUND('',#2408,.T.);
#2408 = EDGE_LOOP('',(#2409,#2417,#2418));
#2409 = ORIENTED_EDGE('',*,*,#2410,.T.);
#2410 = EDGE_CURVE('',#2411,#2388,#2413,.T.);
#2411 = VERTEX_POINT('',#2412);
#2412 = CARTESIAN_POINT('',(1.343776799738,-8.777203923464,
    36.967156720161));
#2413 = LINE('',#2414,#2415);
#2414 = CARTESIAN_POINT('',(1.343776799738,-8.777203923464,
    36.967156720161));
#2415 = VECTOR('',#2416,1.);
#2416 = DIRECTION('',(3.126448459294E-02,2.48533867577E-03,
    -0.999508056543));
#2417 = ORIENTED_EDGE('',*,*,#2396,.F.);
#2418 = ORIENTED_EDGE('',*,*,#2419,.T.);
#2419 = EDGE_CURVE('',#2365,#2411,#2420,.T.);
#2420 = LINE('',#2421,#2422);
#2421 = CARTESIAN_POINT('',(2.914641050994,-8.602112412453,
    36.967156720161));
#2422 = VECTOR('',#2423,1.);
#2423 = DIRECTION('',(-0.993845410964,-0.110775895866,0.));
#2424 = PLANE('',#2425);
#2425 = AXIS2_PLACEMENT_3D('',#2426,#2427,#2428);
#2426 = CARTESIAN_POINT('',(2.13168253836,-8.701635382522,
    24.713640855618));
#2427 = DIRECTION('',(0.110775841163,-0.993844920187,9.937972535178E-04)
  );
#2428 = DIRECTION('',(-0.993845410964,-0.110775895866,
    -6.001059024707E-17));
#2429 = ADVANCED_FACE('',(#2430),#2447,.T.);
#2430 = FACE_BOUND('',#2431,.T.);
#2431 = EDGE_LOOP('',(#2432,#2440,#2441));
#2432 = ORIENTED_EDGE('',*,*,#2433,.T.);
#2433 = EDGE_CURVE('',#2434,#2388,#2436,.T.);
#2434 = VERTEX_POINT('',#2435);
#2435 = CARTESIAN_POINT('',(0.560186545923,-8.789722084999,
    11.694155842066));
#2436 = LINE('',#2437,#2438);
#2437 = CARTESIAN_POINT('',(0.560186545923,-8.789722084999,
    11.694155842066));
#2438 = VECTOR('',#2439,1.);
#2439 = DIRECTION('',(0.998855966403,4.782006253784E-02,0.));
#2440 = ORIENTED_EDGE('',*,*,#2410,.F.);
#2441 = ORIENTED_EDGE('',*,*,#2442,.T.);
#2442 = EDGE_CURVE('',#2411,#2434,#2443,.T.);
#2443 = LINE('',#2444,#2445);
#2444 = CARTESIAN_POINT('',(1.343776799738,-8.777203923464,
    36.967156720161));
#2445 = VECTOR('',#2446,1.);
#2446 = DIRECTION('',(-3.099013827165E-02,-4.950796095228E-04,
    -0.999519567705));
#2447 = PLANE('',#2448);
#2448 = AXIS2_PLACEMENT_3D('',#2449,#2450,#2451);
#2449 = CARTESIAN_POINT('',(1.345567974353,-8.764242420084,
    23.948766300252));
#2450 = DIRECTION('',(4.782003920238E-02,-0.998855478977,
    -9.879112710144E-04));
#2451 = DIRECTION('',(-0.998855966403,-4.782006253783E-02,
    9.981436250445E-18));
#2452 = ADVANCED_FACE('',(#2453),#2470,.T.);
#2453 = FACE_BOUND('',#2454,.T.);
#2454 = EDGE_LOOP('',(#2455,#2463,#2464));
#2455 = ORIENTED_EDGE('',*,*,#2456,.T.);
#2456 = EDGE_CURVE('',#2457,#2434,#2459,.T.);
#2457 = VERTEX_POINT('',#2458);
#2458 = CARTESIAN_POINT('',(-0.236611051485,-8.751792138815,
    36.967156720161));
#2459 = LINE('',#2460,#2461);
#2460 = CARTESIAN_POINT('',(-0.236611051485,-8.751792138815,
    36.967156720161));
#2461 = VECTOR('',#2462,1.);
#2462 = DIRECTION('',(3.151192829924E-02,-1.500061933466E-03,
    -0.999502250217));
#2463 = ORIENTED_EDGE('',*,*,#2442,.F.);
#2464 = ORIENTED_EDGE('',*,*,#2465,.T.);
#2465 = EDGE_CURVE('',#2411,#2457,#2466,.T.);
#2466 = LINE('',#2467,#2468);
#2467 = CARTESIAN_POINT('',(1.343776799738,-8.777203923464,
    36.967156720161));
#2468 = VECTOR('',#2469,1.);
#2469 = DIRECTION('',(-0.999870750531,1.607738263083E-02,0.));
#2470 = PLANE('',#2471);
#2471 = AXIS2_PLACEMENT_3D('',#2472,#2473,#2474);
#2472 = CARTESIAN_POINT('',(0.556781319652,-8.776727761879,
    24.713640841933));
#2473 = DIRECTION('',(-1.607737469259E-02,-0.999870256842,
    9.937328624583E-04));
#2474 = DIRECTION('',(-0.999870750531,1.607738263084E-02,
    -3.388131789017E-21));
#2475 = ADVANCED_FACE('',(#2476),#2493,.T.);
#2476 = FACE_BOUND('',#2477,.T.);
#2477 = EDGE_LOOP('',(#2478,#2486,#2487));
#2478 = ORIENTED_EDGE('',*,*,#2479,.T.);
#2479 = EDGE_CURVE('',#2480,#2434,#2482,.T.);
#2480 = VERTEX_POINT('',#2481);
#2481 = CARTESIAN_POINT('',(-1.010844193399,-8.665561634302,
    11.694155842066));
#2482 = LINE('',#2483,#2484);
#2483 = CARTESIAN_POINT('',(-1.010844193399,-8.665561634302,
    11.694155842066));
#2484 = VECTOR('',#2485,1.);
#2485 = DIRECTION('',(0.996891588045,-7.878554236373E-02,0.));
#2486 = ORIENTED_EDGE('',*,*,#2456,.F.);
#2487 = ORIENTED_EDGE('',*,*,#2488,.T.);
#2488 = EDGE_CURVE('',#2457,#2480,#2489,.T.);
#2489 = LINE('',#2490,#2491);
#2490 = CARTESIAN_POINT('',(-0.236611051485,-8.751792138815,
    36.967156720161));
#2491 = VECTOR('',#2492,1.);
#2492 = DIRECTION('',(-3.062024947886E-02,3.410341688993E-03,
    -0.999525272262));
#2493 = PLANE('',#2494);
#2494 = AXIS2_PLACEMENT_3D('',#2495,#2496,#2497);
#2495 = CARTESIAN_POINT('',(-0.23079506995,-8.739352420941,
    23.948766328233));
#2496 = DIRECTION('',(-7.878550392813E-02,-0.99689110171,
    -9.877764228166E-04));
#2497 = DIRECTION('',(-0.996891588045,7.878554236375E-02,
    1.99899775552E-17));
#2498 = ADVANCED_FACE('',(#2499),#2516,.T.);
#2499 = FACE_BOUND('',#2500,.T.);
#2500 = EDGE_LOOP('',(#2501,#2509,#2510));
#2501 = ORIENTED_EDGE('',*,*,#2502,.T.);
#2502 = EDGE_CURVE('',#2503,#2480,#2505,.T.);
#2503 = VERTEX_POINT('',#2504);
#2504 = CARTESIAN_POINT('',(-1.801034121215,-8.526288855076,
    36.967156720161));
#2505 = LINE('',#2506,#2507);
#2506 = CARTESIAN_POINT('',(-1.801034121215,-8.526288855076,
    36.967156720161));
#2507 = VECTOR('',#2508,1.);
#2508 = DIRECTION('',(3.125042411046E-02,-5.507958611788E-03,
    -0.999496409891));
#2509 = ORIENTED_EDGE('',*,*,#2488,.F.);
#2510 = ORIENTED_EDGE('',*,*,#2511,.T.);
#2511 = EDGE_CURVE('',#2457,#2503,#2512,.T.);
#2512 = LINE('',#2513,#2514);
#2513 = CARTESIAN_POINT('',(-0.236611051485,-8.751792138815,
    36.967156720161));
#2514 = VECTOR('',#2515,1.);
#2515 = DIRECTION('',(-0.989770292779,0.142670135392,0.));
#2516 = PLANE('',#2517);
#2517 = AXIS2_PLACEMENT_3D('',#2518,#2519,#2520);
#2518 = CARTESIAN_POINT('',(-1.014959769378,-8.651898377673,
    24.713640798301));
#2519 = DIRECTION('',(-0.142670064966,-0.989769804196,9.936114515696E-04
    ));
#2520 = DIRECTION('',(-0.989770292779,0.142670135393,-6.399774373639E-16
    ));
#2521 = ADVANCED_FACE('',(#2522),#2539,.T.);
#2522 = FACE_BOUND('',#2523,.T.);
#2523 = EDGE_LOOP('',(#2524,#2532,#2533));
#2524 = ORIENTED_EDGE('',*,*,#2525,.T.);
#2525 = EDGE_CURVE('',#2526,#2480,#2528,.T.);
#2526 = VERTEX_POINT('',#2527);
#2527 = CARTESIAN_POINT('',(-2.553590838611,-8.343869030476,
    11.694155842066));
#2528 = LINE('',#2529,#2530);
#2529 = CARTESIAN_POINT('',(-2.553590838611,-8.343869030476,
    11.694155842066));
#2530 = VECTOR('',#2531,1.);
#2531 = DIRECTION('',(0.978944035142,-0.204128822216,0.));
#2532 = ORIENTED_EDGE('',*,*,#2502,.F.);
#2533 = ORIENTED_EDGE('',*,*,#2534,.T.);
#2534 = EDGE_CURVE('',#2503,#2526,#2535,.T.);
#2535 = LINE('',#2536,#2537);
#2536 = CARTESIAN_POINT('',(-1.801034121215,-8.526288855076,
    36.967156720161));
#2537 = VECTOR('',#2538,1.);
#2538 = DIRECTION('',(-2.976313453463E-02,7.214586828949E-03,
    -0.999530942772));
#2539 = PLANE('',#2540);
#2540 = AXIS2_PLACEMENT_3D('',#2541,#2542,#2543);
#2541 = CARTESIAN_POINT('',(-1.791335027309,-8.515177452419,
    23.948766364135));
#2542 = DIRECTION('',(-0.204128722662,-0.978943557709,
    -9.876259158256E-04));
#2543 = DIRECTION('',(-0.978944035142,0.204128822216,4.000706016472E-17)
  );
#2544 = ADVANCED_FACE('',(#2545),#2562,.T.);
#2545 = FACE_BOUND('',#2546,.T.);
#2546 = EDGE_LOOP('',(#2547,#2555,#2556));
#2547 = ORIENTED_EDGE('',*,*,#2548,.T.);
#2548 = EDGE_CURVE('',#2549,#2526,#2551,.T.);
#2549 = VERTEX_POINT('',#2550);
#2550 = CARTESIAN_POINT('',(-3.324261495471,-8.10432908535,
    36.967156720161));
#2551 = LINE('',#2552,#2553);
#2552 = CARTESIAN_POINT('',(-3.324261495471,-8.10432908535,
    36.967156720161));
#2553 = VECTOR('',#2554,1.);
#2554 = DIRECTION('',(3.047829702749E-02,-9.473267903094E-03,
    -0.999490535526));
#2555 = ORIENTED_EDGE('',*,*,#2534,.F.);
#2556 = ORIENTED_EDGE('',*,*,#2557,.T.);
#2557 = EDGE_CURVE('',#2503,#2549,#2558,.T.);
#2558 = LINE('',#2559,#2560);
#2559 = CARTESIAN_POINT('',(-1.801034121215,-8.526288855076,
    36.967156720161));
#2560 = VECTOR('',#2561,1.);
#2561 = DIRECTION('',(-0.963706755536,0.266963086091,0.));
#2562 = PLANE('',#2563);
#2563 = AXIS2_PLACEMENT_3D('',#2564,#2565,#2566);
#2564 = CARTESIAN_POINT('',(-2.558264036036,-8.329154136371,
    24.713640790744));
#2565 = DIRECTION('',(-0.266962954371,-0.963706280043,9.933776426999E-04
    ));
#2566 = DIRECTION('',(-0.963706755536,0.266963086091,3.699839913607E-16)
  );
#2567 = ADVANCED_FACE('',(#2568),#2585,.T.);
#2568 = FACE_BOUND('',#2569,.T.);
#2569 = EDGE_LOOP('',(#2570,#2578,#2579));
#2570 = ORIENTED_EDGE('',*,*,#2571,.T.);
#2571 = EDGE_CURVE('',#2572,#2526,#2574,.T.);
#2572 = VERTEX_POINT('',#2573);
#2573 = CARTESIAN_POINT('',(-4.043318486214,-7.829802328348,
    11.694155842066));
#2574 = LINE('',#2575,#2576);
#2575 = CARTESIAN_POINT('',(-4.043318486214,-7.829802328348,
    11.694155842066));
#2576 = VECTOR('',#2577,1.);
#2577 = DIRECTION('',(0.945301089136,-0.326199096991,0.));
#2578 = ORIENTED_EDGE('',*,*,#2548,.F.);
#2579 = ORIENTED_EDGE('',*,*,#2580,.T.);
#2580 = EDGE_CURVE('',#2549,#2572,#2581,.T.);
#2581 = LINE('',#2582,#2583);
#2582 = CARTESIAN_POINT('',(-3.324261495471,-8.10432908535,
    36.967156720161));
#2583 = VECTOR('',#2584,1.);
#2584 = DIRECTION('',(-2.843840224819E-02,1.08574180406E-02,
    -0.999536579496));
#2585 = PLANE('',#2586);
#2586 = AXIS2_PLACEMENT_3D('',#2587,#2588,#2589);
#2587 = CARTESIAN_POINT('',(-3.310959803526,-8.095320917458,
    23.948766430944));
#2588 = DIRECTION('',(-0.326198937974,-0.945300628317,
    -9.874050684076E-04));
#2589 = DIRECTION('',(-0.945301089136,0.326199096991,-2.000895109322E-16
    ));
#2590 = ADVANCED_FACE('',(#2591),#2608,.T.);
#2591 = FACE_BOUND('',#2592,.T.);
#2592 = EDGE_LOOP('',(#2593,#2601,#2602));
#2593 = ORIENTED_EDGE('',*,*,#2594,.T.);
#2594 = EDGE_CURVE('',#2595,#2572,#2597,.T.);
#2595 = VERTEX_POINT('',#2596);
#2596 = CARTESIAN_POINT('',(-4.781726509333,-7.492718070745,
    36.967156720161));
#2597 = LINE('',#2598,#2599);
#2598 = CARTESIAN_POINT('',(-4.781726509333,-7.492718070745,
    36.967156720161));
#2599 = VECTOR('',#2600,1.);
#2600 = DIRECTION('',(2.920220954612E-02,-1.333084800953E-02,
    -0.99948462692));
#2601 = ORIENTED_EDGE('',*,*,#2580,.F.);
#2602 = ORIENTED_EDGE('',*,*,#2603,.T.);
#2603 = EDGE_CURVE('',#2549,#2595,#2604,.T.);
#2604 = LINE('',#2605,#2606);
#2605 = CARTESIAN_POINT('',(-3.324261495471,-8.10432908535,
    36.967156720161));
#2606 = VECTOR('',#2607,1.);
#2607 = DIRECTION('',(-0.922100488466,0.386950499638,0.));
#2608 = PLANE('',#2609);
#2609 = AXIS2_PLACEMENT_3D('',#2610,#2611,#2612);
#2610 = CARTESIAN_POINT('',(-4.048312048621,-7.813685104818,
    24.713640786134));
#2611 = DIRECTION('',(-0.38695030883,-0.922100033772,9.930832057626E-04)
  );
#2612 = DIRECTION('',(-0.922100488466,0.386950499638,8.001412032943E-17)
  );
#2613 = ADVANCED_FACE('',(#2614),#2631,.T.);
#2614 = FACE_BOUND('',#2615,.T.);
#2615 = EDGE_LOOP('',(#2616,#2624,#2625));
#2616 = ORIENTED_EDGE('',*,*,#2617,.T.);
#2617 = EDGE_CURVE('',#2618,#2572,#2620,.T.);
#2618 = VERTEX_POINT('',#2619);
#2619 = CARTESIAN_POINT('',(-5.456142556667,-7.131604272127,
    11.694155842066));
#2620 = LINE('',#2621,#2622);
#2621 = CARTESIAN_POINT('',(-5.456142556667,-7.131604272127,
    11.694155842066));
#2622 = VECTOR('',#2623,1.);
#2623 = DIRECTION('',(0.896502331661,-0.443039015581,0.));
#2624 = ORIENTED_EDGE('',*,*,#2594,.F.);
#2625 = ORIENTED_EDGE('',*,*,#2626,.T.);
#2626 = EDGE_CURVE('',#2595,#2618,#2627,.T.);
#2627 = LINE('',#2628,#2629);
#2628 = CARTESIAN_POINT('',(-4.781726509333,-7.492718070745,
    36.967156720161));
#2629 = VECTOR('',#2630,1.);
#2630 = DIRECTION('',(-2.667302119192E-02,1.428197926385E-02,
    -0.999542182706));
#2631 = PLANE('',#2632);
#2632 = AXIS2_PLACEMENT_3D('',#2633,#2634,#2635);
#2633 = CARTESIAN_POINT('',(-4.765235175258,-7.486534009053,
    23.948766536731));
#2634 = DIRECTION('',(-0.443038799744,-0.896501894908,
    -9.870900855761E-04));
#2635 = DIRECTION('',(-0.896502331661,0.443039015581,2.399881508797E-16)
  );
#2636 = ADVANCED_FACE('',(#2637),#2654,.T.);
#2637 = FACE_BOUND('',#2638,.T.);
#2638 = EDGE_LOOP('',(#2639,#2647,#2648));
#2639 = ORIENTED_EDGE('',*,*,#2640,.T.);
#2640 = EDGE_CURVE('',#2641,#2618,#2643,.T.);
#2641 = VERTEX_POINT('',#2642);
#2642 = CARTESIAN_POINT('',(-6.149922883511,-6.701320761442,
    36.967156720161));
#2643 = LINE('',#2644,#2645);
#2644 = CARTESIAN_POINT('',(-6.149922883511,-6.701320761442,
    36.967156720161));
#2645 = VECTOR('',#2646,1.);
#2646 = DIRECTION('',(2.743713149913E-02,-1.701654660386E-02,
    -0.999478684594));
#2647 = ORIENTED_EDGE('',*,*,#2626,.F.);
#2648 = ORIENTED_EDGE('',*,*,#2649,.T.);
#2649 = EDGE_CURVE('',#2595,#2641,#2650,.T.);
#2650 = LINE('',#2651,#2652);
#2651 = CARTESIAN_POINT('',(-4.781726509333,-7.492718070745,
    36.967156720161));
#2652 = VECTOR('',#2653,1.);
#2653 = DIRECTION('',(-0.865622746501,0.500696775245,0.));
#2654 = PLANE('',#2655);
#2655 = AXIS2_PLACEMENT_3D('',#2656,#2657,#2658);
#2656 = CARTESIAN_POINT('',(-5.461140884412,-7.113781654775,
    24.713640627846));
#2657 = DIRECTION('',(-0.500696528516,-0.865622319948,9.927435872005E-04
    ));
#2658 = DIRECTION('',(-0.865622746501,0.500696775244,5.19983361924E-16)
  );
#2659 = ADVANCED_FACE('',(#2660),#2677,.T.);
#2660 = FACE_BOUND('',#2661,.T.);
#2661 = EDGE_LOOP('',(#2662,#2670,#2671));
#2662 = ORIENTED_EDGE('',*,*,#2663,.T.);
#2663 = EDGE_CURVE('',#2664,#2618,#2666,.T.);
#2664 = VERTEX_POINT('',#2665);
#2665 = CARTESIAN_POINT('',(-6.769412535429,-6.260467931628,
    11.694155842066));
#2666 = LINE('',#2667,#2668);
#2667 = CARTESIAN_POINT('',(-6.769412535429,-6.260467931628,
    11.694155842066));
#2668 = VECTOR('',#2669,1.);
#2669 = DIRECTION('',(0.833329946482,-0.552775904229,0.));
#2670 = ORIENTED_EDGE('',*,*,#2640,.F.);
#2671 = ORIENTED_EDGE('',*,*,#2672,.T.);
#2672 = EDGE_CURVE('',#2641,#2664,#2673,.T.);
#2673 = LINE('',#2674,#2675);
#2674 = CARTESIAN_POINT('',(-6.149922883511,-6.701320761442,
    36.967156720161));
#2675 = VECTOR('',#2676,1.);
#2676 = DIRECTION('',(-2.450082958698E-02,1.74357392779E-02,
    -0.999547749908));
#2677 = PLANE('',#2678);
#2678 = AXIS2_PLACEMENT_3D('',#2679,#2680,#2681);
#2679 = CARTESIAN_POINT('',(-6.130777926375,-6.698605874261,
    23.948766294621));
#2680 = DIRECTION('',(-0.552775635143,-0.833329540826,
    -9.867012056456E-04));
#2681 = DIRECTION('',(-0.833329946482,0.552775904229,-5.500699722105E-16
    ));
#2682 = ADVANCED_FACE('',(#2683),#2700,.T.);
#2683 = FACE_BOUND('',#2684,.T.);
#2684 = EDGE_LOOP('',(#2685,#2693,#2694));
#2685 = ORIENTED_EDGE('',*,*,#2686,.T.);
#2686 = EDGE_CURVE('',#2687,#2664,#2689,.T.);
#2687 = VERTEX_POINT('',#2688);
#2688 = CARTESIAN_POINT('',(-7.406784301996,-5.742900201678,
    36.967156720161));
#2689 = LINE('',#2690,#2691);
#2690 = CARTESIAN_POINT('',(-7.406784301996,-5.742900201678,
    36.967156720161));
#2691 = VECTOR('',#2692,1.);
#2692 = DIRECTION('',(2.520617515776E-02,-2.046827854862E-02,
    -0.999472710136));
#2693 = ORIENTED_EDGE('',*,*,#2672,.F.);
#2694 = ORIENTED_EDGE('',*,*,#2695,.T.);
#2695 = EDGE_CURVE('',#2641,#2687,#2696,.T.);
#2696 = LINE('',#2697,#2698);
#2697 = CARTESIAN_POINT('',(-6.149922883511,-6.701320761442,
    36.967156720161));
#2698 = VECTOR('',#2699,1.);
#2699 = DIRECTION('',(-0.79518404381,0.606368152586,0.));
#2700 = PLANE('',#2701);
#2701 = AXIS2_PLACEMENT_3D('',#2702,#2703,#2704);
#2702 = CARTESIAN_POINT('',(-6.774029993495,-6.240699220306,
    24.713640520462));
#2703 = DIRECTION('',(-0.606367854023,-0.795183652278,9.923494093802E-04
    ));
#2704 = DIRECTION('',(-0.79518404381,0.606368152586,5.421010862428E-20)
  );
#2705 = ADVANCED_FACE('',(#2706),#2723,.T.);
#2706 = FACE_BOUND('',#2707,.T.);
#2707 = EDGE_LOOP('',(#2708,#2716,#2717));
#2708 = ORIENTED_EDGE('',*,*,#2709,.T.);
#2709 = EDGE_CURVE('',#2710,#2664,#2712,.T.);
#2710 = VERTEX_POINT('',#2711);
#2711 = CARTESIAN_POINT('',(-7.962070024014,-5.230361461639,
    11.694155842066));
#2712 = LINE('',#2713,#2714);
#2713 = CARTESIAN_POINT('',(-7.962070024014,-5.230361461639,
    11.694155842066));
#2714 = VECTOR('',#2715,1.);
#2715 = DIRECTION('',(0.756796610712,-0.653650434112,0.));
#2716 = ORIENTED_EDGE('',*,*,#2686,.F.);
#2717 = ORIENTED_EDGE('',*,*,#2718,.T.);
#2718 = EDGE_CURVE('',#2687,#2710,#2719,.T.);
#2719 = LINE('',#2720,#2721);
#2720 = CARTESIAN_POINT('',(-7.406784301996,-5.742900201678,
    36.967156720161));
#2721 = VECTOR('',#2722,1.);
#2722 = DIRECTION('',(-2.19616843398E-02,2.027103088435E-02,
    -0.999553285087));
#2723 = PLANE('',#2724);
#2724 = AXIS2_PLACEMENT_3D('',#2725,#2726,#2727);
#2725 = CARTESIAN_POINT('',(-7.385630952363,-5.744205511066,
    23.948766774036));
#2726 = DIRECTION('',(-0.65365011623,-0.756796242668,-9.862230475173E-04
    ));
#2727 = DIRECTION('',(-0.756796610712,0.653650434112,1.000176504118E-16)
  );
#2728 = ADVANCED_FACE('',(#2729),#2746,.T.);
#2729 = FACE_BOUND('',#2730,.T.);
#2730 = EDGE_LOOP('',(#2731,#2739,#2740));
#2731 = ORIENTED_EDGE('',*,*,#2732,.T.);
#2732 = EDGE_CURVE('',#2733,#2710,#2735,.T.);
#2733 = VERTEX_POINT('',#2734);
#2734 = CARTESIAN_POINT('',(-8.53204189539,-4.632914280891,
    36.967156720161));
#2735 = LINE('',#2736,#2737);
#2736 = CARTESIAN_POINT('',(-8.53204189539,-4.632914280891,
    36.967156720161));
#2737 = VECTOR('',#2738,1.);
#2738 = DIRECTION('',(2.25405723365E-02,-2.362713332217E-02,
    -0.99946669838));
#2739 = ORIENTED_EDGE('',*,*,#2718,.F.);
#2740 = ORIENTED_EDGE('',*,*,#2741,.T.);
#2741 = EDGE_CURVE('',#2687,#2733,#2742,.T.);
#2742 = LINE('',#2743,#2744);
#2743 = CARTESIAN_POINT('',(-7.406784301996,-5.742900201678,
    36.967156720161));
#2744 = VECTOR('',#2745,1.);
#2745 = DIRECTION('',(-0.711921273614,0.702259282727,0.));
#2746 = PLANE('',#2747);
#2747 = AXIS2_PLACEMENT_3D('',#2748,#2749,#2750);
#2748 = CARTESIAN_POINT('',(-7.965864653237,-5.208479349382,
    24.713640639952));
#2749 = DIRECTION('',(-0.70225893729,-0.711920923423,9.918611587986E-04)
  );
#2750 = DIRECTION('',(-0.711921273613,0.702259282728,-9.200539635712E-16
    ));
#2751 = ADVANCED_FACE('',(#2752),#2769,.T.);
#2752 = FACE_BOUND('',#2753,.T.);
#2753 = EDGE_LOOP('',(#2754,#2762,#2763));
#2754 = ORIENTED_EDGE('',*,*,#2755,.T.);
#2755 = EDGE_CURVE('',#2756,#2710,#2758,.T.);
#2756 = VERTEX_POINT('',#2757);
#2757 = CARTESIAN_POINT('',(-9.014994490147,-4.057799115777,
    11.694155842066));
#2758 = LINE('',#2759,#2760);
#2759 = CARTESIAN_POINT('',(-9.014994490147,-4.057799115777,
    11.694155842066));
#2760 = VECTOR('',#2761,1.);
#2761 = DIRECTION('',(0.668129356971,-0.744045134621,0.));
#2762 = ORIENTED_EDGE('',*,*,#2732,.F.);
#2763 = ORIENTED_EDGE('',*,*,#2764,.T.);
#2764 = EDGE_CURVE('',#2733,#2756,#2765,.T.);
#2765 = LINE('',#2766,#2767);
#2766 = CARTESIAN_POINT('',(-8.53204189539,-4.632914280891,
    36.967156720161));
#2767 = VECTOR('',#2768,1.);
#2768 = DIRECTION('',(-1.910099683163E-02,2.274606879832E-02,
    -0.999558786803));
#2769 = PLANE('',#2770);
#2770 = AXIS2_PLACEMENT_3D('',#2771,#2772,#2773);
#2771 = CARTESIAN_POINT('',(-8.509617861002,-4.638679105465,
    23.948766782094));
#2772 = DIRECTION('',(-0.744044773128,-0.668129032361,
    -9.857470067379E-04));
#2773 = DIRECTION('',(0.668129356971,-0.744045134621,-3.999621814299E-16
    ));
#2774 = ADVANCED_FACE('',(#2775),#2792,.T.);
#2775 = FACE_BOUND('',#2776,.T.);
#2776 = EDGE_LOOP('',(#2777,#2785,#2786));
#2777 = ORIENTED_EDGE('',*,*,#2778,.T.);
#2778 = EDGE_CURVE('',#2779,#2756,#2781,.T.);
#2779 = VERTEX_POINT('',#2780);
#2780 = CARTESIAN_POINT('',(-9.507544821501,-3.389264038205,
    36.967156720161));
#2781 = LINE('',#2782,#2783);
#2782 = CARTESIAN_POINT('',(-9.507544821501,-3.389264038205,
    36.967156720161));
#2783 = VECTOR('',#2784,1.);
#2784 = DIRECTION('',(1.947867918988E-02,-2.643827335859E-02,
    -0.999460653932));
#2785 = ORIENTED_EDGE('',*,*,#2764,.F.);
#2786 = ORIENTED_EDGE('',*,*,#2787,.T.);
#2787 = EDGE_CURVE('',#2733,#2779,#2788,.T.);
#2788 = LINE('',#2789,#2790);
#2789 = CARTESIAN_POINT('',(-8.53204189539,-4.632914280891,
    36.967156720161));
#2790 = VECTOR('',#2791,1.);
#2791 = DIRECTION('',(-0.617175569083,0.786825467894,0.));
#2792 = PLANE('',#2793);
#2793 = AXIS2_PLACEMENT_3D('',#2794,#2795,#2796);
#2794 = CARTESIAN_POINT('',(-9.017478254932,-4.033721500093,
    24.713640426629));
#2795 = DIRECTION('',(-0.786825081321,-0.61717526586,9.912696887618E-04)
  );
#2796 = DIRECTION('',(0.617175569083,-0.786825467894,1.70111320863E-16)
  );
#2797 = ADVANCED_FACE('',(#2798),#2815,.T.);
#2798 = FACE_BOUND('',#2799,.T.);
#2799 = EDGE_LOOP('',(#2800,#2808,#2809));
#2800 = ORIENTED_EDGE('',*,*,#2801,.T.);
#2801 = EDGE_CURVE('',#2802,#2756,#2804,.T.);
#2802 = VERTEX_POINT('',#2803);
#2803 = CARTESIAN_POINT('',(-9.911306059361,-2.761581791937,
    11.694155842066));
#2804 = LINE('',#2805,#2806);
#2805 = CARTESIAN_POINT('',(-9.911306059361,-2.761581791937,
    11.694155842066));
#2806 = VECTOR('',#2807,1.);
#2807 = DIRECTION('',(0.568751058268,-0.822509716489,0.));
#2808 = ORIENTED_EDGE('',*,*,#2778,.F.);
#2809 = ORIENTED_EDGE('',*,*,#2810,.T.);
#2810 = EDGE_CURVE('',#2779,#2802,#2811,.T.);
#2811 = LINE('',#2812,#2813);
#2812 = CARTESIAN_POINT('',(-9.507544821501,-3.389264038205,
    36.967156720161));
#2813 = VECTOR('',#2814,1.);
#2814 = DIRECTION('',(-1.596902964664E-02,2.482525675931E-02,
    -0.999564253422));
#2815 = PLANE('',#2816);
#2816 = AXIS2_PLACEMENT_3D('',#2817,#2818,#2819);
#2817 = CARTESIAN_POINT('',(-9.484665459253,-3.399802187435,
    23.948766785461));
#2818 = DIRECTION('',(-0.822509317367,-0.568750782283,
    -9.851377989754E-04));
#2819 = DIRECTION('',(0.568751058269,-0.822509716489,7.099355825435E-16)
  );
#2820 = ADVANCED_FACE('',(#2821),#2838,.T.);
#2821 = FACE_BOUND('',#2822,.T.);
#2822 = EDGE_LOOP('',(#2823,#2831,#2832));
#2823 = ORIENTED_EDGE('',*,*,#2824,.T.);
#2824 = EDGE_CURVE('',#2825,#2802,#2827,.T.);
#2825 = VERTEX_POINT('',#2826);
#2826 = CARTESIAN_POINT('',(-10.31756154298,-2.032008092105,
    36.967156720161));
#2827 = LINE('',#2828,#2829);
#2828 = CARTESIAN_POINT('',(-10.31756154298,-2.032008092105,
    36.967156720161));
#2829 = VECTOR('',#2830,1.);
#2830 = DIRECTION('',(1.60659157287E-02,-2.885196643923E-02,
    -0.999454576449));
#2831 = ORIENTED_EDGE('',*,*,#2810,.F.);
#2832 = ORIENTED_EDGE('',*,*,#2833,.T.);
#2833 = EDGE_CURVE('',#2779,#2825,#2834,.T.);
#2834 = LINE('',#2835,#2836);
#2835 = CARTESIAN_POINT('',(-9.507544821501,-3.389264038205,
    36.967156720161));
#2836 = VECTOR('',#2837,1.);
#2837 = DIRECTION('',(-0.512476822975,0.858701057361,0.));
#2838 = PLANE('',#2839);
#2839 = AXIS2_PLACEMENT_3D('',#2840,#2841,#2842);
#2840 = CARTESIAN_POINT('',(-9.911959293289,-2.73531885089,
    24.713640231705));
#2841 = DIRECTION('',(-0.858700635972,-0.512476571488,9.906851307673E-04
    ));
#2842 = DIRECTION('',(0.512476822975,-0.858701057361,6.00648003557E-17)
  );
#2843 = ADVANCED_FACE('',(#2844),#2861,.T.);
#2844 = FACE_BOUND('',#2845,.T.);
#2845 = EDGE_LOOP('',(#2846,#2854,#2855));
#2846 = ORIENTED_EDGE('',*,*,#2847,.T.);
#2847 = EDGE_CURVE('',#2848,#2802,#2850,.T.);
#2848 = VERTEX_POINT('',#2849);
#2849 = CARTESIAN_POINT('',(-10.63663197159,-1.362490834296,
    11.694155842066));
#2850 = LINE('',#2851,#2852);
#2851 = CARTESIAN_POINT('',(-10.63663197159,-1.362490834296,
    11.694155842066));
#2852 = VECTOR('',#2853,1.);
#2853 = DIRECTION('',(0.460252822339,-0.887787891069,0.));
#2854 = ORIENTED_EDGE('',*,*,#2824,.F.);
#2855 = ORIENTED_EDGE('',*,*,#2856,.T.);
#2856 = EDGE_CURVE('',#2825,#2848,#2857,.T.);
#2857 = LINE('',#2858,#2859);
#2858 = CARTESIAN_POINT('',(-10.31756154298,-2.032008092105,
    36.967156720161));
#2859 = VECTOR('',#2860,1.);
#2860 = DIRECTION('',(-1.261951952877E-02,2.648000363615E-02,
    -0.999569685982));
#2861 = PLANE('',#2862);
#2862 = AXIS2_PLACEMENT_3D('',#2863,#2864,#2865);
#2863 = CARTESIAN_POINT('',(-10.29509644546,-2.047495478241,
    23.94876694939));
#2864 = DIRECTION('',(-0.887787460862,-0.460252599308,
    -9.844629316699E-04));
#2865 = DIRECTION('',(0.460252822339,-0.887787891069,-2.299050706756E-16
    ));
#2866 = ADVANCED_FACE('',(#2867),#2884,.T.);
#2867 = FACE_BOUND('',#2868,.T.);
#2868 = EDGE_LOOP('',(#2869,#2877,#2878));
#2869 = ORIENTED_EDGE('',*,*,#2870,.T.);
#2870 = EDGE_CURVE('',#2871,#2848,#2873,.T.);
#2871 = VERTEX_POINT('',#2872);
#2872 = CARTESIAN_POINT('',(-10.94902811646,-0.58303572014,
    36.967156720161));
#2873 = LINE('',#2874,#2875);
#2874 = CARTESIAN_POINT('',(-10.94902811646,-0.58303572014,
    36.967156720161));
#2875 = VECTOR('',#2876,1.);
#2876 = DIRECTION('',(1.235404726442E-02,-3.082440509908E-02,
    -0.999448464688));
#2877 = ORIENTED_EDGE('',*,*,#2856,.F.);
#2878 = ORIENTED_EDGE('',*,*,#2879,.T.);
#2879 = EDGE_CURVE('',#2825,#2871,#2880,.T.);
#2880 = LINE('',#2881,#2882);
#2881 = CARTESIAN_POINT('',(-10.31756154298,-2.032008092105,
    36.967156720161));
#2882 = VECTOR('',#2883,1.);
#2883 = DIRECTION('',(-0.399512705625,0.91672765751,0.));
#2884 = PLANE('',#2885);
#2885 = AXIS2_PLACEMENT_3D('',#2886,#2887,#2888);
#2886 = CARTESIAN_POINT('',(-10.63492211299,-1.334152077256,
    24.713640118345));
#2887 = DIRECTION('',(-0.916727208277,-0.399512509847,9.89990200618E-04)
  );
#2888 = DIRECTION('',(0.399512705624,-0.916727657511,8.099532329553E-16)
  );
#2889 = ADVANCED_FACE('',(#2890),#2907,.T.);
#2890 = FACE_BOUND('',#2891,.T.);
#2891 = EDGE_LOOP('',(#2892,#2900,#2901));
#2892 = ORIENTED_EDGE('',*,*,#2893,.T.);
#2893 = EDGE_CURVE('',#2894,#2848,#2896,.T.);
#2894 = VERTEX_POINT('',#2895);
#2895 = CARTESIAN_POINT('',(-11.17934502959,0.117041796632,
    11.694155842066));
#2896 = LINE('',#2897,#2898);
#2897 = CARTESIAN_POINT('',(-11.17934502959,0.117041796632,
    11.694155842066));
#2898 = VECTOR('',#2899,1.);
#2899 = DIRECTION('',(0.344376449272,-0.938831646882,0.));
#2900 = ORIENTED_EDGE('',*,*,#2870,.F.);
#2901 = ORIENTED_EDGE('',*,*,#2902,.T.);
#2902 = EDGE_CURVE('',#2871,#2894,#2903,.T.);
#2903 = LINE('',#2904,#2905);
#2904 = CARTESIAN_POINT('',(-10.94902811646,-0.58303572014,
    36.967156720161));
#2905 = VECTOR('',#2906,1.);
#2906 = DIRECTION('',(-9.109288167164E-03,2.768883862248E-02,
    -0.999575084266));
#2907 = PLANE('',#2908);
#2908 = AXIS2_PLACEMENT_3D('',#2909,#2910,#2911);
#2909 = CARTESIAN_POINT('',(-10.92787984257,-0.603502560214,
    23.948767001113));
#2910 = DIRECTION('',(-0.938831192632,-0.344376282647,
    -9.837134369413E-04));
#2911 = DIRECTION('',(0.344376449272,-0.938831646882,1.799775606326E-16)
  );
#2912 = ADVANCED_FACE('',(#2913),#2930,.T.);
#2913 = FACE_BOUND('',#2914,.T.);
#2914 = EDGE_LOOP('',(#2915,#2923,#2924));
#2915 = ORIENTED_EDGE('',*,*,#2916,.T.);
#2916 = EDGE_CURVE('',#2917,#2894,#2919,.T.);
#2917 = VERTEX_POINT('',#2918);
#2918 = CARTESIAN_POINT('',(-11.39176090359,0.934284190089,
    36.967156720161));
#2919 = LINE('',#2920,#2921);
#2920 = CARTESIAN_POINT('',(-11.39176090359,0.934284190089,
    36.967156720161));
#2921 = VECTOR('',#2922,1.);
#2922 = DIRECTION('',(8.400166434938E-03,-3.231854565907E-02,
    -0.999442318901));
#2923 = ORIENTED_EDGE('',*,*,#2902,.F.);
#2924 = ORIENTED_EDGE('',*,*,#2925,.T.);
#2925 = EDGE_CURVE('',#2871,#2917,#2926,.T.);
#2926 = LINE('',#2927,#2928);
#2927 = CARTESIAN_POINT('',(-10.94902811646,-0.58303572014,
    36.967156720161));
#2928 = VECTOR('',#2929,1.);
#2929 = DIRECTION('',(-0.280105619946,0.959969187878,0.));
#2930 = PLANE('',#2931);
#2931 = AXIS2_PLACEMENT_3D('',#2932,#2933,#2934);
#2932 = CARTESIAN_POINT('',(-11.17474126306,0.147245196241,
    24.713640058184));
#2933 = DIRECTION('',(-0.959968718151,-0.280105482886,9.892565228636E-04
    ));
#2934 = DIRECTION('',(0.280105619946,-0.959969187878,1.99981090715E-16)
  );
#2935 = ADVANCED_FACE('',(#2936),#2953,.T.);
#2936 = FACE_BOUND('',#2937,.T.);
#2937 = EDGE_LOOP('',(#2938,#2946,#2947));
#2938 = ORIENTED_EDGE('',*,*,#2939,.T.);
#2939 = EDGE_CURVE('',#2940,#2894,#2942,.T.);
#2940 = VERTEX_POINT('',#2941);
#2941 = CARTESIAN_POINT('',(-11.53074148893,1.653294910491,
    11.694155842066));
#2942 = LINE('',#2943,#2944);
#2943 = CARTESIAN_POINT('',(-11.53074148893,1.653294910491,
    11.694155842066));
#2944 = VECTOR('',#2945,1.);
#2945 = DIRECTION('',(0.222977301953,-0.974823636774,0.));
#2946 = ORIENTED_EDGE('',*,*,#2916,.F.);
#2947 = ORIENTED_EDGE('',*,*,#2948,.T.);
#2948 = EDGE_CURVE('',#2917,#2940,#2949,.T.);
#2949 = LINE('',#2950,#2951);
#2950 = CARTESIAN_POINT('',(-11.39176090359,0.934284190089,
    36.967156720161));
#2951 = VECTOR('',#2952,1.);
#2952 = DIRECTION('',(-5.496865078293E-03,2.843782036406E-02,
    -0.999580449412));
#2953 = PLANE('',#2954);
#2954 = AXIS2_PLACEMENT_3D('',#2955,#2956,#2957);
#2955 = CARTESIAN_POINT('',(-11.37284137064,0.908958367942,
    23.948767233093));
#2956 = DIRECTION('',(-0.974823165864,-0.222977194238,
    -9.829263644196E-04));
#2957 = DIRECTION('',(0.222977301952,-0.974823636774,-8.699638232024E-16
    ));
#2958 = ADVANCED_FACE('',(#2959),#2976,.T.);
#2959 = FACE_BOUND('',#2960,.T.);
#2960 = EDGE_LOOP('',(#2961,#2969,#2970));
#2961 = ORIENTED_EDGE('',*,*,#2962,.T.);
#2962 = EDGE_CURVE('',#2963,#2940,#2965,.T.);
#2963 = VERTEX_POINT('',#2964);
#2964 = CARTESIAN_POINT('',(-11.63861932158,2.495480021834,
    36.967156720161));
#2965 = LINE('',#2966,#2967);
#2966 = CARTESIAN_POINT('',(-11.63861932158,2.495480021834,
    36.967156720161));
#2967 = VECTOR('',#2968,1.);
#2968 = DIRECTION('',(4.266094282701E-03,-3.330472072144E-02,
    -0.999436139039));
#2969 = ORIENTED_EDGE('',*,*,#2948,.F.);
#2970 = ORIENTED_EDGE('',*,*,#2971,.T.);
#2971 = EDGE_CURVE('',#2917,#2963,#2972,.T.);
#2972 = LINE('',#2973,#2974);
#2973 = CARTESIAN_POINT('',(-11.39176090359,0.934284190089,
    36.967156720161));
#2974 = VECTOR('',#2975,1.);
#2975 = DIRECTION('',(-0.156180973071,0.987728456435,0.));
#2976 = PLANE('',#2977);
#2977 = AXIS2_PLACEMENT_3D('',#2978,#2979,#2980);
#2978 = CARTESIAN_POINT('',(-11.52273445753,1.685049114132,
    24.713639867345));
#2979 = DIRECTION('',(-0.987727973983,-0.156180896785,9.88377794443E-04)
  );
#2980 = DIRECTION('',(0.156180973071,-0.987728456435,3.003240017785E-17)
  );
#2981 = ADVANCED_FACE('',(#2982),#2999,.T.);
#2982 = FACE_BOUND('',#2983,.T.);
#2983 = EDGE_LOOP('',(#2984,#2992,#2993));
#2984 = ORIENTED_EDGE('',*,*,#2985,.T.);
#2985 = EDGE_CURVE('',#2986,#2940,#2988,.T.);
#2986 = VERTEX_POINT('',#2987);
#2987 = CARTESIAN_POINT('',(-11.68518866896,3.22163785398,
    11.694155842066));
#2988 = LINE('',#2989,#2990);
#2989 = CARTESIAN_POINT('',(-11.68518866896,3.22163785398,
    11.694155842066));
#2990 = VECTOR('',#2991,1.);
#2991 = DIRECTION('',(9.800386908286E-02,-0.995186033687,0.));
#2992 = ORIENTED_EDGE('',*,*,#2962,.F.);
#2993 = ORIENTED_EDGE('',*,*,#2994,.T.);
#2994 = EDGE_CURVE('',#2963,#2986,#2995,.T.);
#2995 = LINE('',#2996,#2997);
#2996 = CARTESIAN_POINT('',(-11.63861932158,2.495480021834,
    36.967156720161));
#2997 = VECTOR('',#2998,1.);
#2998 = DIRECTION('',(-1.841888806656E-03,2.872065120292E-02,
    -0.999585780031));
#2999 = PLANE('',#3000);
#3000 = AXIS2_PLACEMENT_3D('',#3001,#3002,#3003);
#3001 = CARTESIAN_POINT('',(-11.62282619481,2.465568120682,
    23.948767359544));
#3002 = DIRECTION('',(-0.995185553729,-9.800382181767E-02,
    -9.821192644313E-04));
#3003 = DIRECTION('',(9.80038690829E-02,-0.995186033687,
    3.999350763756E-17));
#3004 = ADVANCED_FACE('',(#3005),#3022,.T.);
#3005 = FACE_BOUND('',#3006,.T.);
#3006 = EDGE_LOOP('',(#3007,#3015,#3016));
#3007 = ORIENTED_EDGE('',*,*,#3008,.T.);
#3008 = EDGE_CURVE('',#3009,#2986,#3011,.T.);
#3009 = VERTEX_POINT('',#3010);
#3010 = CARTESIAN_POINT('',(-11.68562014699,4.075373518467,
    36.967156720161));
#3011 = LINE('',#3012,#3013);
#3012 = CARTESIAN_POINT('',(-11.68562014699,4.075373518467,
    36.967156720161));
#3013 = VECTOR('',#3014,1.);
#3014 = DIRECTION('',(1.706295389536E-05,-3.376128443999E-02,
    -0.999429925198));
#3015 = ORIENTED_EDGE('',*,*,#2994,.F.);
#3016 = ORIENTED_EDGE('',*,*,#3017,.T.);
#3017 = EDGE_CURVE('',#2963,#3009,#3018,.T.);
#3018 = LINE('',#3019,#3020);
#3019 = CARTESIAN_POINT('',(-11.63861932158,2.495480021834,
    36.967156720161));
#3020 = VECTOR('',#3021,1.);
#3021 = DIRECTION('',(-2.97362074449E-02,0.999557781205,0.));
#3022 = PLANE('',#3023);
#3023 = AXIS2_PLACEMENT_3D('',#3024,#3025,#3026);
#3024 = CARTESIAN_POINT('',(-11.67330550658,3.254528821426,
    24.713639779844));
#3025 = DIRECTION('',(-0.999557293902,-2.973619294795E-02,
    9.874395826804E-04));
#3026 = DIRECTION('',(2.97362074449E-02,-0.999557781205,
    3.388131789017E-21));
#3027 = ADVANCED_FACE('',(#3028),#3045,.T.);
#3028 = FACE_BOUND('',#3029,.T.);
#3029 = EDGE_LOOP('',(#3030,#3038,#3039));
#3030 = ORIENTED_EDGE('',*,*,#3031,.T.);
#3031 = EDGE_CURVE('',#3032,#2986,#3034,.T.);
#3032 = VERTEX_POINT('',#3033);
#3033 = CARTESIAN_POINT('',(-11.64021124839,4.796925133467,
    11.694155842066));
#3034 = LINE('',#3035,#3036);
#3035 = CARTESIAN_POINT('',(-11.64021124839,4.796925133467,
    11.694155842066));
#3036 = VECTOR('',#3037,1.);
#3037 = DIRECTION('',(-2.854025378814E-02,-0.999592643987,0.));
#3038 = ORIENTED_EDGE('',*,*,#3008,.F.);
#3039 = ORIENTED_EDGE('',*,*,#3040,.T.);
#3040 = EDGE_CURVE('',#3009,#3032,#3041,.T.);
#3041 = LINE('',#3042,#3043);
#3042 = CARTESIAN_POINT('',(-11.68562014699,4.075373518467,
    36.967156720161));
#3043 = VECTOR('',#3044,1.);
#3044 = DIRECTION('',(1.796000802439E-03,2.853861951563E-02,
    -0.99959107718));
#3045 = PLANE('',#3046);
#3046 = AXIS2_PLACEMENT_3D('',#3047,#3048,#3049);
#3047 = CARTESIAN_POINT('',(-11.67381459546,4.041298031196,
    23.948767569859));
#3048 = DIRECTION('',(-0.999592162836,2.854024005033E-02,
    -9.811704978901E-04));
#3049 = DIRECTION('',(-2.854025378812E-02,-0.999592643987,
    2.000691821415E-17));
#3050 = ADVANCED_FACE('',(#3051),#3068,.T.);
#3051 = FACE_BOUND('',#3052,.T.);
#3052 = EDGE_LOOP('',(#3053,#3061,#3062));
#3053 = ORIENTED_EDGE('',*,*,#3054,.T.);
#3054 = EDGE_CURVE('',#3055,#3032,#3057,.T.);
#3055 = VERTEX_POINT('',#3056);
#3056 = CARTESIAN_POINT('',(-11.53200640082,5.648482969403,
    36.967156720161));
#3057 = LINE('',#3058,#3059);
#3058 = CARTESIAN_POINT('',(-11.53200640082,5.648482969403,
    36.967156720161));
#3059 = VECTOR('',#3060,1.);
#3060 = DIRECTION('',(-4.278972934695E-03,-3.367495092861E-02,
    -0.999423677962));
#3061 = ORIENTED_EDGE('',*,*,#3040,.F.);
#3062 = ORIENTED_EDGE('',*,*,#3063,.T.);
#3063 = EDGE_CURVE('',#3009,#3055,#3064,.T.);
#3064 = LINE('',#3065,#3066);
#3065 = CARTESIAN_POINT('',(-11.68562014699,4.075373518467,
    36.967156720161));
#3066 = VECTOR('',#3067,1.);
#3067 = DIRECTION('',(9.718748598937E-02,0.995266091338,0.));
#3068 = PLANE('',#3069);
#3069 = AXIS2_PLACEMENT_3D('',#3070,#3071,#3072);
#3070 = CARTESIAN_POINT('',(-11.6240333426,4.8304436711,24.713639453546)
  );
#3071 = DIRECTION('',(-0.995265607049,9.718743869875E-02,
    9.865009085552E-04));
#3072 = DIRECTION('',(-9.718748598941E-02,-0.995266091338,
    4.000706016472E-17));
#3073 = ADVANCED_FACE('',(#3074),#3091,.T.);
#3074 = FACE_BOUND('',#3075,.T.);
#3075 = EDGE_LOOP('',(#3076,#3084,#3085));
#3076 = ORIENTED_EDGE('',*,*,#3077,.T.);
#3077 = EDGE_CURVE('',#3078,#3032,#3080,.T.);
#3078 = VERTEX_POINT('',#3079);
#3079 = CARTESIAN_POINT('',(-11.39652987122,6.353900712728,
    11.694155842066));
#3080 = LINE('',#3081,#3082);
#3081 = CARTESIAN_POINT('',(-11.39652987122,6.353900712728,
    11.694155842066));
#3082 = VECTOR('',#3083,1.);
#3083 = DIRECTION('',(-0.15462708707,-0.987972906483,0.));
#3084 = ORIENTED_EDGE('',*,*,#3054,.F.);
#3085 = ORIENTED_EDGE('',*,*,#3086,.T.);
#3086 = EDGE_CURVE('',#3055,#3078,#3087,.T.);
#3087 = LINE('',#3088,#3089);
#3088 = CARTESIAN_POINT('',(-11.53200640082,5.648482969403,
    36.967156720161));
#3089 = VECTOR('',#3090,1.);
#3090 = DIRECTION('',(5.358360241245E-03,2.790064375366E-02,
    -0.999596339556));
#3091 = PLANE('',#3092);
#3092 = AXIS2_PLACEMENT_3D('',#3093,#3094,#3095);
#3093 = CARTESIAN_POINT('',(-11.52498753832,5.610811214565,
    23.948767708929));
#3094 = DIRECTION('',(-0.987972431947,0.154627012801,-9.801146334472E-04
    ));
#3095 = DIRECTION('',(-0.15462708707,-0.987972906483,-3.499804612783E-16
    ));
#3096 = ADVANCED_FACE('',(#3097),#3114,.T.);
#3097 = FACE_BOUND('',#3098,.T.);
#3098 = EDGE_LOOP('',(#3099,#3107,#3108));
#3099 = ORIENTED_EDGE('',*,*,#3100,.T.);
#3100 = EDGE_CURVE('',#3101,#3078,#3103,.T.);
#3101 = VERTEX_POINT('',#3102);
#3102 = CARTESIAN_POINT('',(-11.18025794625,7.189438980818,
    36.967156720161));
#3103 = LINE('',#3104,#3105);
#3104 = CARTESIAN_POINT('',(-11.18025794625,7.189438980818,
    36.967156720161));
#3105 = VECTOR('',#3106,1.);
#3106 = DIRECTION('',(-8.552443975745E-03,-3.304124762533E-02,
    -0.999417396115));
#3107 = ORIENTED_EDGE('',*,*,#3086,.F.);
#3108 = ORIENTED_EDGE('',*,*,#3109,.T.);
#3109 = EDGE_CURVE('',#3055,#3101,#3110,.T.);
#3110 = LINE('',#3111,#3112);
#3111 = CARTESIAN_POINT('',(-11.53200640082,5.648482969403,
    36.967156720161));
#3112 = VECTOR('',#3113,1.);
#3113 = DIRECTION('',(0.222542161838,0.974923066813,0.));
#3114 = PLANE('',#3115);
#3115 = AXIS2_PLACEMENT_3D('',#3116,#3117,#3118);
#3116 = CARTESIAN_POINT('',(-11.37571120876,6.387450196852,
    24.713639403271));
#3117 = DIRECTION('',(-0.974922593407,0.222542053775,9.854778982248E-04)
  );
#3118 = DIRECTION('',(-0.222542161838,-0.974923066813,
    -3.099462960593E-16));
#3119 = ADVANCED_FACE('',(#3120),#3137,.T.);
#3120 = FACE_BOUND('',#3121,.T.);
#3121 = EDGE_LOOP('',(#3122,#3130,#3131));
#3122 = ORIENTED_EDGE('',*,*,#3123,.T.);
#3123 = EDGE_CURVE('',#3124,#3078,#3126,.T.);
#3124 = VERTEX_POINT('',#3125);
#3125 = CARTESIAN_POINT('',(-10.95805054903,7.867601317167,
    11.694155842066));
#3126 = LINE('',#3127,#3128);
#3127 = CARTESIAN_POINT('',(-10.95805054903,7.867601317167,
    11.694155842066));
#3128 = VECTOR('',#3129,1.);
#3129 = DIRECTION('',(-0.278235375193,-0.960512923386,0.));
#3130 = ORIENTED_EDGE('',*,*,#3100,.F.);
#3131 = ORIENTED_EDGE('',*,*,#3132,.T.);
#3132 = EDGE_CURVE('',#3101,#3124,#3133,.T.);
#3133 = LINE('',#3134,#3135);
#3134 = CARTESIAN_POINT('',(-11.18025794625,7.189438980818,
    36.967156720161));
#3135 = VECTOR('',#3136,1.);
#3136 = DIRECTION('',(8.788780718034E-03,2.682277970898E-02,
    -0.999601568537));
#3137 = PLANE('',#3138);
#3138 = AXIS2_PLACEMENT_3D('',#3139,#3140,#3141);
#3139 = CARTESIAN_POINT('',(-11.17873902834,7.148872170001,
    23.948767899307));
#3140 = DIRECTION('',(-0.960512463012,0.278235241835,-9.790809119836E-04
    ));
#3141 = DIRECTION('',(-0.278235375193,-0.960512923386,
    -2.399881508797E-16));
#3142 = ADVANCED_FACE('',(#3143),#3160,.T.);
#3143 = FACE_BOUND('',#3144,.T.);
#3144 = EDGE_LOOP('',(#3145,#3153,#3154));
#3145 = ORIENTED_EDGE('',*,*,#3146,.T.);
#3146 = EDGE_CURVE('',#3147,#3124,#3149,.T.);
#3147 = VERTEX_POINT('',#3148);
#3148 = CARTESIAN_POINT('',(-10.6360445559,8.673386526108,
    36.967156720161));
#3149 = LINE('',#3150,#3151);
#3150 = CARTESIAN_POINT('',(-10.6360445559,8.673386526108,
    36.967156720161));
#3151 = VECTOR('',#3152,1.);
#3152 = DIRECTION('',(-1.273360293117E-02,-3.186446562312E-02,
    -0.999411082181));
#3153 = ORIENTED_EDGE('',*,*,#3132,.F.);
#3154 = ORIENTED_EDGE('',*,*,#3155,.T.);
#3155 = EDGE_CURVE('',#3101,#3147,#3156,.T.);
#3156 = LINE('',#3157,#3158);
#3157 = CARTESIAN_POINT('',(-11.18025794625,7.189438980818,
    36.967156720161));
#3158 = VECTOR('',#3159,1.);
#3159 = DIRECTION('',(0.344310022384,0.938856010518,0.));
#3160 = PLANE('',#3161);
#3161 = AXIS2_PLACEMENT_3D('',#3162,#3163,#3164);
#3162 = CARTESIAN_POINT('',(-10.93233216319,7.900508302657,
    24.713638913447));
#3163 = DIRECTION('',(-0.938855555674,0.344309855577,9.843439966626E-04)
  );
#3164 = DIRECTION('',(-0.344310022384,-0.938856010518,
    -4.000163915385E-16));
#3165 = ADVANCED_FACE('',(#3166),#3183,.T.);
#3166 = FACE_BOUND('',#3167,.T.);
#3167 = EDGE_LOOP('',(#3168,#3176,#3177));
#3168 = ORIENTED_EDGE('',*,*,#3169,.T.);
#3169 = EDGE_CURVE('',#3170,#3124,#3172,.T.);
#3170 = VERTEX_POINT('',#3171);
#3171 = CARTESIAN_POINT('',(-10.33180334568,9.313757443428,
    11.694155842066));
#3172 = LINE('',#3173,#3174);
#3173 = CARTESIAN_POINT('',(-10.33180334568,9.313757443428,
    11.694155842066));
#3174 = VECTOR('',#3175,1.);
#3175 = DIRECTION('',(-0.397382808089,-0.917652932124,0.));
#3176 = ORIENTED_EDGE('',*,*,#3146,.F.);
#3177 = ORIENTED_EDGE('',*,*,#3178,.T.);
#3178 = EDGE_CURVE('',#3147,#3170,#3179,.T.);
#3179 = LINE('',#3180,#3181);
#3180 = CARTESIAN_POINT('',(-10.6360445559,8.673386526108,
    36.967156720161));
#3181 = VECTOR('',#3182,1.);
#3182 = DIRECTION('',(1.203345707049E-02,2.532817936511E-02,
    -0.999606762303));
#3183 = PLANE('',#3184);
#3184 = AXIS2_PLACEMENT_3D('',#3185,#3186,#3187);
#3185 = CARTESIAN_POINT('',(-10.64063483155,8.630748884543,
    23.948768147103));
#3186 = DIRECTION('',(-0.917652493319,0.397382618068,-9.779382191637E-04
    ));
#3187 = DIRECTION('',(-0.397382808089,-0.917652932124,
    -2.300134908928E-16));
#3188 = ADVANCED_FACE('',(#3189),#3206,.T.);
#3189 = FACE_BOUND('',#3190,.T.);
#3190 = EDGE_LOOP('',(#3191,#3199,#3200));
#3191 = ORIENTED_EDGE('',*,*,#3192,.T.);
#3192 = EDGE_CURVE('',#3193,#3170,#3195,.T.);
#3193 = VERTEX_POINT('',#3194);
#3194 = CARTESIAN_POINT('',(-9.908143401146,10.076395606995,
    36.967156720161));
#3195 = LINE('',#3196,#3197);
#3196 = CARTESIAN_POINT('',(-9.908143401146,10.076395606995,
    36.967156720161));
#3197 = VECTOR('',#3198,1.);
#3198 = DIRECTION('',(-1.675336281482E-02,-3.015804070101E-02,
    -0.999404731535));
#3199 = ORIENTED_EDGE('',*,*,#3178,.F.);
#3200 = ORIENTED_EDGE('',*,*,#3201,.T.);
#3201 = EDGE_CURVE('',#3147,#3193,#3202,.T.);
#3202 = LINE('',#3203,#3204);
#3203 = CARTESIAN_POINT('',(-10.6360445559,8.673386526108,
    36.967156720161));
#3204 = VECTOR('',#3205,1.);
#3205 = DIRECTION('',(0.460524059737,0.887647221819,0.));
#3206 = PLANE('',#3207);
#3207 = AXIS2_PLACEMENT_3D('',#3208,#3209,#3210);
#3208 = CARTESIAN_POINT('',(-10.30102600225,9.345285038303,
    24.713639147088));
#3209 = DIRECTION('',(-0.88764679282,0.460523837166,9.831573890501E-04)
  );
#3210 = DIRECTION('',(-0.460524059737,-0.887647221819,
    -1.700029006457E-16));
#3211 = ADVANCED_FACE('',(#3212),#3229,.T.);
#3212 = FACE_BOUND('',#3213,.T.);
#3213 = EDGE_LOOP('',(#3214,#3222,#3223));
#3214 = ORIENTED_EDGE('',*,*,#3215,.T.);
#3215 = EDGE_CURVE('',#3216,#3170,#3218,.T.);
#3216 = VERTEX_POINT('',#3217);
#3217 = CARTESIAN_POINT('',(-9.527830344439,10.669183582067,
    11.694155842066));
#3218 = LINE('',#3219,#3220);
#3219 = CARTESIAN_POINT('',(-9.527830344439,10.669183582067,
    11.694155842066));
#3220 = VECTOR('',#3221,1.);
#3221 = DIRECTION('',(-0.510158095927,-0.860080645731,0.));
#3222 = ORIENTED_EDGE('',*,*,#3192,.F.);
#3223 = ORIENTED_EDGE('',*,*,#3224,.T.);
#3224 = EDGE_CURVE('',#3193,#3216,#3225,.T.);
#3225 = LINE('',#3226,#3227);
#3226 = CARTESIAN_POINT('',(-9.908143401146,10.076395606995,
    36.967156720161));
#3227 = VECTOR('',#3228,1.);
#3228 = DIRECTION('',(1.504235560766E-02,2.344628290753E-02,
    -0.999611924376));
#3229 = PLANE('',#3230);
#3230 = AXIS2_PLACEMENT_3D('',#3231,#3232,#3233);
#3231 = CARTESIAN_POINT('',(-9.919327822692,10.032615738392,
    23.948768404804));
#3232 = DIRECTION('',(-0.860080235491,0.510157852593,-9.7670644995E-04)
  );
#3233 = DIRECTION('',(-0.510158095927,-0.86008064573,-3.800128614562E-16
    ));
#3234 = ADVANCED_FACE('',(#3235),#3252,.T.);
#3235 = FACE_BOUND('',#3236,.T.);
#3236 = EDGE_LOOP('',(#3237,#3245,#3246));
#3237 = ORIENTED_EDGE('',*,*,#3238,.T.);
#3238 = EDGE_CURVE('',#3239,#3216,#3241,.T.);
#3239 = VERTEX_POINT('',#3240);
#3240 = CARTESIAN_POINT('',(-9.008295983076,11.375836336613,
    36.967156720161));
#3241 = LINE('',#3242,#3243);
#3242 = CARTESIAN_POINT('',(-9.008295983076,11.375836336613,
    36.967156720161));
#3243 = VECTOR('',#3244,1.);
#3244 = DIRECTION('',(-2.054452437045E-02,-2.794395485051E-02,
    -0.99939834796));
#3245 = ORIENTED_EDGE('',*,*,#3224,.F.);
#3246 = ORIENTED_EDGE('',*,*,#3247,.T.);
#3247 = EDGE_CURVE('',#3193,#3239,#3248,.T.);
#3248 = LINE('',#3249,#3250);
#3249 = CARTESIAN_POINT('',(-9.908143401146,10.076395606995,
    36.967156720161));
#3250 = VECTOR('',#3251,1.);
#3251 = DIRECTION('',(0.5693103124,0.822122720885,0.));
#3252 = PLANE('',#3253);
#3253 = AXIS2_PLACEMENT_3D('',#3254,#3255,#3256);
#3254 = CARTESIAN_POINT('',(-9.491946844508,10.698546176403,
    24.713638697732));
#3255 = DIRECTION('',(-0.822122324546,0.56931003794,9.8192891551E-04));
#3256 = DIRECTION('',(-0.5693103124,-0.822122720885,8.001412032943E-17)
  );
#3257 = ADVANCED_FACE('',(#3258),#3275,.T.);
#3258 = FACE_BOUND('',#3259,.T.);
#3259 = EDGE_LOOP('',(#3260,#3268,#3269));
#3260 = ORIENTED_EDGE('',*,*,#3261,.T.);
#3261 = EDGE_CURVE('',#3262,#3216,#3264,.T.);
#3262 = VERTEX_POINT('',#3263);
#3263 = CARTESIAN_POINT('',(-8.559020626545,11.91214838028,
    11.694155842066));
#3264 = LINE('',#3265,#3266);
#3265 = CARTESIAN_POINT('',(-8.559020626545,11.91214838028,
    11.694155842066));
#3266 = VECTOR('',#3267,1.);
#3267 = DIRECTION('',(-0.614754482179,-0.788718534485,0.));
#3268 = ORIENTED_EDGE('',*,*,#3238,.F.);
#3269 = ORIENTED_EDGE('',*,*,#3270,.T.);
#3270 = EDGE_CURVE('',#3239,#3262,#3271,.T.);
#3271 = LINE('',#3272,#3273);
#3272 = CARTESIAN_POINT('',(-9.008295983076,11.375836336613,
    36.967156720161));
#3273 = VECTOR('',#3274,1.);
#3274 = DIRECTION('',(1.77700823568E-02,2.121262394289E-02,
    -0.999617051054));
#3275 = PLANE('',#3276);
#3276 = AXIS2_PLACEMENT_3D('',#3277,#3278,#3279);
#3277 = CARTESIAN_POINT('',(-9.02641725615,11.33193122272,
    23.948768551997));
#3278 = DIRECTION('',(-0.788718159281,0.614754189733,-9.754107351323E-04
    ));
#3279 = DIRECTION('',(-0.61475448218,-0.788718534485,-7.399137726127E-16
    ));
#3280 = ADVANCED_FACE('',(#3281),#3298,.T.);
#3281 = FACE_BOUND('',#3282,.T.);
#3282 = EDGE_LOOP('',(#3283,#3291,#3292));
#3283 = ORIENTED_EDGE('',*,*,#3284,.T.);
#3284 = EDGE_CURVE('',#3285,#3262,#3287,.T.);
#3285 = VERTEX_POINT('',#3286);
#3286 = CARTESIAN_POINT('',(-7.951014345884,12.55075250864,
    36.967156720161));
#3287 = LINE('',#3288,#3289);
#3288 = CARTESIAN_POINT('',(-7.951014345884,12.55075250864,
    36.967156720161));
#3289 = VECTOR('',#3290,1.);
#3290 = DIRECTION('',(-2.404291336632E-02,-2.525287027771E-02,
    -0.999391930556));
#3291 = ORIENTED_EDGE('',*,*,#3270,.F.);
#3292 = ORIENTED_EDGE('',*,*,#3293,.T.);
#3293 = EDGE_CURVE('',#3239,#3285,#3294,.T.);
#3294 = LINE('',#3295,#3296);
#3295 = CARTESIAN_POINT('',(-9.008295983076,11.375836336613,
    36.967156720161));
#3296 = VECTOR('',#3297,1.);
#3297 = DIRECTION('',(0.668914774148,0.743339104935,0.));
#3298 = PLANE('',#3299);
#3299 = AXIS2_PLACEMENT_3D('',#3300,#3301,#3302);
#3300 = CARTESIAN_POINT('',(-8.518106341853,11.93852853491,
    24.713638523327));
#3301 = DIRECTION('',(-0.743338747535,0.668914452532,9.806154944817E-04)
  );
#3302 = DIRECTION('',(-0.668914774149,-0.743339104935,3.799044412389E-16
    ));
#3303 = ADVANCED_FACE('',(#3304),#3321,.T.);
#3304 = FACE_BOUND('',#3305,.T.);
#3305 = EDGE_LOOP('',(#3306,#3314,#3315));
#3306 = ORIENTED_EDGE('',*,*,#3307,.T.);
#3307 = EDGE_CURVE('',#3308,#3262,#3310,.T.);
#3308 = VERTEX_POINT('',#3309);
#3309 = CARTESIAN_POINT('',(-7.440907400846,13.02272285223,
    11.694155842066));
#3310 = LINE('',#3311,#3312);
#3311 = CARTESIAN_POINT('',(-7.440907400846,13.02272285223,
    11.694155842066));
#3312 = VECTOR('',#3313,1.);
#3313 = DIRECTION('',(-0.709494579921,-0.704710891829,0.));
#3314 = ORIENTED_EDGE('',*,*,#3284,.F.);
#3315 = ORIENTED_EDGE('',*,*,#3316,.T.);
#3316 = EDGE_CURVE('',#3285,#3308,#3317,.T.);
#3317 = LINE('',#3318,#3319);
#3318 = CARTESIAN_POINT('',(-7.951014345884,12.55075250864,
    36.967156720161));
#3319 = VECTOR('',#3320,1.);
#3320 = DIRECTION('',(2.01762426514E-02,1.866782695111E-02,
    -0.999622144347));
#3321 = PLANE('',#3322);
#3322 = AXIS2_PLACEMENT_3D('',#3323,#3324,#3325);
#3323 = CARTESIAN_POINT('',(-7.976260051879,12.50780409526,
    23.948768866072));
#3324 = DIRECTION('',(-0.704710557514,0.709494243337,-9.740635053777E-04
    ));
#3325 = DIRECTION('',(0.709494579921,0.704710891829,2.598832607448E-16)
  );
#3326 = ADVANCED_FACE('',(#3327),#3344,.T.);
#3327 = FACE_BOUND('',#3328,.T.);
#3328 = EDGE_LOOP('',(#3329,#3337,#3338));
#3329 = ORIENTED_EDGE('',*,*,#3330,.T.);
#3330 = EDGE_CURVE('',#3331,#3308,#3333,.T.);
#3331 = VERTEX_POINT('',#3332);
#3332 = CARTESIAN_POINT('',(-6.753350198269,13.582193911076,
    36.967156720161));
#3333 = LINE('',#3334,#3335);
#3334 = CARTESIAN_POINT('',(-6.753350198269,13.582193911076,
    36.967156720161));
#3335 = VECTOR('',#3336,1.);
#3336 = DIRECTION('',(-2.718848814048E-02,-2.212350069396E-02,
    -0.999385479597));
#3337 = ORIENTED_EDGE('',*,*,#3316,.F.);
#3338 = ORIENTED_EDGE('',*,*,#3339,.T.);
#3339 = EDGE_CURVE('',#3285,#3331,#3340,.T.);
#3340 = LINE('',#3341,#3342);
#3341 = CARTESIAN_POINT('',(-7.951014345884,12.55075250864,
    36.967156720161));
#3342 = VECTOR('',#3343,1.);
#3343 = DIRECTION('',(0.757731418307,0.652566546576,0.));
#3344 = PLANE('',#3345);
#3345 = AXIS2_PLACEMENT_3D('',#3346,#3347,#3348);
#3346 = CARTESIAN_POINT('',(-7.395165940236,13.04529061811,
    24.71363814466));
#3347 = DIRECTION('',(-0.652566233708,0.757731055018,9.792275398233E-04)
  );
#3348 = DIRECTION('',(0.757731418307,0.652566546576,3.298685109787E-16)
  );
#3349 = ADVANCED_FACE('',(#3350),#3365,.T.);
#3350 = FACE_BOUND('',#3351,.T.);
#3351 = EDGE_LOOP('',(#3352,#3358,#3359));
#3352 = ORIENTED_EDGE('',*,*,#3353,.T.);
#3353 = EDGE_CURVE('',#226,#3308,#3354,.T.);
#3354 = LINE('',#3355,#3356);
#3355 = CARTESIAN_POINT('',(-6.753350198269,13.582193911076,
    17.917155206203));
#3356 = VECTOR('',#3357,1.);
#3357 = DIRECTION('',(-0.109382356604,-8.900534041212E-02,
    -0.990006843129));
#3358 = ORIENTED_EDGE('',*,*,#3330,.F.);
#3359 = ORIENTED_EDGE('',*,*,#3360,.T.);
#3360 = EDGE_CURVE('',#3331,#226,#3361,.T.);
#3361 = LINE('',#3362,#3363);
#3362 = CARTESIAN_POINT('',(-6.753350198269,13.582193911076,
    36.967156720161));
#3363 = VECTOR('',#3364,1.);
#3364 = DIRECTION('',(0.,0.,-1.));
#3365 = PLANE('',#3366);
#3366 = AXIS2_PLACEMENT_3D('',#3367,#3368,#3369);
#3367 = CARTESIAN_POINT('',(-6.967764532319,13.407723170237,
    24.318837579669));
#3368 = DIRECTION('',(-0.631157036212,0.775655075172,0.));
#3369 = DIRECTION('',(0.775655075172,0.631157036212,0.));
#3370 = ADVANCED_FACE('',(#3371),#3388,.T.);
#3371 = FACE_BOUND('',#3372,.T.);
#3372 = EDGE_LOOP('',(#3373,#3381,#3382));
#3373 = ORIENTED_EDGE('',*,*,#3374,.T.);
#3374 = EDGE_CURVE('',#3375,#3308,#3377,.T.);
#3375 = VERTEX_POINT('',#3376);
#3376 = CARTESIAN_POINT('',(-6.191416686773,13.983100581169,
    11.694155842066));
#3377 = LINE('',#3378,#3379);
#3378 = CARTESIAN_POINT('',(-6.191416686773,13.983100581169,
    11.694155842066));
#3379 = VECTOR('',#3380,1.);
#3380 = DIRECTION('',(-0.792859741969,-0.609404159458,0.));
#3381 = ORIENTED_EDGE('',*,*,#3353,.F.);
#3382 = ORIENTED_EDGE('',*,*,#3383,.T.);
#3383 = EDGE_CURVE('',#226,#3375,#3384,.T.);
#3384 = LINE('',#3385,#3386);
#3385 = CARTESIAN_POINT('',(-6.753350198269,13.582193911076,
    17.917155206203));
#3386 = VECTOR('',#3387,1.);
#3387 = DIRECTION('',(8.974900055839E-02,6.403065882709E-02,
    -0.9939040153));
#3388 = PLANE('',#3389);
#3389 = AXIS2_PLACEMENT_3D('',#3390,#3391,#3392);
#3390 = CARTESIAN_POINT('',(-6.788805753812,13.537710384358,
    14.458453532572));
#3391 = DIRECTION('',(-0.609399405007,0.792853556235,-3.95013192492E-03)
  );
#3392 = DIRECTION('',(0.79285974197,0.609404159457,3.02037041211E-15));
#3393 = ADVANCED_FACE('',(#3394),#3404,.T.);
#3394 = FACE_BOUND('',#3395,.T.);
#3395 = EDGE_LOOP('',(#3396,#3402,#3403));
#3396 = ORIENTED_EDGE('',*,*,#3397,.T.);
#3397 = EDGE_CURVE('',#224,#3375,#3398,.T.);
#3398 = LINE('',#3399,#3400);
#3399 = CARTESIAN_POINT('',(-6.367443066835,13.862539565563,
    17.917155206203));
#3400 = VECTOR('',#3401,1.);
#3401 = DIRECTION('',(2.826981099648E-02,1.936208154437E-02,
    -0.999412791385));
#3402 = ORIENTED_EDGE('',*,*,#3383,.F.);
#3403 = ORIENTED_EDGE('',*,*,#223,.F.);
#3404 = PLANE('',#3405);
#3405 = AXIS2_PLACEMENT_3D('',#3406,#3407,#3408);
#3406 = CARTESIAN_POINT('',(-6.382951047551,13.847750763163,
    14.920130730241));
#3407 = DIRECTION('',(-0.587740680564,0.809048816818,-9.510072295201E-04
    ));
#3408 = DIRECTION('',(0.809049182676,0.587740946345,1.701655309716E-16)
  );
#3409 = ADVANCED_FACE('',(#3410),#3420,.T.);
#3410 = FACE_BOUND('',#3411,.T.);
#3411 = EDGE_LOOP('',(#3412,#3418,#3419));
#3412 = ORIENTED_EDGE('',*,*,#3413,.T.);
#3413 = EDGE_CURVE('',#256,#3375,#3414,.T.);
#3414 = LINE('',#3415,#3416);
#3415 = CARTESIAN_POINT('',(-5.971077135205,14.127890980244,
    17.917155206203));
#3416 = VECTOR('',#3417,1.);
#3417 = DIRECTION('',(-3.537555551979E-02,-2.324612519515E-02,
    -0.999103692184));
#3418 = ORIENTED_EDGE('',*,*,#3397,.F.);
#3419 = ORIENTED_EDGE('',*,*,#255,.F.);
#3420 = PLANE('',#3421);
#3421 = AXIS2_PLACEMENT_3D('',#3422,#3423,#3424);
#3422 = CARTESIAN_POINT('',(-6.179915025309,13.989391225768,
    14.920419008763));
#3423 = DIRECTION('',(-0.556306510102,0.830977096594,3.629795537989E-04)
  );
#3424 = DIRECTION('',(0.830977151336,0.55630654675,8.99887803163E-17));
#3425 = ADVANCED_FACE('',(#3426),#3436,.T.);
#3426 = FACE_BOUND('',#3427,.T.);
#3427 = EDGE_LOOP('',(#3428,#3429,#3430));
#3428 = ORIENTED_EDGE('',*,*,#3413,.F.);
#3429 = ORIENTED_EDGE('',*,*,#278,.F.);
#3430 = ORIENTED_EDGE('',*,*,#3431,.T.);
#3431 = EDGE_CURVE('',#279,#3375,#3432,.T.);
#3432 = LINE('',#3433,#3434);
#3433 = CARTESIAN_POINT('',(-5.56483489871,14.377860581875,
    17.917155206203));
#3434 = VECTOR('',#3435,1.);
#3435 = DIRECTION('',(-9.99825728157E-02,-6.299117093284E-02,
    -0.992993251497));
#3436 = PLANE('',#3437);
#3437 = AXIS2_PLACEMENT_3D('',#3438,#3439,#3440);
#3438 = CARTESIAN_POINT('',(-5.971601125638,14.12313253063,
    14.920062947421));
#3439 = DIRECTION('',(-0.524058048955,0.85168161437,-1.260582697785E-03)
  );
#3440 = DIRECTION('',(0.851682291061,0.524058465338,-1.798691404153E-16)
  );
#3441 = ADVANCED_FACE('',(#3442),#3459,.T.);
#3442 = FACE_BOUND('',#3443,.T.);
#3443 = EDGE_LOOP('',(#3444,#3452,#3453));
#3444 = ORIENTED_EDGE('',*,*,#3445,.T.);
#3445 = EDGE_CURVE('',#3446,#3375,#3448,.T.);
#3446 = VERTEX_POINT('',#3447);
#3447 = CARTESIAN_POINT('',(-4.830582690239,14.777886128426,
    11.694155842066));
#3448 = LINE('',#3449,#3450);
#3449 = CARTESIAN_POINT('',(-4.830582690239,14.777886128426,
    11.694155842066));
#3450 = VECTOR('',#3451,1.);
#3451 = DIRECTION('',(-0.863512072753,-0.504328167178,0.));
#3452 = ORIENTED_EDGE('',*,*,#3431,.F.);
#3453 = ORIENTED_EDGE('',*,*,#3454,.T.);
#3454 = EDGE_CURVE('',#279,#3446,#3455,.T.);
#3455 = LINE('',#3456,#3457);
#3456 = CARTESIAN_POINT('',(-5.56483489871,14.377860581875,
    17.917155206203));
#3457 = VECTOR('',#3458,1.);
#3458 = DIRECTION('',(0.116939205386,6.370926639129E-02,-0.991093513055)
  );
#3459 = PLANE('',#3460);
#3460 = AXIS2_PLACEMENT_3D('',#3461,#3462,#3463);
#3461 = CARTESIAN_POINT('',(-5.534624008317,14.379492889835,
    14.458425225336));
#3462 = DIRECTION('',(-0.504324137402,0.863505172961,-3.997587249266E-03
    ));
#3463 = DIRECTION('',(0.863512072753,0.504328167178,1.069673863374E-15)
  );
#3464 = ADVANCED_FACE('',(#3465),#3482,.T.);
#3465 = FACE_BOUND('',#3466,.T.);
#3466 = EDGE_LOOP('',(#3467,#3475,#3476));
#3467 = ORIENTED_EDGE('',*,*,#3468,.T.);
#3468 = EDGE_CURVE('',#3469,#3446,#3471,.T.);
#3469 = VERTEX_POINT('',#3470);
#3470 = CARTESIAN_POINT('',(-4.859053048491,14.763548946381,
    28.839155387878));
#3471 = LINE('',#3472,#3473);
#3472 = CARTESIAN_POINT('',(-4.859053048491,14.763548946381,
    28.839155387878));
#3473 = VECTOR('',#3474,1.);
#3474 = DIRECTION('',(1.660560501567E-03,8.362296672383E-04,
    -0.999998271628));
#3475 = ORIENTED_EDGE('',*,*,#3454,.F.);
#3476 = ORIENTED_EDGE('',*,*,#3477,.T.);
#3477 = EDGE_CURVE('',#279,#3469,#3478,.T.);
#3478 = LINE('',#3479,#3480);
#3479 = CARTESIAN_POINT('',(-5.56483489871,14.377860581875,
    17.917155206203));
#3480 = VECTOR('',#3481,1.);
#3481 = DIRECTION('',(6.444570021174E-02,3.521761958939E-02,
    0.997299589389));
#3482 = PLANE('',#3483);
#3483 = AXIS2_PLACEMENT_3D('',#3484,#3485,#3486);
#3484 = CARTESIAN_POINT('',(-5.026237159166,14.671771898362,
    20.260448362184));
#3485 = DIRECTION('',(-0.478811968806,0.877917476083,-6.095570954304E-05
    ));
#3486 = DIRECTION('',(0.877917477714,0.478811969696,2.000014195057E-17)
  );
#3487 = ADVANCED_FACE('',(#3488),#3505,.T.);
#3488 = FACE_BOUND('',#3489,.T.);
#3489 = EDGE_LOOP('',(#3490,#3498,#3499));
#3490 = ORIENTED_EDGE('',*,*,#3491,.T.);
#3491 = EDGE_CURVE('',#3492,#3446,#3494,.T.);
#3492 = VERTEX_POINT('',#3493);
#3493 = CARTESIAN_POINT('',(-4.129833614826,15.102845096588,
    28.839155387878));
#3494 = LINE('',#3495,#3496);
#3495 = CARTESIAN_POINT('',(-4.129833614826,15.102845096588,
    28.839155387878));
#3496 = VECTOR('',#3497,1.);
#3497 = DIRECTION('',(-4.0830504602E-02,-1.893436482554E-02,
    -0.998986666439));
#3498 = ORIENTED_EDGE('',*,*,#3468,.F.);
#3499 = ORIENTED_EDGE('',*,*,#3500,.T.);
#3500 = EDGE_CURVE('',#3469,#3492,#3501,.T.);
#3501 = LINE('',#3502,#3503);
#3502 = CARTESIAN_POINT('',(-4.859053048491,14.763548946381,
    28.839155387878));
#3503 = VECTOR('',#3504,1.);
#3504 = DIRECTION('',(0.906661995937,0.421857825723,0.));
#3505 = PLANE('',#3506);
#3506 = AXIS2_PLACEMENT_3D('',#3507,#3508,#3509);
#3507 = CARTESIAN_POINT('',(-4.65857296041,14.857362340766,
    20.463022531473));
#3508 = DIRECTION('',(-0.421857825022,0.90666199443,5.765731604543E-05)
  );
#3509 = DIRECTION('',(0.906661995937,0.421857825723,9.99837690939E-18));
#3510 = ADVANCED_FACE('',(#3511),#3528,.T.);
#3511 = FACE_BOUND('',#3512,.T.);
#3512 = EDGE_LOOP('',(#3513,#3514,#3522));
#3513 = ORIENTED_EDGE('',*,*,#3477,.F.);
#3514 = ORIENTED_EDGE('',*,*,#3515,.T.);
#3515 = EDGE_CURVE('',#279,#3516,#3518,.T.);
#3516 = VERTEX_POINT('',#3517);
#3517 = CARTESIAN_POINT('',(-5.56483489871,14.377860581875,
    28.839155387878));
#3518 = LINE('',#3519,#3520);
#3519 = CARTESIAN_POINT('',(-5.56483489871,14.377860581875,
    17.917155206203));
#3520 = VECTOR('',#3521,1.);
#3521 = DIRECTION('',(0.,0.,1.));
#3522 = ORIENTED_EDGE('',*,*,#3523,.T.);
#3523 = EDGE_CURVE('',#3516,#3469,#3524,.T.);
#3524 = LINE('',#3525,#3526);
#3525 = CARTESIAN_POINT('',(-5.56483489871,14.377860581875,
    28.839155387878));
#3526 = VECTOR('',#3527,1.);
#3527 = DIRECTION('',(0.877520836384,0.479538509102,0.));
#3528 = PLANE('',#3529);
#3529 = AXIS2_PLACEMENT_3D('',#3530,#3531,#3532);
#3530 = CARTESIAN_POINT('',(-5.381901541476,14.477828110571,
    23.57183453613));
#3531 = DIRECTION('',(-0.479538509102,0.877520836384,0.));
#3532 = DIRECTION('',(0.877520836384,0.479538509102,0.));
#3533 = ADVANCED_FACE('',(#3534),#3558,.T.);
#3534 = FACE_BOUND('',#3535,.T.);
#3535 = EDGE_LOOP('',(#3536,#3544,#3552));
#3536 = ORIENTED_EDGE('',*,*,#3537,.T.);
#3537 = EDGE_CURVE('',#3492,#3538,#3540,.T.);
#3538 = VERTEX_POINT('',#3539);
#3539 = CARTESIAN_POINT('',(-3.380222681165,15.394334995747,
    28.839155387878));
#3540 = LINE('',#3541,#3542);
#3541 = CARTESIAN_POINT('',(-4.129833614826,15.102845096588,
    28.839155387878));
#3542 = VECTOR('',#3543,1.);
#3543 = DIRECTION('',(0.932015365977,0.362418759977,0.));
#3544 = ORIENTED_EDGE('',*,*,#3545,.T.);
#3545 = EDGE_CURVE('',#3538,#3546,#3548,.T.);
#3546 = VERTEX_POINT('',#3547);
#3547 = CARTESIAN_POINT('',(-3.380222681165,15.394334995747,
    11.694155842066));
#3548 = LINE('',#3549,#3550);
#3549 = CARTESIAN_POINT('',(-3.380222681165,15.394334995747,
    28.839155387878));
#3550 = VECTOR('',#3551,1.);
#3551 = DIRECTION('',(0.,0.,-1.));
#3552 = ORIENTED_EDGE('',*,*,#3553,.T.);
#3553 = EDGE_CURVE('',#3546,#3492,#3554,.T.);
#3554 = LINE('',#3555,#3556);
#3555 = CARTESIAN_POINT('',(-3.380222681165,15.394334995747,
    11.694155842066));
#3556 = VECTOR('',#3557,1.);
#3557 = DIRECTION('',(-4.367381144242E-02,-1.698277642648E-02,
    0.998901488386));
#3558 = PLANE('',#3559);
#3559 = AXIS2_PLACEMENT_3D('',#3560,#3561,#3562);
#3560 = CARTESIAN_POINT('',(-3.572018630533,15.319754197322,
    20.463014520784));
#3561 = DIRECTION('',(-0.362418759977,0.932015365977,0.));
#3562 = DIRECTION('',(0.932015365977,0.362418759977,0.));
#3563 = ADVANCED_FACE('',(#3564),#3574,.T.);
#3564 = FACE_BOUND('',#3565,.T.);
#3565 = EDGE_LOOP('',(#3566,#3567,#3568));
#3566 = ORIENTED_EDGE('',*,*,#3491,.F.);
#3567 = ORIENTED_EDGE('',*,*,#3553,.F.);
#3568 = ORIENTED_EDGE('',*,*,#3569,.T.);
#3569 = EDGE_CURVE('',#3546,#3446,#3570,.T.);
#3570 = LINE('',#3571,#3572);
#3571 = CARTESIAN_POINT('',(-3.380222681165,15.394334995747,
    11.694155842066));
#3572 = VECTOR('',#3573,1.);
#3573 = DIRECTION('',(-0.920320441849,-0.391165290273,0.));
#3574 = PLANE('',#3575);
#3575 = AXIS2_PLACEMENT_3D('',#3576,#3577,#3578);
#3576 = CARTESIAN_POINT('',(-4.117067171165,15.094116829362,
    19.890364920766));
#3577 = DIRECTION('',(-0.391164875832,0.920319466767,-1.455680366757E-03
    ));
#3578 = DIRECTION('',(0.920320441849,0.391165290273,4.200199216209E-16)
  );
#3579 = ADVANCED_FACE('',(#3580),#3597,.T.);
#3580 = FACE_BOUND('',#3581,.T.);
#3581 = EDGE_LOOP('',(#3582,#3583,#3591));
#3582 = ORIENTED_EDGE('',*,*,#187,.F.);
#3583 = ORIENTED_EDGE('',*,*,#3584,.T.);
#3584 = EDGE_CURVE('',#180,#3585,#3587,.T.);
#3585 = VERTEX_POINT('',#3586);
#3586 = CARTESIAN_POINT('',(-1.49419836551,27.254120111465,
    28.839155387878));
#3587 = LINE('',#3588,#3589);
#3588 = CARTESIAN_POINT('',(-1.334057757258,27.192838120461,
    28.839155387878));
#3589 = VECTOR('',#3590,1.);
#3590 = DIRECTION('',(-0.933951102187,0.357400809628,0.));
#3591 = ORIENTED_EDGE('',*,*,#3592,.T.);
#3592 = EDGE_CURVE('',#3585,#125,#3593,.T.);
#3593 = LINE('',#3594,#3595);
#3594 = CARTESIAN_POINT('',(-1.49419836551,27.254120111465,
    28.839155387878));
#3595 = VECTOR('',#3596,1.);
#3596 = DIRECTION('',(0.549066305525,0.835778793783,0.));
#3597 = PLANE('',#3598);
#3598 = AXIS2_PLACEMENT_3D('',#3599,#3600,#3601);
#3599 = CARTESIAN_POINT('',(-1.398529290782,27.299127416084,
    28.839155387878));
#3600 = DIRECTION('',(-0.,-0.,-1.));
#3601 = DIRECTION('',(-1.,0.,0.));
#3602 = ADVANCED_FACE('',(#3603),#3620,.T.);
#3603 = FACE_BOUND('',#3604,.T.);
#3604 = EDGE_LOOP('',(#3605,#3613,#3614));
#3605 = ORIENTED_EDGE('',*,*,#3606,.T.);
#3606 = EDGE_CURVE('',#3607,#125,#3609,.T.);
#3607 = VERTEX_POINT('',#3608);
#3608 = CARTESIAN_POINT('',(-1.656934086978,27.308135104179,
    28.839155387878));
#3609 = LINE('',#3610,#3611);
#3610 = CARTESIAN_POINT('',(-1.656934086978,27.308135104179,
    28.839155387878));
#3611 = VECTOR('',#3612,1.);
#3612 = DIRECTION('',(0.913154573431,0.407613450493,0.));
#3613 = ORIENTED_EDGE('',*,*,#3592,.F.);
#3614 = ORIENTED_EDGE('',*,*,#3615,.T.);
#3615 = EDGE_CURVE('',#3585,#3607,#3616,.T.);
#3616 = LINE('',#3617,#3618);
#3617 = CARTESIAN_POINT('',(-1.49419836551,27.254120111465,
    28.839155387878));
#3618 = VECTOR('',#3619,1.);
#3619 = DIRECTION('',(-0.949085374293,0.315018971339,0.));
#3620 = PLANE('',#3621);
#3621 = AXIS2_PLACEMENT_3D('',#3622,#3623,#3624);
#3622 = CARTESIAN_POINT('',(-1.506089216061,27.340207037518,
    28.839155387878));
#3623 = DIRECTION('',(-0.,-0.,-1.));
#3624 = DIRECTION('',(-1.,0.,0.));
#3625 = ADVANCED_FACE('',(#3626),#3636,.T.);
#3626 = FACE_BOUND('',#3627,.T.);
#3627 = EDGE_LOOP('',(#3628,#3629,#3630));
#3628 = ORIENTED_EDGE('',*,*,#132,.F.);
#3629 = ORIENTED_EDGE('',*,*,#3606,.F.);
#3630 = ORIENTED_EDGE('',*,*,#3631,.T.);
#3631 = EDGE_CURVE('',#3607,#133,#3632,.T.);
#3632 = LINE('',#3633,#3634);
#3633 = CARTESIAN_POINT('',(-1.656934086978,27.308135104179,
    28.839155387878));
#3634 = VECTOR('',#3635,1.);
#3635 = DIRECTION('',(-0.962296849999,0.272001420001,0.));
#3636 = PLANE('',#3637);
#3637 = AXIS2_PLACEMENT_3D('',#3638,#3639,#3640);
#3638 = CARTESIAN_POINT('',(-1.597810573773,27.374829121235,
    28.839155387878));
#3639 = DIRECTION('',(-0.,-0.,-1.));
#3640 = DIRECTION('',(-1.,0.,0.));
#3641 = ADVANCED_FACE('',(#3642),#3668,.T.);
#3642 = FACE_BOUND('',#3643,.T.);
#3643 = EDGE_LOOP('',(#3644,#3654,#3662));
#3644 = ORIENTED_EDGE('',*,*,#3645,.T.);
#3645 = EDGE_CURVE('',#3646,#3648,#3650,.T.);
#3646 = VERTEX_POINT('',#3647);
#3647 = CARTESIAN_POINT('',(4.212016552687,-4.258346694708,
    28.839155387878));
#3648 = VERTEX_POINT('',#3649);
#3649 = CARTESIAN_POINT('',(4.662869074941,-6.815082591772,
    28.839155387878));
#3650 = LINE('',#3651,#3652);
#3651 = CARTESIAN_POINT('',(4.212016552687,-4.258346694708,
    28.839155387878));
#3652 = VECTOR('',#3653,1.);
#3653 = DIRECTION('',(0.173659758602,-0.984805710911,0.));
#3654 = ORIENTED_EDGE('',*,*,#3655,.T.);
#3655 = EDGE_CURVE('',#3648,#3656,#3658,.T.);
#3656 = VERTEX_POINT('',#3657);
#3657 = CARTESIAN_POINT('',(3.360847425461,-7.212764531374,
    28.839155387878));
#3658 = LINE('',#3659,#3660);
#3659 = CARTESIAN_POINT('',(4.662869074941,-6.815082591772,
    28.839155387878));
#3660 = VECTOR('',#3661,1.);
#3661 = DIRECTION('',(-0.956384000679,-0.292112381193,0.));
#3662 = ORIENTED_EDGE('',*,*,#3663,.T.);
#3663 = EDGE_CURVE('',#3656,#3646,#3664,.T.);
#3664 = LINE('',#3665,#3666);
#3665 = CARTESIAN_POINT('',(3.360847425461,-7.212764531374,
    28.839155387878));
#3666 = VECTOR('',#3667,1.);
#3667 = DIRECTION('',(0.276840319932,0.960915936625,0.));
#3668 = PLANE('',#3669);
#3669 = AXIS2_PLACEMENT_3D('',#3670,#3671,#3672);
#3670 = CARTESIAN_POINT('',(4.070418165952,-5.909633235115,
    28.839155387878));
#3671 = DIRECTION('',(-0.,-0.,-1.));
#3672 = DIRECTION('',(-1.,0.,0.));
#3673 = ADVANCED_FACE('',(#3674),#3691,.T.);
#3674 = FACE_BOUND('',#3675,.T.);
#3675 = EDGE_LOOP('',(#3676,#3684,#3685));
#3676 = ORIENTED_EDGE('',*,*,#3677,.T.);
#3677 = EDGE_CURVE('',#3678,#3646,#3680,.T.);
#3678 = VERTEX_POINT('',#3679);
#3679 = CARTESIAN_POINT('',(2.043760569394,-1.258572853357,
    28.839155387878));
#3680 = LINE('',#3681,#3682);
#3681 = CARTESIAN_POINT('',(2.043760569394,-1.258572853357,
    28.839155387878));
#3682 = VECTOR('',#3683,1.);
#3683 = DIRECTION('',(0.585801706857,-0.810454415895,0.));
#3684 = ORIENTED_EDGE('',*,*,#3663,.F.);
#3685 = ORIENTED_EDGE('',*,*,#3686,.T.);
#3686 = EDGE_CURVE('',#3656,#3678,#3687,.T.);
#3687 = LINE('',#3688,#3689);
#3688 = CARTESIAN_POINT('',(3.360847425461,-7.212764531374,
    28.839155387878));
#3689 = VECTOR('',#3690,1.);
#3690 = DIRECTION('',(-0.215982301437,0.976397278502,0.));
#3691 = PLANE('',#3692);
#3692 = AXIS2_PLACEMENT_3D('',#3693,#3694,#3695);
#3693 = CARTESIAN_POINT('',(3.083573112252,-4.169167955046,
    28.839155387878));
#3694 = DIRECTION('',(-0.,-0.,-1.));
#3695 = DIRECTION('',(-1.,0.,0.));
#3696 = ADVANCED_FACE('',(#3697),#3714,.T.);
#3697 = FACE_BOUND('',#3698,.T.);
#3698 = EDGE_LOOP('',(#3699,#3707,#3708));
#3699 = ORIENTED_EDGE('',*,*,#3700,.T.);
#3700 = EDGE_CURVE('',#3701,#3646,#3703,.T.);
#3701 = VERTEX_POINT('',#3702);
#3702 = CARTESIAN_POINT('',(2.831440544128,-0.980693152547,
    28.839155387878));
#3703 = LINE('',#3704,#3705);
#3704 = CARTESIAN_POINT('',(2.831440544128,-0.980693152547,
    28.839155387878));
#3705 = VECTOR('',#3706,1.);
#3706 = DIRECTION('',(0.388179124926,-0.921583944615,0.));
#3707 = ORIENTED_EDGE('',*,*,#3677,.F.);
#3708 = ORIENTED_EDGE('',*,*,#3709,.T.);
#3709 = EDGE_CURVE('',#3678,#3701,#3710,.T.);
#3710 = LINE('',#3711,#3712);
#3711 = CARTESIAN_POINT('',(2.043760569394,-1.258572853357,
    28.839155387878));
#3712 = VECTOR('',#3713,1.);
#3713 = DIRECTION('',(0.943037291162,0.332687041344,0.));
#3714 = PLANE('',#3715);
#3715 = AXIS2_PLACEMENT_3D('',#3716,#3717,#3718);
#3716 = CARTESIAN_POINT('',(3.229720371901,-2.528266377624,
    28.839155387878));
#3717 = DIRECTION('',(-0.,-0.,-1.));
#3718 = DIRECTION('',(-1.,0.,0.));
#3719 = ADVANCED_FACE('',(#3720),#3737,.T.);
#3720 = FACE_BOUND('',#3721,.T.);
#3721 = EDGE_LOOP('',(#3722,#3723,#3731));
#3722 = ORIENTED_EDGE('',*,*,#3686,.F.);
#3723 = ORIENTED_EDGE('',*,*,#3724,.T.);
#3724 = EDGE_CURVE('',#3656,#3725,#3727,.T.);
#3725 = VERTEX_POINT('',#3726);
#3726 = CARTESIAN_POINT('',(2.020132416487,-7.449184966087,
    28.839155387878));
#3727 = LINE('',#3728,#3729);
#3728 = CARTESIAN_POINT('',(3.360847425461,-7.212764531374,
    28.839155387878));
#3729 = VECTOR('',#3730,1.);
#3730 = DIRECTION('',(-0.984805717356,-0.173659722049,0.));
#3731 = ORIENTED_EDGE('',*,*,#3732,.T.);
#3732 = EDGE_CURVE('',#3725,#3678,#3733,.T.);
#3733 = LINE('',#3734,#3735);
#3734 = CARTESIAN_POINT('',(2.020132416487,-7.449184966087,
    28.839155387878));
#3735 = VECTOR('',#3736,1.);
#3736 = DIRECTION('',(3.816743865395E-03,0.999992716207,0.));
#3737 = PLANE('',#3738);
#3738 = AXIS2_PLACEMENT_3D('',#3739,#3740,#3741);
#3739 = CARTESIAN_POINT('',(2.397103869663,-4.597989889948,
    28.839155387878));
#3740 = DIRECTION('',(-0.,-0.,-1.));
#3741 = DIRECTION('',(-1.,0.,0.));
#3742 = ADVANCED_FACE('',(#3743),#3760,.T.);
#3743 = FACE_BOUND('',#3744,.T.);
#3744 = EDGE_LOOP('',(#3745,#3753,#3754));
#3745 = ORIENTED_EDGE('',*,*,#3746,.T.);
#3746 = EDGE_CURVE('',#3747,#3678,#3749,.T.);
#3747 = VERTEX_POINT('',#3748);
#3748 = CARTESIAN_POINT('',(1.221193230897,-1.403623653203,
    28.839155387878));
#3749 = LINE('',#3750,#3751);
#3750 = CARTESIAN_POINT('',(1.221193230897,-1.403623653203,
    28.839155387878));
#3751 = VECTOR('',#3752,1.);
#3752 = DIRECTION('',(0.984805708702,0.173659771128,0.));
#3753 = ORIENTED_EDGE('',*,*,#3732,.F.);
#3754 = ORIENTED_EDGE('',*,*,#3755,.T.);
#3755 = EDGE_CURVE('',#3725,#3747,#3756,.T.);
#3756 = LINE('',#3757,#3758);
#3757 = CARTESIAN_POINT('',(2.020132416487,-7.449184966087,
    28.839155387878));
#3758 = VECTOR('',#3759,1.);
#3759 = DIRECTION('',(-0.131013930736,0.991380527322,0.));
#3760 = PLANE('',#3761);
#3761 = AXIS2_PLACEMENT_3D('',#3762,#3763,#3764);
#3762 = CARTESIAN_POINT('',(1.815418713647,-4.195198014385,
    28.839155387878));
#3763 = DIRECTION('',(-0.,-0.,-1.));
#3764 = DIRECTION('',(-1.,0.,0.));
#3765 = ADVANCED_FACE('',(#3766),#3783,.T.);
#3766 = FACE_BOUND('',#3767,.T.);
#3767 = EDGE_LOOP('',(#3768,#3776,#3777));
#3768 = ORIENTED_EDGE('',*,*,#3769,.T.);
#3769 = EDGE_CURVE('',#3770,#3747,#3772,.T.);
#3770 = VERTEX_POINT('',#3771);
#3771 = CARTESIAN_POINT('',(0.20976609271,-4.964100158215,
    28.839155387878));
#3772 = LINE('',#3773,#3774);
#3773 = CARTESIAN_POINT('',(0.20976609271,-4.964100158215,
    28.839155387878));
#3774 = VECTOR('',#3775,1.);
#3775 = DIRECTION('',(0.273259123254,0.961940461546,0.));
#3776 = ORIENTED_EDGE('',*,*,#3755,.F.);
#3777 = ORIENTED_EDGE('',*,*,#3778,.T.);
#3778 = EDGE_CURVE('',#3725,#3770,#3779,.T.);
#3779 = LINE('',#3780,#3781);
#3780 = CARTESIAN_POINT('',(2.020132416487,-7.449184966087,
    28.839155387878));
#3781 = VECTOR('',#3782,1.);
#3782 = DIRECTION('',(-0.588816488183,0.808266752529,0.));
#3783 = PLANE('',#3784);
#3784 = AXIS2_PLACEMENT_3D('',#3785,#3786,#3787);
#3785 = CARTESIAN_POINT('',(1.239644057072,-4.494324763831,
    28.839155387878));
#3786 = DIRECTION('',(-0.,-0.,-1.));
#3787 = DIRECTION('',(-1.,0.,0.));
#3788 = ADVANCED_FACE('',(#3789),#3806,.T.);
#3789 = FACE_BOUND('',#3790,.T.);
#3790 = EDGE_LOOP('',(#3791,#3799,#3800));
#3791 = ORIENTED_EDGE('',*,*,#3792,.T.);
#3792 = EDGE_CURVE('',#3793,#3747,#3795,.T.);
#3793 = VERTEX_POINT('',#3794);
#3794 = CARTESIAN_POINT('',(0.385975945555,-1.411924211681,
    28.839155387878));
#3795 = LINE('',#3796,#3797);
#3796 = CARTESIAN_POINT('',(0.385975945555,-1.411924211681,
    28.839155387878));
#3797 = VECTOR('',#3798,1.);
#3798 = DIRECTION('',(0.999950619724,9.937711706199E-03,0.));
#3799 = ORIENTED_EDGE('',*,*,#3769,.F.);
#3800 = ORIENTED_EDGE('',*,*,#3801,.T.);
#3801 = EDGE_CURVE('',#3770,#3793,#3802,.T.);
#3802 = LINE('',#3803,#3804);
#3803 = CARTESIAN_POINT('',(0.20976609271,-4.964100158215,
    28.839155387878));
#3804 = VECTOR('',#3805,1.);
#3805 = DIRECTION('',(4.95452501905E-02,0.998771879952,0.));
#3806 = PLANE('',#3807);
#3807 = AXIS2_PLACEMENT_3D('',#3808,#3809,#3810);
#3808 = CARTESIAN_POINT('',(0.541054010023,-3.002383507303,
    28.839155387878));
#3809 = DIRECTION('',(-0.,-0.,-1.));
#3810 = DIRECTION('',(-1.,0.,0.));
#3811 = ADVANCED_FACE('',(#3812),#3829,.T.);
#3812 = FACE_BOUND('',#3813,.T.);
#3813 = EDGE_LOOP('',(#3814,#3822,#3823));
#3814 = ORIENTED_EDGE('',*,*,#3815,.T.);
#3815 = EDGE_CURVE('',#3816,#3793,#3818,.T.);
#3816 = VERTEX_POINT('',#3817);
#3817 = CARTESIAN_POINT('',(-0.439311667904,-1.283250368387,
    28.839155387878));
#3818 = LINE('',#3819,#3820);
#3819 = CARTESIAN_POINT('',(-0.439311667904,-1.283250368387,
    28.839155387878));
#3820 = VECTOR('',#3821,1.);
#3821 = DIRECTION('',(0.988062626684,-0.15405273691,0.));
#3822 = ORIENTED_EDGE('',*,*,#3801,.F.);
#3823 = ORIENTED_EDGE('',*,*,#3824,.T.);
#3824 = EDGE_CURVE('',#3770,#3816,#3825,.T.);
#3825 = LINE('',#3826,#3827);
#3826 = CARTESIAN_POINT('',(0.20976609271,-4.964100158215,
    28.839155387878));
#3827 = VECTOR('',#3828,1.);
#3828 = DIRECTION('',(-0.173659758477,0.984805710933,0.));
#3829 = PLANE('',#3830);
#3830 = AXIS2_PLACEMENT_3D('',#3831,#3832,#3833);
#3831 = CARTESIAN_POINT('',(7.480676851245E-02,-2.969338077024,
    28.839155387878));
#3832 = DIRECTION('',(-0.,-0.,-1.));
#3833 = DIRECTION('',(-1.,0.,0.));
#3834 = ADVANCED_FACE('',(#3835),#3852,.T.);
#3835 = FACE_BOUND('',#3836,.T.);
#3836 = EDGE_LOOP('',(#3837,#3838,#3846));
#3837 = ORIENTED_EDGE('',*,*,#3778,.F.);
#3838 = ORIENTED_EDGE('',*,*,#3839,.T.);
#3839 = EDGE_CURVE('',#3725,#3840,#3842,.T.);
#3840 = VERTEX_POINT('',#3841);
#3841 = CARTESIAN_POINT('',(0.660618733242,-7.520836055279,
    28.839155387878));
#3842 = LINE('',#3843,#3844);
#3843 = CARTESIAN_POINT('',(2.020132416487,-7.449184966087,
    28.839155387878));
#3844 = VECTOR('',#3845,1.);
#3845 = DIRECTION('',(-0.998614058686,-5.263042650371E-02,0.));
#3846 = ORIENTED_EDGE('',*,*,#3847,.T.);
#3847 = EDGE_CURVE('',#3840,#3770,#3848,.T.);
#3848 = LINE('',#3849,#3850);
#3849 = CARTESIAN_POINT('',(0.660618733242,-7.520836055279,
    28.839155387878));
#3850 = VECTOR('',#3851,1.);
#3851 = DIRECTION('',(-0.173659802787,0.984805703119,0.));
#3852 = PLANE('',#3853);
#3853 = AXIS2_PLACEMENT_3D('',#3854,#3855,#3856);
#3854 = CARTESIAN_POINT('',(0.90763373158,-6.46735594386,28.839155387878
    ));
#3855 = DIRECTION('',(-0.,-0.,-1.));
#3856 = DIRECTION('',(-1.,0.,0.));
#3857 = ADVANCED_FACE('',(#3858),#3875,.T.);
#3858 = FACE_BOUND('',#3859,.T.);
#3859 = EDGE_LOOP('',(#3860,#3861,#3869));
#3860 = ORIENTED_EDGE('',*,*,#3700,.F.);
#3861 = ORIENTED_EDGE('',*,*,#3862,.T.);
#3862 = EDGE_CURVE('',#3701,#3863,#3865,.T.);
#3863 = VERTEX_POINT('',#3864);
#3864 = CARTESIAN_POINT('',(3.56293848455,-0.577497094125,
    28.839155387878));
#3865 = LINE('',#3866,#3867);
#3866 = CARTESIAN_POINT('',(2.831440544128,-0.980693152547,
    28.839155387878));
#3867 = VECTOR('',#3868,1.);
#3868 = DIRECTION('',(0.875774605573,0.482720250491,0.));
#3869 = ORIENTED_EDGE('',*,*,#3870,.T.);
#3870 = EDGE_CURVE('',#3863,#3646,#3871,.T.);
#3871 = LINE('',#3872,#3873);
#3872 = CARTESIAN_POINT('',(3.56293848455,-0.577497094125,
    28.839155387878));
#3873 = VECTOR('',#3874,1.);
#3874 = DIRECTION('',(0.173659846932,-0.984805695335,0.));
#3875 = PLANE('',#3876);
#3876 = AXIS2_PLACEMENT_3D('',#3877,#3878,#3879);
#3877 = CARTESIAN_POINT('',(3.656542746311,-2.337737877525,
    28.839155387878));
#3878 = DIRECTION('',(-0.,-0.,-1.));
#3879 = DIRECTION('',(-1.,0.,0.));
#3880 = ADVANCED_FACE('',(#3881),#3907,.T.);
#3881 = FACE_BOUND('',#3882,.T.);
#3882 = EDGE_LOOP('',(#3883,#3893,#3901));
#3883 = ORIENTED_EDGE('',*,*,#3884,.T.);
#3884 = EDGE_CURVE('',#3885,#3887,#3889,.T.);
#3885 = VERTEX_POINT('',#3886);
#3886 = CARTESIAN_POINT('',(5.550934872031,10.835513061285,
    36.967156720161));
#3887 = VERTEX_POINT('',#3888);
#3888 = CARTESIAN_POINT('',(5.550934872031,10.835513061285,
    28.839155387878));
#3889 = LINE('',#3890,#3891);
#3890 = CARTESIAN_POINT('',(5.550934872031,10.835513061285,
    36.967156720161));
#3891 = VECTOR('',#3892,1.);
#3892 = DIRECTION('',(0.,0.,-1.));
#3893 = ORIENTED_EDGE('',*,*,#3894,.T.);
#3894 = EDGE_CURVE('',#3887,#3895,#3897,.T.);
#3895 = VERTEX_POINT('',#3896);
#3896 = CARTESIAN_POINT('',(4.765590366721,14.08570908308,
    28.839155387878));
#3897 = LINE('',#3898,#3899);
#3898 = CARTESIAN_POINT('',(5.550934872031,10.835513061285,
    28.839155387878));
#3899 = VECTOR('',#3900,1.);
#3900 = DIRECTION('',(-0.234870686043,0.972026625581,0.));
#3901 = ORIENTED_EDGE('',*,*,#3902,.T.);
#3902 = EDGE_CURVE('',#3895,#3885,#3903,.T.);
#3903 = LINE('',#3904,#3905);
#3904 = CARTESIAN_POINT('',(4.765590366721,14.08570908308,
    28.839155387878));
#3905 = VECTOR('',#3906,1.);
#3906 = DIRECTION('',(8.935629907813E-02,-0.369806480879,0.924801934749)
  );
#3907 = PLANE('',#3908);
#3908 = AXIS2_PLACEMENT_3D('',#3909,#3910,#3911);
#3909 = CARTESIAN_POINT('',(5.3157917048,11.808667366841,32.232450449683
    ));
#3910 = DIRECTION('',(0.972026625581,0.234870686043,0.));
#3911 = DIRECTION('',(-0.234870686043,0.972026625581,0.));
#3912 = ADVANCED_FACE('',(#3913),#3930,.T.);
#3913 = FACE_BOUND('',#3914,.T.);
#3914 = EDGE_LOOP('',(#3915,#3923,#3924));
#3915 = ORIENTED_EDGE('',*,*,#3916,.T.);
#3916 = EDGE_CURVE('',#3917,#3885,#3919,.T.);
#3917 = VERTEX_POINT('',#3918);
#3918 = CARTESIAN_POINT('',(4.765590366721,14.08570908308,
    36.967156720161));
#3919 = LINE('',#3920,#3921);
#3920 = CARTESIAN_POINT('',(4.765590366721,14.08570908308,
    36.967156720161));
#3921 = VECTOR('',#3922,1.);
#3922 = DIRECTION('',(0.234870686043,-0.972026625581,0.));
#3923 = ORIENTED_EDGE('',*,*,#3902,.F.);
#3924 = ORIENTED_EDGE('',*,*,#3925,.T.);
#3925 = EDGE_CURVE('',#3895,#3917,#3926,.T.);
#3926 = LINE('',#3927,#3928);
#3927 = CARTESIAN_POINT('',(4.765590366721,14.08570908308,
    28.839155387878));
#3928 = VECTOR('',#3929,1.);
#3929 = DIRECTION('',(0.,0.,1.));
#3930 = PLANE('',#3931);
#3931 = AXIS2_PLACEMENT_3D('',#3932,#3933,#3934);
#3932 = CARTESIAN_POINT('',(5.000733533952,13.112554777524,
    33.573861658357));
#3933 = DIRECTION('',(0.972026625581,0.234870686043,0.));
#3934 = DIRECTION('',(-0.234870686043,0.972026625581,0.));
#3935 = ADVANCED_FACE('',(#3936),#3960,.T.);
#3936 = FACE_BOUND('',#3937,.T.);
#3937 = EDGE_LOOP('',(#3938,#3948,#3954));
#3938 = ORIENTED_EDGE('',*,*,#3939,.T.);
#3939 = EDGE_CURVE('',#3940,#3942,#3944,.T.);
#3940 = VERTEX_POINT('',#3941);
#3941 = CARTESIAN_POINT('',(5.376827433705,-3.639273759723,
    36.967156720161));
#3942 = VERTEX_POINT('',#3943);
#3943 = CARTESIAN_POINT('',(4.212016552687,-4.258346694708,
    36.967156720161));
#3944 = LINE('',#3945,#3946);
#3945 = CARTESIAN_POINT('',(5.376827433705,-3.639273759723,
    36.967156720161));
#3946 = VECTOR('',#3947,1.);
#3947 = DIRECTION('',(-0.883031794602,-0.469313168067,0.));
#3948 = ORIENTED_EDGE('',*,*,#3949,.T.);
#3949 = EDGE_CURVE('',#3942,#3646,#3950,.T.);
#3950 = LINE('',#3951,#3952);
#3951 = CARTESIAN_POINT('',(4.212016552687,-4.258346694708,
    36.967156720161));
#3952 = VECTOR('',#3953,1.);
#3953 = DIRECTION('',(0.,0.,-1.));
#3954 = ORIENTED_EDGE('',*,*,#3955,.T.);
#3955 = EDGE_CURVE('',#3646,#3940,#3956,.T.);
#3956 = LINE('',#3957,#3958);
#3957 = CARTESIAN_POINT('',(4.212016552687,-4.258346694708,
    28.839155387878));
#3958 = VECTOR('',#3959,1.);
#3959 = DIRECTION('',(0.141457620329,7.51818047207E-02,0.987085324524));
#3960 = PLANE('',#3961);
#3961 = AXIS2_PLACEMENT_3D('',#3962,#3963,#3964);
#3962 = CARTESIAN_POINT('',(4.52669553336,-4.091101313232,
    33.206346110678));
#3963 = DIRECTION('',(0.469313168067,-0.883031794602,0.));
#3964 = DIRECTION('',(-0.883031794602,-0.469313168067,0.));
#3965 = ADVANCED_FACE('',(#3966),#3983,.T.);
#3966 = FACE_BOUND('',#3967,.T.);
#3967 = EDGE_LOOP('',(#3968,#3976,#3977));
#3968 = ORIENTED_EDGE('',*,*,#3969,.T.);
#3969 = EDGE_CURVE('',#3970,#3940,#3972,.T.);
#3970 = VERTEX_POINT('',#3971);
#3971 = CARTESIAN_POINT('',(5.376827433705,-3.639273759723,
    28.839155387878));
#3972 = LINE('',#3973,#3974);
#3973 = CARTESIAN_POINT('',(5.376827433705,-3.639273759723,
    28.839155387878));
#3974 = VECTOR('',#3975,1.);
#3975 = DIRECTION('',(0.,0.,1.));
#3976 = ORIENTED_EDGE('',*,*,#3955,.F.);
#3977 = ORIENTED_EDGE('',*,*,#3978,.T.);
#3978 = EDGE_CURVE('',#3646,#3970,#3979,.T.);
#3979 = LINE('',#3980,#3981);
#3980 = CARTESIAN_POINT('',(4.212016552687,-4.258346694708,
    28.839155387878));
#3981 = VECTOR('',#3982,1.);
#3982 = DIRECTION('',(0.883031794602,0.469313168067,0.));
#3983 = PLANE('',#3984);
#3984 = AXIS2_PLACEMENT_3D('',#3985,#3986,#3987);
#3985 = CARTESIAN_POINT('',(5.062148453032,-3.806519141199,
    32.599965997362));
#3986 = DIRECTION('',(0.469313168067,-0.883031794602,0.));
#3987 = DIRECTION('',(-0.883031794602,-0.469313168067,0.));
#3988 = ADVANCED_FACE('',(#3989),#4006,.T.);
#3989 = FACE_BOUND('',#3990,.T.);
#3990 = EDGE_LOOP('',(#3991,#3999,#4000));
#3991 = ORIENTED_EDGE('',*,*,#3992,.T.);
#3992 = EDGE_CURVE('',#3993,#3940,#3995,.T.);
#3993 = VERTEX_POINT('',#3994);
#3994 = CARTESIAN_POINT('',(6.433766537905,-2.850023810565,
    36.967156720161));
#3995 = LINE('',#3996,#3997);
#3996 = CARTESIAN_POINT('',(6.433766537905,-2.850023810565,
    36.967156720161));
#3997 = VECTOR('',#3998,1.);
#3998 = DIRECTION('',(-0.801255235318,-0.598322695437,0.));
#3999 = ORIENTED_EDGE('',*,*,#3969,.F.);
#4000 = ORIENTED_EDGE('',*,*,#4001,.T.);
#4001 = EDGE_CURVE('',#3970,#3993,#4002,.T.);
#4002 = LINE('',#4003,#4004);
#4003 = CARTESIAN_POINT('',(5.376827433705,-3.639273759723,
    28.839155387878));
#4004 = VECTOR('',#4005,1.);
#4005 = DIRECTION('',(0.128357395074,9.584853766294E-02,0.987085324051)
  );
#4006 = PLANE('',#4007);
#4007 = AXIS2_PLACEMENT_3D('',#4008,#4009,#4010);
#4008 = CARTESIAN_POINT('',(5.662364361476,-3.426054280162,
    33.206346115839));
#4009 = DIRECTION('',(0.598322695437,-0.801255235318,0.));
#4010 = DIRECTION('',(-0.801255235318,-0.598322695437,0.));
#4011 = ADVANCED_FACE('',(#4012),#4029,.T.);
#4012 = FACE_BOUND('',#4013,.T.);
#4013 = EDGE_LOOP('',(#4014,#4022,#4023));
#4014 = ORIENTED_EDGE('',*,*,#4015,.T.);
#4015 = EDGE_CURVE('',#4016,#3993,#4018,.T.);
#4016 = VERTEX_POINT('',#4017);
#4017 = CARTESIAN_POINT('',(6.433766537905,-2.850023810565,
    28.839155387878));
#4018 = LINE('',#4019,#4020);
#4019 = CARTESIAN_POINT('',(6.433766537905,-2.850023810565,
    28.839155387878));
#4020 = VECTOR('',#4021,1.);
#4021 = DIRECTION('',(0.,0.,1.));
#4022 = ORIENTED_EDGE('',*,*,#4001,.F.);
#4023 = ORIENTED_EDGE('',*,*,#4024,.T.);
#4024 = EDGE_CURVE('',#3970,#4016,#4025,.T.);
#4025 = LINE('',#4026,#4027);
#4026 = CARTESIAN_POINT('',(5.376827433705,-3.639273759723,
    28.839155387878));
#4027 = VECTOR('',#4028,1.);
#4028 = DIRECTION('',(0.801255235318,0.598322695437,0.));
#4029 = PLANE('',#4030);
#4030 = AXIS2_PLACEMENT_3D('',#4031,#4032,#4033);
#4031 = CARTESIAN_POINT('',(6.148229610134,-3.063243290127,
    32.599965992201));
#4032 = DIRECTION('',(0.598322695437,-0.801255235318,0.));
#4033 = DIRECTION('',(-0.801255235318,-0.598322695437,0.));
#4034 = ADVANCED_FACE('',(#4035),#4052,.T.);
#4035 = FACE_BOUND('',#4036,.T.);
#4036 = EDGE_LOOP('',(#4037,#4045,#4046));
#4037 = ORIENTED_EDGE('',*,*,#4038,.T.);
#4038 = EDGE_CURVE('',#4039,#3993,#4041,.T.);
#4039 = VERTEX_POINT('',#4040);
#4040 = CARTESIAN_POINT('',(7.358174139261,-1.909009604156,
    36.967156720161));
#4041 = LINE('',#4042,#4043);
#4042 = CARTESIAN_POINT('',(7.358174139261,-1.909009604156,
    36.967156720161));
#4043 = VECTOR('',#4044,1.);
#4044 = DIRECTION('',(-0.700784113004,-0.713373413411,0.));
#4045 = ORIENTED_EDGE('',*,*,#4015,.F.);
#4046 = ORIENTED_EDGE('',*,*,#4047,.T.);
#4047 = EDGE_CURVE('',#4016,#4039,#4048,.T.);
#4048 = LINE('',#4049,#4050);
#4049 = CARTESIAN_POINT('',(6.433766537905,-2.850023810565,
    28.839155387878));
#4050 = VECTOR('',#4051,1.);
#4051 = DIRECTION('',(0.112262428367,0.114279177048,0.987085313876));
#4052 = PLANE('',#4053);
#4053 = AXIS2_PLACEMENT_3D('',#4054,#4055,#4056);
#4054 = CARTESIAN_POINT('',(6.683499482081,-2.595804516032,
    33.206346227084));
#4055 = DIRECTION('',(0.713373413411,-0.700784113004,0.));
#4056 = DIRECTION('',(0.700784113004,0.713373413411,0.));
#4057 = ADVANCED_FACE('',(#4058),#4075,.T.);
#4058 = FACE_BOUND('',#4059,.T.);
#4059 = EDGE_LOOP('',(#4060,#4068,#4069));
#4060 = ORIENTED_EDGE('',*,*,#4061,.T.);
#4061 = EDGE_CURVE('',#4062,#4039,#4064,.T.);
#4062 = VERTEX_POINT('',#4063);
#4063 = CARTESIAN_POINT('',(7.358174139261,-1.909009604156,
    28.839155387878));
#4064 = LINE('',#4065,#4066);
#4065 = CARTESIAN_POINT('',(7.358174139261,-1.909009604156,
    28.839155387878));
#4066 = VECTOR('',#4067,1.);
#4067 = DIRECTION('',(0.,0.,1.));
#4068 = ORIENTED_EDGE('',*,*,#4047,.F.);
#4069 = ORIENTED_EDGE('',*,*,#4070,.T.);
#4070 = EDGE_CURVE('',#4016,#4062,#4071,.T.);
#4071 = LINE('',#4072,#4073);
#4072 = CARTESIAN_POINT('',(6.433766537905,-2.850023810565,
    28.839155387878));
#4073 = VECTOR('',#4074,1.);
#4074 = DIRECTION('',(0.700784113004,0.713373413411,0.));
#4075 = PLANE('',#4076);
#4076 = AXIS2_PLACEMENT_3D('',#4077,#4078,#4079);
#4077 = CARTESIAN_POINT('',(7.108441195085,-2.163228898689,
    32.599965880956));
#4078 = DIRECTION('',(0.713373413411,-0.700784113004,0.));
#4079 = DIRECTION('',(0.700784113004,0.713373413411,0.));
#4080 = ADVANCED_FACE('',(#4081),#4098,.T.);
#4081 = FACE_BOUND('',#4082,.T.);
#4082 = EDGE_LOOP('',(#4083,#4091,#4092));
#4083 = ORIENTED_EDGE('',*,*,#4084,.T.);
#4084 = EDGE_CURVE('',#4085,#4039,#4087,.T.);
#4085 = VERTEX_POINT('',#4086);
#4086 = CARTESIAN_POINT('',(8.12848277092,-0.83818731606,36.967156720161
    ));
#4087 = LINE('',#4088,#4089);
#4088 = CARTESIAN_POINT('',(8.12848277092,-0.83818731606,36.967156720161
    ));
#4089 = VECTOR('',#4090,1.);
#4090 = DIRECTION('',(-0.583963465799,-0.811779939769,0.));
#4091 = ORIENTED_EDGE('',*,*,#4061,.F.);
#4092 = ORIENTED_EDGE('',*,*,#4093,.T.);
#4093 = EDGE_CURVE('',#4062,#4085,#4094,.T.);
#4094 = LINE('',#4095,#4096);
#4095 = CARTESIAN_POINT('',(7.358174139261,-1.909009604156,
    28.839155387878));
#4096 = VECTOR('',#4097,1.);
#4097 = DIRECTION('',(9.354825548967E-02,0.130043404518,0.98708532399));
#4098 = PLANE('',#4099);
#4099 = AXIS2_PLACEMENT_3D('',#4100,#4101,#4102);
#4100 = CARTESIAN_POINT('',(7.566276535401,-1.619722070777,
    33.206346116513));
#4101 = DIRECTION('',(0.811779939769,-0.583963465799,0.));
#4102 = DIRECTION('',(0.583963465799,0.811779939769,0.));
#4103 = ADVANCED_FACE('',(#4104),#4121,.T.);
#4104 = FACE_BOUND('',#4105,.T.);
#4105 = EDGE_LOOP('',(#4106,#4114,#4115));
#4106 = ORIENTED_EDGE('',*,*,#4107,.T.);
#4107 = EDGE_CURVE('',#4108,#4085,#4110,.T.);
#4108 = VERTEX_POINT('',#4109);
#4109 = CARTESIAN_POINT('',(8.12848277092,-0.83818731606,28.839155387878
    ));
#4110 = LINE('',#4111,#4112);
#4111 = CARTESIAN_POINT('',(8.12848277092,-0.83818731606,28.839155387878
    ));
#4112 = VECTOR('',#4113,1.);
#4113 = DIRECTION('',(0.,0.,1.));
#4114 = ORIENTED_EDGE('',*,*,#4093,.F.);
#4115 = ORIENTED_EDGE('',*,*,#4116,.T.);
#4116 = EDGE_CURVE('',#4062,#4108,#4117,.T.);
#4117 = LINE('',#4118,#4119);
#4118 = CARTESIAN_POINT('',(7.358174139261,-1.909009604156,
    28.839155387878));
#4119 = VECTOR('',#4120,1.);
#4120 = DIRECTION('',(0.583963465799,0.811779939769,0.));
#4121 = PLANE('',#4122);
#4122 = AXIS2_PLACEMENT_3D('',#4123,#4124,#4125);
#4123 = CARTESIAN_POINT('',(7.92038037478,-1.127474849439,
    32.599965991527));
#4124 = DIRECTION('',(0.811779939769,-0.583963465799,0.));
#4125 = DIRECTION('',(0.583963465799,0.811779939769,0.));
#4126 = ADVANCED_FACE('',(#4127),#4144,.T.);
#4127 = FACE_BOUND('',#4128,.T.);
#4128 = EDGE_LOOP('',(#4129,#4137,#4138));
#4129 = ORIENTED_EDGE('',*,*,#4130,.T.);
#4130 = EDGE_CURVE('',#4131,#4085,#4133,.T.);
#4131 = VERTEX_POINT('',#4132);
#4132 = CARTESIAN_POINT('',(8.726720237732,0.337460334226,
    36.967156720161));
#4133 = LINE('',#4134,#4135);
#4134 = CARTESIAN_POINT('',(8.726720237732,0.337460334226,
    36.967156720161));
#4135 = VECTOR('',#4136,1.);
#4136 = DIRECTION('',(-0.453518031454,-0.891247101059,0.));
#4137 = ORIENTED_EDGE('',*,*,#4107,.F.);
#4138 = ORIENTED_EDGE('',*,*,#4139,.T.);
#4139 = EDGE_CURVE('',#4108,#4131,#4140,.T.);
#4140 = LINE('',#4141,#4142);
#4141 = CARTESIAN_POINT('',(8.12848277092,-0.83818731606,28.839155387878
    ));
#4142 = VECTOR('',#4143,1.);
#4143 = DIRECTION('',(7.265149215666E-02,0.142773665613,0.987085326147)
  );
#4144 = PLANE('',#4145);
#4145 = AXIS2_PLACEMENT_3D('',#4146,#4147,#4148);
#4146 = CARTESIAN_POINT('',(8.290099354724,-0.520580734163,
    33.206346092927));
#4147 = DIRECTION('',(0.891247101059,-0.453518031454,0.));
#4148 = DIRECTION('',(0.453518031454,0.891247101059,0.));
#4149 = ADVANCED_FACE('',(#4150),#4167,.T.);
#4150 = FACE_BOUND('',#4151,.T.);
#4151 = EDGE_LOOP('',(#4152,#4160,#4161));
#4152 = ORIENTED_EDGE('',*,*,#4153,.T.);
#4153 = EDGE_CURVE('',#4154,#4131,#4156,.T.);
#4154 = VERTEX_POINT('',#4155);
#4155 = CARTESIAN_POINT('',(8.726720237732,0.337460334226,
    28.839155387878));
#4156 = LINE('',#4157,#4158);
#4157 = CARTESIAN_POINT('',(8.726720237732,0.337460334226,
    28.839155387878));
#4158 = VECTOR('',#4159,1.);
#4159 = DIRECTION('',(0.,0.,1.));
#4160 = ORIENTED_EDGE('',*,*,#4139,.F.);
#4161 = ORIENTED_EDGE('',*,*,#4162,.T.);
#4162 = EDGE_CURVE('',#4108,#4154,#4163,.T.);
#4163 = LINE('',#4164,#4165);
#4164 = CARTESIAN_POINT('',(8.12848277092,-0.83818731606,28.839155387878
    ));
#4165 = VECTOR('',#4166,1.);
#4166 = DIRECTION('',(0.453518031454,0.891247101059,0.));
#4167 = PLANE('',#4168);
#4168 = AXIS2_PLACEMENT_3D('',#4169,#4170,#4171);
#4169 = CARTESIAN_POINT('',(8.565103653928,1.98537523294E-02,
    32.599966015113));
#4170 = DIRECTION('',(0.891247101059,-0.453518031454,0.));
#4171 = DIRECTION('',(0.453518031454,0.891247101059,0.));
#4172 = ADVANCED_FACE('',(#4173),#4190,.T.);
#4173 = FACE_BOUND('',#4174,.T.);
#4174 = EDGE_LOOP('',(#4175,#4183,#4184));
#4175 = ORIENTED_EDGE('',*,*,#4176,.T.);
#4176 = EDGE_CURVE('',#4177,#4131,#4179,.T.);
#4177 = VERTEX_POINT('',#4178);
#4178 = CARTESIAN_POINT('',(9.138929361105,1.590504449606,
    36.967156720161));
#4179 = LINE('',#4180,#4181);
#4180 = CARTESIAN_POINT('',(9.138929361105,1.590504449606,
    36.967156720161));
#4181 = VECTOR('',#4182,1.);
#4182 = DIRECTION('',(-0.312491704818,-0.949920488473,0.));
#4183 = ORIENTED_EDGE('',*,*,#4153,.F.);
#4184 = ORIENTED_EDGE('',*,*,#4185,.T.);
#4185 = EDGE_CURVE('',#4154,#4177,#4186,.T.);
#4186 = LINE('',#4187,#4188);
#4187 = CARTESIAN_POINT('',(8.726720237732,0.337460334226,
    28.839155387878));
#4188 = VECTOR('',#4189,1.);
#4189 = DIRECTION('',(5.005973289062E-02,0.152172890311,0.987085322856)
  );
#4190 = PLANE('',#4191);
#4191 = AXIS2_PLACEMENT_3D('',#4192,#4193,#4194);
#4192 = CARTESIAN_POINT('',(8.838080416032,0.675975927876,33.20634612891
    ));
#4193 = DIRECTION('',(0.949920488473,-0.312491704818,0.));
#4194 = DIRECTION('',(0.312491704818,0.949920488473,0.));
#4195 = ADVANCED_FACE('',(#4196),#4213,.T.);
#4196 = FACE_BOUND('',#4197,.T.);
#4197 = EDGE_LOOP('',(#4198,#4206,#4207));
#4198 = ORIENTED_EDGE('',*,*,#4199,.T.);
#4199 = EDGE_CURVE('',#4200,#4177,#4202,.T.);
#4200 = VERTEX_POINT('',#4201);
#4201 = CARTESIAN_POINT('',(9.138929361105,1.590504449606,
    28.839155387878));
#4202 = LINE('',#4203,#4204);
#4203 = CARTESIAN_POINT('',(9.138929361105,1.590504449606,
    28.839155387878));
#4204 = VECTOR('',#4205,1.);
#4205 = DIRECTION('',(0.,0.,1.));
#4206 = ORIENTED_EDGE('',*,*,#4185,.F.);
#4207 = ORIENTED_EDGE('',*,*,#4208,.T.);
#4208 = EDGE_CURVE('',#4154,#4200,#4209,.T.);
#4209 = LINE('',#4210,#4211);
#4210 = CARTESIAN_POINT('',(8.726720237732,0.337460334226,
    28.839155387878));
#4211 = VECTOR('',#4212,1.);
#4212 = DIRECTION('',(0.312491704818,0.949920488473,0.));
#4213 = PLANE('',#4214);
#4214 = AXIS2_PLACEMENT_3D('',#4215,#4216,#4217);
#4215 = CARTESIAN_POINT('',(9.027569182805,1.251988855956,
    32.599965979129));
#4216 = DIRECTION('',(0.949920488473,-0.312491704818,0.));
#4217 = DIRECTION('',(0.312491704818,0.949920488473,0.));
#4218 = ADVANCED_FACE('',(#4219),#4236,.T.);
#4219 = FACE_BOUND('',#4220,.T.);
#4220 = EDGE_LOOP('',(#4221,#4229,#4230));
#4221 = ORIENTED_EDGE('',*,*,#4222,.T.);
#4222 = EDGE_CURVE('',#4223,#4177,#4225,.T.);
#4223 = VERTEX_POINT('',#4224);
#4224 = CARTESIAN_POINT('',(9.355493479967,2.891709886491,
    36.967156720161));
#4225 = LINE('',#4226,#4227);
#4226 = CARTESIAN_POINT('',(9.355493479967,2.891709886491,
    36.967156720161));
#4227 = VECTOR('',#4228,1.);
#4228 = DIRECTION('',(-0.164175155025,-0.986431203112,0.));
#4229 = ORIENTED_EDGE('',*,*,#4199,.F.);
#4230 = ORIENTED_EDGE('',*,*,#4231,.T.);
#4231 = EDGE_CURVE('',#4200,#4223,#4232,.T.);
#4232 = LINE('',#4233,#4234);
#4233 = CARTESIAN_POINT('',(9.138929361105,1.590504449606,
    28.839155387878));
#4234 = VECTOR('',#4235,1.);
#4235 = DIRECTION('',(2.630010194824E-02,0.158021725046,0.987085325112)
  );
#4236 = PLANE('',#4237);
#4237 = AXIS2_PLACEMENT_3D('',#4238,#4239,#4240);
#4238 = CARTESIAN_POINT('',(9.197435147038,1.942031042032,
    33.206346104247));
#4239 = DIRECTION('',(0.986431203112,-0.164175155025,0.));
#4240 = DIRECTION('',(0.164175155025,0.986431203112,0.));
#4241 = ADVANCED_FACE('',(#4242),#4259,.T.);
#4242 = FACE_BOUND('',#4243,.T.);
#4243 = EDGE_LOOP('',(#4244,#4252,#4253));
#4244 = ORIENTED_EDGE('',*,*,#4245,.T.);
#4245 = EDGE_CURVE('',#4246,#4223,#4248,.T.);
#4246 = VERTEX_POINT('',#4247);
#4247 = CARTESIAN_POINT('',(9.355493479967,2.891709886491,
    28.839155387878));
#4248 = LINE('',#4249,#4250);
#4249 = CARTESIAN_POINT('',(9.355493479967,2.891709886491,
    28.839155387878));
#4250 = VECTOR('',#4251,1.);
#4251 = DIRECTION('',(0.,0.,1.));
#4252 = ORIENTED_EDGE('',*,*,#4231,.F.);
#4253 = ORIENTED_EDGE('',*,*,#4254,.T.);
#4254 = EDGE_CURVE('',#4200,#4246,#4255,.T.);
#4255 = LINE('',#4256,#4257);
#4256 = CARTESIAN_POINT('',(9.138929361105,1.590504449606,
    28.839155387878));
#4257 = VECTOR('',#4258,1.);
#4258 = DIRECTION('',(0.164175155025,0.986431203112,0.));
#4259 = PLANE('',#4260);
#4260 = AXIS2_PLACEMENT_3D('',#4261,#4262,#4263);
#4261 = CARTESIAN_POINT('',(9.296987694034,2.540183294065,
    32.599966003793));
#4262 = DIRECTION('',(0.986431203112,-0.164175155025,0.));
#4263 = DIRECTION('',(0.164175155025,0.986431203112,0.));
#4264 = ADVANCED_FACE('',(#4265),#4282,.T.);
#4265 = FACE_BOUND('',#4266,.T.);
#4266 = EDGE_LOOP('',(#4267,#4275,#4276));
#4267 = ORIENTED_EDGE('',*,*,#4268,.T.);
#4268 = EDGE_CURVE('',#4269,#4223,#4271,.T.);
#4269 = VERTEX_POINT('',#4270);
#4270 = CARTESIAN_POINT('',(9.37135900259,4.210718712211,36.967156720161
    ));
#4271 = LINE('',#4272,#4273);
#4272 = CARTESIAN_POINT('',(9.37135900259,4.210718712211,36.967156720161
    ));
#4273 = VECTOR('',#4274,1.);
#4274 = DIRECTION('',(-1.202749724906E-02,-0.999927667039,0.));
#4275 = ORIENTED_EDGE('',*,*,#4245,.F.);
#4276 = ORIENTED_EDGE('',*,*,#4277,.T.);
#4277 = EDGE_CURVE('',#4246,#4269,#4278,.T.);
#4278 = LINE('',#4279,#4280);
#4279 = CARTESIAN_POINT('',(9.355493479967,2.891709886491,
    28.839155387878));
#4280 = VECTOR('',#4281,1.);
#4281 = DIRECTION('',(1.926749747092E-03,0.16018381378,0.987085322269));
#4282 = PLANE('',#4283);
#4283 = AXIS2_PLACEMENT_3D('',#4284,#4285,#4286);
#4284 = CARTESIAN_POINT('',(9.35977962341,3.248046148678,33.206346135329
    ));
#4285 = DIRECTION('',(0.999927667039,-1.202749724906E-02,0.));
#4286 = DIRECTION('',(1.202749724906E-02,0.999927667039,0.));
#4287 = ADVANCED_FACE('',(#4288),#4305,.T.);
#4288 = FACE_BOUND('',#4289,.T.);
#4289 = EDGE_LOOP('',(#4290,#4298,#4299));
#4290 = ORIENTED_EDGE('',*,*,#4291,.T.);
#4291 = EDGE_CURVE('',#4292,#4269,#4294,.T.);
#4292 = VERTEX_POINT('',#4293);
#4293 = CARTESIAN_POINT('',(9.37135900259,4.210718712211,28.839155387878
    ));
#4294 = LINE('',#4295,#4296);
#4295 = CARTESIAN_POINT('',(9.37135900259,4.210718712211,28.839155387878
    ));
#4296 = VECTOR('',#4297,1.);
#4297 = DIRECTION('',(0.,0.,1.));
#4298 = ORIENTED_EDGE('',*,*,#4277,.F.);
#4299 = ORIENTED_EDGE('',*,*,#4300,.T.);
#4300 = EDGE_CURVE('',#4246,#4292,#4301,.T.);
#4301 = LINE('',#4302,#4303);
#4302 = CARTESIAN_POINT('',(9.355493479967,2.891709886491,
    28.839155387878));
#4303 = VECTOR('',#4304,1.);
#4304 = DIRECTION('',(1.202749724906E-02,0.999927667039,0.));
#4305 = PLANE('',#4306);
#4306 = AXIS2_PLACEMENT_3D('',#4307,#4308,#4309);
#4307 = CARTESIAN_POINT('',(9.367072859148,3.854382450024,
    32.599965972711));
#4308 = DIRECTION('',(0.999927667039,-1.202749724906E-02,0.));
#4309 = DIRECTION('',(1.202749724906E-02,0.999927667039,0.));
#4310 = ADVANCED_FACE('',(#4311),#4328,.T.);
#4311 = FACE_BOUND('',#4312,.T.);
#4312 = EDGE_LOOP('',(#4313,#4321,#4322));
#4313 = ORIENTED_EDGE('',*,*,#4314,.T.);
#4314 = EDGE_CURVE('',#4315,#4269,#4317,.T.);
#4315 = VERTEX_POINT('',#4316);
#4316 = CARTESIAN_POINT('',(9.186155766249,5.516756892204,
    36.967156720161));
#4317 = LINE('',#4318,#4319);
#4318 = CARTESIAN_POINT('',(9.186155766249,5.516756892204,
    36.967156720161));
#4319 = VECTOR('',#4320,1.);
#4320 = DIRECTION('',(0.140400760078,-0.990094756359,0.));
#4321 = ORIENTED_EDGE('',*,*,#4291,.F.);
#4322 = ORIENTED_EDGE('',*,*,#4323,.T.);
#4323 = EDGE_CURVE('',#4292,#4315,#4324,.T.);
#4324 = LINE('',#4325,#4326);
#4325 = CARTESIAN_POINT('',(9.37135900259,4.210718712211,28.839155387878
    ));
#4326 = VECTOR('',#4327,1.);
#4327 = DIRECTION('',(-2.249155589391E-02,0.158608625341,0.987085322493)
  );
#4328 = PLANE('',#4329);
#4329 = AXIS2_PLACEMENT_3D('',#4330,#4331,#4332);
#4330 = CARTESIAN_POINT('',(9.32132550194,4.563550894949,33.206346132879
    ));
#4331 = DIRECTION('',(0.990094756359,0.140400760078,0.));
#4332 = DIRECTION('',(-0.140400760078,0.990094756359,0.));
#4333 = ADVANCED_FACE('',(#4334),#4351,.T.);
#4334 = FACE_BOUND('',#4335,.T.);
#4335 = EDGE_LOOP('',(#4336,#4344,#4345));
#4336 = ORIENTED_EDGE('',*,*,#4337,.T.);
#4337 = EDGE_CURVE('',#4338,#4315,#4340,.T.);
#4338 = VERTEX_POINT('',#4339);
#4339 = CARTESIAN_POINT('',(9.186155766249,5.516756892204,
    28.839155387878));
#4340 = LINE('',#4341,#4342);
#4341 = CARTESIAN_POINT('',(9.186155766249,5.516756892204,
    28.839155387878));
#4342 = VECTOR('',#4343,1.);
#4343 = DIRECTION('',(0.,0.,1.));
#4344 = ORIENTED_EDGE('',*,*,#4323,.F.);
#4345 = ORIENTED_EDGE('',*,*,#4346,.T.);
#4346 = EDGE_CURVE('',#4292,#4338,#4347,.T.);
#4347 = LINE('',#4348,#4349);
#4348 = CARTESIAN_POINT('',(9.37135900259,4.210718712211,28.839155387878
    ));
#4349 = VECTOR('',#4350,1.);
#4350 = DIRECTION('',(-0.140400760078,0.990094756359,0.));
#4351 = PLANE('',#4352);
#4352 = AXIS2_PLACEMENT_3D('',#4353,#4354,#4355);
#4353 = CARTESIAN_POINT('',(9.236189266899,5.163924709466,
    32.599965975161));
#4354 = DIRECTION('',(0.990094756359,0.140400760078,0.));
#4355 = DIRECTION('',(-0.140400760078,0.990094756359,0.));
#4356 = ADVANCED_FACE('',(#4357),#4374,.T.);
#4357 = FACE_BOUND('',#4358,.T.);
#4358 = EDGE_LOOP('',(#4359,#4367,#4368));
#4359 = ORIENTED_EDGE('',*,*,#4360,.T.);
#4360 = EDGE_CURVE('',#4361,#4315,#4363,.T.);
#4361 = VERTEX_POINT('',#4362);
#4362 = CARTESIAN_POINT('',(8.804205363989,6.779353183508,
    36.967156720161));
#4363 = LINE('',#4364,#4365);
#4364 = CARTESIAN_POINT('',(8.804205363989,6.779353183508,
    36.967156720161));
#4365 = VECTOR('',#4366,1.);
#4366 = DIRECTION('',(0.289552898557,-0.957162012899,0.));
#4367 = ORIENTED_EDGE('',*,*,#4337,.F.);
#4368 = ORIENTED_EDGE('',*,*,#4369,.T.);
#4369 = EDGE_CURVE('',#4338,#4361,#4370,.T.);
#4370 = LINE('',#4371,#4372);
#4371 = CARTESIAN_POINT('',(9.186155766249,5.516756892204,
    28.839155387878));
#4372 = VECTOR('',#4373,1.);
#4373 = DIRECTION('',(-4.638503635294E-02,0.153332931513,0.987085325854)
  );
#4374 = PLANE('',#4375);
#4375 = AXIS2_PLACEMENT_3D('',#4376,#4377,#4378);
#4376 = CARTESIAN_POINT('',(9.082970120626,5.857853046857,
    33.206346096133));
#4377 = DIRECTION('',(0.957162012899,0.289552898557,0.));
#4378 = DIRECTION('',(-0.289552898557,0.957162012899,0.));
#4379 = ADVANCED_FACE('',(#4380),#4397,.T.);
#4380 = FACE_BOUND('',#4381,.T.);
#4381 = EDGE_LOOP('',(#4382,#4390,#4391));
#4382 = ORIENTED_EDGE('',*,*,#4383,.T.);
#4383 = EDGE_CURVE('',#4384,#4361,#4386,.T.);
#4384 = VERTEX_POINT('',#4385);
#4385 = CARTESIAN_POINT('',(8.804205363989,6.779353183508,
    28.839155387878));
#4386 = LINE('',#4387,#4388);
#4387 = CARTESIAN_POINT('',(8.804205363989,6.779353183508,
    28.839155387878));
#4388 = VECTOR('',#4389,1.);
#4389 = DIRECTION('',(0.,0.,1.));
#4390 = ORIENTED_EDGE('',*,*,#4369,.F.);
#4391 = ORIENTED_EDGE('',*,*,#4392,.T.);
#4392 = EDGE_CURVE('',#4338,#4384,#4393,.T.);
#4393 = LINE('',#4394,#4395);
#4394 = CARTESIAN_POINT('',(9.186155766249,5.516756892204,
    28.839155387878));
#4395 = VECTOR('',#4396,1.);
#4396 = DIRECTION('',(-0.289552898557,0.957162012899,0.));
#4397 = PLANE('',#4398);
#4398 = AXIS2_PLACEMENT_3D('',#4399,#4400,#4401);
#4399 = CARTESIAN_POINT('',(8.907391009611,6.438257028856,
    32.599966011907));
#4400 = DIRECTION('',(0.957162012899,0.289552898557,0.));
#4401 = DIRECTION('',(-0.289552898557,0.957162012899,0.));
#4402 = ADVANCED_FACE('',(#4403),#4420,.T.);
#4403 = FACE_BOUND('',#4404,.T.);
#4404 = EDGE_LOOP('',(#4405,#4413,#4414));
#4405 = ORIENTED_EDGE('',*,*,#4406,.T.);
#4406 = EDGE_CURVE('',#4407,#4361,#4409,.T.);
#4407 = VERTEX_POINT('',#4408);
#4408 = CARTESIAN_POINT('',(8.234418952465,7.969050127268,
    36.967156720161));
#4409 = LINE('',#4410,#4411);
#4410 = CARTESIAN_POINT('',(8.234418952465,7.969050127268,
    36.967156720161));
#4411 = VECTOR('',#4412,1.);
#4412 = DIRECTION('',(0.431949573269,-0.901897758148,0.));
#4413 = ORIENTED_EDGE('',*,*,#4383,.F.);
#4414 = ORIENTED_EDGE('',*,*,#4415,.T.);
#4415 = EDGE_CURVE('',#4384,#4407,#4416,.T.);
#4416 = LINE('',#4417,#4418);
#4417 = CARTESIAN_POINT('',(8.804205363989,6.779353183508,
    28.839155387878));
#4418 = VECTOR('',#4419,1.);
#4419 = DIRECTION('',(-6.919632308607E-02,0.14447984794,0.987085326814)
  );
#4420 = PLANE('',#4421);
#4421 = AXIS2_PLACEMENT_3D('',#4422,#4423,#4424);
#4422 = CARTESIAN_POINT('',(8.650274963005,7.100755245577,33.20634608564
    ));
#4423 = DIRECTION('',(0.901897758148,0.431949573269,0.));
#4424 = DIRECTION('',(-0.431949573269,0.901897758148,0.));
#4425 = ADVANCED_FACE('',(#4426),#4443,.T.);
#4426 = FACE_BOUND('',#4427,.T.);
#4427 = EDGE_LOOP('',(#4428,#4436,#4437));
#4428 = ORIENTED_EDGE('',*,*,#4429,.T.);
#4429 = EDGE_CURVE('',#4430,#4407,#4432,.T.);
#4430 = VERTEX_POINT('',#4431);
#4431 = CARTESIAN_POINT('',(8.234418952465,7.969050127268,
    28.839155387878));
#4432 = LINE('',#4433,#4434);
#4433 = CARTESIAN_POINT('',(8.234418952465,7.969050127268,
    28.839155387878));
#4434 = VECTOR('',#4435,1.);
#4435 = DIRECTION('',(0.,0.,1.));
#4436 = ORIENTED_EDGE('',*,*,#4415,.F.);
#4437 = ORIENTED_EDGE('',*,*,#4438,.T.);
#4438 = EDGE_CURVE('',#4384,#4430,#4439,.T.);
#4439 = LINE('',#4440,#4441);
#4440 = CARTESIAN_POINT('',(8.804205363989,6.779353183508,
    28.839155387878));
#4441 = VECTOR('',#4442,1.);
#4442 = DIRECTION('',(-0.431949573269,0.901897758148,0.));
#4443 = PLANE('',#4444);
#4444 = AXIS2_PLACEMENT_3D('',#4445,#4446,#4447);
#4445 = CARTESIAN_POINT('',(8.388349353449,7.647648065199,32.5999660224)
  );
#4446 = DIRECTION('',(0.901897758148,0.431949573269,0.));
#4447 = DIRECTION('',(-0.431949573269,0.901897758148,0.));
#4448 = ADVANCED_FACE('',(#4449),#4466,.T.);
#4449 = FACE_BOUND('',#4450,.T.);
#4450 = EDGE_LOOP('',(#4451,#4459,#4460));
#4451 = ORIENTED_EDGE('',*,*,#4452,.T.);
#4452 = EDGE_CURVE('',#4453,#4407,#4455,.T.);
#4453 = VERTEX_POINT('',#4454);
#4454 = CARTESIAN_POINT('',(7.490089839697,9.058091574907,
    36.967156720161));
#4455 = LINE('',#4456,#4457);
#4456 = CARTESIAN_POINT('',(7.490089839697,9.058091574907,
    36.967156720161));
#4457 = VECTOR('',#4458,1.);
#4458 = DIRECTION('',(0.564268428128,-0.825591388653,0.));
#4459 = ORIENTED_EDGE('',*,*,#4429,.F.);
#4460 = ORIENTED_EDGE('',*,*,#4461,.T.);
#4461 = EDGE_CURVE('',#4430,#4453,#4462,.T.);
#4462 = LINE('',#4463,#4464);
#4463 = CARTESIAN_POINT('',(8.234418952465,7.969050127268,
    28.839155387878));
#4464 = VECTOR('',#4465,1.);
#4465 = DIRECTION('',(-9.039323520311E-02,0.132255984663,0.987085314221)
  );
#4466 = PLANE('',#4467);
#4467 = AXIS2_PLACEMENT_3D('',#4468,#4469,#4470);
#4468 = CARTESIAN_POINT('',(8.033335036335,8.263259658191,
    33.206346223318));
#4469 = DIRECTION('',(0.825591388653,0.564268428128,0.));
#4470 = DIRECTION('',(-0.564268428128,0.825591388653,0.));
#4471 = ADVANCED_FACE('',(#4472),#4489,.T.);
#4472 = FACE_BOUND('',#4473,.T.);
#4473 = EDGE_LOOP('',(#4474,#4482,#4483));
#4474 = ORIENTED_EDGE('',*,*,#4475,.T.);
#4475 = EDGE_CURVE('',#4476,#4453,#4478,.T.);
#4476 = VERTEX_POINT('',#4477);
#4477 = CARTESIAN_POINT('',(7.490089839697,9.058091574907,
    28.839155387878));
#4478 = LINE('',#4479,#4480);
#4479 = CARTESIAN_POINT('',(7.490089839697,9.058091574907,
    28.839155387878));
#4480 = VECTOR('',#4481,1.);
#4481 = DIRECTION('',(0.,0.,1.));
#4482 = ORIENTED_EDGE('',*,*,#4461,.F.);
#4483 = ORIENTED_EDGE('',*,*,#4484,.T.);
#4484 = EDGE_CURVE('',#4430,#4476,#4485,.T.);
#4485 = LINE('',#4486,#4487);
#4486 = CARTESIAN_POINT('',(8.234418952465,7.969050127268,
    28.839155387878));
#4487 = VECTOR('',#4488,1.);
#4488 = DIRECTION('',(-0.564268428128,0.825591388653,0.));
#4489 = PLANE('',#4490);
#4490 = AXIS2_PLACEMENT_3D('',#4491,#4492,#4493);
#4491 = CARTESIAN_POINT('',(7.691173755827,8.763882043985,
    32.599965884722));
#4492 = DIRECTION('',(0.825591388653,0.564268428128,0.));
#4493 = DIRECTION('',(-0.564268428128,0.825591388653,0.));
#4494 = ADVANCED_FACE('',(#4495),#4512,.T.);
#4495 = FACE_BOUND('',#4496,.T.);
#4496 = EDGE_LOOP('',(#4497,#4505,#4506));
#4497 = ORIENTED_EDGE('',*,*,#4498,.T.);
#4498 = EDGE_CURVE('',#4499,#4453,#4501,.T.);
#4499 = VERTEX_POINT('',#4500);
#4500 = CARTESIAN_POINT('',(6.588583880663,10.021068012714,
    36.967156720161));
#4501 = LINE('',#4502,#4503);
#4502 = CARTESIAN_POINT('',(6.588583880663,10.021068012714,
    36.967156720161));
#4503 = VECTOR('',#4504,1.);
#4504 = DIRECTION('',(0.683422713396,-0.730022872802,0.));
#4505 = ORIENTED_EDGE('',*,*,#4475,.F.);
#4506 = ORIENTED_EDGE('',*,*,#4507,.T.);
#4507 = EDGE_CURVE('',#4476,#4499,#4508,.T.);
#4508 = LINE('',#4509,#4510);
#4509 = CARTESIAN_POINT('',(7.490089839697,9.058091574907,
    28.839155387878));
#4510 = VECTOR('',#4511,1.);
#4511 = DIRECTION('',(-0.10948119466,0.11694632718,0.987085317779));
#4512 = PLANE('',#4513);
#4513 = AXIS2_PLACEMENT_3D('',#4514,#4515,#4516);
#4514 = CARTESIAN_POINT('',(7.24654388177,9.318244063814,33.206346184415
    ));
#4515 = DIRECTION('',(0.730022872802,0.683422713396,0.));
#4516 = DIRECTION('',(-0.683422713396,0.730022872802,0.));
#4517 = ADVANCED_FACE('',(#4518),#4535,.T.);
#4518 = FACE_BOUND('',#4519,.T.);
#4519 = EDGE_LOOP('',(#4520,#4528,#4529));
#4520 = ORIENTED_EDGE('',*,*,#4521,.T.);
#4521 = EDGE_CURVE('',#4522,#4499,#4524,.T.);
#4522 = VERTEX_POINT('',#4523);
#4523 = CARTESIAN_POINT('',(6.588583880663,10.021068012714,
    28.839155387878));
#4524 = LINE('',#4525,#4526);
#4525 = CARTESIAN_POINT('',(6.588583880663,10.021068012714,
    28.839155387878));
#4526 = VECTOR('',#4527,1.);
#4527 = DIRECTION('',(0.,0.,1.));
#4528 = ORIENTED_EDGE('',*,*,#4507,.F.);
#4529 = ORIENTED_EDGE('',*,*,#4530,.T.);
#4530 = EDGE_CURVE('',#4476,#4522,#4531,.T.);
#4531 = LINE('',#4532,#4533);
#4532 = CARTESIAN_POINT('',(7.490089839697,9.058091574907,
    28.839155387878));
#4533 = VECTOR('',#4534,1.);
#4534 = DIRECTION('',(-0.683422713396,0.730022872802,0.));
#4535 = PLANE('',#4536);
#4536 = AXIS2_PLACEMENT_3D('',#4537,#4538,#4539);
#4537 = CARTESIAN_POINT('',(6.83212983859,9.760915523807,32.599965923624
    ));
#4538 = DIRECTION('',(0.730022872802,0.683422713396,0.));
#4539 = DIRECTION('',(-0.683422713396,0.730022872802,0.));
#4540 = ADVANCED_FACE('',(#4541),#4556,.T.);
#4541 = FACE_BOUND('',#4542,.T.);
#4542 = EDGE_LOOP('',(#4543,#4549,#4550));
#4543 = ORIENTED_EDGE('',*,*,#4544,.T.);
#4544 = EDGE_CURVE('',#3885,#4499,#4545,.T.);
#4545 = LINE('',#4546,#4547);
#4546 = CARTESIAN_POINT('',(5.550934872031,10.835513061285,
    36.967156720161));
#4547 = VECTOR('',#4548,1.);
#4548 = DIRECTION('',(0.786631500122,-0.617422774941,0.));
#4549 = ORIENTED_EDGE('',*,*,#4521,.F.);
#4550 = ORIENTED_EDGE('',*,*,#4551,.T.);
#4551 = EDGE_CURVE('',#4522,#3885,#4552,.T.);
#4552 = LINE('',#4553,#4554);
#4553 = CARTESIAN_POINT('',(6.588583880663,10.021068012714,
    28.839155387878));
#4554 = VECTOR('',#4555,1.);
#4555 = DIRECTION('',(-0.126014755986,9.890829481403E-02,0.987085320776)
  );
#4556 = PLANE('',#4557);
#4557 = AXIS2_PLACEMENT_3D('',#4558,#4559,#4560);
#4558 = CARTESIAN_POINT('',(6.30825825767,10.241094065585,
    33.206346151653));
#4559 = DIRECTION('',(0.617422774941,0.786631500122,0.));
#4560 = DIRECTION('',(0.786631500122,-0.617422774941,0.));
#4561 = ADVANCED_FACE('',(#4562),#4572,.T.);
#4562 = FACE_BOUND('',#4563,.T.);
#4563 = EDGE_LOOP('',(#4564,#4565,#4566));
#4564 = ORIENTED_EDGE('',*,*,#3884,.F.);
#4565 = ORIENTED_EDGE('',*,*,#4551,.F.);
#4566 = ORIENTED_EDGE('',*,*,#4567,.T.);
#4567 = EDGE_CURVE('',#4522,#3887,#4568,.T.);
#4568 = LINE('',#4569,#4570);
#4569 = CARTESIAN_POINT('',(6.588583880663,10.021068012714,
    28.839155387878));
#4570 = VECTOR('',#4571,1.);
#4571 = DIRECTION('',(-0.786631500122,0.617422774941,0.));
#4572 = PLANE('',#4573);
#4573 = AXIS2_PLACEMENT_3D('',#4574,#4575,#4576);
#4574 = CARTESIAN_POINT('',(5.831260495024,10.615487008415,
    32.599965956387));
#4575 = DIRECTION('',(0.617422774941,0.786631500122,0.));
#4576 = DIRECTION('',(0.786631500122,-0.617422774941,0.));
#4577 = ADVANCED_FACE('',(#4578),#4595,.T.);
#4578 = FACE_BOUND('',#4579,.T.);
#4579 = EDGE_LOOP('',(#4580,#4588,#4589));
#4580 = ORIENTED_EDGE('',*,*,#4581,.T.);
#4581 = EDGE_CURVE('',#4582,#3648,#4584,.T.);
#4582 = VERTEX_POINT('',#4583);
#4583 = CARTESIAN_POINT('',(4.662869074941,-6.815082591772,
    36.967156720161));
#4584 = LINE('',#4585,#4586);
#4585 = CARTESIAN_POINT('',(4.662869074941,-6.815082591772,
    36.967156720161));
#4586 = VECTOR('',#4587,1.);
#4587 = DIRECTION('',(0.,0.,-1.));
#4588 = ORIENTED_EDGE('',*,*,#3645,.F.);
#4589 = ORIENTED_EDGE('',*,*,#4590,.T.);
#4590 = EDGE_CURVE('',#3646,#4582,#4591,.T.);
#4591 = LINE('',#4592,#4593);
#4592 = CARTESIAN_POINT('',(4.212016552687,-4.258346694708,
    28.839155387878));
#4593 = VECTOR('',#4594,1.);
#4594 = DIRECTION('',(5.283907141409E-02,-0.299644659803,0.952586536953)
  );
#4595 = PLANE('',#4596);
#4596 = AXIS2_PLACEMENT_3D('',#4597,#4598,#4599);
#4597 = CARTESIAN_POINT('',(4.532592074718,-6.07629581208,
    32.355249839767));
#4598 = DIRECTION('',(0.984805710911,0.173659758602,0.));
#4599 = DIRECTION('',(-0.173659758602,0.984805710911,0.));
#4600 = ADVANCED_FACE('',(#4601),#4611,.T.);
#4601 = FACE_BOUND('',#4602,.T.);
#4602 = EDGE_LOOP('',(#4603,#4609,#4610));
#4603 = ORIENTED_EDGE('',*,*,#4604,.T.);
#4604 = EDGE_CURVE('',#3942,#4582,#4605,.T.);
#4605 = LINE('',#4606,#4607);
#4606 = CARTESIAN_POINT('',(4.212016552687,-4.258346694708,
    36.967156720161));
#4607 = VECTOR('',#4608,1.);
#4608 = DIRECTION('',(0.173659758602,-0.984805710911,0.));
#4609 = ORIENTED_EDGE('',*,*,#4590,.F.);
#4610 = ORIENTED_EDGE('',*,*,#3949,.F.);
#4611 = PLANE('',#4612);
#4612 = AXIS2_PLACEMENT_3D('',#4613,#4614,#4615);
#4613 = CARTESIAN_POINT('',(4.34229355291,-4.9971334744,33.451062268273)
  );
#4614 = DIRECTION('',(0.984805710911,0.173659758602,0.));
#4615 = DIRECTION('',(-0.173659758602,0.984805710911,0.));
#4616 = ADVANCED_FACE('',(#4617),#4634,.T.);
#4617 = FACE_BOUND('',#4618,.T.);
#4618 = EDGE_LOOP('',(#4619,#4627,#4628));
#4619 = ORIENTED_EDGE('',*,*,#4620,.T.);
#4620 = EDGE_CURVE('',#4621,#3917,#4623,.T.);
#4621 = VERTEX_POINT('',#4622);
#4622 = CARTESIAN_POINT('',(6.125911509991,13.4546641469,36.967156720161
    ));
#4623 = LINE('',#4624,#4625);
#4624 = CARTESIAN_POINT('',(6.125911509991,13.4546641469,36.967156720161
    ));
#4625 = VECTOR('',#4626,1.);
#4626 = DIRECTION('',(-0.907144613464,0.420819023171,0.));
#4627 = ORIENTED_EDGE('',*,*,#3925,.F.);
#4628 = ORIENTED_EDGE('',*,*,#4629,.T.);
#4629 = EDGE_CURVE('',#3895,#4621,#4630,.T.);
#4630 = LINE('',#4631,#4632);
#4631 = CARTESIAN_POINT('',(4.765590366721,14.08570908308,
    28.839155387878));
#4632 = VECTOR('',#4633,1.);
#4633 = DIRECTION('',(0.164584700306,-7.634986945162E-02,0.983403566121)
  );
#4634 = PLANE('',#4635);
#4635 = AXIS2_PLACEMENT_3D('',#4636,#4637,#4638);
#4636 = CARTESIAN_POINT('',(5.136779455638,13.913516659192,
    33.243753879474));
#4637 = DIRECTION('',(-0.420819023171,-0.907144613464,-0.));
#4638 = DIRECTION('',(-0.907144613464,0.420819023171,0.));
#4639 = ADVANCED_FACE('',(#4640),#4657,.T.);
#4640 = FACE_BOUND('',#4641,.T.);
#4641 = EDGE_LOOP('',(#4642,#4650,#4651));
#4642 = ORIENTED_EDGE('',*,*,#4643,.T.);
#4643 = EDGE_CURVE('',#4644,#4621,#4646,.T.);
#4644 = VERTEX_POINT('',#4645);
#4645 = CARTESIAN_POINT('',(6.125911509991,13.4546641469,28.839155387878
    ));
#4646 = LINE('',#4647,#4648);
#4647 = CARTESIAN_POINT('',(6.125911509991,13.4546641469,28.839155387878
    ));
#4648 = VECTOR('',#4649,1.);
#4649 = DIRECTION('',(0.,0.,1.));
#4650 = ORIENTED_EDGE('',*,*,#4629,.F.);
#4651 = ORIENTED_EDGE('',*,*,#4652,.T.);
#4652 = EDGE_CURVE('',#3895,#4644,#4653,.T.);
#4653 = LINE('',#4654,#4655);
#4654 = CARTESIAN_POINT('',(4.765590366721,14.08570908308,
    28.839155387878));
#4655 = VECTOR('',#4656,1.);
#4656 = DIRECTION('',(0.907144613464,-0.420819023171,0.));
#4657 = PLANE('',#4658);
#4658 = AXIS2_PLACEMENT_3D('',#4659,#4660,#4661);
#4659 = CARTESIAN_POINT('',(5.754722421074,13.626856570788,
    32.562558228566));
#4660 = DIRECTION('',(-0.420819023171,-0.907144613464,-0.));
#4661 = DIRECTION('',(-0.907144613464,0.420819023171,0.));
#4662 = ADVANCED_FACE('',(#4663),#4680,.T.);
#4663 = FACE_BOUND('',#4664,.T.);
#4664 = EDGE_LOOP('',(#4665,#4673,#4674));
#4665 = ORIENTED_EDGE('',*,*,#4666,.T.);
#4666 = EDGE_CURVE('',#4667,#4621,#4669,.T.);
#4667 = VERTEX_POINT('',#4668);
#4668 = CARTESIAN_POINT('',(7.38950625658,12.647186332941,
    36.967156720161));
#4669 = LINE('',#4670,#4671);
#4670 = CARTESIAN_POINT('',(7.38950625658,12.647186332941,
    36.967156720161));
#4671 = VECTOR('',#4672,1.);
#4672 = DIRECTION('',(-0.842641441698,0.538475069741,0.));
#4673 = ORIENTED_EDGE('',*,*,#4643,.F.);
#4674 = ORIENTED_EDGE('',*,*,#4675,.T.);
#4675 = EDGE_CURVE('',#4644,#4667,#4676,.T.);
#4676 = LINE('',#4677,#4678);
#4677 = CARTESIAN_POINT('',(6.125911509991,13.4546641469,28.839155387878
    ));
#4678 = VECTOR('',#4679,1.);
#4679 = DIRECTION('',(0.15288181215,-9.769641081719E-02,0.983403560512)
  );
#4680 = PLANE('',#4681);
#4681 = AXIS2_PLACEMENT_3D('',#4682,#4683,#4684);
#4682 = CARTESIAN_POINT('',(6.470706995796,13.23432870637,
    33.243753932651));
#4683 = DIRECTION('',(-0.538475069741,-0.842641441698,-0.));
#4684 = DIRECTION('',(-0.842641441698,0.538475069741,0.));
#4685 = ADVANCED_FACE('',(#4686),#4703,.T.);
#4686 = FACE_BOUND('',#4687,.T.);
#4687 = EDGE_LOOP('',(#4688,#4696,#4697));
#4688 = ORIENTED_EDGE('',*,*,#4689,.T.);
#4689 = EDGE_CURVE('',#4690,#4667,#4692,.T.);
#4690 = VERTEX_POINT('',#4691);
#4691 = CARTESIAN_POINT('',(7.38950625658,12.647186332941,
    28.839155387878));
#4692 = LINE('',#4693,#4694);
#4693 = CARTESIAN_POINT('',(7.38950625658,12.647186332941,
    28.839155387878));
#4694 = VECTOR('',#4695,1.);
#4695 = DIRECTION('',(0.,0.,1.));
#4696 = ORIENTED_EDGE('',*,*,#4675,.F.);
#4697 = ORIENTED_EDGE('',*,*,#4698,.T.);
#4698 = EDGE_CURVE('',#4644,#4690,#4699,.T.);
#4699 = LINE('',#4700,#4701);
#4700 = CARTESIAN_POINT('',(6.125911509991,13.4546641469,28.839155387878
    ));
#4701 = VECTOR('',#4702,1.);
#4702 = DIRECTION('',(0.842641441698,-0.538475069741,0.));
#4703 = PLANE('',#4704);
#4704 = AXIS2_PLACEMENT_3D('',#4705,#4706,#4707);
#4705 = CARTESIAN_POINT('',(7.044710770775,12.867521773471,
    32.562558175388));
#4706 = DIRECTION('',(-0.538475069741,-0.842641441698,-0.));
#4707 = DIRECTION('',(-0.842641441698,0.538475069741,0.));
#4708 = ADVANCED_FACE('',(#4709),#4726,.T.);
#4709 = FACE_BOUND('',#4710,.T.);
#4710 = EDGE_LOOP('',(#4711,#4719,#4720));
#4711 = ORIENTED_EDGE('',*,*,#4712,.T.);
#4712 = EDGE_CURVE('',#4713,#4667,#4715,.T.);
#4713 = VERTEX_POINT('',#4714);
#4714 = CARTESIAN_POINT('',(8.533624738455,11.677814179659,
    36.967156720161));
#4715 = LINE('',#4716,#4717);
#4716 = CARTESIAN_POINT('',(8.533624738455,11.677814179659,
    36.967156720161));
#4717 = VECTOR('',#4718,1.);
#4718 = DIRECTION('',(-0.762967884877,0.646436390256,0.));
#4719 = ORIENTED_EDGE('',*,*,#4689,.F.);
#4720 = ORIENTED_EDGE('',*,*,#4721,.T.);
#4721 = EDGE_CURVE('',#4690,#4713,#4722,.T.);
#4722 = LINE('',#4723,#4724);
#4723 = CARTESIAN_POINT('',(7.38950625658,12.647186332941,
    28.839155387878));
#4724 = VECTOR('',#4725,1.);
#4725 = DIRECTION('',(0.138426430361,-0.117283943049,0.983403579453));
#4726 = PLANE('',#4727);
#4727 = AXIS2_PLACEMENT_3D('',#4728,#4729,#4730);
#4728 = CARTESIAN_POINT('',(7.701700391462,12.382675003418,
    33.243753753093));
#4729 = DIRECTION('',(-0.646436390256,-0.762967884877,-0.));
#4730 = DIRECTION('',(-0.762967884877,0.646436390256,0.));
#4731 = ADVANCED_FACE('',(#4732),#4749,.T.);
#4732 = FACE_BOUND('',#4733,.T.);
#4733 = EDGE_LOOP('',(#4734,#4742,#4743));
#4734 = ORIENTED_EDGE('',*,*,#4735,.T.);
#4735 = EDGE_CURVE('',#4736,#4713,#4738,.T.);
#4736 = VERTEX_POINT('',#4737);
#4737 = CARTESIAN_POINT('',(8.533624738455,11.677814179659,
    28.839155387878));
#4738 = LINE('',#4739,#4740);
#4739 = CARTESIAN_POINT('',(8.533624738455,11.677814179659,
    28.839155387878));
#4740 = VECTOR('',#4741,1.);
#4741 = DIRECTION('',(0.,0.,1.));
#4742 = ORIENTED_EDGE('',*,*,#4721,.F.);
#4743 = ORIENTED_EDGE('',*,*,#4744,.T.);
#4744 = EDGE_CURVE('',#4690,#4736,#4745,.T.);
#4745 = LINE('',#4746,#4747);
#4746 = CARTESIAN_POINT('',(7.38950625658,12.647186332941,
    28.839155387878));
#4747 = VECTOR('',#4748,1.);
#4748 = DIRECTION('',(0.762967884877,-0.646436390256,0.));
#4749 = PLANE('',#4750);
#4750 = AXIS2_PLACEMENT_3D('',#4751,#4752,#4753);
#4751 = CARTESIAN_POINT('',(8.221430603573,11.942325509182,
    32.562558354947));
#4752 = DIRECTION('',(-0.646436390256,-0.762967884877,-0.));
#4753 = DIRECTION('',(-0.762967884877,0.646436390256,0.));
#4754 = ADVANCED_FACE('',(#4755),#4772,.T.);
#4755 = FACE_BOUND('',#4756,.T.);
#4756 = EDGE_LOOP('',(#4757,#4765,#4766));
#4757 = ORIENTED_EDGE('',*,*,#4758,.T.);
#4758 = EDGE_CURVE('',#4759,#4713,#4761,.T.);
#4759 = VERTEX_POINT('',#4760);
#4760 = CARTESIAN_POINT('',(9.537670314312,10.563999080658,
    36.967156720161));
#4761 = LINE('',#4762,#4763);
#4762 = CARTESIAN_POINT('',(9.537670314312,10.563999080658,
    36.967156720161));
#4763 = VECTOR('',#4764,1.);
#4764 = DIRECTION('',(-0.669558424398,0.742759393288,0.));
#4765 = ORIENTED_EDGE('',*,*,#4735,.F.);
#4766 = ORIENTED_EDGE('',*,*,#4767,.T.);
#4767 = EDGE_CURVE('',#4736,#4759,#4768,.T.);
#4768 = LINE('',#4769,#4770);
#4769 = CARTESIAN_POINT('',(8.533624738455,11.677814179659,
    28.839155387878));
#4770 = VECTOR('',#4771,1.);
#4771 = DIRECTION('',(0.121479064476,-0.134760034284,0.983403564186));
#4772 = PLANE('',#4773);
#4773 = AXIS2_PLACEMENT_3D('',#4774,#4775,#4776);
#4774 = CARTESIAN_POINT('',(8.807597370736,11.373888877974,
    33.243753897819));
#4775 = DIRECTION('',(-0.742759393288,-0.669558424398,-0.));
#4776 = DIRECTION('',(0.669558424398,-0.742759393288,0.));
#4777 = ADVANCED_FACE('',(#4778),#4795,.T.);
#4778 = FACE_BOUND('',#4779,.T.);
#4779 = EDGE_LOOP('',(#4780,#4788,#4789));
#4780 = ORIENTED_EDGE('',*,*,#4781,.T.);
#4781 = EDGE_CURVE('',#4782,#4759,#4784,.T.);
#4782 = VERTEX_POINT('',#4783);
#4783 = CARTESIAN_POINT('',(9.537670314312,10.563999080658,
    28.839155387878));
#4784 = LINE('',#4785,#4786);
#4785 = CARTESIAN_POINT('',(9.537670314312,10.563999080658,
    28.839155387878));
#4786 = VECTOR('',#4787,1.);
#4787 = DIRECTION('',(0.,0.,1.));
#4788 = ORIENTED_EDGE('',*,*,#4767,.F.);
#4789 = ORIENTED_EDGE('',*,*,#4790,.T.);
#4790 = EDGE_CURVE('',#4736,#4782,#4791,.T.);
#4791 = LINE('',#4792,#4793);
#4792 = CARTESIAN_POINT('',(8.533624738455,11.677814179659,
    28.839155387878));
#4793 = VECTOR('',#4794,1.);
#4794 = DIRECTION('',(0.669558424398,-0.742759393288,0.));
#4795 = PLANE('',#4796);
#4796 = AXIS2_PLACEMENT_3D('',#4797,#4798,#4799);
#4797 = CARTESIAN_POINT('',(9.263697682031,10.867924382343,
    32.562558210221));
#4798 = DIRECTION('',(-0.742759393288,-0.669558424398,-0.));
#4799 = DIRECTION('',(0.669558424398,-0.742759393288,0.));
#4800 = ADVANCED_FACE('',(#4801),#4818,.T.);
#4801 = FACE_BOUND('',#4802,.T.);
#4802 = EDGE_LOOP('',(#4803,#4811,#4812));
#4803 = ORIENTED_EDGE('',*,*,#4804,.T.);
#4804 = EDGE_CURVE('',#4805,#4759,#4807,.T.);
#4805 = VERTEX_POINT('',#4806);
#4806 = CARTESIAN_POINT('',(10.383566325903,9.325794166327,
    36.967156720161));
#4807 = LINE('',#4808,#4809);
#4808 = CARTESIAN_POINT('',(10.383566325903,9.325794166327,
    36.967156720161));
#4809 = VECTOR('',#4810,1.);
#4810 = DIRECTION('',(-0.564094727933,0.825710081032,0.));
#4811 = ORIENTED_EDGE('',*,*,#4781,.F.);
#4812 = ORIENTED_EDGE('',*,*,#4813,.T.);
#4813 = EDGE_CURVE('',#4782,#4805,#4814,.T.);
#4814 = LINE('',#4815,#4816);
#4815 = CARTESIAN_POINT('',(9.537670314312,10.563999080658,
    28.839155387878));
#4816 = VECTOR('',#4817,1.);
#4817 = DIRECTION('',(0.102344613326,-0.149809907411,0.983403565056));
#4818 = PLANE('',#4819);
#4819 = AXIS2_PLACEMENT_3D('',#4820,#4821,#4822);
#4820 = CARTESIAN_POINT('',(9.768488876727,10.226131689886,
    33.243753889572));
#4821 = DIRECTION('',(-0.825710081032,-0.564094727933,-0.));
#4822 = DIRECTION('',(0.564094727933,-0.825710081032,0.));
#4823 = ADVANCED_FACE('',(#4824),#4841,.T.);
#4824 = FACE_BOUND('',#4825,.T.);
#4825 = EDGE_LOOP('',(#4826,#4834,#4835));
#4826 = ORIENTED_EDGE('',*,*,#4827,.T.);
#4827 = EDGE_CURVE('',#4828,#4805,#4830,.T.);
#4828 = VERTEX_POINT('',#4829);
#4829 = CARTESIAN_POINT('',(10.383566325903,9.325794166327,
    28.839155387878));
#4830 = LINE('',#4831,#4832);
#4831 = CARTESIAN_POINT('',(10.383566325903,9.325794166327,
    28.839155387878));
#4832 = VECTOR('',#4833,1.);
#4833 = DIRECTION('',(0.,0.,1.));
#4834 = ORIENTED_EDGE('',*,*,#4813,.F.);
#4835 = ORIENTED_EDGE('',*,*,#4836,.T.);
#4836 = EDGE_CURVE('',#4782,#4828,#4837,.T.);
#4837 = LINE('',#4838,#4839);
#4838 = CARTESIAN_POINT('',(9.537670314312,10.563999080658,
    28.839155387878));
#4839 = VECTOR('',#4840,1.);
#4840 = DIRECTION('',(0.564094727933,-0.825710081032,0.));
#4841 = PLANE('',#4842);
#4842 = AXIS2_PLACEMENT_3D('',#4843,#4844,#4845);
#4843 = CARTESIAN_POINT('',(10.152747763488,9.663661557099,
    32.562558218467));
#4844 = DIRECTION('',(-0.825710081032,-0.564094727933,-0.));
#4845 = DIRECTION('',(0.564094727933,-0.825710081032,0.));
#4846 = ADVANCED_FACE('',(#4847),#4864,.T.);
#4847 = FACE_BOUND('',#4848,.T.);
#4848 = EDGE_LOOP('',(#4849,#4857,#4858));
#4849 = ORIENTED_EDGE('',*,*,#4850,.T.);
#4850 = EDGE_CURVE('',#4851,#4805,#4853,.T.);
#4851 = VERTEX_POINT('',#4852);
#4852 = CARTESIAN_POINT('',(11.056082355976,7.985490953922,
    36.967156720161));
#4853 = LINE('',#4854,#4855);
#4854 = CARTESIAN_POINT('',(11.056082355976,7.985490953922,
    36.967156720161));
#4855 = VECTOR('',#4856,1.);
#4856 = DIRECTION('',(-0.44847454395,0.89379560495,0.));
#4857 = ORIENTED_EDGE('',*,*,#4827,.F.);
#4858 = ORIENTED_EDGE('',*,*,#4859,.T.);
#4859 = EDGE_CURVE('',#4828,#4851,#4860,.T.);
#4860 = LINE('',#4861,#4862);
#4861 = CARTESIAN_POINT('',(10.383566325903,9.325794166327,
    28.839155387878));
#4862 = VECTOR('',#4863,1.);
#4863 = DIRECTION('',(8.136744067122E-02,-0.162162739979,0.983403571969)
  );
#4864 = PLANE('',#4865);
#4865 = AXIS2_PLACEMENT_3D('',#4866,#4867,#4868);
#4866 = CARTESIAN_POINT('',(10.567074911359,8.960067350024,
    33.24375382404));
#4867 = DIRECTION('',(-0.89379560495,-0.44847454395,-0.));
#4868 = DIRECTION('',(0.44847454395,-0.89379560495,0.));
#4869 = ADVANCED_FACE('',(#4870),#4887,.T.);
#4870 = FACE_BOUND('',#4871,.T.);
#4871 = EDGE_LOOP('',(#4872,#4880,#4881));
#4872 = ORIENTED_EDGE('',*,*,#4873,.T.);
#4873 = EDGE_CURVE('',#4874,#4851,#4876,.T.);
#4874 = VERTEX_POINT('',#4875);
#4875 = CARTESIAN_POINT('',(11.056082355976,7.985490953922,
    28.839155387878));
#4876 = LINE('',#4877,#4878);
#4877 = CARTESIAN_POINT('',(11.056082355976,7.985490953922,
    28.839155387878));
#4878 = VECTOR('',#4879,1.);
#4879 = DIRECTION('',(0.,0.,1.));
#4880 = ORIENTED_EDGE('',*,*,#4859,.F.);
#4881 = ORIENTED_EDGE('',*,*,#4882,.T.);
#4882 = EDGE_CURVE('',#4828,#4874,#4883,.T.);
#4883 = LINE('',#4884,#4885);
#4884 = CARTESIAN_POINT('',(10.383566325903,9.325794166327,
    28.839155387878));
#4885 = VECTOR('',#4886,1.);
#4886 = DIRECTION('',(0.44847454395,-0.89379560495,0.));
#4887 = PLANE('',#4888);
#4888 = AXIS2_PLACEMENT_3D('',#4889,#4890,#4891);
#4889 = CARTESIAN_POINT('',(10.87257377052,8.351217770225,32.562558284)
  );
#4890 = DIRECTION('',(-0.89379560495,-0.44847454395,-0.));
#4891 = DIRECTION('',(0.44847454395,-0.89379560495,0.));
#4892 = ADVANCED_FACE('',(#4893),#4910,.T.);
#4893 = FACE_BOUND('',#4894,.T.);
#4894 = EDGE_LOOP('',(#4895,#4903,#4904));
#4895 = ORIENTED_EDGE('',*,*,#4896,.T.);
#4896 = EDGE_CURVE('',#4897,#4851,#4899,.T.);
#4897 = VERTEX_POINT('',#4898);
#4898 = CARTESIAN_POINT('',(11.543112039566,6.567220419645,
    36.967156720161));
#4899 = LINE('',#4900,#4901);
#4900 = CARTESIAN_POINT('',(11.543112039566,6.567220419645,
    36.967156720161));
#4901 = VECTOR('',#4902,1.);
#4902 = DIRECTION('',(-0.324781073104,0.945789223111,0.));
#4903 = ORIENTED_EDGE('',*,*,#4873,.F.);
#4904 = ORIENTED_EDGE('',*,*,#4905,.T.);
#4905 = EDGE_CURVE('',#4874,#4897,#4906,.T.);
#4906 = LINE('',#4907,#4908);
#4907 = CARTESIAN_POINT('',(11.056082355976,7.985490953922,
    28.839155387878));
#4908 = VECTOR('',#4909,1.);
#4909 = DIRECTION('',(5.892552368558E-02,-0.17159597613,0.98340358126));
#4910 = PLANE('',#4911);
#4911 = AXIS2_PLACEMENT_3D('',#4912,#4913,#4914);
#4912 = CARTESIAN_POINT('',(11.188977517132,7.598489303783,
    33.243753735964));
#4913 = DIRECTION('',(-0.945789223111,-0.324781073104,-0.));
#4914 = DIRECTION('',(0.324781073104,-0.945789223111,0.));
#4915 = ADVANCED_FACE('',(#4916),#4933,.T.);
#4916 = FACE_BOUND('',#4917,.T.);
#4917 = EDGE_LOOP('',(#4918,#4926,#4927));
#4918 = ORIENTED_EDGE('',*,*,#4919,.T.);
#4919 = EDGE_CURVE('',#4920,#4897,#4922,.T.);
#4920 = VERTEX_POINT('',#4921);
#4921 = CARTESIAN_POINT('',(11.543112039566,6.567220419645,
    28.839155387878));
#4922 = LINE('',#4923,#4924);
#4923 = CARTESIAN_POINT('',(11.543112039566,6.567220419645,
    28.839155387878));
#4924 = VECTOR('',#4925,1.);
#4925 = DIRECTION('',(0.,0.,1.));
#4926 = ORIENTED_EDGE('',*,*,#4905,.F.);
#4927 = ORIENTED_EDGE('',*,*,#4928,.T.);
#4928 = EDGE_CURVE('',#4874,#4920,#4929,.T.);
#4929 = LINE('',#4930,#4931);
#4930 = CARTESIAN_POINT('',(11.056082355976,7.985490953922,
    28.839155387878));
#4931 = VECTOR('',#4932,1.);
#4932 = DIRECTION('',(0.324781073104,-0.945789223111,0.));
#4933 = PLANE('',#4934);
#4934 = AXIS2_PLACEMENT_3D('',#4935,#4936,#4937);
#4935 = CARTESIAN_POINT('',(11.41021687841,6.954222069784,
    32.562558372076));
#4936 = DIRECTION('',(-0.945789223111,-0.324781073104,-0.));
#4937 = DIRECTION('',(0.324781073104,-0.945789223111,0.));
#4938 = ADVANCED_FACE('',(#4939),#4956,.T.);
#4939 = FACE_BOUND('',#4940,.T.);
#4940 = EDGE_LOOP('',(#4941,#4949,#4950));
#4941 = ORIENTED_EDGE('',*,*,#4942,.T.);
#4942 = EDGE_CURVE('',#4943,#4897,#4945,.T.);
#4943 = VERTEX_POINT('',#4944);
#4944 = CARTESIAN_POINT('',(11.835887289047,5.096515086293,
    36.967156720161));
#4945 = LINE('',#4946,#4947);
#4946 = CARTESIAN_POINT('',(11.835887289047,5.096515086293,
    36.967156720161));
#4947 = VECTOR('',#4948,1.);
#4948 = DIRECTION('',(-0.195240278392,0.980755440308,0.));
#4949 = ORIENTED_EDGE('',*,*,#4919,.F.);
#4950 = ORIENTED_EDGE('',*,*,#4951,.T.);
#4951 = EDGE_CURVE('',#4920,#4943,#4952,.T.);
#4952 = LINE('',#4953,#4954);
#4953 = CARTESIAN_POINT('',(11.543112039566,6.567220419645,
    28.839155387878));
#4954 = VECTOR('',#4955,1.);
#4955 = DIRECTION('',(3.542275797211E-02,-0.177940038183,0.983403564682)
  );
#4956 = PLANE('',#4957);
#4957 = AXIS2_PLACEMENT_3D('',#4958,#4959,#4960);
#4958 = CARTESIAN_POINT('',(11.623001247381,6.165910936622,
    33.243753893118));
#4959 = DIRECTION('',(-0.980755440308,-0.195240278392,-0.));
#4960 = DIRECTION('',(0.195240278392,-0.980755440308,0.));
#4961 = ADVANCED_FACE('',(#4962),#4979,.T.);
#4962 = FACE_BOUND('',#4963,.T.);
#4963 = EDGE_LOOP('',(#4964,#4972,#4973));
#4964 = ORIENTED_EDGE('',*,*,#4965,.T.);
#4965 = EDGE_CURVE('',#4966,#4943,#4968,.T.);
#4966 = VERTEX_POINT('',#4967);
#4967 = CARTESIAN_POINT('',(11.835887289047,5.096515086293,
    28.839155387878));
#4968 = LINE('',#4969,#4970);
#4969 = CARTESIAN_POINT('',(11.835887289047,5.096515086293,
    28.839155387878));
#4970 = VECTOR('',#4971,1.);
#4971 = DIRECTION('',(0.,0.,1.));
#4972 = ORIENTED_EDGE('',*,*,#4951,.F.);
#4973 = ORIENTED_EDGE('',*,*,#4974,.T.);
#4974 = EDGE_CURVE('',#4920,#4966,#4975,.T.);
#4975 = LINE('',#4976,#4977);
#4976 = CARTESIAN_POINT('',(11.543112039566,6.567220419645,
    28.839155387878));
#4977 = VECTOR('',#4978,1.);
#4978 = DIRECTION('',(0.195240278392,-0.980755440308,0.));
#4979 = PLANE('',#4980);
#4980 = AXIS2_PLACEMENT_3D('',#4981,#4982,#4983);
#4981 = CARTESIAN_POINT('',(11.755998081232,5.497824569317,
    32.562558214922));
#4982 = DIRECTION('',(-0.980755440308,-0.195240278392,-0.));
#4983 = DIRECTION('',(0.195240278392,-0.980755440308,0.));
#4984 = ADVANCED_FACE('',(#4985),#5002,.T.);
#4985 = FACE_BOUND('',#4986,.T.);
#4986 = EDGE_LOOP('',(#4987,#4995,#4996));
#4987 = ORIENTED_EDGE('',*,*,#4988,.T.);
#4988 = EDGE_CURVE('',#4989,#4943,#4991,.T.);
#4989 = VERTEX_POINT('',#4990);
#4990 = CARTESIAN_POINT('',(11.929136502743,3.599853700399,
    36.967156720161));
#4991 = LINE('',#4992,#4993);
#4992 = CARTESIAN_POINT('',(11.929136502743,3.599853700399,
    36.967156720161));
#4993 = VECTOR('',#4994,1.);
#4994 = DIRECTION('',(-6.218423767114E-02,0.998064687576,0.));
#4995 = ORIENTED_EDGE('',*,*,#4965,.F.);
#4996 = ORIENTED_EDGE('',*,*,#4997,.T.);
#4997 = EDGE_CURVE('',#4966,#4989,#4998,.T.);
#4998 = LINE('',#4999,#5000);
#4999 = CARTESIAN_POINT('',(11.835887289047,5.096515086293,
    28.839155387878));
#5000 = VECTOR('',#5001,1.);
#5001 = DIRECTION('',(1.128218438248E-02,-0.181080451455,0.983403570472)
  );
#5002 = PLANE('',#5003);
#5003 = AXIS2_PLACEMENT_3D('',#5004,#5005,#5006);
#5004 = CARTESIAN_POINT('',(11.861332082331,4.688123014435,
    33.243753838232));
#5005 = DIRECTION('',(-0.998064687576,-6.218423767114E-02,-0.));
#5006 = DIRECTION('',(6.218423767114E-02,-0.998064687576,0.));
#5007 = ADVANCED_FACE('',(#5008),#5025,.T.);
#5008 = FACE_BOUND('',#5009,.T.);
#5009 = EDGE_LOOP('',(#5010,#5018,#5019));
#5010 = ORIENTED_EDGE('',*,*,#5011,.T.);
#5011 = EDGE_CURVE('',#5012,#4989,#5014,.T.);
#5012 = VERTEX_POINT('',#5013);
#5013 = CARTESIAN_POINT('',(11.929136502743,3.599853700399,
    28.839155387878));
#5014 = LINE('',#5015,#5016);
#5015 = CARTESIAN_POINT('',(11.929136502743,3.599853700399,
    28.839155387878));
#5016 = VECTOR('',#5017,1.);
#5017 = DIRECTION('',(0.,0.,1.));
#5018 = ORIENTED_EDGE('',*,*,#4997,.F.);
#5019 = ORIENTED_EDGE('',*,*,#5020,.T.);
#5020 = EDGE_CURVE('',#4966,#5012,#5021,.T.);
#5021 = LINE('',#5022,#5023);
#5022 = CARTESIAN_POINT('',(11.835887289047,5.096515086293,
    28.839155387878));
#5023 = VECTOR('',#5024,1.);
#5024 = DIRECTION('',(6.218423767114E-02,-0.998064687576,0.));
#5025 = PLANE('',#5026);
#5026 = AXIS2_PLACEMENT_3D('',#5027,#5028,#5029);
#5027 = CARTESIAN_POINT('',(11.903691709459,4.008245772258,
    32.562558269808));
#5028 = DIRECTION('',(-0.998064687576,-6.218423767114E-02,-0.));
#5029 = DIRECTION('',(6.218423767114E-02,-0.998064687576,0.));
#5030 = ADVANCED_FACE('',(#5031),#5048,.T.);
#5031 = FACE_BOUND('',#5032,.T.);
#5032 = EDGE_LOOP('',(#5033,#5041,#5042));
#5033 = ORIENTED_EDGE('',*,*,#5034,.T.);
#5034 = EDGE_CURVE('',#5035,#4989,#5037,.T.);
#5035 = VERTEX_POINT('',#5036);
#5036 = CARTESIAN_POINT('',(11.821180701256,2.104181307554,
    36.967156720161));
#5037 = LINE('',#5038,#5039);
#5038 = CARTESIAN_POINT('',(11.821180701256,2.104181307554,
    36.967156720161));
#5039 = VECTOR('',#5040,1.);
#5040 = DIRECTION('',(7.199148910868E-02,0.997405246375,0.));
#5041 = ORIENTED_EDGE('',*,*,#5011,.F.);
#5042 = ORIENTED_EDGE('',*,*,#5043,.T.);
#5043 = EDGE_CURVE('',#5012,#5035,#5044,.T.);
#5044 = LINE('',#5045,#5046);
#5045 = CARTESIAN_POINT('',(11.929136502743,3.599853700399,
    28.839155387878));
#5046 = VECTOR('',#5047,1.);
#5047 = DIRECTION('',(-1.306152848327E-02,-0.180960794063,0.983403573049
    ));
#5048 = PLANE('',#5049);
#5049 = AXIS2_PLACEMENT_3D('',#5050,#5051,#5052);
#5050 = CARTESIAN_POINT('',(11.899678741913,3.191731496483,
    33.243753813798));
#5051 = DIRECTION('',(-0.997405246375,7.199148910868E-02,0.));
#5052 = DIRECTION('',(-7.199148910868E-02,-0.997405246375,0.));
#5053 = ADVANCED_FACE('',(#5054),#5071,.T.);
#5054 = FACE_BOUND('',#5055,.T.);
#5055 = EDGE_LOOP('',(#5056,#5064,#5065));
#5056 = ORIENTED_EDGE('',*,*,#5057,.T.);
#5057 = EDGE_CURVE('',#5058,#5035,#5060,.T.);
#5058 = VERTEX_POINT('',#5059);
#5059 = CARTESIAN_POINT('',(11.821180701256,2.104181307554,
    28.839155387878));
#5060 = LINE('',#5061,#5062);
#5061 = CARTESIAN_POINT('',(11.821180701256,2.104181307554,
    28.839155387878));
#5062 = VECTOR('',#5063,1.);
#5063 = DIRECTION('',(0.,0.,1.));
#5064 = ORIENTED_EDGE('',*,*,#5043,.F.);
#5065 = ORIENTED_EDGE('',*,*,#5066,.T.);
#5066 = EDGE_CURVE('',#5012,#5058,#5067,.T.);
#5067 = LINE('',#5068,#5069);
#5068 = CARTESIAN_POINT('',(11.929136502743,3.599853700399,
    28.839155387878));
#5069 = VECTOR('',#5070,1.);
#5070 = DIRECTION('',(-7.199148910868E-02,-0.997405246375,0.));
#5071 = PLANE('',#5072);
#5072 = AXIS2_PLACEMENT_3D('',#5073,#5074,#5075);
#5073 = CARTESIAN_POINT('',(11.850638462086,2.51230351147,
    32.562558294242));
#5074 = DIRECTION('',(-0.997405246375,7.199148910868E-02,0.));
#5075 = DIRECTION('',(-7.199148910868E-02,-0.997405246375,0.));
#5076 = ADVANCED_FACE('',(#5077),#5094,.T.);
#5077 = FACE_BOUND('',#5078,.T.);
#5078 = EDGE_LOOP('',(#5079,#5087,#5088));
#5079 = ORIENTED_EDGE('',*,*,#5080,.T.);
#5080 = EDGE_CURVE('',#5081,#5035,#5083,.T.);
#5081 = VERTEX_POINT('',#5082);
#5082 = CARTESIAN_POINT('',(11.513964563608,0.63642506972,
    36.967156720161));
#5083 = LINE('',#5084,#5085);
#5084 = CARTESIAN_POINT('',(11.513964563608,0.63642506972,
    36.967156720161));
#5085 = VECTOR('',#5086,1.);
#5086 = DIRECTION('',(0.204870401294,0.978789108375,0.));
#5087 = ORIENTED_EDGE('',*,*,#5057,.F.);
#5088 = ORIENTED_EDGE('',*,*,#5089,.T.);
#5089 = EDGE_CURVE('',#5058,#5081,#5090,.T.);
#5090 = LINE('',#5091,#5092);
#5091 = CARTESIAN_POINT('',(11.821180701256,2.104181307554,
    28.839155387878));
#5092 = VECTOR('',#5093,1.);
#5093 = DIRECTION('',(-3.716995551859E-02,-0.177583230133,0.983403574725
    ));
#5094 = PLANE('',#5095);
#5095 = AXIS2_PLACEMENT_3D('',#5096,#5097,#5098);
#5096 = CARTESIAN_POINT('',(11.737351028902,1.703676550693,
    33.243753797909));
#5097 = DIRECTION('',(-0.978789108375,0.204870401294,0.));
#5098 = DIRECTION('',(-0.204870401294,-0.978789108375,0.));
#5099 = ADVANCED_FACE('',(#5100),#5117,.T.);
#5100 = FACE_BOUND('',#5101,.T.);
#5101 = EDGE_LOOP('',(#5102,#5110,#5111));
#5102 = ORIENTED_EDGE('',*,*,#5103,.T.);
#5103 = EDGE_CURVE('',#5104,#5081,#5106,.T.);
#5104 = VERTEX_POINT('',#5105);
#5105 = CARTESIAN_POINT('',(11.513964563608,0.63642506972,
    28.839155387878));
#5106 = LINE('',#5107,#5108);
#5107 = CARTESIAN_POINT('',(11.513964563608,0.63642506972,
    28.839155387878));
#5108 = VECTOR('',#5109,1.);
#5109 = DIRECTION('',(0.,0.,1.));
#5110 = ORIENTED_EDGE('',*,*,#5089,.F.);
#5111 = ORIENTED_EDGE('',*,*,#5112,.T.);
#5112 = EDGE_CURVE('',#5058,#5104,#5113,.T.);
#5113 = LINE('',#5114,#5115);
#5114 = CARTESIAN_POINT('',(11.821180701256,2.104181307554,
    28.839155387878));
#5115 = VECTOR('',#5116,1.);
#5116 = DIRECTION('',(-0.204870401294,-0.978789108375,0.));
#5117 = PLANE('',#5118);
#5118 = AXIS2_PLACEMENT_3D('',#5119,#5120,#5121);
#5119 = CARTESIAN_POINT('',(11.597794235962,1.036929826581,
    32.562558310131));
#5120 = DIRECTION('',(-0.978789108375,0.204870401294,0.));
#5121 = DIRECTION('',(-0.204870401294,-0.978789108375,0.));
#5122 = ADVANCED_FACE('',(#5123),#5140,.T.);
#5123 = FACE_BOUND('',#5124,.T.);
#5124 = EDGE_LOOP('',(#5125,#5133,#5134));
#5125 = ORIENTED_EDGE('',*,*,#5126,.T.);
#5126 = EDGE_CURVE('',#5127,#5081,#5129,.T.);
#5127 = VERTEX_POINT('',#5128);
#5128 = CARTESIAN_POINT('',(11.013017064333,-0.776990579814,
    36.967156720161));
#5129 = LINE('',#5130,#5131);
#5130 = CARTESIAN_POINT('',(11.013017064333,-0.776990579814,
    36.967156720161));
#5131 = VECTOR('',#5132,1.);
#5132 = DIRECTION('',(0.334062099842,0.942551066759,0.));
#5133 = ORIENTED_EDGE('',*,*,#5103,.F.);
#5134 = ORIENTED_EDGE('',*,*,#5135,.T.);
#5135 = EDGE_CURVE('',#5104,#5127,#5136,.T.);
#5136 = LINE('',#5137,#5138);
#5137 = CARTESIAN_POINT('',(11.513964563608,0.63642506972,
    28.839155387878));
#5138 = VECTOR('',#5139,1.);
#5139 = DIRECTION('',(-6.060943323538E-02,-0.171008581874,0.983403559851
    ));
#5140 = PLANE('',#5141);
#5141 = AXIS2_PLACEMENT_3D('',#5142,#5143,#5144);
#5142 = CARTESIAN_POINT('',(11.377271658599,0.250748144693,
    33.243753938911));
#5143 = DIRECTION('',(-0.942551066759,0.334062099842,0.));
#5144 = DIRECTION('',(-0.334062099842,-0.942551066759,0.));
#5145 = ADVANCED_FACE('',(#5146),#5163,.T.);
#5146 = FACE_BOUND('',#5147,.T.);
#5147 = EDGE_LOOP('',(#5148,#5156,#5157));
#5148 = ORIENTED_EDGE('',*,*,#5149,.T.);
#5149 = EDGE_CURVE('',#5150,#5127,#5152,.T.);
#5150 = VERTEX_POINT('',#5151);
#5151 = CARTESIAN_POINT('',(11.013017064333,-0.776990579814,
    28.839155387878));
#5152 = LINE('',#5153,#5154);
#5153 = CARTESIAN_POINT('',(11.013017064333,-0.776990579814,
    28.839155387878));
#5154 = VECTOR('',#5155,1.);
#5155 = DIRECTION('',(0.,0.,1.));
#5156 = ORIENTED_EDGE('',*,*,#5135,.F.);
#5157 = ORIENTED_EDGE('',*,*,#5158,.T.);
#5158 = EDGE_CURVE('',#5104,#5150,#5159,.T.);
#5159 = LINE('',#5160,#5161);
#5160 = CARTESIAN_POINT('',(11.513964563608,0.63642506972,
    28.839155387878));
#5161 = VECTOR('',#5162,1.);
#5162 = DIRECTION('',(-0.334062099842,-0.942551066759,0.));
#5163 = PLANE('',#5164);
#5164 = AXIS2_PLACEMENT_3D('',#5165,#5166,#5167);
#5165 = CARTESIAN_POINT('',(11.149709969342,-0.391313654787,
    32.562558169129));
#5166 = DIRECTION('',(-0.942551066759,0.334062099842,0.));
#5167 = DIRECTION('',(-0.334062099842,-0.942551066759,0.));
#5168 = ADVANCED_FACE('',(#5169),#5186,.T.);
#5169 = FACE_BOUND('',#5170,.T.);
#5170 = EDGE_LOOP('',(#5171,#5179,#5180));
#5171 = ORIENTED_EDGE('',*,*,#5172,.T.);
#5172 = EDGE_CURVE('',#5173,#5127,#5175,.T.);
#5173 = VERTEX_POINT('',#5174);
#5174 = CARTESIAN_POINT('',(10.327359122038,-2.110618278384,
    36.967156720161));
#5175 = LINE('',#5176,#5177);
#5176 = CARTESIAN_POINT('',(10.327359122038,-2.110618278384,
    36.967156720161));
#5177 = VECTOR('',#5178,1.);
#5178 = DIRECTION('',(0.457238456786,0.889344136786,0.));
#5179 = ORIENTED_EDGE('',*,*,#5149,.F.);
#5180 = ORIENTED_EDGE('',*,*,#5181,.T.);
#5181 = EDGE_CURVE('',#5150,#5173,#5182,.T.);
#5182 = LINE('',#5183,#5184);
#5183 = CARTESIAN_POINT('',(11.013017064333,-0.776990579814,
    28.839155387878));
#5184 = VECTOR('',#5185,1.);
#5185 = DIRECTION('',(-8.295747580238E-02,-0.161355073294,0.983403578156
    ));
#5186 = PLANE('',#5187);
#5187 = AXIS2_PLACEMENT_3D('',#5188,#5189,#5190);
#5188 = CARTESIAN_POINT('',(10.825922465113,-1.140895851497,
    33.243753765382));
#5189 = DIRECTION('',(-0.889344136786,0.457238456786,0.));
#5190 = DIRECTION('',(-0.457238456786,-0.889344136786,0.));
#5191 = ADVANCED_FACE('',(#5192),#5209,.T.);
#5192 = FACE_BOUND('',#5193,.T.);
#5193 = EDGE_LOOP('',(#5194,#5202,#5203));
#5194 = ORIENTED_EDGE('',*,*,#5195,.T.);
#5195 = EDGE_CURVE('',#5196,#5173,#5198,.T.);
#5196 = VERTEX_POINT('',#5197);
#5197 = CARTESIAN_POINT('',(10.327359122038,-2.110618278384,
    28.839155387878));
#5198 = LINE('',#5199,#5200);
#5199 = CARTESIAN_POINT('',(10.327359122038,-2.110618278384,
    28.839155387878));
#5200 = VECTOR('',#5201,1.);
#5201 = DIRECTION('',(0.,0.,1.));
#5202 = ORIENTED_EDGE('',*,*,#5181,.F.);
#5203 = ORIENTED_EDGE('',*,*,#5204,.T.);
#5204 = EDGE_CURVE('',#5150,#5196,#5205,.T.);
#5205 = LINE('',#5206,#5207);
#5206 = CARTESIAN_POINT('',(11.013017064333,-0.776990579814,
    28.839155387878));
#5207 = VECTOR('',#5208,1.);
#5208 = DIRECTION('',(-0.457238456786,-0.889344136786,0.));
#5209 = PLANE('',#5210);
#5210 = AXIS2_PLACEMENT_3D('',#5211,#5212,#5213);
#5211 = CARTESIAN_POINT('',(10.514453721258,-1.746713006701,
    32.562558342658));
#5212 = DIRECTION('',(-0.889344136786,0.457238456786,0.));
#5213 = DIRECTION('',(-0.457238456786,-0.889344136786,0.));
#5214 = ADVANCED_FACE('',(#5215),#5232,.T.);
#5215 = FACE_BOUND('',#5216,.T.);
#5216 = EDGE_LOOP('',(#5217,#5225,#5226));
#5217 = ORIENTED_EDGE('',*,*,#5218,.T.);
#5218 = EDGE_CURVE('',#5219,#5173,#5221,.T.);
#5219 = VERTEX_POINT('',#5220);
#5220 = CARTESIAN_POINT('',(9.469334036112,-3.340449112654,
    36.967156720161));
#5221 = LINE('',#5222,#5223);
#5222 = CARTESIAN_POINT('',(9.469334036112,-3.340449112654,
    36.967156720161));
#5223 = VECTOR('',#5224,1.);
#5224 = DIRECTION('',(0.572183198931,0.820125835991,0.));
#5225 = ORIENTED_EDGE('',*,*,#5195,.F.);
#5226 = ORIENTED_EDGE('',*,*,#5227,.T.);
#5227 = EDGE_CURVE('',#5196,#5219,#5228,.T.);
#5228 = LINE('',#5229,#5230);
#5229 = CARTESIAN_POINT('',(10.327359122038,-2.110618278384,
    28.839155387878));
#5230 = VECTOR('',#5231,1.);
#5231 = DIRECTION('',(-0.103812105494,-0.148796731472,0.983403568967));
#5232 = PLANE('',#5233);
#5233 = AXIS2_PLACEMENT_3D('',#5234,#5235,#5236);
#5234 = CARTESIAN_POINT('',(10.093230916959,-2.446200641303,
    33.243753852501));
#5235 = DIRECTION('',(-0.820125835991,0.572183198931,0.));
#5236 = DIRECTION('',(-0.572183198931,-0.820125835991,0.));
#5237 = ADVANCED_FACE('',(#5238),#5255,.T.);
#5238 = FACE_BOUND('',#5239,.T.);
#5239 = EDGE_LOOP('',(#5240,#5248,#5249));
#5240 = ORIENTED_EDGE('',*,*,#5241,.T.);
#5241 = EDGE_CURVE('',#5242,#5219,#5244,.T.);
#5242 = VERTEX_POINT('',#5243);
#5243 = CARTESIAN_POINT('',(9.469334036112,-3.340449112654,
    28.839155387878));
#5244 = LINE('',#5245,#5246);
#5245 = CARTESIAN_POINT('',(9.469334036112,-3.340449112654,
    28.839155387878));
#5246 = VECTOR('',#5247,1.);
#5247 = DIRECTION('',(0.,0.,1.));
#5248 = ORIENTED_EDGE('',*,*,#5227,.F.);
#5249 = ORIENTED_EDGE('',*,*,#5250,.T.);
#5250 = EDGE_CURVE('',#5196,#5242,#5251,.T.);
#5251 = LINE('',#5252,#5253);
#5252 = CARTESIAN_POINT('',(10.327359122038,-2.110618278384,
    28.839155387878));
#5253 = VECTOR('',#5254,1.);
#5254 = DIRECTION('',(-0.572183198931,-0.820125835991,0.));
#5255 = PLANE('',#5256);
#5256 = AXIS2_PLACEMENT_3D('',#5257,#5258,#5259);
#5257 = CARTESIAN_POINT('',(9.703462241191,-3.004866749735,
    32.562558255539));
#5258 = DIRECTION('',(-0.820125835991,0.572183198931,0.));
#5259 = DIRECTION('',(-0.572183198931,-0.820125835991,0.));
#5260 = ADVANCED_FACE('',(#5261),#5278,.T.);
#5261 = FACE_BOUND('',#5262,.T.);
#5262 = EDGE_LOOP('',(#5263,#5271,#5272));
#5263 = ORIENTED_EDGE('',*,*,#5264,.T.);
#5264 = EDGE_CURVE('',#5265,#5219,#5267,.T.);
#5265 = VERTEX_POINT('',#5266);
#5266 = CARTESIAN_POINT('',(8.454389476776,-4.444340595603,
    36.967156720161));
#5267 = LINE('',#5268,#5269);
#5268 = CARTESIAN_POINT('',(8.454389476776,-4.444340595603,
    36.967156720161));
#5269 = VECTOR('',#5270,1.);
#5270 = DIRECTION('',(0.676826937566,0.736142171449,0.));
#5271 = ORIENTED_EDGE('',*,*,#5241,.F.);
#5272 = ORIENTED_EDGE('',*,*,#5273,.T.);
#5273 = EDGE_CURVE('',#5242,#5265,#5274,.T.);
#5274 = LINE('',#5275,#5276);
#5275 = CARTESIAN_POINT('',(9.469334036112,-3.340449112654,
    28.839155387878));
#5276 = VECTOR('',#5277,1.);
#5277 = DIRECTION('',(-0.122797730491,-0.133559382695,0.983403583825));
#5278 = PLANE('',#5279);
#5279 = AXIS2_PLACEMENT_3D('',#5280,#5281,#5282);
#5280 = CARTESIAN_POINT('',(9.192387425995,-3.641666554856,
    33.243753711642));
#5281 = DIRECTION('',(-0.736142171449,0.676826937566,0.));
#5282 = DIRECTION('',(-0.676826937566,-0.736142171449,0.));
#5283 = ADVANCED_FACE('',(#5284),#5301,.T.);
#5284 = FACE_BOUND('',#5285,.T.);
#5285 = EDGE_LOOP('',(#5286,#5294,#5295));
#5286 = ORIENTED_EDGE('',*,*,#5287,.T.);
#5287 = EDGE_CURVE('',#5288,#5265,#5290,.T.);
#5288 = VERTEX_POINT('',#5289);
#5289 = CARTESIAN_POINT('',(8.454389476776,-4.444340595603,
    28.839155387878));
#5290 = LINE('',#5291,#5292);
#5291 = CARTESIAN_POINT('',(8.454389476776,-4.444340595603,
    28.839155387878));
#5292 = VECTOR('',#5293,1.);
#5293 = DIRECTION('',(0.,0.,1.));
#5294 = ORIENTED_EDGE('',*,*,#5273,.F.);
#5295 = ORIENTED_EDGE('',*,*,#5296,.T.);
#5296 = EDGE_CURVE('',#5242,#5288,#5297,.T.);
#5297 = LINE('',#5298,#5299);
#5298 = CARTESIAN_POINT('',(9.469334036112,-3.340449112654,
    28.839155387878));
#5299 = VECTOR('',#5300,1.);
#5300 = DIRECTION('',(-0.676826937566,-0.736142171449,0.));
#5301 = PLANE('',#5302);
#5302 = AXIS2_PLACEMENT_3D('',#5303,#5304,#5305);
#5303 = CARTESIAN_POINT('',(8.731336086893,-4.143123153401,
    32.562558396397));
#5304 = DIRECTION('',(-0.736142171449,0.676826937566,0.));
#5305 = DIRECTION('',(-0.676826937566,-0.736142171449,0.));
#5306 = ADVANCED_FACE('',(#5307),#5324,.T.);
#5307 = FACE_BOUND('',#5308,.T.);
#5308 = EDGE_LOOP('',(#5309,#5317,#5318));
#5309 = ORIENTED_EDGE('',*,*,#5310,.T.);
#5310 = EDGE_CURVE('',#5311,#5265,#5313,.T.);
#5311 = VERTEX_POINT('',#5312);
#5312 = CARTESIAN_POINT('',(7.30079664588,-5.402420136333,
    36.967156720161));
#5313 = LINE('',#5314,#5315);
#5314 = CARTESIAN_POINT('',(7.30079664588,-5.402420136333,
    36.967156720161));
#5315 = VECTOR('',#5316,1.);
#5316 = DIRECTION('',(0.769285384166,0.638905312006,0.));
#5317 = ORIENTED_EDGE('',*,*,#5287,.F.);
#5318 = ORIENTED_EDGE('',*,*,#5319,.T.);
#5319 = EDGE_CURVE('',#5288,#5311,#5320,.T.);
#5320 = LINE('',#5321,#5322);
#5321 = CARTESIAN_POINT('',(8.454389476776,-4.444340595603,
    28.839155387878));
#5322 = VECTOR('',#5323,1.);
#5323 = DIRECTION('',(-0.139572724574,-0.115917651598,0.983403555313));
#5324 = PLANE('',#5325);
#5325 = AXIS2_PLACEMENT_3D('',#5326,#5327,#5328);
#5326 = CARTESIAN_POINT('',(8.139610069147,-4.705770540567,
    33.243753981931));
#5327 = DIRECTION('',(-0.638905312006,0.769285384166,0.));
#5328 = DIRECTION('',(0.769285384166,0.638905312006,0.));
#5329 = ADVANCED_FACE('',(#5330),#5347,.T.);
#5330 = FACE_BOUND('',#5331,.T.);
#5331 = EDGE_LOOP('',(#5332,#5340,#5341));
#5332 = ORIENTED_EDGE('',*,*,#5333,.T.);
#5333 = EDGE_CURVE('',#5334,#5311,#5336,.T.);
#5334 = VERTEX_POINT('',#5335);
#5335 = CARTESIAN_POINT('',(7.30079664588,-5.402420136333,
    28.839155387878));
#5336 = LINE('',#5337,#5338);
#5337 = CARTESIAN_POINT('',(7.30079664588,-5.402420136333,
    28.839155387878));
#5338 = VECTOR('',#5339,1.);
#5339 = DIRECTION('',(0.,0.,1.));
#5340 = ORIENTED_EDGE('',*,*,#5319,.F.);
#5341 = ORIENTED_EDGE('',*,*,#5342,.T.);
#5342 = EDGE_CURVE('',#5288,#5334,#5343,.T.);
#5343 = LINE('',#5344,#5345);
#5344 = CARTESIAN_POINT('',(8.454389476776,-4.444340595603,
    28.839155387878));
#5345 = VECTOR('',#5346,1.);
#5346 = DIRECTION('',(-0.769285384166,-0.638905312006,0.));
#5347 = PLANE('',#5348);
#5348 = AXIS2_PLACEMENT_3D('',#5349,#5350,#5351);
#5349 = CARTESIAN_POINT('',(7.615576053509,-5.140990191368,
    32.562558126109));
#5350 = DIRECTION('',(-0.638905312006,0.769285384166,0.));
#5351 = DIRECTION('',(0.769285384166,0.638905312006,0.));
#5352 = ADVANCED_FACE('',(#5353),#5370,.T.);
#5353 = FACE_BOUND('',#5354,.T.);
#5354 = EDGE_LOOP('',(#5355,#5363,#5364));
#5355 = ORIENTED_EDGE('',*,*,#5356,.T.);
#5356 = EDGE_CURVE('',#5357,#5311,#5359,.T.);
#5357 = VERTEX_POINT('',#5358);
#5358 = CARTESIAN_POINT('',(6.029326668382,-6.197438076138,
    36.967156720161));
#5359 = LINE('',#5360,#5361);
#5360 = CARTESIAN_POINT('',(6.029326668382,-6.197438076138,
    36.967156720161));
#5361 = VECTOR('',#5362,1.);
#5362 = DIRECTION('',(0.847893626612,0.530166387043,0.));
#5363 = ORIENTED_EDGE('',*,*,#5333,.F.);
#5364 = ORIENTED_EDGE('',*,*,#5365,.T.);
#5365 = EDGE_CURVE('',#5334,#5357,#5366,.T.);
#5366 = LINE('',#5367,#5368);
#5367 = CARTESIAN_POINT('',(7.30079664588,-5.402420136333,
    28.839155387878));
#5368 = VECTOR('',#5369,1.);
#5369 = DIRECTION('',(-0.153834636133,-9.618889761743E-02,0.983403579768
    ));
#5370 = PLANE('',#5371);
#5371 = AXIS2_PLACEMENT_3D('',#5372,#5373,#5374);
#5372 = CARTESIAN_POINT('',(6.953852272877,-5.619355656269,
    33.243753750102));
#5373 = DIRECTION('',(-0.530166387043,0.847893626612,0.));
#5374 = DIRECTION('',(0.847893626612,0.530166387043,0.));
#5375 = ADVANCED_FACE('',(#5376),#5393,.T.);
#5376 = FACE_BOUND('',#5377,.T.);
#5377 = EDGE_LOOP('',(#5378,#5386,#5387));
#5378 = ORIENTED_EDGE('',*,*,#5379,.T.);
#5379 = EDGE_CURVE('',#5380,#5357,#5382,.T.);
#5380 = VERTEX_POINT('',#5381);
#5381 = CARTESIAN_POINT('',(6.029326668382,-6.197438076138,
    28.839155387878));
#5382 = LINE('',#5383,#5384);
#5383 = CARTESIAN_POINT('',(6.029326668382,-6.197438076138,
    28.839155387878));
#5384 = VECTOR('',#5385,1.);
#5385 = DIRECTION('',(0.,0.,1.));
#5386 = ORIENTED_EDGE('',*,*,#5365,.F.);
#5387 = ORIENTED_EDGE('',*,*,#5388,.T.);
#5388 = EDGE_CURVE('',#5334,#5380,#5389,.T.);
#5389 = LINE('',#5390,#5391);
#5390 = CARTESIAN_POINT('',(7.30079664588,-5.402420136333,
    28.839155387878));
#5391 = VECTOR('',#5392,1.);
#5392 = DIRECTION('',(-0.847893626612,-0.530166387043,0.));
#5393 = PLANE('',#5394);
#5394 = AXIS2_PLACEMENT_3D('',#5395,#5396,#5397);
#5395 = CARTESIAN_POINT('',(6.376271041384,-5.980502556202,
    32.562558357938));
#5396 = DIRECTION('',(-0.530166387043,0.847893626612,0.));
#5397 = DIRECTION('',(0.847893626612,0.530166387043,0.));
#5398 = ADVANCED_FACE('',(#5399),#5414,.T.);
#5399 = FACE_BOUND('',#5400,.T.);
#5400 = EDGE_LOOP('',(#5401,#5407,#5408));
#5401 = ORIENTED_EDGE('',*,*,#5402,.T.);
#5402 = EDGE_CURVE('',#4582,#5357,#5403,.T.);
#5403 = LINE('',#5404,#5405);
#5404 = CARTESIAN_POINT('',(4.662869074941,-6.815082591772,
    36.967156720161));
#5405 = VECTOR('',#5406,1.);
#5406 = DIRECTION('',(0.911236815455,0.41188283062,0.));
#5407 = ORIENTED_EDGE('',*,*,#5379,.F.);
#5408 = ORIENTED_EDGE('',*,*,#5409,.T.);
#5409 = EDGE_CURVE('',#5380,#4582,#5410,.T.);
#5410 = LINE('',#5411,#5412);
#5411 = CARTESIAN_POINT('',(6.029326668382,-6.197438076138,
    28.839155387878));
#5412 = VECTOR('',#5413,1.);
#5413 = DIRECTION('',(-0.165327147178,-7.472855815652E-02,0.983403567719
    ));
#5414 = PLANE('',#5415);
#5415 = AXIS2_PLACEMENT_3D('',#5416,#5417,#5418);
#5416 = CARTESIAN_POINT('',(5.656463135679,-6.365973943742,
    33.24375386433));
#5417 = DIRECTION('',(-0.41188283062,0.911236815455,0.));
#5418 = DIRECTION('',(0.911236815455,0.41188283062,0.));
#5419 = ADVANCED_FACE('',(#5420),#5430,.T.);
#5420 = FACE_BOUND('',#5421,.T.);
#5421 = EDGE_LOOP('',(#5422,#5423,#5424));
#5422 = ORIENTED_EDGE('',*,*,#4581,.F.);
#5423 = ORIENTED_EDGE('',*,*,#5409,.F.);
#5424 = ORIENTED_EDGE('',*,*,#5425,.T.);
#5425 = EDGE_CURVE('',#5380,#3648,#5426,.T.);
#5426 = LINE('',#5427,#5428);
#5427 = CARTESIAN_POINT('',(6.029326668382,-6.197438076138,
    28.839155387878));
#5428 = VECTOR('',#5429,1.);
#5429 = DIRECTION('',(-0.911236815455,-0.41188283062,0.));
#5430 = PLANE('',#5431);
#5431 = AXIS2_PLACEMENT_3D('',#5432,#5433,#5434);
#5432 = CARTESIAN_POINT('',(5.035732607643,-6.646546724169,
    32.56255824371));
#5433 = DIRECTION('',(-0.41188283062,0.911236815455,0.));
#5434 = DIRECTION('',(0.911236815455,0.41188283062,0.));
#5435 = ADVANCED_FACE('',(#5436),#5453,.T.);
#5436 = FACE_BOUND('',#5437,.T.);
#5437 = EDGE_LOOP('',(#5438,#5446,#5447));
#5438 = ORIENTED_EDGE('',*,*,#5439,.T.);
#5439 = EDGE_CURVE('',#5440,#54,#5442,.T.);
#5440 = VERTEX_POINT('',#5441);
#5441 = CARTESIAN_POINT('',(-5.385454344749,26.441678786278,
    36.967156720161));
#5442 = LINE('',#5443,#5444);
#5443 = CARTESIAN_POINT('',(-5.385454344749,26.441678786278,
    36.967156720161));
#5444 = VECTOR('',#5445,1.);
#5445 = DIRECTION('',(2.579831854001E-03,2.383376172185E-03,
    -0.999993831974));
#5446 = ORIENTED_EDGE('',*,*,#62,.F.);
#5447 = ORIENTED_EDGE('',*,*,#5448,.T.);
#5448 = EDGE_CURVE('',#32,#5440,#5449,.T.);
#5449 = LINE('',#5450,#5451);
#5450 = CARTESIAN_POINT('',(-5.336308240891,26.487082386017,
    28.839155387878));
#5451 = VECTOR('',#5452,1.);
#5452 = DIRECTION('',(-6.046312832894E-03,-5.58588262764E-03,
    0.999966119434));
#5453 = PLANE('',#5454);
#5454 = AXIS2_PLACEMENT_3D('',#5455,#5456,#5457);
#5455 = CARTESIAN_POINT('',(-5.353837091017,26.470888367925,
    27.442195435428));
#5456 = DIRECTION('',(0.678586413123,-0.734520578286,0.));
#5457 = DIRECTION('',(-0.734520578286,-0.678586413123,0.));
#5458 = ADVANCED_FACE('',(#5459),#5469,.T.);
#5459 = FACE_BOUND('',#5460,.T.);
#5460 = EDGE_LOOP('',(#5461,#5467,#5468));
#5461 = ORIENTED_EDGE('',*,*,#5462,.T.);
#5462 = EDGE_CURVE('',#1167,#5440,#5463,.T.);
#5463 = LINE('',#5464,#5465);
#5464 = CARTESIAN_POINT('',(-5.206788000464,26.599445319176,
    28.839155387878));
#5465 = VECTOR('',#5466,1.);
#5466 = DIRECTION('',(-2.197213861431E-02,-1.940190886764E-02,
    0.999570303209));
#5467 = ORIENTED_EDGE('',*,*,#5448,.F.);
#5468 = ORIENTED_EDGE('',*,*,#1191,.F.);
#5469 = PLANE('',#5470);
#5470 = AXIS2_PLACEMENT_3D('',#5471,#5472,#5473);
#5471 = CARTESIAN_POINT('',(-5.327900559891,26.49300686377,
    32.860746478481));
#5472 = DIRECTION('',(0.655303643345,-0.755365520034,-2.572210224727E-04
    ));
#5473 = DIRECTION('',(-0.755365545022,-0.655303665023,
    -1.499993705634E-16));
#5474 = ADVANCED_FACE('',(#5475),#5485,.T.);
#5475 = FACE_BOUND('',#5476,.T.);
#5476 = EDGE_LOOP('',(#5477,#5483,#5484));
#5477 = ORIENTED_EDGE('',*,*,#5478,.T.);
#5478 = EDGE_CURVE('',#1145,#5440,#5479,.T.);
#5479 = LINE('',#5480,#5481);
#5480 = CARTESIAN_POINT('',(-5.072343233228,26.705867481232,
    28.839155387878));
#5481 = VECTOR('',#5482,1.);
#5482 = DIRECTION('',(-3.847368266909E-02,-3.246231654003E-02,
    0.998732183194));
#5483 = ORIENTED_EDGE('',*,*,#5462,.F.);
#5484 = ORIENTED_EDGE('',*,*,#1175,.F.);
#5485 = PLANE('',#5486);
#5486 = AXIS2_PLACEMENT_3D('',#5487,#5488,#5489);
#5487 = CARTESIAN_POINT('',(-5.261213834421,26.548278786619,
    32.860772275286));
#5488 = DIRECTION('',(0.6206545668,-0.78408253653,-1.576267062028E-03));
#5489 = DIRECTION('',(-0.784083510605,-0.620655337846,6.199468022272E-16
    ));
#5490 = ADVANCED_FACE('',(#5491),#5508,.T.);
#5491 = FACE_BOUND('',#5492,.T.);
#5492 = EDGE_LOOP('',(#5493,#5501,#5502));
#5493 = ORIENTED_EDGE('',*,*,#5494,.T.);
#5494 = EDGE_CURVE('',#5495,#5440,#5497,.T.);
#5495 = VERTEX_POINT('',#5496);
#5496 = CARTESIAN_POINT('',(-4.67721079886,26.967482447624,
    36.967156720161));
#5497 = LINE('',#5498,#5499);
#5498 = CARTESIAN_POINT('',(-4.67721079886,26.967482447624,
    36.967156720161));
#5499 = VECTOR('',#5500,1.);
#5500 = DIRECTION('',(-0.802917535735,-0.596090119704,0.));
#5501 = ORIENTED_EDGE('',*,*,#5478,.F.);
#5502 = ORIENTED_EDGE('',*,*,#5503,.T.);
#5503 = EDGE_CURVE('',#1145,#5495,#5504,.T.);
#5504 = LINE('',#5505,#5506);
#5505 = CARTESIAN_POINT('',(-5.072343233228,26.705867481232,
    28.839155387878));
#5506 = VECTOR('',#5507,1.);
#5507 = DIRECTION('',(4.853131057058E-02,3.213230825815E-02,
    0.998304676269));
#5508 = PLANE('',#5509);
#5509 = AXIS2_PLACEMENT_3D('',#5510,#5511,#5512);
#5510 = CARTESIAN_POINT('',(-5.050748032997,26.705217672035,
    33.112033819911));
#5511 = DIRECTION('',(0.596087190929,-0.802913590753,-3.134739986461E-03
    ));
#5512 = DIRECTION('',(-0.802917535735,-0.596090119704,4.011548038196E-17
    ));
#5513 = ADVANCED_FACE('',(#5514),#5524,.T.);
#5514 = FACE_BOUND('',#5515,.T.);
#5515 = EDGE_LOOP('',(#5516,#5522,#5523));
#5516 = ORIENTED_EDGE('',*,*,#5517,.T.);
#5517 = EDGE_CURVE('',#79,#5495,#5518,.T.);
#5518 = LINE('',#5519,#5520);
#5519 = CARTESIAN_POINT('',(-4.933246830106,26.806130862236,
    28.839155387878));
#5520 = VECTOR('',#5521,1.);
#5521 = DIRECTION('',(3.147867803771E-02,1.983757747919E-02,
    0.999307541925));
#5522 = ORIENTED_EDGE('',*,*,#5503,.F.);
#5523 = ORIENTED_EDGE('',*,*,#1144,.F.);
#5524 = PLANE('',#5525);
#5525 = AXIS2_PLACEMENT_3D('',#5526,#5527,#5528);
#5526 = CARTESIAN_POINT('',(-4.84171736737,26.860625955889,
    32.860787135052));
#5527 = DIRECTION('',(0.584740826086,-0.811216865543,-2.31589443703E-03)
  );
#5528 = DIRECTION('',(-0.811219040979,-0.584742394182,
    -7.400764029386E-16));
#5529 = ADVANCED_FACE('',(#5530),#5540,.T.);
#5530 = FACE_BOUND('',#5531,.T.);
#5531 = EDGE_LOOP('',(#5532,#5538,#5539));
#5532 = ORIENTED_EDGE('',*,*,#5533,.T.);
#5533 = EDGE_CURVE('',#77,#5495,#5534,.T.);
#5534 = LINE('',#5535,#5536);
#5535 = CARTESIAN_POINT('',(-4.933246830106,26.806130862236,
    17.917155206203));
#5536 = VECTOR('',#5537,1.);
#5537 = DIRECTION('',(1.343851485708E-02,8.46883021463E-03,
    0.999873834658));
#5538 = ORIENTED_EDGE('',*,*,#5517,.F.);
#5539 = ORIENTED_EDGE('',*,*,#76,.F.);
#5540 = PLANE('',#5541);
#5541 = AXIS2_PLACEMENT_3D('',#5542,#5543,#5544);
#5542 = CARTESIAN_POINT('',(-4.84191957127,26.863684472682,
    27.442963074929));
#5543 = DIRECTION('',(0.53315328801,-0.846018659064,0.));
#5544 = DIRECTION('',(-0.846018659064,-0.53315328801,0.));
#5545 = ADVANCED_FACE('',(#5546),#5556,.T.);
#5546 = FACE_BOUND('',#5547,.T.);
#5547 = EDGE_LOOP('',(#5548,#5549,#5550));
#5548 = ORIENTED_EDGE('',*,*,#5533,.F.);
#5549 = ORIENTED_EDGE('',*,*,#607,.F.);
#5550 = ORIENTED_EDGE('',*,*,#5551,.T.);
#5551 = EDGE_CURVE('',#608,#5495,#5552,.T.);
#5552 = LINE('',#5553,#5554);
#5553 = CARTESIAN_POINT('',(-4.218023180962,27.192393016815,
    17.917155206203));
#5554 = VECTOR('',#5555,1.);
#5555 = DIRECTION('',(-2.409565718819E-02,-1.180207776079E-02,
    0.999639990329));
#5556 = PLANE('',#5557);
#5557 = AXIS2_PLACEMENT_3D('',#5558,#5559,#5560);
#5558 = CARTESIAN_POINT('',(-4.625341758073,26.98371509725,
    27.243233043016));
#5559 = DIRECTION('',(0.475188061764,-0.879883611519,1.065897566008E-03)
  );
#5560 = DIRECTION('',(-0.879884111354,-0.475188331704,7.700003828992E-16
    ));
#5561 = ADVANCED_FACE('',(#5562),#5579,.T.);
#5562 = FACE_BOUND('',#5563,.T.);
#5563 = EDGE_LOOP('',(#5564,#5572,#5573));
#5564 = ORIENTED_EDGE('',*,*,#5565,.T.);
#5565 = EDGE_CURVE('',#5566,#5495,#5568,.T.);
#5566 = VERTEX_POINT('',#5567);
#5567 = CARTESIAN_POINT('',(-3.867033219337,27.316325616837,
    36.967156720161));
#5568 = LINE('',#5569,#5570);
#5569 = CARTESIAN_POINT('',(-3.867033219337,27.316325616837,
    36.967156720161));
#5570 = VECTOR('',#5571,1.);
#5571 = DIRECTION('',(-0.918477028706,-0.395474332592,0.));
#5572 = ORIENTED_EDGE('',*,*,#5551,.F.);
#5573 = ORIENTED_EDGE('',*,*,#5574,.T.);
#5574 = EDGE_CURVE('',#608,#5566,#5575,.T.);
#5575 = LINE('',#5576,#5577);
#5576 = CARTESIAN_POINT('',(-4.218023180962,27.192393016815,
    17.917155206203));
#5577 = VECTOR('',#5578,1.);
#5578 = DIRECTION('',(1.842115224987E-02,6.50440623188E-03,
    0.999809158714));
#5579 = PLANE('',#5580);
#5580 = AXIS2_PLACEMENT_3D('',#5581,#5582,#5583);
#5581 = CARTESIAN_POINT('',(-4.245701254381,27.166570233346,
    27.657629966414));
#5582 = DIRECTION('',(0.395473992636,-0.918476239169,-1.311194285332E-03
    ));
#5583 = DIRECTION('',(-0.918477028706,-0.395474332592,2.100099608104E-16
    ));
#5584 = ADVANCED_FACE('',(#5585),#5595,.T.);
#5585 = FACE_BOUND('',#5586,.T.);
#5586 = EDGE_LOOP('',(#5587,#5593,#5594));
#5587 = ORIENTED_EDGE('',*,*,#5588,.T.);
#5588 = EDGE_CURVE('',#654,#5566,#5589,.T.);
#5589 = LINE('',#5590,#5591);
#5590 = CARTESIAN_POINT('',(-3.437139174342,27.418142318726,
    17.917155206203));
#5591 = VECTOR('',#5592,1.);
#5592 = DIRECTION('',(-2.256054882253E-02,-5.343271675097E-03,
    0.999731199415));
#5593 = ORIENTED_EDGE('',*,*,#5574,.F.);
#5594 = ORIENTED_EDGE('',*,*,#653,.F.);
#5595 = PLANE('',#5596);
#5596 = AXIS2_PLACEMENT_3D('',#5597,#5598,#5599);
#5597 = CARTESIAN_POINT('',(-3.846887776902,27.310683326591,
    27.243230565361));
#5598 = DIRECTION('',(0.277721812067,-0.960660872468,1.132788965316E-03)
  );
#5599 = DIRECTION('',(-0.960661488834,-0.277721990255,5.009014036883E-17
    ));
#5600 = ADVANCED_FACE('',(#5601),#5618,.T.);
#5601 = FACE_BOUND('',#5602,.T.);
#5602 = EDGE_LOOP('',(#5603,#5611,#5612));
#5603 = ORIENTED_EDGE('',*,*,#5604,.T.);
#5604 = EDGE_CURVE('',#5605,#5566,#5607,.T.);
#5605 = VERTEX_POINT('',#5606);
#5606 = CARTESIAN_POINT('',(-2.998348166049,27.469507884979,
    36.967156720161));
#5607 = LINE('',#5608,#5609);
#5608 = CARTESIAN_POINT('',(-2.998348166049,27.469507884979,
    36.967156720161));
#5609 = VECTOR('',#5610,1.);
#5610 = DIRECTION('',(-0.984805881044,-0.173658793791,0.));
#5611 = ORIENTED_EDGE('',*,*,#5588,.F.);
#5612 = ORIENTED_EDGE('',*,*,#5613,.T.);
#5613 = EDGE_CURVE('',#654,#5605,#5614,.T.);
#5614 = LINE('',#5615,#5616);
#5615 = CARTESIAN_POINT('',(-3.437139174342,27.418142318726,
    17.917155206203));
#5616 = VECTOR('',#5617,1.);
#5617 = DIRECTION('',(2.302745542708E-02,2.695630186209E-03,
    0.99973119881));
#5618 = PLANE('',#5619);
#5619 = AXIS2_PLACEMENT_3D('',#5620,#5621,#5622);
#5620 = CARTESIAN_POINT('',(-3.434864616506,27.40524420746,
    27.657631263568));
#5621 = DIRECTION('',(0.173658636806,-0.984804990794,-1.34460789007E-03)
  );
#5622 = DIRECTION('',(-0.984805881044,-0.173658793791,1.000176504118E-17
    ));
#5623 = ADVANCED_FACE('',(#5624),#5634,.T.);
#5624 = FACE_BOUND('',#5625,.T.);
#5625 = EDGE_LOOP('',(#5626,#5632,#5633));
#5626 = ORIENTED_EDGE('',*,*,#5627,.T.);
#5627 = EDGE_CURVE('',#700,#5605,#5628,.T.);
#5628 = LINE('',#5629,#5630);
#5629 = CARTESIAN_POINT('',(-2.62613800168,27.473105049133,
    17.917155206203));
#5630 = VECTOR('',#5631,1.);
#5631 = DIRECTION('',(-1.953486098026E-02,-1.887914635321E-04,
    0.999809158572));
#5632 = ORIENTED_EDGE('',*,*,#5613,.F.);
#5633 = ORIENTED_EDGE('',*,*,#699,.F.);
#5634 = PLANE('',#5635);
#5635 = AXIS2_PLACEMENT_3D('',#5636,#5637,#5638);
#5636 = CARTESIAN_POINT('',(-3.015348745068,27.457315854234,
    27.24323038493));
#5637 = DIRECTION('',(6.761631070647E-02,-0.997710755402,
    1.132732128172E-03));
#5638 = DIRECTION('',(-0.997711395475,-6.761635408515E-02,
    -1.355252715607E-20));
#5639 = ADVANCED_FACE('',(#5640),#5657,.T.);
#5640 = FACE_BOUND('',#5641,.T.);
#5641 = EDGE_LOOP('',(#5642,#5650,#5651));
#5642 = ORIENTED_EDGE('',*,*,#5643,.T.);
#5643 = EDGE_CURVE('',#5644,#5605,#5646,.T.);
#5644 = VERTEX_POINT('',#5645);
#5645 = CARTESIAN_POINT('',(-2.117717984319,27.418820571899,
    36.967156720161));
#5646 = LINE('',#5647,#5648);
#5647 = CARTESIAN_POINT('',(-2.117717984319,27.418820571899,
    36.967156720161));
#5648 = VECTOR('',#5649,1.);
#5649 = DIRECTION('',(-0.998347642716,5.74628948436E-02,0.));
#5650 = ORIENTED_EDGE('',*,*,#5627,.F.);
#5651 = ORIENTED_EDGE('',*,*,#5652,.T.);
#5652 = EDGE_CURVE('',#700,#5644,#5653,.T.);
#5653 = LINE('',#5654,#5655);
#5654 = CARTESIAN_POINT('',(-2.62613800168,27.473105049133,
    17.917155206203));
#5655 = VECTOR('',#5656,1.);
#5656 = DIRECTION('',(2.667910451797E-02,-2.848552756325E-03,
    0.999639990761));
#5657 = PLANE('',#5658);
#5658 = AXIS2_PLACEMENT_3D('',#5659,#5660,#5661);
#5659 = CARTESIAN_POINT('',(-2.59129700035,27.458306242258,
    27.657629892501));
#5660 = DIRECTION('',(-5.746284544278E-02,-0.998346784437,
    -1.311258290206E-03));
#5661 = DIRECTION('',(-0.998347642716,5.74628948436E-02,0.));
#5662 = ADVANCED_FACE('',(#5663),#5673,.T.);
#5663 = FACE_BOUND('',#5664,.T.);
#5664 = EDGE_LOOP('',(#5665,#5671,#5672));
#5665 = ORIENTED_EDGE('',*,*,#5666,.T.);
#5666 = EDGE_CURVE('',#155,#5644,#5667,.T.);
#5667 = LINE('',#5668,#5669);
#5668 = CARTESIAN_POINT('',(-1.821935257316,27.354774093628,
    17.917155206203));
#5669 = VECTOR('',#5670,1.);
#5670 = DIRECTION('',(-1.552469216432E-02,3.361595416498E-03,
    0.999873833846));
#5671 = ORIENTED_EDGE('',*,*,#5652,.F.);
#5672 = ORIENTED_EDGE('',*,*,#745,.F.);
#5673 = PLANE('',#5674);
#5674 = AXIS2_PLACEMENT_3D('',#5675,#5676,#5677);
#5675 = CARTESIAN_POINT('',(-2.172010524455,27.416332490925,
    27.243232903225));
#5676 = DIRECTION('',(-0.145573197778,-0.989346909765,1.0659394398E-03)
  );
#5677 = DIRECTION('',(-0.989347471827,0.14557328048,-2.100099608104E-16)
  );
#5678 = ADVANCED_FACE('',(#5679),#5689,.T.);
#5679 = FACE_BOUND('',#5680,.T.);
#5680 = EDGE_LOOP('',(#5681,#5687,#5688));
#5681 = ORIENTED_EDGE('',*,*,#5682,.T.);
#5682 = EDGE_CURVE('',#133,#5644,#5683,.T.);
#5683 = LINE('',#5684,#5685);
#5684 = CARTESIAN_POINT('',(-1.821935257316,27.354774093628,
    28.839155387878));
#5685 = VECTOR('',#5686,1.);
#5686 = DIRECTION('',(-3.636538633114E-02,7.874276328067E-03,
    0.999307537472));
#5687 = ORIENTED_EDGE('',*,*,#5666,.F.);
#5688 = ORIENTED_EDGE('',*,*,#163,.F.);
#5689 = PLANE('',#5690);
#5690 = AXIS2_PLACEMENT_3D('',#5691,#5692,#5693);
#5691 = CARTESIAN_POINT('',(-1.927440039402,27.377619273946,
    27.442963080121));
#5692 = DIRECTION('',(-0.211627797095,-0.977350334065,-0.));
#5693 = DIRECTION('',(-0.977350334065,0.211627797095,0.));
#5694 = ADVANCED_FACE('',(#5695),#5705,.T.);
#5695 = FACE_BOUND('',#5696,.T.);
#5696 = EDGE_LOOP('',(#5697,#5698,#5699));
#5697 = ORIENTED_EDGE('',*,*,#5682,.F.);
#5698 = ORIENTED_EDGE('',*,*,#3631,.F.);
#5699 = ORIENTED_EDGE('',*,*,#5700,.T.);
#5700 = EDGE_CURVE('',#3607,#5644,#5701,.T.);
#5701 = LINE('',#5702,#5703);
#5702 = CARTESIAN_POINT('',(-1.656934086978,27.308135104179,
    28.839155387878));
#5703 = VECTOR('',#5704,1.);
#5704 = DIRECTION('',(-5.659481304751E-02,1.35947097736E-02,
    0.998304668427));
#5705 = PLANE('',#5706);
#5706 = AXIS2_PLACEMENT_3D('',#5707,#5708,#5709);
#5707 = CARTESIAN_POINT('',(-1.926583952773,27.374676379102,
    32.860787116331));
#5708 = DIRECTION('',(-0.272000690736,-0.962294269981,
    -2.315642706022E-03));
#5709 = DIRECTION('',(-0.962296849999,0.27200142,-1.970212187841E-15));
#5710 = ADVANCED_FACE('',(#5711),#5728,.T.);
#5711 = FACE_BOUND('',#5712,.T.);
#5712 = EDGE_LOOP('',(#5713,#5721,#5722));
#5713 = ORIENTED_EDGE('',*,*,#5714,.T.);
#5714 = EDGE_CURVE('',#5715,#5644,#5717,.T.);
#5715 = VERTEX_POINT('',#5716);
#5716 = CARTESIAN_POINT('',(-1.272345423698,27.166979718208,
    36.967156720161));
#5717 = LINE('',#5718,#5719);
#5718 = CARTESIAN_POINT('',(-1.272345423698,27.166979718208,
    36.967156720161));
#5719 = VECTOR('',#5720,1.);
#5720 = DIRECTION('',(-0.958377075784,0.285505482631,0.));
#5721 = ORIENTED_EDGE('',*,*,#5700,.F.);
#5722 = ORIENTED_EDGE('',*,*,#5723,.T.);
#5723 = EDGE_CURVE('',#3607,#5715,#5724,.T.);
#5724 = LINE('',#5725,#5726);
#5725 = CARTESIAN_POINT('',(-1.656934086978,27.308135104179,
    28.839155387878));
#5726 = VECTOR('',#5727,1.);
#5727 = DIRECTION('',(4.725652252828E-02,-1.73445379805E-02,
    0.99873219037));
#5728 = PLANE('',#5729);
#5729 = AXIS2_PLACEMENT_3D('',#5730,#5731,#5732);
#5730 = CARTESIAN_POINT('',(-1.677004867264,27.300138894027,
    33.11203384165));
#5731 = DIRECTION('',(-0.285504080007,-0.958372367491,
    -3.134569976656E-03));
#5732 = DIRECTION('',(-0.958377075783,0.285505482632,2.439996989179E-15)
  );
#5733 = ADVANCED_FACE('',(#5734),#5744,.T.);
#5734 = FACE_BOUND('',#5735,.T.);
#5735 = EDGE_LOOP('',(#5736,#5742,#5743));
#5736 = ORIENTED_EDGE('',*,*,#5737,.T.);
#5737 = EDGE_CURVE('',#3585,#5715,#5738,.T.);
#5738 = LINE('',#5739,#5740);
#5739 = CARTESIAN_POINT('',(-1.49419836551,27.254120111465,
    28.839155387878));
#5740 = VECTOR('',#5741,1.);
#5741 = DIRECTION('',(2.72831662859E-02,-1.071640438953E-02,
    0.999570301437));
#5742 = ORIENTED_EDGE('',*,*,#5723,.F.);
#5743 = ORIENTED_EDGE('',*,*,#3615,.F.);
#5744 = PLANE('',#5745);
#5745 = AXIS2_PLACEMENT_3D('',#5746,#5747,#5748);
#5746 = CARTESIAN_POINT('',(-1.425553852683,27.224654490799,
    32.860772658581));
#5747 = DIRECTION('',(-0.315018579752,-0.949084194522,
    -1.576743258004E-03));
#5748 = DIRECTION('',(-0.949085374293,0.31501897134,1.189857674194E-15)
  );
#5749 = ADVANCED_FACE('',(#5750),#5760,.T.);
#5750 = FACE_BOUND('',#5751,.T.);
#5751 = EDGE_LOOP('',(#5752,#5758,#5759));
#5752 = ORIENTED_EDGE('',*,*,#5753,.T.);
#5753 = EDGE_CURVE('',#180,#5715,#5754,.T.);
#5754 = LINE('',#5755,#5756);
#5755 = CARTESIAN_POINT('',(-1.334057757258,27.192838120461,
    28.839155387878));
#5756 = VECTOR('',#5757,1.);
#5757 = DIRECTION('',(7.59230222475E-03,-3.181289600027E-03,
    0.999966117598));
#5758 = ORIENTED_EDGE('',*,*,#5737,.F.);
#5759 = ORIENTED_EDGE('',*,*,#3584,.F.);
#5760 = PLANE('',#5761);
#5761 = AXIS2_PLACEMENT_3D('',#5762,#5763,#5764);
#5762 = CARTESIAN_POINT('',(-1.343984360735,27.195527213708,
    32.860746781592));
#5763 = DIRECTION('',(-0.357400797763,-0.93395107118,-2.576826886088E-04
    ));
#5764 = DIRECTION('',(-0.933951102187,0.357400809629,1.499993705634E-16)
  );
#5765 = ADVANCED_FACE('',(#5766),#5776,.T.);
#5766 = FACE_BOUND('',#5767,.T.);
#5767 = EDGE_LOOP('',(#5768,#5769,#5770));
#5768 = ORIENTED_EDGE('',*,*,#5753,.F.);
#5769 = ORIENTED_EDGE('',*,*,#177,.F.);
#5770 = ORIENTED_EDGE('',*,*,#5771,.T.);
#5771 = EDGE_CURVE('',#178,#5715,#5772,.T.);
#5772 = LINE('',#5773,#5774);
#5773 = CARTESIAN_POINT('',(-1.334057757258,27.192838120461,
    17.917155206203));
#5774 = VECTOR('',#5775,1.);
#5775 = DIRECTION('',(3.23947233552E-03,-1.3573879629E-03,0.999993831639
    ));
#5776 = PLANE('',#5777);
#5777 = AXIS2_PLACEMENT_3D('',#5778,#5779,#5780);
#5778 = CARTESIAN_POINT('',(-1.31204693318,27.183615251869,
    27.442195437567));
#5779 = DIRECTION('',(-0.386460213328,-0.922306079083,-0.));
#5780 = DIRECTION('',(-0.922306079083,0.386460213328,0.));
#5781 = ADVANCED_FACE('',(#5782),#5792,.T.);
#5782 = FACE_BOUND('',#5783,.T.);
#5783 = EDGE_LOOP('',(#5784,#5790,#5791));
#5784 = ORIENTED_EDGE('',*,*,#5785,.T.);
#5785 = EDGE_CURVE('',#859,#5715,#5786,.T.);
#5786 = LINE('',#5787,#5788);
#5787 = CARTESIAN_POINT('',(-0.696662003919,26.858922576904,
    17.917155206203));
#5788 = VECTOR('',#5789,1.);
#5789 = DIRECTION('',(-3.020186545436E-02,1.616148739787E-02,
    0.99941315463));
#5790 = ORIENTED_EDGE('',*,*,#5771,.F.);
#5791 = ORIENTED_EDGE('',*,*,#899,.F.);
#5792 = PLANE('',#5793);
#5793 = AXIS2_PLACEMENT_3D('',#5794,#5795,#5796);
#5794 = CARTESIAN_POINT('',(-1.141426165938,27.095098901185,
    27.265650740266));
#5795 = DIRECTION('',(-0.464052314065,-0.885807743965,3.009017206184E-04
    ));
#5796 = DIRECTION('',(-0.885807784067,0.464052335073,2.900240811399E-16)
  );
#5797 = ADVANCED_FACE('',(#5798),#5815,.T.);
#5798 = FACE_BOUND('',#5799,.T.);
#5799 = EDGE_LOOP('',(#5800,#5808,#5809));
#5800 = ORIENTED_EDGE('',*,*,#5801,.T.);
#5801 = EDGE_CURVE('',#5802,#5715,#5804,.T.);
#5802 = VERTEX_POINT('',#5803);
#5803 = CARTESIAN_POINT('',(-0.507543199137,26.727483773232,
    36.967156720161));
#5804 = LINE('',#5805,#5806);
#5805 = CARTESIAN_POINT('',(-0.507543199137,26.727483773232,
    36.967156720161));
#5806 = VECTOR('',#5807,1.);
#5807 = DIRECTION('',(-0.867036258639,0.498245046343,0.));
#5808 = ORIENTED_EDGE('',*,*,#5785,.F.);
#5809 = ORIENTED_EDGE('',*,*,#5810,.T.);
#5810 = EDGE_CURVE('',#859,#5802,#5811,.T.);
#5811 = LINE('',#5812,#5813);
#5812 = CARTESIAN_POINT('',(-0.696662003919,26.858922576904,
    17.917155206203));
#5813 = VECTOR('',#5814,1.);
#5814 = DIRECTION('',(9.926770099903E-03,-6.899170009908E-03,
    0.999926927674));
#5815 = PLANE('',#5816);
#5816 = AXIS2_PLACEMENT_3D('',#5817,#5818,#5819);
#5817 = CARTESIAN_POINT('',(-0.795537272887,26.904103566086,
    27.657618447361));
#5818 = DIRECTION('',(-0.498244778991,-0.867035793398,
    -1.035941667479E-03));
#5819 = DIRECTION('',(-0.867036258639,0.498245046343,1.50053580672E-16)
  );
#5820 = ADVANCED_FACE('',(#5821),#5831,.T.);
#5821 = FACE_BOUND('',#5822,.T.);
#5822 = EDGE_LOOP('',(#5823,#5829,#5830));
#5823 = ORIENTED_EDGE('',*,*,#5824,.T.);
#5824 = EDGE_CURVE('',#837,#5802,#5825,.T.);
#5825 = LINE('',#5826,#5827);
#5826 = CARTESIAN_POINT('',(-0.133415299468,26.411121058464,
    17.917155206203));
#5827 = VECTOR('',#5828,1.);
#5828 = DIRECTION('',(-1.96327658814E-02,1.66014753728E-02,
    0.999669418117));
#5829 = ORIENTED_EDGE('',*,*,#5810,.F.);
#5830 = ORIENTED_EDGE('',*,*,#867,.F.);
#5831 = PLANE('',#5832);
#5832 = AXIS2_PLACEMENT_3D('',#5833,#5834,#5835);
#5833 = CARTESIAN_POINT('',(-0.460415959402,26.68038187201,
    27.265634302923));
#5834 = DIRECTION('',(-0.622322796163,-0.782760329319,7.773155367064E-04
    ));
#5835 = DIRECTION('',(-0.782760565799,0.622322984173,-9.996344030316E-17
    ));
#5836 = ADVANCED_FACE('',(#5837),#5854,.T.);
#5837 = FACE_BOUND('',#5838,.T.);
#5838 = EDGE_LOOP('',(#5839,#5847,#5848));
#5839 = ORIENTED_EDGE('',*,*,#5840,.T.);
#5840 = EDGE_CURVE('',#5841,#5802,#5843,.T.);
#5841 = VERTEX_POINT('',#5842);
#5842 = CARTESIAN_POINT('',(0.135694527719,26.123889923096,
    36.967156720161));
#5843 = LINE('',#5844,#5845);
#5844 = CARTESIAN_POINT('',(0.135694527719,26.123889923096,
    36.967156720161));
#5845 = VECTOR('',#5846,1.);
#5846 = DIRECTION('',(-0.72922121694,0.684278025925,0.));
#5847 = ORIENTED_EDGE('',*,*,#5824,.F.);
#5848 = ORIENTED_EDGE('',*,*,#5849,.T.);
#5849 = EDGE_CURVE('',#837,#5841,#5850,.T.);
#5850 = LINE('',#5851,#5852);
#5851 = CARTESIAN_POINT('',(-0.133415299468,26.411121058464,
    17.917155206203));
#5852 = VECTOR('',#5853,1.);
#5853 = DIRECTION('',(1.412348468085E-02,-1.507453140096E-02,
    0.999786620076));
#5854 = PLANE('',#5855);
#5855 = AXIS2_PLACEMENT_3D('',#5856,#5857,#5858);
#5856 = CARTESIAN_POINT('',(-0.160272961049,26.4185773523,
    27.657630833856));
#5857 = DIRECTION('',(-0.684277422025,-0.729220573376,
    -1.328560232247E-03));
#5858 = DIRECTION('',(-0.72922121694,0.684278025925,1.008308020412E-17)
  );
#5859 = ADVANCED_FACE('',(#5860),#5870,.T.);
#5860 = FACE_BOUND('',#5861,.T.);
#5861 = EDGE_LOOP('',(#5862,#5868,#5869));
#5862 = ORIENTED_EDGE('',*,*,#5863,.T.);
#5863 = EDGE_CURVE('',#914,#5841,#5864,.T.);
#5864 = LINE('',#5865,#5866);
#5865 = CARTESIAN_POINT('',(0.335591258481,25.8654058218,17.917155206203
    ));
#5866 = VECTOR('',#5867,1.);
#5867 = DIRECTION('',(-1.049172255555E-02,1.356672250454E-02,
    0.999852923083));
#5868 = ORIENTED_EDGE('',*,*,#5849,.F.);
#5869 = ORIENTED_EDGE('',*,*,#913,.F.);
#5870 = PLANE('',#5871);
#5871 = AXIS2_PLACEMENT_3D('',#5872,#5873,#5874);
#5872 = CARTESIAN_POINT('',(0.118066759157,26.131214312429,
    27.265630687852));
#5873 = DIRECTION('',(-0.758396840625,-0.651792487883,8.859288744982E-04
    ));
#5874 = DIRECTION('',(0.651792743669,-0.758397138246,1.400247105765E-16)
  );
#5875 = ADVANCED_FACE('',(#5876),#5893,.T.);
#5876 = FACE_BOUND('',#5877,.T.);
#5877 = EDGE_LOOP('',(#5878,#5886,#5887));
#5878 = ORIENTED_EDGE('',*,*,#5879,.T.);
#5879 = EDGE_CURVE('',#5880,#5841,#5882,.T.);
#5880 = VERTEX_POINT('',#5881);
#5881 = CARTESIAN_POINT('',(0.622888818756,25.38855599165,
    36.967156720161));
#5882 = LINE('',#5883,#5884);
#5883 = CARTESIAN_POINT('',(0.622888818756,25.38855599165,
    36.967156720161));
#5884 = VECTOR('',#5885,1.);
#5885 = DIRECTION('',(-0.552321137559,0.833631429953,0.));
#5886 = ORIENTED_EDGE('',*,*,#5863,.F.);
#5887 = ORIENTED_EDGE('',*,*,#5888,.T.);
#5888 = EDGE_CURVE('',#914,#5880,#5889,.T.);
#5889 = LINE('',#5890,#5891);
#5890 = CARTESIAN_POINT('',(0.335591258481,25.8654058218,17.917155206203
    ));
#5891 = VECTOR('',#5892,1.);
#5892 = DIRECTION('',(1.507479985293E-02,-2.502080331818E-02,
    0.999573263853));
#5893 = PLANE('',#5894);
#5894 = AXIS2_PLACEMENT_3D('',#5895,#5896,#5897);
#5895 = CARTESIAN_POINT('',(0.357952403406,25.809554312115,
    27.657626868692));
#5896 = DIRECTION('',(-0.833630775313,-0.552320703828,
    -1.253225406533E-03));
#5897 = DIRECTION('',(0.552321137559,-0.833631429953,-3.600635414824E-16
    ));
#5898 = ADVANCED_FACE('',(#5899),#5909,.T.);
#5899 = FACE_BOUND('',#5900,.T.);
#5900 = EDGE_LOOP('',(#5901,#5907,#5908));
#5901 = ORIENTED_EDGE('',*,*,#5902,.T.);
#5902 = EDGE_CURVE('',#960,#5880,#5903,.T.);
#5903 = LINE('',#5904,#5905);
#5904 = CARTESIAN_POINT('',(0.693628836423,25.241238796711,
    17.917155206203));
#5905 = VECTOR('',#5906,1.);
#5906 = DIRECTION('',(-3.713249829977E-03,7.73290093919E-03,
    0.999963206332));
#5907 = ORIENTED_EDGE('',*,*,#5888,.F.);
#5908 = ORIENTED_EDGE('',*,*,#959,.F.);
#5909 = PLANE('',#5910);
#5910 = AXIS2_PLACEMENT_3D('',#5911,#5912,#5913);
#5911 = CARTESIAN_POINT('',(0.567728992282,25.472495737983,
    27.265639104209));
#5912 = DIRECTION('',(-0.867421208934,-0.497574168802,6.267631615666E-04
    ));
#5913 = DIRECTION('',(0.497574266534,-0.86742137931,6.998525023394E-17)
  );
#5914 = ADVANCED_FACE('',(#5915),#5932,.T.);
#5915 = FACE_BOUND('',#5916,.T.);
#5916 = EDGE_LOOP('',(#5917,#5925,#5926));
#5917 = ORIENTED_EDGE('',*,*,#5918,.T.);
#5918 = EDGE_CURVE('',#5919,#5880,#5921,.T.);
#5919 = VERTEX_POINT('',#5920);
#5920 = CARTESIAN_POINT('',(0.927926134318,24.560890305042,
    36.967156720161));
#5921 = LINE('',#5922,#5923);
#5922 = CARTESIAN_POINT('',(0.927926134318,24.560890305042,
    36.967156720161));
#5923 = VECTOR('',#5924,1.);
#5924 = DIRECTION('',(-0.345813013041,0.938303447724,0.));
#5925 = ORIENTED_EDGE('',*,*,#5902,.F.);
#5926 = ORIENTED_EDGE('',*,*,#5927,.T.);
#5927 = EDGE_CURVE('',#960,#5919,#5928,.T.);
#5928 = LINE('',#5929,#5930);
#5929 = CARTESIAN_POINT('',(0.693628836423,25.241238796711,
    17.917155206203));
#5930 = VECTOR('',#5931,1.);
#5931 = DIRECTION('',(1.229030533935E-02,-3.568837871757E-02,
    0.999287390103));
#5932 = PLANE('',#5933);
#5933 = AXIS2_PLACEMENT_3D('',#5934,#5935,#5936);
#5934 = CARTESIAN_POINT('',(0.735468257001,25.104898353929,
    27.657608893238));
#5935 = DIRECTION('',(-0.938303139878,-0.345812899584,
    -8.100468832348E-04));
#5936 = DIRECTION('',(0.345813013041,-0.938303447724,4.992751004296E-17)
  );
#5937 = ADVANCED_FACE('',(#5938),#5948,.T.);
#5938 = FACE_BOUND('',#5939,.T.);
#5939 = EDGE_LOOP('',(#5940,#5946,#5947));
#5940 = ORIENTED_EDGE('',*,*,#5941,.T.);
#5941 = EDGE_CURVE('',#1006,#5919,#5942,.T.);
#5942 = LINE('',#5943,#5944);
#5943 = CARTESIAN_POINT('',(0.927926134318,24.560890305042,
    17.917155206203));
#5944 = VECTOR('',#5945,1.);
#5945 = DIRECTION('',(0.,0.,1.));
#5946 = ORIENTED_EDGE('',*,*,#5927,.F.);
#5947 = ORIENTED_EDGE('',*,*,#1005,.F.);
#5948 = PLANE('',#5949);
#5949 = AXIS2_PLACEMENT_3D('',#5950,#5951,#5952);
#5950 = CARTESIAN_POINT('',(0.868245961429,24.7341885717,27.265661719178
    ));
#5951 = DIRECTION('',(-0.945503804491,-0.325611049711,-0.));
#5952 = DIRECTION('',(0.325611049711,-0.945503804491,0.));
#5953 = ADVANCED_FACE('',(#5954),#5964,.T.);
#5954 = FACE_BOUND('',#5955,.T.);
#5955 = EDGE_LOOP('',(#5956,#5957,#5958));
#5956 = ORIENTED_EDGE('',*,*,#529,.F.);
#5957 = ORIENTED_EDGE('',*,*,#5439,.F.);
#5958 = ORIENTED_EDGE('',*,*,#5959,.T.);
#5959 = EDGE_CURVE('',#5440,#486,#5960,.T.);
#5960 = LINE('',#5961,#5962);
#5961 = CARTESIAN_POINT('',(-5.385454344749,26.441678786278,
    36.967156720161));
#5962 = VECTOR('',#5963,1.);
#5963 = DIRECTION('',(-2.285231208932E-02,-2.5516942472E-02,
    -0.999413156547));
#5964 = PLANE('',#5965);
#5965 = AXIS2_PLACEMENT_3D('',#5966,#5967,#5968);
#5966 = CARTESIAN_POINT('',(-5.48389068711,26.329353074951,
    27.265651490154));
#5967 = DIRECTION('',(0.739043087986,-0.673658090936,3.010281144776E-04)
  );
#5968 = DIRECTION('',(0.673658121458,0.739043121471,1.099923103987E-16)
  );
#5969 = ADVANCED_FACE('',(#5970),#5987,.T.);
#5970 = FACE_BOUND('',#5971,.T.);
#5971 = EDGE_LOOP('',(#5972,#5980,#5981));
#5972 = ORIENTED_EDGE('',*,*,#5973,.T.);
#5973 = EDGE_CURVE('',#5974,#486,#5976,.T.);
#5974 = VERTEX_POINT('',#5975);
#5975 = CARTESIAN_POINT('',(-5.953800982237,25.767095446587,
    36.967156720161));
#5976 = LINE('',#5977,#5978);
#5977 = CARTESIAN_POINT('',(-5.953800982237,25.767095446587,
    36.967156720161));
#5978 = VECTOR('',#5979,1.);
#5979 = DIRECTION('',(6.968226863942E-03,9.878548490161E-03,
    -0.999926926377));
#5980 = ORIENTED_EDGE('',*,*,#5959,.F.);
#5981 = ORIENTED_EDGE('',*,*,#5982,.T.);
#5982 = EDGE_CURVE('',#5440,#5974,#5983,.T.);
#5983 = LINE('',#5984,#5985);
#5984 = CARTESIAN_POINT('',(-5.385454344749,26.441678786278,
    36.967156720161));
#5985 = VECTOR('',#5986,1.);
#5986 = DIRECTION('',(-0.644319100894,-0.764756756245,0.));
#5987 = PLANE('',#5988);
#5988 = AXIS2_PLACEMENT_3D('',#5989,#5990,#5991);
#5989 = CARTESIAN_POINT('',(-5.74358881571,26.031569977685,
    27.657618644216));
#5990 = DIRECTION('',(0.764756345829,-0.644318755112,-1.036014057417E-03
    ));
#5991 = DIRECTION('',(0.644319100894,0.764756756245,2.601001011793E-16)
  );
#5992 = ADVANCED_FACE('',(#5993),#6003,.T.);
#5993 = FACE_BOUND('',#5994,.T.);
#5994 = EDGE_LOOP('',(#5995,#5996,#5997));
#5995 = ORIENTED_EDGE('',*,*,#485,.F.);
#5996 = ORIENTED_EDGE('',*,*,#5973,.F.);
#5997 = ORIENTED_EDGE('',*,*,#5998,.T.);
#5998 = EDGE_CURVE('',#5974,#440,#5999,.T.);
#5999 = LINE('',#6000,#6001);
#6000 = CARTESIAN_POINT('',(-5.953800982237,25.767095446587,
    36.967156720161));
#6001 = VECTOR('',#6002,1.);
#6002 = DIRECTION('',(-1.277018387312E-02,-2.231535295332E-02,
    -0.999669419071));
#6003 = PLANE('',#6004);
#6004 = AXIS2_PLACEMENT_3D('',#6005,#6006,#6007);
#6005 = CARTESIAN_POINT('',(-5.981974790037,25.706715797697,
    27.265633960025));
#6006 = DIRECTION('',(0.852525124166,-0.522685668943,7.772695445354E-04)
  );
#6007 = DIRECTION('',(0.522685826833,0.852525381692,-3.008661028647E-17)
  );
#6008 = ADVANCED_FACE('',(#6009),#6026,.T.);
#6009 = FACE_BOUND('',#6010,.T.);
#6010 = EDGE_LOOP('',(#6011,#6019,#6020));
#6011 = ORIENTED_EDGE('',*,*,#6012,.T.);
#6012 = EDGE_CURVE('',#6013,#440,#6015,.T.);
#6013 = VERTEX_POINT('',#6014);
#6014 = CARTESIAN_POINT('',(-6.351787227392,24.979894828796,
    36.967156720161));
#6015 = LINE('',#6016,#6017);
#6016 = CARTESIAN_POINT('',(-6.351787227392,24.979894828796,
    36.967156720161));
#6017 = VECTOR('',#6018,1.);
#6018 = DIRECTION('',(8.115525850302E-03,1.899607713735E-02,
    -0.999786620881));
#6019 = ORIENTED_EDGE('',*,*,#5998,.F.);
#6020 = ORIENTED_EDGE('',*,*,#6021,.T.);
#6021 = EDGE_CURVE('',#5974,#6013,#6022,.T.);
#6022 = LINE('',#6023,#6024);
#6023 = CARTESIAN_POINT('',(-5.953800982237,25.767095446587,
    36.967156720161));
#6024 = VECTOR('',#6025,1.);
#6025 = DIRECTION('',(-0.451186953009,-0.892429455719,0.));
#6026 = PLANE('',#6027);
#6027 = AXIS2_PLACEMENT_3D('',#6028,#6029,#6030);
#6028 = CARTESIAN_POINT('',(-6.174466329674,25.358040491721,
    27.657630503125));
#6029 = DIRECTION('',(0.892428668153,-0.451186554838,-1.328530153686E-03
    ));
#6030 = DIRECTION('',(0.451186953009,0.892429455719,3.003240017785E-17)
  );
#6031 = ADVANCED_FACE('',(#6032),#6042,.T.);
#6032 = FACE_BOUND('',#6033,.T.);
#6033 = EDGE_LOOP('',(#6034,#6035,#6036));
#6034 = ORIENTED_EDGE('',*,*,#439,.F.);
#6035 = ORIENTED_EDGE('',*,*,#6012,.F.);
#6036 = ORIENTED_EDGE('',*,*,#6037,.T.);
#6037 = EDGE_CURVE('',#6013,#394,#6038,.T.);
#6038 = LINE('',#6039,#6040);
#6039 = CARTESIAN_POINT('',(-6.351787227392,24.979894828796,
    36.967156720161));
#6040 = VECTOR('',#6041,1.);
#6041 = DIRECTION('',(-5.218453061276E-03,-1.633721543706E-02,
    -0.999852920754));
#6042 = PLANE('',#6043);
#6043 = AXIS2_PLACEMENT_3D('',#6044,#6045,#6046);
#6044 = CARTESIAN_POINT('',(-6.337727468248,24.992805822914,
    27.265630280643));
#6045 = DIRECTION('',(0.935595021244,-0.353073889151,8.86015804083E-04)
  );
#6046 = DIRECTION('',(0.353074027737,0.935595388476,1.002887009549E-17)
  );
#6047 = ADVANCED_FACE('',(#6048),#6065,.T.);
#6048 = FACE_BOUND('',#6049,.T.);
#6049 = EDGE_LOOP('',(#6050,#6058,#6059));
#6050 = ORIENTED_EDGE('',*,*,#6051,.T.);
#6051 = EDGE_CURVE('',#6052,#394,#6054,.T.);
#6052 = VERTEX_POINT('',#6053);
#6053 = CARTESIAN_POINT('',(-6.558079898357,24.122270941734,
    36.967156720161));
#6054 = LINE('',#6055,#6056);
#6055 = CARTESIAN_POINT('',(-6.558079898357,24.122270941734,
    36.967156720161));
#6056 = VECTOR('',#6057,1.);
#6057 = DIRECTION('',(5.607396156364E-03,2.866776568254E-02,
    -0.999573267109));
#6058 = ORIENTED_EDGE('',*,*,#6037,.F.);
#6059 = ORIENTED_EDGE('',*,*,#6060,.T.);
#6060 = EDGE_CURVE('',#6013,#6052,#6061,.T.);
#6061 = LINE('',#6062,#6063);
#6062 = CARTESIAN_POINT('',(-6.351787227392,24.979894828796,
    36.967156720161));
#6063 = VECTOR('',#6064,1.);
#6064 = DIRECTION('',(-0.233869160766,-0.972268078074,0.));
#6065 = PLANE('',#6066);
#6066 = AXIS2_PLACEMENT_3D('',#6067,#6068,#6069);
#6067 = CARTESIAN_POINT('',(-6.453122604653,24.608495169052,
    27.657627021687));
#6068 = DIRECTION('',(0.972267314659,-0.233868977134,-1.253147793106E-03
    ));
#6069 = DIRECTION('',(0.233869160766,0.972268078075,3.799044412389E-16)
  );
#6070 = ADVANCED_FACE('',(#6071),#6081,.T.);
#6071 = FACE_BOUND('',#6072,.T.);
#6072 = EDGE_LOOP('',(#6073,#6074,#6075));
#6073 = ORIENTED_EDGE('',*,*,#393,.F.);
#6074 = ORIENTED_EDGE('',*,*,#6051,.F.);
#6075 = ORIENTED_EDGE('',*,*,#6076,.T.);
#6076 = EDGE_CURVE('',#6052,#348,#6077,.T.);
#6077 = LINE('',#6078,#6079);
#6078 = CARTESIAN_POINT('',(-6.558079898357,24.122270941734,
    36.967156720161));
#6079 = VECTOR('',#6080,1.);
#6080 = DIRECTION('',(-8.443282636605E-04,-8.536580333583E-03,
    -0.999963206276));
#6081 = PLANE('',#6082);
#6082 = AXIS2_PLACEMENT_3D('',#6083,#6084,#6085);
#6083 = CARTESIAN_POINT('',(-6.534958061259,24.220014229851,
    27.265639580915));
#6084 = DIRECTION('',(0.985293477103,-0.170869456483,6.267527716706E-04)
  );
#6085 = DIRECTION('',(0.170869490043,0.985293670624,2.40015255934E-16));
#6086 = ADVANCED_FACE('',(#6087),#6104,.T.);
#6087 = FACE_BOUND('',#6088,.T.);
#6088 = EDGE_LOOP('',(#6089,#6097,#6098));
#6089 = ORIENTED_EDGE('',*,*,#6090,.T.);
#6090 = EDGE_CURVE('',#6091,#348,#6093,.T.);
#6091 = VERTEX_POINT('',#6092);
#6092 = CARTESIAN_POINT('',(-6.561622560024,23.240189063549,
    36.967156720161));
#6093 = LINE('',#6094,#6095);
#6094 = CARTESIAN_POINT('',(-6.561622560024,23.240189063549,
    36.967156720161));
#6095 = VECTOR('',#6096,1.);
#6096 = DIRECTION('',(-6.579236746878E-04,3.773969957669E-02,
    -0.999287387198));
#6097 = ORIENTED_EDGE('',*,*,#6076,.F.);
#6098 = ORIENTED_EDGE('',*,*,#6099,.T.);
#6099 = EDGE_CURVE('',#6052,#6091,#6100,.T.);
#6100 = LINE('',#6101,#6102);
#6101 = CARTESIAN_POINT('',(-6.558079898357,24.122270941734,
    36.967156720161));
#6102 = VECTOR('',#6103,1.);
#6103 = DIRECTION('',(-4.016217975665E-03,-0.999991934964,0.));
#6104 = PLANE('',#6105);
#6105 = AXIS2_PLACEMENT_3D('',#6106,#6107,#6108);
#6106 = CARTESIAN_POINT('',(-6.566846493195,23.817214868855,
    27.657609263379));
#6107 = DIRECTION('',(0.999991606863,-4.01621665793E-03,
    -8.100662263132E-04));
#6108 = DIRECTION('',(4.016217975666E-03,0.999991934964,
    3.811648262644E-21));
#6109 = ADVANCED_FACE('',(#6110),#6120,.T.);
#6110 = FACE_BOUND('',#6111,.T.);
#6111 = EDGE_LOOP('',(#6112,#6113,#6114));
#6112 = ORIENTED_EDGE('',*,*,#347,.F.);
#6113 = ORIENTED_EDGE('',*,*,#6090,.F.);
#6114 = ORIENTED_EDGE('',*,*,#6115,.T.);
#6115 = EDGE_CURVE('',#6091,#302,#6116,.T.);
#6116 = LINE('',#6117,#6118);
#6117 = CARTESIAN_POINT('',(-6.561622560024,23.240189063549,
    36.967156720161));
#6118 = VECTOR('',#6119,1.);
#6119 = DIRECTION('',(0.,0.,-1.));
#6120 = PLANE('',#6121);
#6121 = AXIS2_PLACEMENT_3D('',#6122,#6123,#6124);
#6122 = CARTESIAN_POINT('',(-6.564817354553,23.42344829308,
    27.265661365912));
#6123 = DIRECTION('',(0.999848076423,1.7430550003E-02,0.));
#6124 = DIRECTION('',(-1.7430550003E-02,0.999848076423,0.));
#6125 = ADVANCED_FACE('',(#6126),#6150,.T.);
#6126 = FACE_BOUND('',#6127,.T.);
#6127 = EDGE_LOOP('',(#6128,#6138,#6144));
#6128 = ORIENTED_EDGE('',*,*,#6129,.T.);
#6129 = EDGE_CURVE('',#6130,#6132,#6134,.T.);
#6130 = VERTEX_POINT('',#6131);
#6131 = CARTESIAN_POINT('',(-4.294897803664,3.086989080906,
    36.967156720161));
#6132 = VERTEX_POINT('',#6133);
#6133 = CARTESIAN_POINT('',(-4.294897803664,3.086989080906,
    28.839155387878));
#6134 = LINE('',#6135,#6136);
#6135 = CARTESIAN_POINT('',(-4.294897803664,3.086989080906,
    36.967156720161));
#6136 = VECTOR('',#6137,1.);
#6137 = DIRECTION('',(0.,0.,-1.));
#6138 = ORIENTED_EDGE('',*,*,#6139,.T.);
#6139 = EDGE_CURVE('',#6132,#3516,#6140,.T.);
#6140 = LINE('',#6141,#6142);
#6141 = CARTESIAN_POINT('',(-4.294897803664,3.086989080906,
    28.839155387878));
#6142 = VECTOR('',#6143,1.);
#6143 = DIRECTION('',(-0.111769920596,0.993734111747,0.));
#6144 = ORIENTED_EDGE('',*,*,#6145,.T.);
#6145 = EDGE_CURVE('',#3516,#6130,#6146,.T.);
#6146 = LINE('',#6147,#6148);
#6147 = CARTESIAN_POINT('',(-5.56483489871,14.377860581875,
    28.839155387878));
#6148 = VECTOR('',#6149,1.);
#6149 = DIRECTION('',(9.090458219543E-02,-0.808222675297,0.58181823972)
  );
#6150 = PLANE('',#6151);
#6151 = AXIS2_PLACEMENT_3D('',#6152,#6153,#6154);
#6152 = CARTESIAN_POINT('',(-4.775622034365,7.361055518858,
    31.523139713309));
#6153 = DIRECTION('',(0.993734111747,0.111769920596,0.));
#6154 = DIRECTION('',(-0.111769920596,0.993734111747,0.));
#6155 = ADVANCED_FACE('',(#6156),#6171,.T.);
#6156 = FACE_BOUND('',#6157,.T.);
#6157 = EDGE_LOOP('',(#6158,#6164,#6165));
#6158 = ORIENTED_EDGE('',*,*,#6159,.T.);
#6159 = EDGE_CURVE('',#6091,#6130,#6160,.T.);
#6160 = LINE('',#6161,#6162);
#6161 = CARTESIAN_POINT('',(-6.561622560024,23.240189063549,
    36.967156720161));
#6162 = VECTOR('',#6163,1.);
#6163 = DIRECTION('',(0.111769927972,-0.993734110918,0.));
#6164 = ORIENTED_EDGE('',*,*,#6145,.F.);
#6165 = ORIENTED_EDGE('',*,*,#6166,.T.);
#6166 = EDGE_CURVE('',#3516,#6091,#6167,.T.);
#6167 = LINE('',#6168,#6169);
#6168 = CARTESIAN_POINT('',(-5.56483489871,14.377860581875,
    28.839155387878));
#6169 = VECTOR('',#6170,1.);
#6170 = DIRECTION('',(-8.260829717158E-02,0.734461202982,0.673604194281)
  );
#6171 = PLANE('',#6172);
#6172 = AXIS2_PLACEMENT_3D('',#6173,#6174,#6175);
#6173 = CARTESIAN_POINT('',(-5.443357207161,13.297815272482,
    34.682622833564));
#6174 = DIRECTION('',(0.993734110918,0.111769927972,1.037555495E-08));
#6175 = DIRECTION('',(-0.111769927972,0.993734110918,2.067951531383E-25)
  );
#6176 = ADVANCED_FACE('',(#6177),#6187,.T.);
#6177 = FACE_BOUND('',#6178,.T.);
#6178 = EDGE_LOOP('',(#6179,#6180,#6181));
#6179 = ORIENTED_EDGE('',*,*,#6115,.F.);
#6180 = ORIENTED_EDGE('',*,*,#6166,.F.);
#6181 = ORIENTED_EDGE('',*,*,#6182,.T.);
#6182 = EDGE_CURVE('',#3516,#302,#6183,.T.);
#6183 = LINE('',#6184,#6185);
#6184 = CARTESIAN_POINT('',(-5.56483489871,14.377860581875,
    28.839155387878));
#6185 = VECTOR('',#6186,1.);
#6186 = DIRECTION('',(-7.069157545296E-02,0.628510952599,-0.774581618439
    ));
#6187 = PLANE('',#6188);
#6188 = AXIS2_PLACEMENT_3D('',#6189,#6190,#6191);
#6189 = CARTESIAN_POINT('',(-6.273203147256,20.675884070979,
    27.632135569035));
#6190 = DIRECTION('',(0.993734109861,0.111769937369,0.));
#6191 = DIRECTION('',(-0.111769937369,0.993734109861,0.));
#6192 = ADVANCED_FACE('',(#6193),#6198,.T.);
#6193 = FACE_BOUND('',#6194,.T.);
#6194 = EDGE_LOOP('',(#6195,#6196,#6197));
#6195 = ORIENTED_EDGE('',*,*,#301,.F.);
#6196 = ORIENTED_EDGE('',*,*,#6182,.F.);
#6197 = ORIENTED_EDGE('',*,*,#3515,.F.);
#6198 = PLANE('',#6199);
#6199 = AXIS2_PLACEMENT_3D('',#6200,#6201,#6202);
#6200 = CARTESIAN_POINT('',(-5.902847430892,17.383092495731,
    21.943231897682));
#6201 = DIRECTION('',(0.993734109861,0.111769937369,0.));
#6202 = DIRECTION('',(-0.111769937369,0.993734109861,0.));
#6203 = ADVANCED_FACE('',(#6204),#6230,.T.);
#6204 = FACE_BOUND('',#6205,.T.);
#6205 = EDGE_LOOP('',(#6206,#6216,#6224));
#6206 = ORIENTED_EDGE('',*,*,#6207,.T.);
#6207 = EDGE_CURVE('',#6208,#6210,#6212,.T.);
#6208 = VERTEX_POINT('',#6209);
#6209 = CARTESIAN_POINT('',(5.691166743636,4.847922807932,
    36.967156720161));
#6210 = VERTEX_POINT('',#6211);
#6211 = CARTESIAN_POINT('',(5.691166743636,4.847922807932,
    28.839155387878));
#6212 = LINE('',#6213,#6214);
#6213 = CARTESIAN_POINT('',(5.691166743636,4.847922807932,
    36.967156720161));
#6214 = VECTOR('',#6215,1.);
#6215 = DIRECTION('',(0.,0.,-1.));
#6216 = ORIENTED_EDGE('',*,*,#6217,.T.);
#6217 = EDGE_CURVE('',#6210,#6218,#6220,.T.);
#6218 = VERTEX_POINT('',#6219);
#6219 = CARTESIAN_POINT('',(5.823340573907,3.972274872661,
    28.839155387878));
#6220 = LINE('',#6221,#6222);
#6221 = CARTESIAN_POINT('',(5.691166743636,4.847922807932,
    28.839155387878));
#6222 = VECTOR('',#6223,1.);
#6223 = DIRECTION('',(0.149253307319,-0.988798993858,0.));
#6224 = ORIENTED_EDGE('',*,*,#6225,.T.);
#6225 = EDGE_CURVE('',#6218,#6208,#6226,.T.);
#6226 = LINE('',#6227,#6228);
#6227 = CARTESIAN_POINT('',(5.823340573907,3.972274872661,
    28.839155387878));
#6228 = VECTOR('',#6229,1.);
#6229 = DIRECTION('',(-1.616587454472E-02,0.10709846751,0.994116986454)
  );
#6230 = PLANE('',#6231);
#6231 = AXIS2_PLACEMENT_3D('',#6232,#6233,#6234);
#6232 = CARTESIAN_POINT('',(5.726004976537,4.617120487645,
    32.693789288242));
#6233 = DIRECTION('',(-0.988798993858,-0.149253307319,-0.));
#6234 = DIRECTION('',(0.149253307319,-0.988798993858,0.));
#6235 = ADVANCED_FACE('',(#6236),#6253,.T.);
#6236 = FACE_BOUND('',#6237,.T.);
#6237 = EDGE_LOOP('',(#6238,#6246,#6247));
#6238 = ORIENTED_EDGE('',*,*,#6239,.T.);
#6239 = EDGE_CURVE('',#6240,#6208,#6242,.T.);
#6240 = VERTEX_POINT('',#6241);
#6241 = CARTESIAN_POINT('',(5.828145119548,3.882938483357,
    36.967156720161));
#6242 = LINE('',#6243,#6244);
#6243 = CARTESIAN_POINT('',(5.828145119548,3.882938483357,
    36.967156720161));
#6244 = VECTOR('',#6245,1.);
#6245 = DIRECTION('',(-0.140539968253,0.990075005908,0.));
#6246 = ORIENTED_EDGE('',*,*,#6225,.F.);
#6247 = ORIENTED_EDGE('',*,*,#6248,.T.);
#6248 = EDGE_CURVE('',#6218,#6240,#6249,.T.);
#6249 = LINE('',#6250,#6251);
#6250 = CARTESIAN_POINT('',(5.823340573907,3.972274872661,
    28.839155387878));
#6251 = VECTOR('',#6252,1.);
#6252 = DIRECTION('',(5.910745363012E-04,-1.099052206564E-02,
    0.999939427693));
#6253 = PLANE('',#6254);
#6254 = AXIS2_PLACEMENT_3D('',#6255,#6256,#6257);
#6255 = CARTESIAN_POINT('',(5.78960779632,4.180605660431,33.132391076625
    ));
#6256 = DIRECTION('',(-0.990074550197,-0.140539903565,
    -9.594571721083E-04));
#6257 = DIRECTION('',(0.140539968253,-0.990075005908,-3.500346713869E-16
    ));
#6258 = ADVANCED_FACE('',(#6259),#6276,.T.);
#6259 = FACE_BOUND('',#6260,.T.);
#6260 = EDGE_LOOP('',(#6261,#6269,#6270));
#6261 = ORIENTED_EDGE('',*,*,#6262,.T.);
#6262 = EDGE_CURVE('',#6263,#6240,#6265,.T.);
#6263 = VERTEX_POINT('',#6264);
#6264 = CARTESIAN_POINT('',(5.801439279318,3.0869784832,28.839155387878)
  );
#6265 = LINE('',#6266,#6267);
#6266 = CARTESIAN_POINT('',(5.801439279318,3.0869784832,28.839155387878)
  );
#6267 = VECTOR('',#6268,1.);
#6268 = DIRECTION('',(3.269999269421E-03,9.746140157313E-02,
    0.995233933459));
#6269 = ORIENTED_EDGE('',*,*,#6248,.F.);
#6270 = ORIENTED_EDGE('',*,*,#6271,.T.);
#6271 = EDGE_CURVE('',#6218,#6263,#6272,.T.);
#6272 = LINE('',#6273,#6274);
#6273 = CARTESIAN_POINT('',(5.823340573907,3.972274872661,
    28.839155387878));
#6274 = VECTOR('',#6275,1.);
#6275 = DIRECTION('',(-2.473137354013E-02,-0.999694132804,0.));
#6276 = PLANE('',#6277);
#6277 = AXIS2_PLACEMENT_3D('',#6278,#6279,#6280);
#6278 = CARTESIAN_POINT('',(5.819849236983,3.696682051826,
    32.693683452509));
#6279 = DIRECTION('',(-0.999693760744,2.473136433574E-02,
    8.627563906643E-04));
#6280 = DIRECTION('',(-2.473137354012E-02,-0.999694132804,
    -9.99837690939E-18));
#6281 = ADVANCED_FACE('',(#6282),#6299,.T.);
#6282 = FACE_BOUND('',#6283,.T.);
#6283 = EDGE_LOOP('',(#6284,#6292,#6293));
#6284 = ORIENTED_EDGE('',*,*,#6285,.T.);
#6285 = EDGE_CURVE('',#6286,#6240,#6288,.T.);
#6286 = VERTEX_POINT('',#6287);
#6287 = CARTESIAN_POINT('',(5.778312814236,2.909555287659,
    36.967156720161));
#6288 = LINE('',#6289,#6290);
#6289 = CARTESIAN_POINT('',(5.778312814236,2.909555287659,
    36.967156720161));
#6290 = VECTOR('',#6291,1.);
#6291 = DIRECTION('',(5.112799388774E-02,0.998692108831,0.));
#6292 = ORIENTED_EDGE('',*,*,#6262,.F.);
#6293 = ORIENTED_EDGE('',*,*,#6294,.T.);
#6294 = EDGE_CURVE('',#6263,#6286,#6295,.T.);
#6295 = LINE('',#6296,#6297);
#6296 = CARTESIAN_POINT('',(5.801439279318,3.0869784832,28.839155387878)
  );
#6297 = VECTOR('',#6298,1.);
#6298 = DIRECTION('',(-2.844593990937E-03,-2.182335061132E-02,
    0.999757795495));
#6299 = PLANE('',#6300);
#6300 = AXIS2_PLACEMENT_3D('',#6301,#6302,#6303);
#6301 = CARTESIAN_POINT('',(5.802411276253,3.250859582261,
    33.132493296336));
#6302 = DIRECTION('',(-0.998690622093,5.112791777432E-02,
    -1.725504791832E-03));
#6303 = DIRECTION('',(-5.112799388777E-02,-0.998692108831,
    -5.002237773305E-17));
#6304 = ADVANCED_FACE('',(#6305),#6322,.T.);
#6305 = FACE_BOUND('',#6306,.T.);
#6306 = EDGE_LOOP('',(#6307,#6315,#6316));
#6307 = ORIENTED_EDGE('',*,*,#6308,.T.);
#6308 = EDGE_CURVE('',#6309,#6286,#6311,.T.);
#6309 = VERTEX_POINT('',#6310);
#6310 = CARTESIAN_POINT('',(5.626130515337,2.218937051296,
    28.839155387878));
#6311 = LINE('',#6312,#6313);
#6312 = CARTESIAN_POINT('',(5.626130515337,2.218937051296,
    28.839155387878));
#6313 = VECTOR('',#6314,1.);
#6314 = DIRECTION('',(1.865274454268E-02,8.464798884374E-02,
    0.996236313886));
#6315 = ORIENTED_EDGE('',*,*,#6294,.F.);
#6316 = ORIENTED_EDGE('',*,*,#6317,.T.);
#6317 = EDGE_CURVE('',#6263,#6309,#6318,.T.);
#6318 = LINE('',#6319,#6320);
#6319 = CARTESIAN_POINT('',(5.801439279318,3.0869784832,28.839155387878)
  );
#6320 = VECTOR('',#6321,1.);
#6321 = DIRECTION('',(-0.197962146289,-0.980209665652,0.));
#6322 = PLANE('',#6323);
#6323 = AXIS2_PLACEMENT_3D('',#6324,#6325,#6326);
#6324 = CARTESIAN_POINT('',(5.744311871614,2.774277848911,
    32.693601273482));
#6325 = DIRECTION('',(-0.98020851496,0.197961913897,1.532268125374E-03)
  );
#6326 = DIRECTION('',(-0.197962146289,-0.980209665651,8.799384831892E-16
    ));
#6327 = ADVANCED_FACE('',(#6328),#6345,.T.);
#6328 = FACE_BOUND('',#6329,.T.);
#6329 = EDGE_LOOP('',(#6330,#6338,#6339));
#6330 = ORIENTED_EDGE('',*,*,#6331,.T.);
#6331 = EDGE_CURVE('',#6332,#6286,#6334,.T.);
#6332 = VERTEX_POINT('',#6333);
#6333 = CARTESIAN_POINT('',(5.543503987789,1.96360463202,36.967156720161
    ));
#6334 = LINE('',#6335,#6336);
#6335 = CARTESIAN_POINT('',(5.543503987789,1.96360463202,36.967156720161
    ));
#6336 = VECTOR('',#6337,1.);
#6337 = DIRECTION('',(0.240914120166,0.970546437171,0.));
#6338 = ORIENTED_EDGE('',*,*,#6308,.F.);
#6339 = ORIENTED_EDGE('',*,*,#6340,.T.);
#6340 = EDGE_CURVE('',#6309,#6332,#6341,.T.);
#6341 = LINE('',#6342,#6343);
#6342 = CARTESIAN_POINT('',(5.626130515337,2.218937051296,
    28.839155387878));
#6343 = VECTOR('',#6344,1.);
#6344 = DIRECTION('',(-1.016012698093E-02,-3.139681503247E-02,
    0.999455357595));
#6345 = PLANE('',#6346);
#6346 = AXIS2_PLACEMENT_3D('',#6347,#6348,#6349);
#6347 = CARTESIAN_POINT('',(5.644590408993,2.334261419891,
    33.132569735518));
#6348 = DIRECTION('',(-0.970543874123,0.240913483953,-2.298184595936E-03
    ));
#6349 = DIRECTION('',(-0.240914120166,-0.970546437171,
    -4.399692415946E-16));
#6350 = ADVANCED_FACE('',(#6351),#6368,.T.);
#6351 = FACE_BOUND('',#6352,.T.);
#6352 = EDGE_LOOP('',(#6353,#6361,#6362));
#6353 = ORIENTED_EDGE('',*,*,#6354,.T.);
#6354 = EDGE_CURVE('',#6355,#6332,#6357,.T.);
#6355 = VERTEX_POINT('',#6356);
#6356 = CARTESIAN_POINT('',(5.302740007639,1.394529402256,
    28.839155387878));
#6357 = LINE('',#6358,#6359);
#6358 = CARTESIAN_POINT('',(5.302740007639,1.394529402256,
    28.839155387878));
#6359 = VECTOR('',#6360,1.);
#6360 = DIRECTION('',(2.953631939646E-02,6.98127175686E-02,
    0.997122755884));
#6361 = ORIENTED_EDGE('',*,*,#6340,.F.);
#6362 = ORIENTED_EDGE('',*,*,#6363,.T.);
#6363 = EDGE_CURVE('',#6309,#6355,#6364,.T.);
#6364 = LINE('',#6365,#6366);
#6365 = CARTESIAN_POINT('',(5.626130515337,2.218937051296,
    28.839155387878));
#6366 = VECTOR('',#6367,1.);
#6367 = DIRECTION('',(-0.365178928946,-0.930937350123,0.));
#6368 = PLANE('',#6369);
#6369 = AXIS2_PLACEMENT_3D('',#6370,#6371,#6372);
#6370 = CARTESIAN_POINT('',(5.501840935934,1.880894997727,
    32.693542736925));
#6371 = DIRECTION('',(-0.930935473129,0.365178192657,2.008103248889E-03)
  );
#6372 = DIRECTION('',(-0.365178928946,-0.930937350123,
    -5.500157621019E-16));
#6373 = ADVANCED_FACE('',(#6374),#6391,.T.);
#6374 = FACE_BOUND('',#6375,.T.);
#6375 = EDGE_LOOP('',(#6376,#6384,#6385));
#6376 = ORIENTED_EDGE('',*,*,#6377,.T.);
#6377 = EDGE_CURVE('',#6378,#6332,#6380,.T.);
#6378 = VERTEX_POINT('',#6379);
#6379 = CARTESIAN_POINT('',(5.132361447811,1.079907455295,
    36.967156720161));
#6380 = LINE('',#6381,#6382);
#6381 = CARTESIAN_POINT('',(5.132361447811,1.079907455295,
    36.967156720161));
#6382 = VECTOR('',#6383,1.);
#6383 = DIRECTION('',(0.421832473231,0.906673791685,0.));
#6384 = ORIENTED_EDGE('',*,*,#6354,.F.);
#6385 = ORIENTED_EDGE('',*,*,#6386,.T.);
#6386 = EDGE_CURVE('',#6355,#6378,#6387,.T.);
#6387 = LINE('',#6388,#6389);
#6388 = CARTESIAN_POINT('',(5.302740007639,1.394529402256,
    28.839155387878));
#6389 = VECTOR('',#6390,1.);
#6390 = DIRECTION('',(-2.094164573522E-02,-3.867095343706E-02,
    0.999032534422));
#6391 = PLANE('',#6392);
#6392 = AXIS2_PLACEMENT_3D('',#6393,#6394,#6395);
#6393 = CARTESIAN_POINT('',(5.321422685965,1.461933933187,
    33.132620507369));
#6394 = DIRECTION('',(-0.906670542534,0.421830961555,-2.677157885823E-03
    ));
#6395 = DIRECTION('',(-0.421832473231,-0.906673791685,-1.0497245434E-15)
  );
#6396 = ADVANCED_FACE('',(#6397),#6414,.T.);
#6397 = FACE_BOUND('',#6398,.T.);
#6398 = EDGE_LOOP('',(#6399,#6407,#6408));
#6399 = ORIENTED_EDGE('',*,*,#6400,.T.);
#6400 = EDGE_CURVE('',#6401,#6378,#6403,.T.);
#6401 = VERTEX_POINT('',#6402);
#6402 = CARTESIAN_POINT('',(4.841096371412,0.638808181509,
    28.839155387878));
#6403 = LINE('',#6404,#6405);
#6404 = CARTESIAN_POINT('',(4.841096371412,0.638808181509,
    28.839155387878));
#6405 = VECTOR('',#6406,1.);
#6406 = DIRECTION('',(3.57592343609E-02,5.415469819708E-02,
    0.997892051186));
#6407 = ORIENTED_EDGE('',*,*,#6386,.F.);
#6408 = ORIENTED_EDGE('',*,*,#6409,.T.);
#6409 = EDGE_CURVE('',#6355,#6401,#6410,.T.);
#6410 = LINE('',#6411,#6412);
#6411 = CARTESIAN_POINT('',(5.302740007639,1.394529402256,
    28.839155387878));
#6412 = VECTOR('',#6413,1.);
#6413 = DIRECTION('',(-0.521297077912,-0.853375272995,0.));
#6414 = PLANE('',#6415);
#6415 = AXIS2_PLACEMENT_3D('',#6416,#6417,#6418);
#6416 = CARTESIAN_POINT('',(5.100518274014,1.046554653848,
    32.693508029725));
#6417 = DIRECTION('',(-0.853373035044,0.521295710826,2.290182052721E-03)
  );
#6418 = DIRECTION('',(-0.521297077912,-0.853375272996,
    -1.600282406589E-16));
#6419 = ADVANCED_FACE('',(#6420),#6437,.T.);
#6420 = FACE_BOUND('',#6421,.T.);
#6421 = EDGE_LOOP('',(#6422,#6430,#6431));
#6422 = ORIENTED_EDGE('',*,*,#6423,.T.);
#6423 = EDGE_CURVE('',#6424,#6378,#6426,.T.);
#6424 = VERTEX_POINT('',#6425);
#6425 = CARTESIAN_POINT('',(4.56002098918,0.290994219854,36.967156720161
    ));
#6426 = LINE('',#6427,#6428);
#6427 = CARTESIAN_POINT('',(4.56002098918,0.290994219854,36.967156720161
    ));
#6428 = VECTOR('',#6429,1.);
#6429 = DIRECTION('',(0.587221996106,0.809425924523,0.));
#6430 = ORIENTED_EDGE('',*,*,#6400,.F.);
#6431 = ORIENTED_EDGE('',*,*,#6432,.T.);
#6432 = EDGE_CURVE('',#6401,#6424,#6433,.T.);
#6433 = LINE('',#6434,#6435);
#6434 = CARTESIAN_POINT('',(4.841096371412,0.638808181509,
    28.839155387878));
#6435 = VECTOR('',#6436,1.);
#6436 = DIRECTION('',(-3.452889886129E-02,-4.272744560243E-02,
    0.998489920097));
#6437 = PLANE('',#6438);
#6438 = AXIS2_PLACEMENT_3D('',#6439,#6440,#6441);
#6439 = CARTESIAN_POINT('',(4.843828075673,0.663502165889,
    33.132645136249));
#6440 = DIRECTION('',(-0.809422608566,0.587219590447,-2.862400733558E-03
    ));
#6441 = DIRECTION('',(-0.587221996106,-0.809425924523,
    -3.697129408176E-16));
#6442 = ADVANCED_FACE('',(#6443),#6460,.T.);
#6443 = FACE_BOUND('',#6444,.T.);
#6444 = EDGE_LOOP('',(#6445,#6453,#6454));
#6445 = ORIENTED_EDGE('',*,*,#6446,.T.);
#6446 = EDGE_CURVE('',#6447,#6424,#6449,.T.);
#6447 = VERTEX_POINT('',#6448);
#6448 = CARTESIAN_POINT('',(4.255227941275,-2.526069341693E-02,
    28.839155387878));
#6449 = LINE('',#6450,#6451);
#6450 = CARTESIAN_POINT('',(4.255227941275,-2.526069341693E-02,
    28.839155387878));
#6451 = VECTOR('',#6452,1.);
#6452 = DIRECTION('',(3.744450715878E-02,3.885262293674E-02,
    0.998543130052));
#6453 = ORIENTED_EDGE('',*,*,#6432,.F.);
#6454 = ORIENTED_EDGE('',*,*,#6455,.T.);
#6455 = EDGE_CURVE('',#6401,#6447,#6456,.T.);
#6456 = LINE('',#6457,#6458);
#6457 = CARTESIAN_POINT('',(4.841096371412,0.638808181509,
    28.839155387878));
#6458 = VECTOR('',#6459,1.);
#6459 = DIRECTION('',(-0.661574211178,-0.749879699088,0.));
#6460 = PLANE('',#6461);
#6461 = AXIS2_PLACEMENT_3D('',#6462,#6463,#6464);
#6462 = CARTESIAN_POINT('',(4.553789379644,0.29929520435,32.693497180768
    ));
#6463 = DIRECTION('',(-0.749877578058,0.661572339919,2.378440750411E-03)
  );
#6464 = DIRECTION('',(-0.661574211178,-0.749879699088,
    -9.202708040057E-16));
#6465 = ADVANCED_FACE('',(#6466),#6483,.T.);
#6466 = FACE_BOUND('',#6467,.T.);
#6467 = EDGE_LOOP('',(#6468,#6476,#6477));
#6468 = ORIENTED_EDGE('',*,*,#6469,.T.);
#6469 = EDGE_CURVE('',#6470,#6424,#6472,.T.);
#6470 = VERTEX_POINT('',#6471);
#6471 = CARTESIAN_POINT('',(3.847550472617,-0.374095325917,
    36.967156720161));
#6472 = LINE('',#6473,#6474);
#6473 = CARTESIAN_POINT('',(3.847550472617,-0.374095325917,
    36.967156720161));
#6474 = VECTOR('',#6475,1.);
#6475 = DIRECTION('',(0.73099535437,0.682382438146,0.));
#6476 = ORIENTED_EDGE('',*,*,#6446,.F.);
#6477 = ORIENTED_EDGE('',*,*,#6478,.T.);
#6478 = EDGE_CURVE('',#6447,#6470,#6479,.T.);
#6479 = LINE('',#6480,#6481);
#6480 = CARTESIAN_POINT('',(4.255227941275,-2.526069341693E-02,
    28.839155387878));
#6481 = VECTOR('',#6482,1.);
#6482 = DIRECTION('',(-5.004823249326E-02,-4.282443385099E-02,
    0.997828262924));
#6483 = PLANE('',#6484);
#6484 = AXIS2_PLACEMENT_3D('',#6485,#6486,#6487);
#6485 = CARTESIAN_POINT('',(4.22799422467,-3.392173240668E-02,
    33.13264405433));
#6486 = DIRECTION('',(-0.6823796595,0.730992377773,-2.853758733436E-03)
  );
#6487 = DIRECTION('',(0.73099535437,0.682382438146,-5.702903427274E-16)
  );
#6488 = ADVANCED_FACE('',(#6489),#6504,.T.);
#6489 = FACE_BOUND('',#6490,.T.);
#6490 = EDGE_LOOP('',(#6491,#6497,#6498));
#6491 = ORIENTED_EDGE('',*,*,#6492,.T.);
#6492 = EDGE_CURVE('',#3863,#6470,#6493,.T.);
#6493 = LINE('',#6494,#6495);
#6494 = CARTESIAN_POINT('',(3.56293848455,-0.577497094125,
    28.839155387878));
#6495 = VECTOR('',#6496,1.);
#6496 = DIRECTION('',(3.498384628432E-02,2.500167417839E-02,
    0.99907509567));
#6497 = ORIENTED_EDGE('',*,*,#6478,.F.);
#6498 = ORIENTED_EDGE('',*,*,#6499,.T.);
#6499 = EDGE_CURVE('',#6447,#3863,#6500,.T.);
#6500 = LINE('',#6501,#6502);
#6501 = CARTESIAN_POINT('',(4.255227941275,-2.526069341693E-02,
    28.839155387878));
#6502 = VECTOR('',#6503,1.);
#6503 = DIRECTION('',(-0.781746715509,-0.623596081443,0.));
#6504 = PLANE('',#6505);
#6505 = AXIS2_PLACEMENT_3D('',#6506,#6507,#6508);
#6506 = CARTESIAN_POINT('',(3.880006448659,-0.335779776366,
    32.693510114904));
#6507 = DIRECTION('',(-0.623594470656,0.78174469621,2.272909143361E-03)
  );
#6508 = DIRECTION('',(0.781746715509,0.623596081443,-1.140147004586E-15)
  );
#6509 = ADVANCED_FACE('',(#6510),#6527,.T.);
#6510 = FACE_BOUND('',#6511,.T.);
#6511 = EDGE_LOOP('',(#6512,#6520,#6521));
#6512 = ORIENTED_EDGE('',*,*,#6513,.T.);
#6513 = EDGE_CURVE('',#6514,#6470,#6516,.T.);
#6514 = VERTEX_POINT('',#6515);
#6515 = CARTESIAN_POINT('',(3.021176381409,-0.890877784789,
    36.967156720161));
#6516 = LINE('',#6517,#6518);
#6517 = CARTESIAN_POINT('',(3.021176381409,-0.890877784789,
    36.967156720161));
#6518 = VECTOR('',#6519,1.);
#6519 = DIRECTION('',(0.847860559835,0.53021926698,0.));
#6520 = ORIENTED_EDGE('',*,*,#6492,.F.);
#6521 = ORIENTED_EDGE('',*,*,#6522,.T.);
#6522 = EDGE_CURVE('',#3863,#6514,#6523,.T.);
#6523 = LINE('',#6524,#6525);
#6524 = CARTESIAN_POINT('',(3.56293848455,-0.577497094125,
    28.839155387878));
#6525 = VECTOR('',#6526,1.);
#6526 = DIRECTION('',(-6.645706142136E-02,-3.844189116774E-02,
    0.997048484273));
#6527 = PLANE('',#6528);
#6528 = AXIS2_PLACEMENT_3D('',#6529,#6530,#6531);
#6529 = CARTESIAN_POINT('',(3.494823258117,-0.606667990403,
    33.132616970059));
#6530 = DIRECTION('',(-0.530217403464,0.847857579932,-2.651266991407E-03
    ));
#6531 = DIRECTION('',(0.847860559835,0.53021926698,-7.001777629911E-16)
  );
#6532 = ADVANCED_FACE('',(#6533),#6543,.T.);
#6533 = FACE_BOUND('',#6534,.T.);
#6534 = EDGE_LOOP('',(#6535,#6541,#6542));
#6535 = ORIENTED_EDGE('',*,*,#6536,.T.);
#6536 = EDGE_CURVE('',#3701,#6514,#6537,.T.);
#6537 = LINE('',#6538,#6539);
#6538 = CARTESIAN_POINT('',(2.831440544128,-0.980693152547,
    28.839155387878));
#6539 = VECTOR('',#6540,1.);
#6540 = DIRECTION('',(2.333569866285E-02,1.104643375409E-02,
    0.999666655175));
#6541 = ORIENTED_EDGE('',*,*,#6522,.F.);
#6542 = ORIENTED_EDGE('',*,*,#3862,.F.);
#6543 = PLANE('',#6544);
#6544 = AXIS2_PLACEMENT_3D('',#6545,#6546,#6547);
#6545 = CARTESIAN_POINT('',(3.113705236958,-0.832133566914,
    32.704856977255));
#6546 = DIRECTION('',(-0.482719639573,0.875773497217,1.590956464221E-03)
  );
#6547 = DIRECTION('',(0.875774605573,0.48272025049,-9.300286235581E-16)
  );
#6548 = ADVANCED_FACE('',(#6549),#6566,.T.);
#6549 = FACE_BOUND('',#6550,.T.);
#6550 = EDGE_LOOP('',(#6551,#6559,#6560));
#6551 = ORIENTED_EDGE('',*,*,#6552,.T.);
#6552 = EDGE_CURVE('',#6553,#6514,#6555,.T.);
#6553 = VERTEX_POINT('',#6554);
#6554 = CARTESIAN_POINT('',(2.111318862438,-1.240330132842,
    36.967156720161));
#6555 = LINE('',#6556,#6557);
#6556 = CARTESIAN_POINT('',(2.111318862438,-1.240330132842,
    36.967156720161));
#6557 = VECTOR('',#6558,1.);
#6558 = DIRECTION('',(0.933514926526,0.358538536217,0.));
#6559 = ORIENTED_EDGE('',*,*,#6536,.F.);
#6560 = ORIENTED_EDGE('',*,*,#6561,.T.);
#6561 = EDGE_CURVE('',#3701,#6553,#6562,.T.);
#6562 = LINE('',#6563,#6564);
#6563 = CARTESIAN_POINT('',(2.831440544128,-0.980693152547,
    28.839155387878));
#6564 = VECTOR('',#6565,1.);
#6565 = DIRECTION('',(-8.820730071395E-02,-3.180278802828E-02,
    0.99559432239));
#6566 = PLANE('',#6567);
#6567 = AXIS2_PLACEMENT_3D('',#6568,#6569,#6570);
#6568 = CARTESIAN_POINT('',(2.690922467728,-1.025712925038,
    33.132522660701));
#6569 = DIRECTION('',(-0.358537857402,0.93351315912,-1.945908529768E-03)
  );
#6570 = DIRECTION('',(0.933514926527,0.358538536216,1.510076785838E-15)
  );
#6571 = ADVANCED_FACE('',(#6572),#6582,.T.);
#6572 = FACE_BOUND('',#6573,.T.);
#6573 = EDGE_LOOP('',(#6574,#6580,#6581));
#6574 = ORIENTED_EDGE('',*,*,#6575,.T.);
#6575 = EDGE_CURVE('',#3678,#6553,#6576,.T.);
#6576 = LINE('',#6577,#6578);
#6577 = CARTESIAN_POINT('',(2.043760569394,-1.258572853357,
    28.839155387878));
#6578 = VECTOR('',#6579,1.);
#6579 = DIRECTION('',(8.311488470052E-03,2.244345651524E-03,
    0.999962940349));
#6580 = ORIENTED_EDGE('',*,*,#6561,.F.);
#6581 = ORIENTED_EDGE('',*,*,#3709,.F.);
#6582 = PLANE('',#6583);
#6583 = AXIS2_PLACEMENT_3D('',#6584,#6585,#6586);
#6584 = CARTESIAN_POINT('',(2.28282567078,-1.176893883343,32.70496686327
    ));
#6585 = DIRECTION('',(-0.332686971356,0.943037092774,6.486467667935E-04)
  );
#6586 = DIRECTION('',(0.943037291162,0.332687041344,-1.099923103987E-16)
  );
#6587 = ADVANCED_FACE('',(#6588),#6605,.T.);
#6588 = FACE_BOUND('',#6589,.T.);
#6589 = EDGE_LOOP('',(#6590,#6598,#6599));
#6590 = ORIENTED_EDGE('',*,*,#6591,.T.);
#6591 = EDGE_CURVE('',#6592,#6553,#6594,.T.);
#6592 = VERTEX_POINT('',#6593);
#6593 = CARTESIAN_POINT('',(1.151470072567,-1.409588931501,
    36.967156720161));
#6594 = LINE('',#6595,#6596);
#6595 = CARTESIAN_POINT('',(1.151470072567,-1.409588931501,
    36.967156720161));
#6596 = VECTOR('',#6597,1.);
#6597 = DIRECTION('',(0.984805724737,0.173659680192,0.));
#6598 = ORIENTED_EDGE('',*,*,#6575,.F.);
#6599 = ORIENTED_EDGE('',*,*,#6600,.T.);
#6600 = EDGE_CURVE('',#3678,#6592,#6601,.T.);
#6601 = LINE('',#6602,#6603);
#6602 = CARTESIAN_POINT('',(2.043760569394,-1.258572853357,
    28.839155387878));
#6603 = VECTOR('',#6604,1.);
#6604 = DIRECTION('',(-0.109105618732,-1.846562605233E-02,0.99385863412)
  );
#6605 = PLANE('',#6606);
#6606 = AXIS2_PLACEMENT_3D('',#6607,#6608,#6609);
#6607 = CARTESIAN_POINT('',(1.825255570268,-1.293760539744,
    33.132365466557));
#6608 = DIRECTION('',(-0.173659629124,0.984805435136,-7.669022118971E-04
    ));
#6609 = DIRECTION('',(0.984805724737,0.173659680192,3.000529512354E-17)
  );
#6610 = ADVANCED_FACE('',(#6611),#6621,.T.);
#6611 = FACE_BOUND('',#6612,.T.);
#6612 = EDGE_LOOP('',(#6613,#6619,#6620));
#6613 = ORIENTED_EDGE('',*,*,#6614,.T.);
#6614 = EDGE_CURVE('',#3747,#6592,#6615,.T.);
#6615 = LINE('',#6616,#6617);
#6616 = CARTESIAN_POINT('',(1.221193230897,-1.403623653203,
    28.839155387878));
#6617 = VECTOR('',#6618,1.);
#6618 = DIRECTION('',(-8.577825171557E-03,-7.338897944791E-04,
    0.999962940474));
#6619 = ORIENTED_EDGE('',*,*,#6600,.F.);
#6620 = ORIENTED_EDGE('',*,*,#3746,.F.);
#6621 = PLANE('',#6622);
#6622 = AXIS2_PLACEMENT_3D('',#6623,#6624,#6625);
#6623 = CARTESIAN_POINT('',(1.404291281723,-1.368325693705,
    32.70513172177));
#6624 = DIRECTION('',(-0.173659720059,0.984805419093,-7.669124927985E-04
    ));
#6625 = DIRECTION('',(0.984805708702,0.173659771128,-2.999987411267E-16)
  );
#6626 = ADVANCED_FACE('',(#6627),#6637,.T.);
#6627 = FACE_BOUND('',#6628,.T.);
#6628 = EDGE_LOOP('',(#6629,#6635,#6636));
#6629 = ORIENTED_EDGE('',*,*,#6630,.T.);
#6630 = EDGE_CURVE('',#3793,#6592,#6631,.T.);
#6631 = LINE('',#6632,#6633);
#6632 = CARTESIAN_POINT('',(0.385975945555,-1.411924211681,
    28.839155387878));
#6633 = VECTOR('',#6634,1.);
#6634 = DIRECTION('',(9.376494600183E-02,2.860471586231E-04,
    0.995594321538));
#6635 = ORIENTED_EDGE('',*,*,#6614,.F.);
#6636 = ORIENTED_EDGE('',*,*,#3792,.F.);
#6637 = PLANE('',#6638);
#6638 = AXIS2_PLACEMENT_3D('',#6639,#6640,#6641);
#6639 = CARTESIAN_POINT('',(0.968609845181,-1.408641497226,
    32.704966871137));
#6640 = DIRECTION('',(-9.937709615682E-03,0.999950409371,
    6.486335027846E-04));
#6641 = DIRECTION('',(0.999950619724,9.937711706206E-03,
    8.470329472543E-22));
#6642 = ADVANCED_FACE('',(#6643),#6660,.T.);
#6643 = FACE_BOUND('',#6644,.T.);
#6644 = EDGE_LOOP('',(#6645,#6653,#6654));
#6645 = ORIENTED_EDGE('',*,*,#6646,.T.);
#6646 = EDGE_CURVE('',#6647,#6592,#6649,.T.);
#6647 = VERTEX_POINT('',#6648);
#6648 = CARTESIAN_POINT('',(0.176963342633,-1.392423770577,
    36.967156720161));
#6649 = LINE('',#6650,#6651);
#6650 = CARTESIAN_POINT('',(0.176963342633,-1.392423770577,
    36.967156720161));
#6651 = VECTOR('',#6652,1.);
#6652 = DIRECTION('',(0.999844905987,-1.761147274135E-02,0.));
#6653 = ORIENTED_EDGE('',*,*,#6630,.F.);
#6654 = ORIENTED_EDGE('',*,*,#6655,.T.);
#6655 = EDGE_CURVE('',#3793,#6647,#6656,.T.);
#6656 = LINE('',#6657,#6658);
#6657 = CARTESIAN_POINT('',(0.385975945555,-1.411924211681,
    28.839155387878));
#6658 = VECTOR('',#6659,1.);
#6659 = DIRECTION('',(-2.570655700407E-02,2.398368298571E-03,
    0.999666654819));
#6660 = PLANE('',#6661);
#6661 = AXIS2_PLACEMENT_3D('',#6662,#6663,#6664);
#6662 = CARTESIAN_POINT('',(0.53341726994,-1.406165451003,
    33.132522701697));
#6663 = DIRECTION('',(1.761143939779E-02,0.999843012994,
    -1.945910975157E-03));
#6664 = DIRECTION('',(0.999844905987,-1.761147274135E-02,
    9.994988777601E-18));
#6665 = ADVANCED_FACE('',(#6666),#6676,.T.);
#6666 = FACE_BOUND('',#6667,.T.);
#6667 = EDGE_LOOP('',(#6668,#6674,#6675));
#6668 = ORIENTED_EDGE('',*,*,#6669,.T.);
#6669 = EDGE_CURVE('',#3816,#6647,#6670,.T.);
#6670 = LINE('',#6671,#6672);
#6671 = CARTESIAN_POINT('',(-0.439311667904,-1.283250368387,
    28.839155387878));
#6672 = VECTOR('',#6673,1.);
#6673 = DIRECTION('',(7.559743651985E-02,-1.339212072632E-02,
    0.997048483623));
#6674 = ORIENTED_EDGE('',*,*,#6655,.F.);
#6675 = ORIENTED_EDGE('',*,*,#3815,.F.);
#6676 = PLANE('',#6677);
#6677 = AXIS2_PLACEMENT_3D('',#6678,#6679,#6680);
#6678 = CARTESIAN_POINT('',(6.992240674955E-02,-1.368871530817,
    32.704856936186));
#6679 = DIRECTION('',(0.154052541945,0.988061376221,1.59095570678E-03));
#6680 = DIRECTION('',(0.988062626684,-0.15405273691,6.099721422403E-16)
  );
#6681 = ADVANCED_FACE('',(#6682),#6699,.T.);
#6682 = FACE_BOUND('',#6683,.T.);
#6683 = EDGE_LOOP('',(#6684,#6692,#6693));
#6684 = ORIENTED_EDGE('',*,*,#6685,.T.);
#6685 = EDGE_CURVE('',#6686,#6647,#6688,.T.);
#6686 = VERTEX_POINT('',#6687);
#6687 = CARTESIAN_POINT('',(-0.776328980178,-1.189466159791,
    36.967156720161));
#6688 = LINE('',#6689,#6690);
#6689 = CARTESIAN_POINT('',(-0.776328980178,-1.189466159791,
    36.967156720161));
#6690 = VECTOR('',#6691,1.);
#6691 = DIRECTION('',(0.978078884432,-0.208234713314,0.));
#6692 = ORIENTED_EDGE('',*,*,#6669,.F.);
#6693 = ORIENTED_EDGE('',*,*,#6694,.T.);
#6694 = EDGE_CURVE('',#3816,#6686,#6695,.T.);
#6695 = LINE('',#6696,#6697);
#6696 = CARTESIAN_POINT('',(-0.439311667904,-1.283250368387,
    28.839155387878));
#6697 = VECTOR('',#6698,1.);
#6698 = DIRECTION('',(-4.142538737794E-02,1.152773768447E-02,
    0.999075096549));
#6699 = PLANE('',#6700);
#6700 = AXIS2_PLACEMENT_3D('',#6701,#6702,#6703);
#6701 = CARTESIAN_POINT('',(-0.365327091939,-1.287363498085,
    33.132616946847));
#6702 = DIRECTION('',(0.208233981444,0.978075446838,-2.651276014546E-03)
  );
#6703 = DIRECTION('',(0.978078884432,-0.208234713314,-5.101171221544E-16
    ));
#6704 = ADVANCED_FACE('',(#6705),#6722,.T.);
#6705 = FACE_BOUND('',#6706,.T.);
#6706 = EDGE_LOOP('',(#6707,#6715,#6716));
#6707 = ORIENTED_EDGE('',*,*,#6708,.T.);
#6708 = EDGE_CURVE('',#6709,#6686,#6711,.T.);
#6709 = VERTEX_POINT('',#6710);
#6710 = CARTESIAN_POINT('',(-1.278733569384,-1.001114647835,
    28.839155387878));
#6711 = LINE('',#6712,#6713);
#6712 = CARTESIAN_POINT('',(-1.278733569384,-1.001114647835,
    28.839155387878));
#6713 = VECTOR('',#6714,1.);
#6714 = DIRECTION('',(6.167733954436E-02,-2.312283845759E-02,
    0.997828261841));
#6715 = ORIENTED_EDGE('',*,*,#6694,.F.);
#6716 = ORIENTED_EDGE('',*,*,#6717,.T.);
#6717 = EDGE_CURVE('',#3816,#6709,#6718,.T.);
#6718 = LINE('',#6719,#6720);
#6719 = CARTESIAN_POINT('',(-0.439311667904,-1.283250368387,
    28.839155387878));
#6720 = VECTOR('',#6721,1.);
#6721 = DIRECTION('',(-0.947891557566,0.318593149794,0.));
#6722 = PLANE('',#6723);
#6723 = AXIS2_PLACEMENT_3D('',#6724,#6725,#6726);
#6724 = CARTESIAN_POINT('',(-0.819932991527,-1.164562976023,
    32.69351012008));
#6725 = DIRECTION('',(0.318592326858,0.947889109133,2.272895760803E-03)
  );
#6726 = DIRECTION('',(0.947891557566,-0.318593149794,2.39933940771E-16)
  );
#6727 = ADVANCED_FACE('',(#6728),#6745,.T.);
#6728 = FACE_BOUND('',#6729,.T.);
#6729 = EDGE_LOOP('',(#6730,#6738,#6739));
#6730 = ORIENTED_EDGE('',*,*,#6731,.T.);
#6731 = EDGE_CURVE('',#6732,#6686,#6734,.T.);
#6732 = VERTEX_POINT('',#6733);
#6733 = CARTESIAN_POINT('',(-1.673315490782,-0.808186914027,
    36.967156720161));
#6734 = LINE('',#6735,#6736);
#6735 = CARTESIAN_POINT('',(-1.673315490782,-0.808186914027,
    36.967156720161));
#6736 = VECTOR('',#6737,1.);
#6737 = DIRECTION('',(0.920308764517,-0.391192763165,0.));
#6738 = ORIENTED_EDGE('',*,*,#6708,.F.);
#6739 = ORIENTED_EDGE('',*,*,#6740,.T.);
#6740 = EDGE_CURVE('',#6709,#6732,#6741,.T.);
#6741 = LINE('',#6742,#6743);
#6742 = CARTESIAN_POINT('',(-1.278733569384,-1.001114647835,
    28.839155387878));
#6743 = VECTOR('',#6744,1.);
#6744 = DIRECTION('',(-4.847527093758E-02,2.370160329344E-02,
    0.998543129819));
#6745 = PLANE('',#6746);
#6746 = AXIS2_PLACEMENT_3D('',#6747,#6748,#6749);
#6747 = CARTESIAN_POINT('',(-1.250179991565,-0.99993819433,
    33.132644090952));
#6748 = DIRECTION('',(0.391191170231,0.920305017027,-2.853764020897E-03)
  );
#6749 = DIRECTION('',(0.920308764517,-0.391192763165,-4.399692415946E-16
    ));
#6750 = ADVANCED_FACE('',(#6751),#6768,.T.);
#6751 = FACE_BOUND('',#6752,.T.);
#6752 = EDGE_LOOP('',(#6753,#6761,#6762));
#6753 = ORIENTED_EDGE('',*,*,#6754,.T.);
#6754 = EDGE_CURVE('',#6755,#6732,#6757,.T.);
#6755 = VERTEX_POINT('',#6756);
#6756 = CARTESIAN_POINT('',(-2.056404578686,-0.577491132915,
    28.839155387878));
#6757 = LINE('',#6758,#6759);
#6758 = CARTESIAN_POINT('',(-2.056404578686,-0.577491132915,
    28.839155387878));
#6759 = VECTOR('',#6760,1.);
#6760 = DIRECTION('',(4.706084282072E-02,-2.833998210107E-02,
    0.998489921075));
#6761 = ORIENTED_EDGE('',*,*,#6740,.F.);
#6762 = ORIENTED_EDGE('',*,*,#6763,.T.);
#6763 = EDGE_CURVE('',#6709,#6755,#6764,.T.);
#6764 = LINE('',#6765,#6766);
#6765 = CARTESIAN_POINT('',(-1.278733569384,-1.001114647835,
    28.839155387878));
#6766 = VECTOR('',#6767,1.);
#6767 = DIRECTION('',(-0.878161590489,0.47836410922,0.));
#6768 = PLANE('',#6769);
#6769 = AXIS2_PLACEMENT_3D('',#6770,#6771,#6772);
#6770 = CARTESIAN_POINT('',(-1.670298968484,-0.798255119485,
    32.693497206934));
#6771 = DIRECTION('',(0.478362756159,0.878159106594,2.378450531902E-03)
  );
#6772 = DIRECTION('',(0.878161590489,-0.47836410922,-4.987329993433E-17)
  );
#6773 = ADVANCED_FACE('',(#6774),#6791,.T.);
#6774 = FACE_BOUND('',#6775,.T.);
#6775 = EDGE_LOOP('',(#6776,#6784,#6785));
#6776 = ORIENTED_EDGE('',*,*,#6777,.T.);
#6777 = EDGE_CURVE('',#6778,#6732,#6780,.T.);
#6778 = VERTEX_POINT('',#6779);
#6779 = CARTESIAN_POINT('',(-2.480976682901,-0.262621937692,
    36.967156720161));
#6780 = LINE('',#6781,#6782);
#6781 = CARTESIAN_POINT('',(-2.480976682901,-0.262621937692,
    36.967156720161));
#6782 = VECTOR('',#6783,1.);
#6783 = DIRECTION('',(0.828661328279,-0.559750304166,0.));
#6784 = ORIENTED_EDGE('',*,*,#6754,.F.);
#6785 = ORIENTED_EDGE('',*,*,#6786,.T.);
#6786 = EDGE_CURVE('',#6755,#6778,#6787,.T.);
#6787 = LINE('',#6788,#6789);
#6788 = CARTESIAN_POINT('',(-2.056404578686,-0.577491132915,
    28.839155387878));
#6789 = VECTOR('',#6790,1.);
#6790 = DIRECTION('',(-5.212562228971E-02,3.865716230032E-02,
    0.997892049925));
#6791 = PLANE('',#6792);
#6792 = AXIS2_PLACEMENT_3D('',#6793,#6794,#6795);
#6793 = CARTESIAN_POINT('',(-2.067418010854,-0.555220947699,
    33.132645142032));
#6794 = DIRECTION('',(0.559748011076,0.828657933559,-2.862384590111E-03)
  );
#6795 = DIRECTION('',(0.828661328279,-0.559750304167,1.569924745759E-15)
  );
#6796 = ADVANCED_FACE('',(#6797),#6814,.T.);
#6797 = FACE_BOUND('',#6798,.T.);
#6798 = EDGE_LOOP('',(#6799,#6807,#6808));
#6799 = ORIENTED_EDGE('',*,*,#6800,.T.);
#6800 = EDGE_CURVE('',#6801,#6778,#6803,.T.);
#6801 = VERTEX_POINT('',#6802);
#6802 = CARTESIAN_POINT('',(-2.748692710698,-2.525320642162E-02,
    28.839155387878));
#6803 = LINE('',#6804,#6805);
#6804 = CARTESIAN_POINT('',(-2.748692710698,-2.525320642162E-02,
    28.839155387878));
#6805 = VECTOR('',#6806,1.);
#6806 = DIRECTION('',(3.290563213458E-02,-2.917557165231E-02,
    0.999032534702));
#6807 = ORIENTED_EDGE('',*,*,#6786,.F.);
#6808 = ORIENTED_EDGE('',*,*,#6809,.T.);
#6809 = EDGE_CURVE('',#6755,#6801,#6810,.T.);
#6810 = LINE('',#6811,#6812);
#6811 = CARTESIAN_POINT('',(-2.056404578686,-0.577491132915,
    28.839155387878));
#6812 = VECTOR('',#6813,1.);
#6813 = DIRECTION('',(-0.78174529387,0.623597863621,0.));
#6814 = PLANE('',#6815);
#6815 = AXIS2_PLACEMENT_3D('',#6816,#6817,#6818);
#6816 = CARTESIAN_POINT('',(-2.439645999282,-0.283071331452,
    32.69350800766));
#6817 = DIRECTION('',(0.623596228237,0.781743243745,2.290193617558E-03)
  );
#6818 = DIRECTION('',(0.78174529387,-0.623597863621,4.000706016472E-16)
  );
#6819 = ADVANCED_FACE('',(#6820),#6837,.T.);
#6820 = FACE_BOUND('',#6821,.T.);
#6821 = EDGE_LOOP('',(#6822,#6830,#6831));
#6822 = ORIENTED_EDGE('',*,*,#6823,.T.);
#6823 = EDGE_CURVE('',#6824,#6778,#6826,.T.);
#6824 = VERTEX_POINT('',#6825);
#6825 = CARTESIAN_POINT('',(-3.169582301378,0.427146589756,
    36.967156720161));
#6826 = LINE('',#6827,#6828);
#6827 = CARTESIAN_POINT('',(-3.169582301378,0.427146589756,
    36.967156720161));
#6828 = VECTOR('',#6829,1.);
#6829 = DIRECTION('',(0.706509956726,-0.70770310233,0.));
#6830 = ORIENTED_EDGE('',*,*,#6800,.F.);
#6831 = ORIENTED_EDGE('',*,*,#6832,.T.);
#6832 = EDGE_CURVE('',#6801,#6824,#6833,.T.);
#6833 = LINE('',#6834,#6835);
#6834 = CARTESIAN_POINT('',(-2.748692710698,-2.525320642162E-02,
    28.839155387878));
#6835 = VECTOR('',#6836,1.);
#6836 = DIRECTION('',(-5.163367626745E-02,5.549926901619E-02,
    0.997122758046));
#6837 = PLANE('',#6838);
#6838 = AXIS2_PLACEMENT_3D('',#6839,#6840,#6841);
#6839 = CARTESIAN_POINT('',(-2.789303651536,3.169553252487E-02,
    33.132620442785));
#6840 = DIRECTION('',(0.707700566193,0.706507424865,-2.677166561319E-03)
  );
#6841 = DIRECTION('',(-0.706509956726,0.70770310233,4.202367620554E-16)
  );
#6842 = ADVANCED_FACE('',(#6843),#6860,.T.);
#6843 = FACE_BOUND('',#6844,.T.);
#6844 = EDGE_LOOP('',(#6845,#6853,#6854));
#6845 = ORIENTED_EDGE('',*,*,#6846,.T.);
#6846 = EDGE_CURVE('',#6847,#6824,#6849,.T.);
#6847 = VERTEX_POINT('',#6848);
#6848 = CARTESIAN_POINT('',(-3.334559816122,0.638816792145,
    28.839155387878));
#6849 = LINE('',#6850,#6851);
#6850 = CARTESIAN_POINT('',(-3.334559816122,0.638816792145,
    28.839155387878));
#6851 = VECTOR('',#6852,1.);
#6852 = DIRECTION('',(2.028637227878E-02,-2.602791375942E-02,
    0.999455357085));
#6853 = ORIENTED_EDGE('',*,*,#6832,.F.);
#6854 = ORIENTED_EDGE('',*,*,#6855,.T.);
#6855 = EDGE_CURVE('',#6801,#6847,#6856,.T.);
#6856 = LINE('',#6857,#6858);
#6857 = CARTESIAN_POINT('',(-2.748692710698,-2.525320642162E-02,
    28.839155387878));
#6858 = VECTOR('',#6859,1.);
#6859 = DIRECTION('',(-0.661572740535,0.749880996546,0.));
#6860 = PLANE('',#6861);
#6861 = AXIS2_PLACEMENT_3D('',#6862,#6863,#6864);
#6862 = CARTESIAN_POINT('',(-3.102142128856,0.363676145559,
    32.693542757553));
#6863 = DIRECTION('',(0.749879484636,0.661571406672,2.008082817098E-03)
  );
#6864 = DIRECTION('',(-0.661572740535,0.749880996546,1.50053580672E-16)
  );
#6865 = ADVANCED_FACE('',(#6866),#6883,.T.);
#6866 = FACE_BOUND('',#6867,.T.);
#6867 = EDGE_LOOP('',(#6868,#6876,#6877));
#6868 = ORIENTED_EDGE('',*,*,#6869,.T.);
#6869 = EDGE_CURVE('',#6870,#6824,#6872,.T.);
#6870 = VERTEX_POINT('',#6871);
#6871 = CARTESIAN_POINT('',(-3.713783580065,1.235727322102,
    36.967156720161));
#6872 = LINE('',#6873,#6874);
#6873 = CARTESIAN_POINT('',(-3.713783580065,1.235727322102,
    36.967156720161));
#6874 = VECTOR('',#6875,1.);
#6875 = DIRECTION('',(0.558351122985,-0.829604739296,0.));
#6876 = ORIENTED_EDGE('',*,*,#6846,.F.);
#6877 = ORIENTED_EDGE('',*,*,#6878,.T.);
#6878 = EDGE_CURVE('',#6847,#6870,#6879,.T.);
#6879 = LINE('',#6880,#6881);
#6880 = CARTESIAN_POINT('',(-3.334559816122,0.638816792145,
    28.839155387878));
#6881 = VECTOR('',#6882,1.);
#6882 = DIRECTION('',(-4.648085915933E-02,7.316238303518E-02,
    0.996236315058));
#6883 = PLANE('',#6884);
#6884 = AXIS2_PLACEMENT_3D('',#6885,#6886,#6887);
#6885 = CARTESIAN_POINT('',(-3.391352000402,0.740871251362,
    33.13256973611));
#6886 = DIRECTION('',(0.829602548419,0.558349648453,-2.298201342189E-03)
  );
#6887 = DIRECTION('',(-0.558351122985,0.829604739296,-2.298508605669E-16
    ));
#6888 = ADVANCED_FACE('',(#6889),#6906,.T.);
#6889 = FACE_BOUND('',#6890,.T.);
#6890 = EDGE_LOOP('',(#6891,#6899,#6900));
#6891 = ORIENTED_EDGE('',*,*,#6892,.T.);
#6892 = EDGE_CURVE('',#6893,#6870,#6895,.T.);
#6893 = VERTEX_POINT('',#6894);
#6894 = CARTESIAN_POINT('',(-3.796201938391,1.394538864493,
    28.839155387878));
#6895 = LINE('',#6896,#6897);
#6896 = CARTESIAN_POINT('',(-3.796201938391,1.394538864493,
    28.839155387878));
#6897 = VECTOR('',#6898,1.);
#6898 = DIRECTION('',(1.013759629425E-02,-1.953408604996E-02,
    0.99975779498));
#6899 = ORIENTED_EDGE('',*,*,#6878,.F.);
#6900 = ORIENTED_EDGE('',*,*,#6901,.T.);
#6901 = EDGE_CURVE('',#6847,#6893,#6902,.T.);
#6902 = LINE('',#6903,#6904);
#6903 = CARTESIAN_POINT('',(-3.334559816122,0.638816792145,
    28.839155387878));
#6904 = VECTOR('',#6905,1.);
#6905 = DIRECTION('',(-0.521295405103,0.853376294854,0.));
#6906 = PLANE('',#6907);
#6907 = AXIS2_PLACEMENT_3D('',#6908,#6909,#6910);
#6908 = CARTESIAN_POINT('',(-3.635563017749,1.120238939146,
    32.693601246874));
#6909 = DIRECTION('',(0.853375293126,0.521294793185,1.53221424826E-03));
#6910 = DIRECTION('',(-0.521295405103,0.853376294854,1.700029006457E-16)
  );
#6911 = ADVANCED_FACE('',(#6912),#6929,.T.);
#6912 = FACE_BOUND('',#6913,.T.);
#6913 = EDGE_LOOP('',(#6914,#6922,#6923));
#6914 = ORIENTED_EDGE('',*,*,#6915,.T.);
#6915 = EDGE_CURVE('',#6916,#6870,#6918,.T.);
#6916 = VERTEX_POINT('',#6917);
#6917 = CARTESIAN_POINT('',(-4.093548583984,2.133355656266,
    36.967156720161));
#6918 = LINE('',#6919,#6920);
#6919 = CARTESIAN_POINT('',(-4.093548583984,2.133355656266,
    36.967156720161));
#6920 = VECTOR('',#6921,1.);
#6921 = DIRECTION('',(0.389639268746,-0.920967556568,0.));
#6922 = ORIENTED_EDGE('',*,*,#6892,.F.);
#6923 = ORIENTED_EDGE('',*,*,#6924,.T.);
#6924 = EDGE_CURVE('',#6893,#6916,#6925,.T.);
#6925 = LINE('',#6926,#6927);
#6926 = CARTESIAN_POINT('',(-3.796201938391,1.394538864493,
    28.839155387878));
#6927 = VECTOR('',#6928,1.);
#6928 = DIRECTION('',(-3.640863973059E-02,9.046449589119E-02,
    0.995233935282));
#6929 = PLANE('',#6930);
#6930 = AXIS2_PLACEMENT_3D('',#6931,#6932,#6933);
#6931 = CARTESIAN_POINT('',(-3.853169326625,1.548202954904,
    33.132493294221));
#6932 = DIRECTION('',(0.920966185441,0.389638688655,-1.725565656738E-03)
  );
#6933 = DIRECTION('',(-0.389639268746,0.920967556568,-1.199127602769E-16
    ));
#6934 = ADVANCED_FACE('',(#6935),#6952,.T.);
#6935 = FACE_BOUND('',#6936,.T.);
#6936 = EDGE_LOOP('',(#6937,#6945,#6946));
#6937 = ORIENTED_EDGE('',*,*,#6938,.T.);
#6938 = EDGE_CURVE('',#6939,#6916,#6941,.T.);
#6939 = VERTEX_POINT('',#6940);
#6940 = CARTESIAN_POINT('',(-4.119590553641,2.218947270513,
    28.839155387878));
#6941 = LINE('',#6942,#6943);
#6942 = CARTESIAN_POINT('',(-4.119590553641,2.218947270513,
    28.839155387878));
#6943 = VECTOR('',#6944,1.);
#6944 = DIRECTION('',(3.203787888734E-03,-1.052982476794E-02,
    0.999939427432));
#6945 = ORIENTED_EDGE('',*,*,#6924,.F.);
#6946 = ORIENTED_EDGE('',*,*,#6947,.T.);
#6947 = EDGE_CURVE('',#6893,#6939,#6948,.T.);
#6948 = LINE('',#6949,#6950);
#6949 = CARTESIAN_POINT('',(-3.796201938391,1.394538864493,
    28.839155387878));
#6950 = VECTOR('',#6951,1.);
#6951 = DIRECTION('',(-0.36517678634,0.9309381906,0.));
#6952 = PLANE('',#6953);
#6953 = AXIS2_PLACEMENT_3D('',#6954,#6955,#6956);
#6954 = CARTESIAN_POINT('',(-4.022045575329,1.961170967552,
    32.693683445703));
#6955 = DIRECTION('',(0.930937844117,0.365176650426,8.627710084424E-04)
  );
#6956 = DIRECTION('',(-0.36517678634,0.9309381906,-1.002887009549E-17));
#6957 = ADVANCED_FACE('',(#6958),#6973,.T.);
#6958 = FACE_BOUND('',#6959,.T.);
#6959 = EDGE_LOOP('',(#6960,#6966,#6967));
#6960 = ORIENTED_EDGE('',*,*,#6961,.T.);
#6961 = EDGE_CURVE('',#6130,#6916,#6962,.T.);
#6962 = LINE('',#6963,#6964);
#6963 = CARTESIAN_POINT('',(-4.294897803664,3.086989080906,
    36.967156720161));
#6964 = VECTOR('',#6965,1.);
#6965 = DIRECTION('',(0.206584483677,-0.978428766495,0.));
#6966 = ORIENTED_EDGE('',*,*,#6938,.F.);
#6967 = ORIENTED_EDGE('',*,*,#6968,.T.);
#6968 = EDGE_CURVE('',#6939,#6130,#6969,.T.);
#6969 = LINE('',#6970,#6971);
#6970 = CARTESIAN_POINT('',(-4.119590553641,2.218947270513,
    28.839155387878));
#6971 = VECTOR('',#6972,1.);
#6972 = DIRECTION('',(-2.144142304936E-02,0.106168180031,0.99411698654)
  );
#6973 = PLANE('',#6974);
#6974 = AXIS2_PLACEMENT_3D('',#6975,#6976,#6977);
#6975 = CARTESIAN_POINT('',(-4.159150436893,2.426250453388,
    33.132391121544));
#6976 = DIRECTION('',(0.978428316163,0.206584388594,-9.594374932207E-04)
  );
#6977 = DIRECTION('',(-0.206584483677,0.978428766495,-3.200022712091E-16
    ));
#6978 = ADVANCED_FACE('',(#6979),#6989,.T.);
#6979 = FACE_BOUND('',#6980,.T.);
#6980 = EDGE_LOOP('',(#6981,#6982,#6983));
#6981 = ORIENTED_EDGE('',*,*,#6129,.F.);
#6982 = ORIENTED_EDGE('',*,*,#6968,.F.);
#6983 = ORIENTED_EDGE('',*,*,#6984,.T.);
#6984 = EDGE_CURVE('',#6939,#6132,#6985,.T.);
#6985 = LINE('',#6986,#6987);
#6986 = CARTESIAN_POINT('',(-4.119590553641,2.218947270513,
    28.839155387878));
#6987 = VECTOR('',#6988,1.);
#6988 = DIRECTION('',(-0.19796042076,0.980210014136,0.));
#6989 = PLANE('',#6990);
#6990 = AXIS2_PLACEMENT_3D('',#6991,#6992,#6993);
#6991 = CARTESIAN_POINT('',(-4.248690511414,2.858191574739,
    32.693789289684));
#6992 = DIRECTION('',(0.980210014136,0.19796042076,0.));
#6993 = DIRECTION('',(-0.19796042076,0.980210014136,0.));
#6994 = ADVANCED_FACE('',(#6995),#7010,.T.);
#6995 = FACE_BOUND('',#6996,.T.);
#6996 = EDGE_LOOP('',(#6997,#7003,#7004));
#6997 = ORIENTED_EDGE('',*,*,#6998,.T.);
#6998 = EDGE_CURVE('',#1208,#6210,#6999,.T.);
#6999 = LINE('',#7000,#7001);
#7000 = CARTESIAN_POINT('',(3.022551622987,15.892151629925,
    28.839155387878));
#7001 = VECTOR('',#7002,1.);
#7002 = DIRECTION('',(0.234870630475,-0.972026639008,0.));
#7003 = ORIENTED_EDGE('',*,*,#6207,.F.);
#7004 = ORIENTED_EDGE('',*,*,#7005,.T.);
#7005 = EDGE_CURVE('',#6208,#1208,#7006,.T.);
#7006 = LINE('',#7007,#7008);
#7007 = CARTESIAN_POINT('',(5.691166743636,4.847922807932,
    36.967156720161));
#7008 = VECTOR('',#7009,1.);
#7009 = DIRECTION('',(-0.191024703144,0.790567555379,-0.581818273322));
#7010 = PLANE('',#7011);
#7011 = AXIS2_PLACEMENT_3D('',#7012,#7013,#7014);
#7012 = CARTESIAN_POINT('',(4.680984480446,9.028624618493,
    31.523139759606));
#7013 = DIRECTION('',(-0.972026639008,-0.234870630475,-0.));
#7014 = DIRECTION('',(0.234870630475,-0.972026639008,0.));
#7015 = ADVANCED_FACE('',(#7016),#7031,.T.);
#7016 = FACE_BOUND('',#7017,.T.);
#7017 = EDGE_LOOP('',(#7018,#7024,#7025));
#7018 = ORIENTED_EDGE('',*,*,#7019,.T.);
#7019 = EDGE_CURVE('',#5919,#1208,#7020,.T.);
#7020 = LINE('',#7021,#7022);
#7021 = CARTESIAN_POINT('',(0.927926134318,24.560890305042,
    36.967156720161));
#7022 = VECTOR('',#7023,1.);
#7023 = DIRECTION('',(0.173591057662,-0.718417456177,-0.673604114714));
#7024 = ORIENTED_EDGE('',*,*,#7005,.F.);
#7025 = ORIENTED_EDGE('',*,*,#7026,.T.);
#7026 = EDGE_CURVE('',#6208,#5919,#7027,.T.);
#7027 = LINE('',#7028,#7029);
#7028 = CARTESIAN_POINT('',(5.691166743636,4.847922807932,
    36.967156720161));
#7029 = VECTOR('',#7030,1.);
#7030 = DIRECTION('',(-0.234870613972,0.972026642995,0.));
#7031 = PLANE('',#7032);
#7032 = AXIS2_PLACEMENT_3D('',#7033,#7034,#7035);
#7033 = CARTESIAN_POINT('',(3.277821854599,14.835700491103,
    34.682622855991));
#7034 = DIRECTION('',(-0.972026642995,-0.234870613972,2.373323083E-08));
#7035 = DIRECTION('',(0.234870613972,-0.972026642995,8.27180612553E-25)
  );
#7036 = ADVANCED_FACE('',(#7037),#7047,.T.);
#7037 = FACE_BOUND('',#7038,.T.);
#7038 = EDGE_LOOP('',(#7039,#7045,#7046));
#7039 = ORIENTED_EDGE('',*,*,#7040,.T.);
#7040 = EDGE_CURVE('',#1006,#1208,#7041,.T.);
#7041 = LINE('',#7042,#7043);
#7042 = CARTESIAN_POINT('',(0.927926134318,24.560890305042,
    17.917155206203));
#7043 = VECTOR('',#7044,1.);
#7044 = DIRECTION('',(0.14854955445,-0.614781627934,0.774581551438));
#7045 = ORIENTED_EDGE('',*,*,#7019,.F.);
#7046 = ORIENTED_EDGE('',*,*,#5941,.F.);
#7047 = PLANE('',#7048);
#7048 = AXIS2_PLACEMENT_3D('',#7049,#7050,#7051);
#7049 = CARTESIAN_POINT('',(1.534003739995,22.052600203123,
    27.632135620437));
#7050 = DIRECTION('',(-0.972026648075,-0.234870592947,-0.));
#7051 = DIRECTION('',(0.234870592947,-0.972026648075,0.));
#7052 = ADVANCED_FACE('',(#7053),#7058,.T.);
#7053 = FACE_BOUND('',#7054,.T.);
#7054 = EDGE_LOOP('',(#7055,#7056,#7057));
#7055 = ORIENTED_EDGE('',*,*,#7040,.F.);
#7056 = ORIENTED_EDGE('',*,*,#1051,.F.);
#7057 = ORIENTED_EDGE('',*,*,#1215,.F.);
#7058 = PLANE('',#7059);
#7059 = AXIS2_PLACEMENT_3D('',#7060,#7061,#7062);
#7060 = CARTESIAN_POINT('',(2.312260229909,18.831737013128,
    21.943231720494));
#7061 = DIRECTION('',(-0.972026648075,-0.234870592947,-0.));
#7062 = DIRECTION('',(0.234870592947,-0.972026648075,0.));
#7063 = ADVANCED_FACE('',(#7064),#7090,.T.);
#7064 = FACE_BOUND('',#7065,.T.);
#7065 = EDGE_LOOP('',(#7066,#7076,#7084));
#7066 = ORIENTED_EDGE('',*,*,#7067,.T.);
#7067 = EDGE_CURVE('',#7068,#7070,#7072,.T.);
#7068 = VERTEX_POINT('',#7069);
#7069 = CARTESIAN_POINT('',(-6.907621002197,7.641158622503,
    36.967156720161));
#7070 = VERTEX_POINT('',#7071);
#7071 = CARTESIAN_POINT('',(-6.211132961512,8.761399716139,
    36.967156720161));
#7072 = LINE('',#7073,#7074);
#7073 = CARTESIAN_POINT('',(-6.907621002197,7.641158622503,
    36.967156720161));
#7074 = VECTOR('',#7075,1.);
#7075 = DIRECTION('',(0.528000804687,0.849243869716,0.));
#7076 = ORIENTED_EDGE('',*,*,#7077,.T.);
#7077 = EDGE_CURVE('',#7070,#7078,#7080,.T.);
#7078 = VERTEX_POINT('',#7079);
#7079 = CARTESIAN_POINT('',(-6.211132961512,8.761399716139,
    28.839155387878));
#7080 = LINE('',#7081,#7082);
#7081 = CARTESIAN_POINT('',(-6.211132961512,8.761399716139,
    36.967156720161));
#7082 = VECTOR('',#7083,1.);
#7083 = DIRECTION('',(0.,0.,-1.));
#7084 = ORIENTED_EDGE('',*,*,#7085,.T.);
#7085 = EDGE_CURVE('',#7078,#7068,#7086,.T.);
#7086 = LINE('',#7087,#7088);
#7087 = CARTESIAN_POINT('',(-6.211132961512,8.761399716139,
    28.839155387878));
#7088 = VECTOR('',#7089,1.);
#7089 = DIRECTION('',(-8.458329366644E-02,-0.136044951047,0.987085324441
    ));
#7090 = PLANE('',#7091);
#7091 = AXIS2_PLACEMENT_3D('',#7092,#7093,#7094);
#7092 = CARTESIAN_POINT('',(-6.399292387491,8.458761467061,
    33.206346111578));
#7093 = DIRECTION('',(-0.849243869716,0.528000804687,0.));
#7094 = DIRECTION('',(-0.528000804687,-0.849243869716,0.));
#7095 = ADVANCED_FACE('',(#7096),#7113,.T.);
#7096 = FACE_BOUND('',#7097,.T.);
#7097 = EDGE_LOOP('',(#7098,#7106,#7107));
#7098 = ORIENTED_EDGE('',*,*,#7099,.T.);
#7099 = EDGE_CURVE('',#7100,#7068,#7102,.T.);
#7100 = VERTEX_POINT('',#7101);
#7101 = CARTESIAN_POINT('',(-6.907621002197,7.641158622503,
    28.839155387878));
#7102 = LINE('',#7103,#7104);
#7103 = CARTESIAN_POINT('',(-6.907621002197,7.641158622503,
    28.839155387878));
#7104 = VECTOR('',#7105,1.);
#7105 = DIRECTION('',(0.,0.,1.));
#7106 = ORIENTED_EDGE('',*,*,#7085,.F.);
#7107 = ORIENTED_EDGE('',*,*,#7108,.T.);
#7108 = EDGE_CURVE('',#7078,#7100,#7109,.T.);
#7109 = LINE('',#7110,#7111);
#7110 = CARTESIAN_POINT('',(-6.211132961512,8.761399716139,
    28.839155387878));
#7111 = VECTOR('',#7112,1.);
#7112 = DIRECTION('',(-0.528000804687,-0.849243869716,0.));
#7113 = PLANE('',#7114);
#7114 = AXIS2_PLACEMENT_3D('',#7115,#7116,#7117);
#7115 = CARTESIAN_POINT('',(-6.719461576218,7.943796871581,
    32.599965996461));
#7116 = DIRECTION('',(-0.849243869716,0.528000804687,0.));
#7117 = DIRECTION('',(-0.528000804687,-0.849243869716,0.));
#7118 = ADVANCED_FACE('',(#7119),#7136,.T.);
#7119 = FACE_BOUND('',#7120,.T.);
#7120 = EDGE_LOOP('',(#7121,#7129,#7130));
#7121 = ORIENTED_EDGE('',*,*,#7122,.T.);
#7122 = EDGE_CURVE('',#7123,#7068,#7125,.T.);
#7123 = VERTEX_POINT('',#7124);
#7124 = CARTESIAN_POINT('',(-7.425374191999,6.427912062407,
    36.967156720161));
#7125 = LINE('',#7126,#7127);
#7126 = CARTESIAN_POINT('',(-7.425374191999,6.427912062407,
    36.967156720161));
#7127 = VECTOR('',#7128,1.);
#7128 = DIRECTION('',(0.392503667126,0.919750439681,0.));
#7129 = ORIENTED_EDGE('',*,*,#7099,.F.);
#7130 = ORIENTED_EDGE('',*,*,#7131,.T.);
#7131 = EDGE_CURVE('',#7100,#7123,#7132,.T.);
#7132 = LINE('',#7133,#7134);
#7133 = CARTESIAN_POINT('',(-6.907621002197,7.641158622503,
    28.839155387878));
#7134 = VECTOR('',#7135,1.);
#7135 = DIRECTION('',(-6.287727509952E-02,-0.147339773516,0.987085325297
    ));
#7136 = PLANE('',#7137);
#7137 = AXIS2_PLACEMENT_3D('',#7138,#7139,#7140);
#7138 = CARTESIAN_POINT('',(-7.047494391342,7.313394522597,
    33.206346102224));
#7139 = DIRECTION('',(-0.919750439681,0.392503667126,0.));
#7140 = DIRECTION('',(-0.392503667126,-0.919750439681,0.));
#7141 = ADVANCED_FACE('',(#7142),#7159,.T.);
#7142 = FACE_BOUND('',#7143,.T.);
#7143 = EDGE_LOOP('',(#7144,#7152,#7153));
#7144 = ORIENTED_EDGE('',*,*,#7145,.T.);
#7145 = EDGE_CURVE('',#7146,#7123,#7148,.T.);
#7146 = VERTEX_POINT('',#7147);
#7147 = CARTESIAN_POINT('',(-7.425374191999,6.427912062407,
    28.839155387878));
#7148 = LINE('',#7149,#7150);
#7149 = CARTESIAN_POINT('',(-7.425374191999,6.427912062407,
    28.839155387878));
#7150 = VECTOR('',#7151,1.);
#7151 = DIRECTION('',(0.,0.,1.));
#7152 = ORIENTED_EDGE('',*,*,#7131,.F.);
#7153 = ORIENTED_EDGE('',*,*,#7154,.T.);
#7154 = EDGE_CURVE('',#7100,#7146,#7155,.T.);
#7155 = LINE('',#7156,#7157);
#7156 = CARTESIAN_POINT('',(-6.907621002197,7.641158622503,
    28.839155387878));
#7157 = VECTOR('',#7158,1.);
#7158 = DIRECTION('',(-0.392503667126,-0.919750439681,0.));
#7159 = PLANE('',#7160);
#7160 = AXIS2_PLACEMENT_3D('',#7161,#7162,#7163);
#7161 = CARTESIAN_POINT('',(-7.285500802855,6.755676162313,
    32.599966005816));
#7162 = DIRECTION('',(-0.919750439681,0.392503667126,0.));
#7163 = DIRECTION('',(-0.392503667126,-0.919750439681,0.));
#7164 = ADVANCED_FACE('',(#7165),#7182,.T.);
#7165 = FACE_BOUND('',#7166,.T.);
#7166 = EDGE_LOOP('',(#7167,#7175,#7176));
#7167 = ORIENTED_EDGE('',*,*,#7168,.T.);
#7168 = EDGE_CURVE('',#7169,#7123,#7171,.T.);
#7169 = VERTEX_POINT('',#7170);
#7170 = CARTESIAN_POINT('',(-7.752309632301,5.149964615703,
    36.967156720161));
#7171 = LINE('',#7172,#7173);
#7172 = CARTESIAN_POINT('',(-7.752309632301,5.149964615703,
    36.967156720161));
#7173 = VECTOR('',#7174,1.);
#7174 = DIRECTION('',(0.247846521087,0.968799309447,0.));
#7175 = ORIENTED_EDGE('',*,*,#7145,.F.);
#7176 = ORIENTED_EDGE('',*,*,#7177,.T.);
#7177 = EDGE_CURVE('',#7146,#7169,#7178,.T.);
#7178 = LINE('',#7179,#7180);
#7179 = CARTESIAN_POINT('',(-7.425374191999,6.427912062407,
    28.839155387878));
#7180 = VECTOR('',#7181,1.);
#7181 = DIRECTION('',(-3.970387800891E-02,-0.155197214101,0.987085318909
    ));
#7182 = PLANE('',#7183);
#7183 = AXIS2_PLACEMENT_3D('',#7184,#7185,#7186);
#7184 = CARTESIAN_POINT('',(-7.513697296167,6.082668716041,
    33.206346172058));
#7185 = DIRECTION('',(-0.968799309447,0.247846521087,0.));
#7186 = DIRECTION('',(-0.247846521087,-0.968799309447,0.));
#7187 = ADVANCED_FACE('',(#7188),#7205,.T.);
#7188 = FACE_BOUND('',#7189,.T.);
#7189 = EDGE_LOOP('',(#7190,#7198,#7199));
#7190 = ORIENTED_EDGE('',*,*,#7191,.T.);
#7191 = EDGE_CURVE('',#7192,#7169,#7194,.T.);
#7192 = VERTEX_POINT('',#7193);
#7193 = CARTESIAN_POINT('',(-7.752309632301,5.149964615703,
    28.839155387878));
#7194 = LINE('',#7195,#7196);
#7195 = CARTESIAN_POINT('',(-7.752309632301,5.149964615703,
    28.839155387878));
#7196 = VECTOR('',#7197,1.);
#7197 = DIRECTION('',(0.,0.,1.));
#7198 = ORIENTED_EDGE('',*,*,#7177,.F.);
#7199 = ORIENTED_EDGE('',*,*,#7200,.T.);
#7200 = EDGE_CURVE('',#7146,#7192,#7201,.T.);
#7201 = LINE('',#7202,#7203);
#7202 = CARTESIAN_POINT('',(-7.425374191999,6.427912062407,
    28.839155387878));
#7203 = VECTOR('',#7204,1.);
#7204 = DIRECTION('',(-0.247846521087,-0.968799309447,0.));
#7205 = PLANE('',#7206);
#7206 = AXIS2_PLACEMENT_3D('',#7207,#7208,#7209);
#7207 = CARTESIAN_POINT('',(-7.663986528134,5.495207962068,
    32.599965935982));
#7208 = DIRECTION('',(-0.968799309447,0.247846521087,0.));
#7209 = DIRECTION('',(-0.247846521087,-0.968799309447,0.));
#7210 = ADVANCED_FACE('',(#7211),#7228,.T.);
#7211 = FACE_BOUND('',#7212,.T.);
#7212 = EDGE_LOOP('',(#7213,#7221,#7222));
#7213 = ORIENTED_EDGE('',*,*,#7214,.T.);
#7214 = EDGE_CURVE('',#7215,#7169,#7217,.T.);
#7215 = VERTEX_POINT('',#7216);
#7216 = CARTESIAN_POINT('',(-7.880803030729,3.837133684754,
    36.967156720161));
#7217 = LINE('',#7218,#7219);
#7218 = CARTESIAN_POINT('',(-7.880803030729,3.837133684754,
    36.967156720161));
#7219 = VECTOR('',#7220,1.);
#7220 = DIRECTION('',(9.740959728976E-02,0.995244377204,0.));
#7221 = ORIENTED_EDGE('',*,*,#7191,.F.);
#7222 = ORIENTED_EDGE('',*,*,#7223,.T.);
#7223 = EDGE_CURVE('',#7192,#7215,#7224,.T.);
#7224 = LINE('',#7225,#7226);
#7225 = CARTESIAN_POINT('',(-7.752309632301,5.149964615703,
    28.839155387878));
#7226 = VECTOR('',#7227,1.);
#7227 = DIRECTION('',(-1.560456781153E-02,-0.159433554857,0.987085325111
    ));
#7228 = PLANE('',#7229);
#7229 = AXIS2_PLACEMENT_3D('',#7230,#7231,#7232);
#7230 = CARTESIAN_POINT('',(-7.787022710819,4.795297342951,
    33.206346104257));
#7231 = DIRECTION('',(-0.995244377204,9.740959728976E-02,0.));
#7232 = DIRECTION('',(-9.740959728976E-02,-0.995244377204,0.));
#7233 = ADVANCED_FACE('',(#7234),#7251,.T.);
#7234 = FACE_BOUND('',#7235,.T.);
#7235 = EDGE_LOOP('',(#7236,#7244,#7245));
#7236 = ORIENTED_EDGE('',*,*,#7237,.T.);
#7237 = EDGE_CURVE('',#7238,#7215,#7240,.T.);
#7238 = VERTEX_POINT('',#7239);
#7239 = CARTESIAN_POINT('',(-7.880803030729,3.837133684754,
    28.839155387878));
#7240 = LINE('',#7241,#7242);
#7241 = CARTESIAN_POINT('',(-7.880803030729,3.837133684754,
    28.839155387878));
#7242 = VECTOR('',#7243,1.);
#7243 = DIRECTION('',(0.,0.,1.));
#7244 = ORIENTED_EDGE('',*,*,#7223,.F.);
#7245 = ORIENTED_EDGE('',*,*,#7246,.T.);
#7246 = EDGE_CURVE('',#7192,#7238,#7247,.T.);
#7247 = LINE('',#7248,#7249);
#7248 = CARTESIAN_POINT('',(-7.752309632301,5.149964615703,
    28.839155387878));
#7249 = VECTOR('',#7250,1.);
#7250 = DIRECTION('',(-9.740959728976E-02,-0.995244377204,0.));
#7251 = PLANE('',#7252);
#7252 = AXIS2_PLACEMENT_3D('',#7253,#7254,#7255);
#7253 = CARTESIAN_POINT('',(-7.846089952211,4.191800957506,
    32.599966003782));
#7254 = DIRECTION('',(-0.995244377204,9.740959728976E-02,0.));
#7255 = DIRECTION('',(-9.740959728976E-02,-0.995244377204,0.));
#7256 = ADVANCED_FACE('',(#7257),#7274,.T.);
#7257 = FACE_BOUND('',#7258,.T.);
#7258 = EDGE_LOOP('',(#7259,#7267,#7268));
#7259 = ORIENTED_EDGE('',*,*,#7260,.T.);
#7260 = EDGE_CURVE('',#7261,#7215,#7263,.T.);
#7261 = VERTEX_POINT('',#7262);
#7262 = CARTESIAN_POINT('',(-7.807854479551,2.5200481534,36.967156720161
    ));
#7263 = LINE('',#7264,#7265);
#7264 = CARTESIAN_POINT('',(-7.807854479551,2.5200481534,36.967156720161
    ));
#7265 = VECTOR('',#7266,1.);
#7266 = DIRECTION('',(-5.530158521611E-02,0.998469696422,0.));
#7267 = ORIENTED_EDGE('',*,*,#7237,.F.);
#7268 = ORIENTED_EDGE('',*,*,#7269,.T.);
#7269 = EDGE_CURVE('',#7238,#7261,#7270,.T.);
#7270 = LINE('',#7271,#7272);
#7271 = CARTESIAN_POINT('',(-7.880803030729,3.837133684754,
    28.839155387878));
#7272 = VECTOR('',#7273,1.);
#7273 = DIRECTION('',(8.85905911132E-03,-0.159950244227,0.987085323791)
  );
#7274 = PLANE('',#7275);
#7275 = AXIS2_PLACEMENT_3D('',#7276,#7277,#7278);
#7276 = CARTESIAN_POINT('',(-7.861095646338,3.481317010904,
    33.206346118688));
#7277 = DIRECTION('',(-0.998469696422,-5.530158521611E-02,-0.));
#7278 = DIRECTION('',(5.530158521611E-02,-0.998469696422,0.));
#7279 = ADVANCED_FACE('',(#7280),#7297,.T.);
#7280 = FACE_BOUND('',#7281,.T.);
#7281 = EDGE_LOOP('',(#7282,#7290,#7291));
#7282 = ORIENTED_EDGE('',*,*,#7283,.T.);
#7283 = EDGE_CURVE('',#7284,#7261,#7286,.T.);
#7284 = VERTEX_POINT('',#7285);
#7285 = CARTESIAN_POINT('',(-7.807854479551,2.5200481534,28.839155387878
    ));
#7286 = LINE('',#7287,#7288);
#7287 = CARTESIAN_POINT('',(-7.807854479551,2.5200481534,28.839155387878
    ));
#7288 = VECTOR('',#7289,1.);
#7289 = DIRECTION('',(0.,0.,1.));
#7290 = ORIENTED_EDGE('',*,*,#7269,.F.);
#7291 = ORIENTED_EDGE('',*,*,#7292,.T.);
#7292 = EDGE_CURVE('',#7238,#7284,#7293,.T.);
#7293 = LINE('',#7294,#7295);
#7294 = CARTESIAN_POINT('',(-7.880803030729,3.837133684754,
    28.839155387878));
#7295 = VECTOR('',#7296,1.);
#7296 = DIRECTION('',(5.530158521611E-02,-0.998469696422,0.));
#7297 = PLANE('',#7298);
#7298 = AXIS2_PLACEMENT_3D('',#7299,#7300,#7301);
#7299 = CARTESIAN_POINT('',(-7.827561863942,2.875864827251,
    32.599965989352));
#7300 = DIRECTION('',(-0.998469696422,-5.530158521611E-02,-0.));
#7301 = DIRECTION('',(5.530158521611E-02,-0.998469696422,0.));
#7302 = ADVANCED_FACE('',(#7303),#7320,.T.);
#7303 = FACE_BOUND('',#7304,.T.);
#7304 = EDGE_LOOP('',(#7305,#7313,#7314));
#7305 = ORIENTED_EDGE('',*,*,#7306,.T.);
#7306 = EDGE_CURVE('',#7307,#7261,#7309,.T.);
#7307 = VERTEX_POINT('',#7308);
#7308 = CARTESIAN_POINT('',(-7.535166424513,1.229436921328,
    36.967156720161));
#7309 = LINE('',#7310,#7311);
#7310 = CARTESIAN_POINT('',(-7.535166424513,1.229436921328,
    36.967156720161));
#7311 = VECTOR('',#7312,1.);
#7312 = DIRECTION('',(-0.206722134952,0.978399692825,0.));
#7313 = ORIENTED_EDGE('',*,*,#7283,.F.);
#7314 = ORIENTED_EDGE('',*,*,#7315,.T.);
#7315 = EDGE_CURVE('',#7284,#7307,#7316,.T.);
#7316 = LINE('',#7317,#7318);
#7317 = CARTESIAN_POINT('',(-7.807854479551,2.5200481534,28.839155387878
    ));
#7318 = VECTOR('',#7319,1.);
#7319 = DIRECTION('',(3.311593655359E-02,-0.156735137044,0.987085321318)
  );
#7320 = PLANE('',#7321);
#7321 = AXIS2_PLACEMENT_3D('',#7322,#7323,#7324);
#7322 = CARTESIAN_POINT('',(-7.734186555085,2.171383629952,
    33.20634614572));
#7323 = DIRECTION('',(-0.978399692825,-0.206722134952,-0.));
#7324 = DIRECTION('',(0.206722134952,-0.978399692825,0.));
#7325 = ADVANCED_FACE('',(#7326),#7343,.T.);
#7326 = FACE_BOUND('',#7327,.T.);
#7327 = EDGE_LOOP('',(#7328,#7336,#7337));
#7328 = ORIENTED_EDGE('',*,*,#7329,.T.);
#7329 = EDGE_CURVE('',#7330,#7307,#7332,.T.);
#7330 = VERTEX_POINT('',#7331);
#7331 = CARTESIAN_POINT('',(-7.535166424513,1.229436921328,
    28.839155387878));
#7332 = LINE('',#7333,#7334);
#7333 = CARTESIAN_POINT('',(-7.535166424513,1.229436921328,
    28.839155387878));
#7334 = VECTOR('',#7335,1.);
#7335 = DIRECTION('',(0.,0.,1.));
#7336 = ORIENTED_EDGE('',*,*,#7315,.F.);
#7337 = ORIENTED_EDGE('',*,*,#7338,.T.);
#7338 = EDGE_CURVE('',#7284,#7330,#7339,.T.);
#7339 = LINE('',#7340,#7341);
#7340 = CARTESIAN_POINT('',(-7.807854479551,2.5200481534,28.839155387878
    ));
#7341 = VECTOR('',#7342,1.);
#7342 = DIRECTION('',(0.206722134952,-0.978399692825,0.));
#7343 = PLANE('',#7344);
#7344 = AXIS2_PLACEMENT_3D('',#7345,#7346,#7347);
#7345 = CARTESIAN_POINT('',(-7.60883434898,1.578101444777,
    32.599965962319));
#7346 = DIRECTION('',(-0.978399692825,-0.206722134952,-0.));
#7347 = DIRECTION('',(0.206722134952,-0.978399692825,0.));
#7348 = ADVANCED_FACE('',(#7349),#7366,.T.);
#7349 = FACE_BOUND('',#7350,.T.);
#7350 = EDGE_LOOP('',(#7351,#7359,#7360));
#7351 = ORIENTED_EDGE('',*,*,#7352,.T.);
#7352 = EDGE_CURVE('',#7353,#7307,#7355,.T.);
#7353 = VERTEX_POINT('',#7354);
#7354 = CARTESIAN_POINT('',(-7.069101274014,-4.588713854901E-03,
    36.967156720161));
#7355 = LINE('',#7356,#7357);
#7356 = CARTESIAN_POINT('',(-7.069101274014,-4.588713854901E-03,
    36.967156720161));
#7357 = VECTOR('',#7358,1.);
#7358 = DIRECTION('',(-0.353319424495,0.93550274413,0.));
#7359 = ORIENTED_EDGE('',*,*,#7329,.F.);
#7360 = ORIENTED_EDGE('',*,*,#7361,.T.);
#7361 = EDGE_CURVE('',#7330,#7353,#7362,.T.);
#7362 = LINE('',#7363,#7364);
#7363 = CARTESIAN_POINT('',(-7.535166424513,1.229436921328,
    28.839155387878));
#7364 = VECTOR('',#7365,1.);
#7365 = DIRECTION('',(5.660014688562E-02,-0.149863237226,0.9870853223));
#7366 = PLANE('',#7367);
#7367 = AXIS2_PLACEMENT_3D('',#7368,#7369,#7370);
#7368 = CARTESIAN_POINT('',(-7.409256794182,0.896059256472,
    33.206346134984));
#7369 = DIRECTION('',(-0.93550274413,-0.353319424495,-0.));
#7370 = DIRECTION('',(0.353319424495,-0.93550274413,0.));
#7371 = ADVANCED_FACE('',(#7372),#7389,.T.);
#7372 = FACE_BOUND('',#7373,.T.);
#7373 = EDGE_LOOP('',(#7374,#7382,#7383));
#7374 = ORIENTED_EDGE('',*,*,#7375,.T.);
#7375 = EDGE_CURVE('',#7376,#7353,#7378,.T.);
#7376 = VERTEX_POINT('',#7377);
#7377 = CARTESIAN_POINT('',(-7.069101274014,-4.588713854901E-03,
    28.839155387878));
#7378 = LINE('',#7379,#7380);
#7379 = CARTESIAN_POINT('',(-7.069101274014,-4.588713854901E-03,
    28.839155387878));
#7380 = VECTOR('',#7381,1.);
#7381 = DIRECTION('',(0.,0.,1.));
#7382 = ORIENTED_EDGE('',*,*,#7361,.F.);
#7383 = ORIENTED_EDGE('',*,*,#7384,.T.);
#7384 = EDGE_CURVE('',#7330,#7376,#7385,.T.);
#7385 = LINE('',#7386,#7387);
#7386 = CARTESIAN_POINT('',(-7.535166424513,1.229436921328,
    28.839155387878));
#7387 = VECTOR('',#7388,1.);
#7388 = DIRECTION('',(0.353319424495,-0.93550274413,0.));
#7389 = PLANE('',#7390);
#7390 = AXIS2_PLACEMENT_3D('',#7391,#7392,#7393);
#7391 = CARTESIAN_POINT('',(-7.195010904344,0.328788951002,
    32.599965973056));
#7392 = DIRECTION('',(-0.93550274413,-0.353319424495,-0.));
#7393 = DIRECTION('',(0.353319424495,-0.93550274413,0.));
#7394 = ADVANCED_FACE('',(#7395),#7412,.T.);
#7395 = FACE_BOUND('',#7396,.T.);
#7396 = EDGE_LOOP('',(#7397,#7405,#7406));
#7397 = ORIENTED_EDGE('',*,*,#7398,.T.);
#7398 = EDGE_CURVE('',#7399,#7353,#7401,.T.);
#7399 = VERTEX_POINT('',#7400);
#7400 = CARTESIAN_POINT('',(-6.420532274246,-1.153237429261,
    36.967156720161));
#7401 = LINE('',#7402,#7403);
#7402 = CARTESIAN_POINT('',(-6.420532274246,-1.153237429261,
    36.967156720161));
#7403 = VECTOR('',#7404,1.);
#7404 = DIRECTION('',(-0.491673857443,0.870779431261,0.));
#7405 = ORIENTED_EDGE('',*,*,#7375,.F.);
#7406 = ORIENTED_EDGE('',*,*,#7407,.T.);
#7407 = EDGE_CURVE('',#7376,#7399,#7408,.T.);
#7408 = LINE('',#7409,#7410);
#7409 = CARTESIAN_POINT('',(-7.069101274014,-4.588713854901E-03,
    28.839155387878));
#7410 = VECTOR('',#7411,1.);
#7411 = DIRECTION('',(7.876388250479E-02,-0.139494845563,0.987085325022)
  );
#7412 = PLANE('',#7413);
#7413 = AXIS2_PLACEMENT_3D('',#7414,#7415,#7416);
#7414 = CARTESIAN_POINT('',(-6.893887396145,-0.314901411205,
    33.206346105226));
#7415 = DIRECTION('',(-0.870779431261,-0.491673857443,-0.));
#7416 = DIRECTION('',(0.491673857443,-0.870779431261,0.));
#7417 = ADVANCED_FACE('',(#7418),#7435,.T.);
#7418 = FACE_BOUND('',#7419,.T.);
#7419 = EDGE_LOOP('',(#7420,#7428,#7429));
#7420 = ORIENTED_EDGE('',*,*,#7421,.T.);
#7421 = EDGE_CURVE('',#7422,#7399,#7424,.T.);
#7422 = VERTEX_POINT('',#7423);
#7423 = CARTESIAN_POINT('',(-6.420532274246,-1.153237429261,
    28.839155387878));
#7424 = LINE('',#7425,#7426);
#7425 = CARTESIAN_POINT('',(-6.420532274246,-1.153237429261,
    28.839155387878));
#7426 = VECTOR('',#7427,1.);
#7427 = DIRECTION('',(0.,0.,1.));
#7428 = ORIENTED_EDGE('',*,*,#7407,.F.);
#7429 = ORIENTED_EDGE('',*,*,#7430,.T.);
#7430 = EDGE_CURVE('',#7376,#7422,#7431,.T.);
#7431 = LINE('',#7432,#7433);
#7432 = CARTESIAN_POINT('',(-7.069101274014,-4.588713854901E-03,
    28.839155387878));
#7433 = VECTOR('',#7434,1.);
#7434 = DIRECTION('',(0.491673857443,-0.870779431261,0.));
#7435 = PLANE('',#7436);
#7436 = AXIS2_PLACEMENT_3D('',#7437,#7438,#7439);
#7437 = CARTESIAN_POINT('',(-6.595746152115,-0.842924731911,
    32.599966002814));
#7438 = DIRECTION('',(-0.870779431261,-0.491673857443,-0.));
#7439 = DIRECTION('',(0.491673857443,-0.870779431261,0.));
#7440 = ADVANCED_FACE('',(#7441),#7458,.T.);
#7441 = FACE_BOUND('',#7442,.T.);
#7442 = EDGE_LOOP('',(#7443,#7451,#7452));
#7443 = ORIENTED_EDGE('',*,*,#7444,.T.);
#7444 = EDGE_CURVE('',#7445,#7399,#7447,.T.);
#7445 = VERTEX_POINT('',#7446);
#7446 = CARTESIAN_POINT('',(-5.604591435194,-2.189710471034,
    36.967156720161));
#7447 = LINE('',#7448,#7449);
#7448 = CARTESIAN_POINT('',(-5.604591435194,-2.189710471034,
    36.967156720161));
#7449 = VECTOR('',#7450,1.);
#7450 = DIRECTION('',(-0.618556787076,0.785740097719,0.));
#7451 = ORIENTED_EDGE('',*,*,#7421,.F.);
#7452 = ORIENTED_EDGE('',*,*,#7453,.T.);
#7453 = EDGE_CURVE('',#7422,#7445,#7454,.T.);
#7454 = LINE('',#7455,#7456);
#7455 = CARTESIAN_POINT('',(-6.420532274246,-1.153237429261,
    28.839155387878));
#7456 = VECTOR('',#7457,1.);
#7457 = DIRECTION('',(9.908994772508E-02,-0.125871943911,0.987085323564)
  );
#7458 = PLANE('',#7459);
#7459 = AXIS2_PLACEMENT_3D('',#7460,#7461,#7462);
#7460 = CARTESIAN_POINT('',(-6.200102128527,-1.433245357162,
    33.206346121165));
#7461 = DIRECTION('',(-0.785740097719,-0.618556787076,-0.));
#7462 = DIRECTION('',(0.618556787076,-0.785740097719,0.));
#7463 = ADVANCED_FACE('',(#7464),#7481,.T.);
#7464 = FACE_BOUND('',#7465,.T.);
#7465 = EDGE_LOOP('',(#7466,#7474,#7475));
#7466 = ORIENTED_EDGE('',*,*,#7467,.T.);
#7467 = EDGE_CURVE('',#7468,#7445,#7470,.T.);
#7468 = VERTEX_POINT('',#7469);
#7469 = CARTESIAN_POINT('',(-5.604591435194,-2.189710471034,
    28.839155387878));
#7470 = LINE('',#7471,#7472);
#7471 = CARTESIAN_POINT('',(-5.604591435194,-2.189710471034,
    28.839155387878));
#7472 = VECTOR('',#7473,1.);
#7473 = DIRECTION('',(0.,0.,1.));
#7474 = ORIENTED_EDGE('',*,*,#7453,.F.);
#7475 = ORIENTED_EDGE('',*,*,#7476,.T.);
#7476 = EDGE_CURVE('',#7422,#7468,#7477,.T.);
#7477 = LINE('',#7478,#7479);
#7478 = CARTESIAN_POINT('',(-6.420532274246,-1.153237429261,
    28.839155387878));
#7479 = VECTOR('',#7480,1.);
#7480 = DIRECTION('',(0.618556787076,-0.785740097719,0.));
#7481 = PLANE('',#7482);
#7482 = AXIS2_PLACEMENT_3D('',#7483,#7484,#7485);
#7483 = CARTESIAN_POINT('',(-5.825021580913,-1.909702543134,
    32.599965986875));
#7484 = DIRECTION('',(-0.785740097719,-0.618556787076,-0.));
#7485 = DIRECTION('',(0.618556787076,-0.785740097719,0.));
#7486 = ADVANCED_FACE('',(#7487),#7504,.T.);
#7487 = FACE_BOUND('',#7488,.T.);
#7488 = EDGE_LOOP('',(#7489,#7497,#7498));
#7489 = ORIENTED_EDGE('',*,*,#7490,.T.);
#7490 = EDGE_CURVE('',#7491,#7445,#7493,.T.);
#7491 = VERTEX_POINT('',#7492);
#7492 = CARTESIAN_POINT('',(-4.640315642953,-3.089826048911,
    36.967156720161));
#7493 = LINE('',#7494,#7495);
#7494 = CARTESIAN_POINT('',(-4.640315642953,-3.089826048911,
    36.967156720161));
#7495 = VECTOR('',#7496,1.);
#7496 = DIRECTION('',(-0.731008059485,0.682368827664,0.));
#7497 = ORIENTED_EDGE('',*,*,#7467,.F.);
#7498 = ORIENTED_EDGE('',*,*,#7499,.T.);
#7499 = EDGE_CURVE('',#7468,#7491,#7500,.T.);
#7500 = LINE('',#7501,#7502);
#7501 = CARTESIAN_POINT('',(-5.604591435194,-2.189710471034,
    28.839155387878));
#7502 = VECTOR('',#7503,1.);
#7503 = DIRECTION('',(0.117104124767,-0.109312343818,0.987085323289));
#7504 = PLANE('',#7505);
#7505 = AXIS2_PLACEMENT_3D('',#7506,#7507,#7508);
#7506 = CARTESIAN_POINT('',(-5.344087923916,-2.432880807238,
    33.20634612418));
#7507 = DIRECTION('',(-0.682368827664,-0.731008059485,-0.));
#7508 = DIRECTION('',(-0.731008059485,0.682368827664,0.));
#7509 = ADVANCED_FACE('',(#7510),#7527,.T.);
#7510 = FACE_BOUND('',#7511,.T.);
#7511 = EDGE_LOOP('',(#7512,#7520,#7521));
#7512 = ORIENTED_EDGE('',*,*,#7513,.T.);
#7513 = EDGE_CURVE('',#7514,#7491,#7516,.T.);
#7514 = VERTEX_POINT('',#7515);
#7515 = CARTESIAN_POINT('',(-4.640315642953,-3.089826048911,
    28.839155387878));
#7516 = LINE('',#7517,#7518);
#7517 = CARTESIAN_POINT('',(-4.640315642953,-3.089826048911,
    28.839155387878));
#7518 = VECTOR('',#7519,1.);
#7519 = DIRECTION('',(0.,0.,1.));
#7520 = ORIENTED_EDGE('',*,*,#7499,.F.);
#7521 = ORIENTED_EDGE('',*,*,#7522,.T.);
#7522 = EDGE_CURVE('',#7468,#7514,#7523,.T.);
#7523 = LINE('',#7524,#7525);
#7524 = CARTESIAN_POINT('',(-5.604591435194,-2.189710471034,
    28.839155387878));
#7525 = VECTOR('',#7526,1.);
#7526 = DIRECTION('',(0.731008059485,-0.682368827664,0.));
#7527 = PLANE('',#7528);
#7528 = AXIS2_PLACEMENT_3D('',#7529,#7530,#7531);
#7529 = CARTESIAN_POINT('',(-4.90081915423,-2.846655712707,
    32.59996598386));
#7530 = DIRECTION('',(-0.682368827664,-0.731008059485,-0.));
#7531 = DIRECTION('',(-0.731008059485,0.682368827664,0.));
#7532 = ADVANCED_FACE('',(#7533),#7550,.T.);
#7533 = FACE_BOUND('',#7534,.T.);
#7534 = EDGE_LOOP('',(#7535,#7543,#7544));
#7535 = ORIENTED_EDGE('',*,*,#7536,.T.);
#7536 = EDGE_CURVE('',#7537,#7491,#7539,.T.);
#7537 = VERTEX_POINT('',#7538);
#7538 = CARTESIAN_POINT('',(-3.550201934576,-3.832583105564,
    36.967156720161));
#7539 = LINE('',#7540,#7541);
#7540 = CARTESIAN_POINT('',(-3.550201934576,-3.832583105564,
    36.967156720161));
#7541 = VECTOR('',#7542,1.);
#7542 = DIRECTION('',(-0.826404534309,0.56307685592,0.));
#7543 = ORIENTED_EDGE('',*,*,#7513,.F.);
#7544 = ORIENTED_EDGE('',*,*,#7545,.T.);
#7545 = EDGE_CURVE('',#7514,#7537,#7546,.T.);
#7546 = LINE('',#7547,#7548);
#7547 = CARTESIAN_POINT('',(-4.640315642953,-3.089826048911,
    28.839155387878));
#7548 = VECTOR('',#7549,1.);
#7549 = DIRECTION('',(0.132386203888,-9.020232145118E-02,0.987085322667)
  );
#7550 = PLANE('',#7551);
#7551 = AXIS2_PLACEMENT_3D('',#7552,#7553,#7554);
#7552 = CARTESIAN_POINT('',(-4.345816443116,-3.29048526196,
    33.206346130973));
#7553 = DIRECTION('',(-0.56307685592,-0.826404534309,-0.));
#7554 = DIRECTION('',(-0.826404534309,0.56307685592,0.));
#7555 = ADVANCED_FACE('',(#7556),#7573,.T.);
#7556 = FACE_BOUND('',#7557,.T.);
#7557 = EDGE_LOOP('',(#7558,#7566,#7567));
#7558 = ORIENTED_EDGE('',*,*,#7559,.T.);
#7559 = EDGE_CURVE('',#7560,#7537,#7562,.T.);
#7560 = VERTEX_POINT('',#7561);
#7561 = CARTESIAN_POINT('',(-3.550201934576,-3.832583105564,
    28.839155387878));
#7562 = LINE('',#7563,#7564);
#7563 = CARTESIAN_POINT('',(-3.550201934576,-3.832583105564,
    28.839155387878));
#7564 = VECTOR('',#7565,1.);
#7565 = DIRECTION('',(0.,0.,1.));
#7566 = ORIENTED_EDGE('',*,*,#7545,.F.);
#7567 = ORIENTED_EDGE('',*,*,#7568,.T.);
#7568 = EDGE_CURVE('',#7514,#7560,#7569,.T.);
#7569 = LINE('',#7570,#7571);
#7570 = CARTESIAN_POINT('',(-4.640315642953,-3.089826048911,
    28.839155387878));
#7571 = VECTOR('',#7572,1.);
#7572 = DIRECTION('',(0.826404534309,-0.56307685592,0.));
#7573 = PLANE('',#7574);
#7574 = AXIS2_PLACEMENT_3D('',#7575,#7576,#7577);
#7575 = CARTESIAN_POINT('',(-3.844701134413,-3.631923892514,
    32.599965977067));
#7576 = DIRECTION('',(-0.56307685592,-0.826404534309,-0.));
#7577 = DIRECTION('',(-0.826404534309,0.56307685592,0.));
#7578 = ADVANCED_FACE('',(#7579),#7596,.T.);
#7579 = FACE_BOUND('',#7580,.T.);
#7580 = EDGE_LOOP('',(#7581,#7589,#7590));
#7581 = ORIENTED_EDGE('',*,*,#7582,.T.);
#7582 = EDGE_CURVE('',#7583,#7537,#7585,.T.);
#7583 = VERTEX_POINT('',#7584);
#7584 = CARTESIAN_POINT('',(-2.359684047103,-4.400653067231,
    36.967156720161));
#7585 = LINE('',#7586,#7587);
#7586 = CARTESIAN_POINT('',(-2.359684047103,-4.400653067231,
    36.967156720161));
#7587 = VECTOR('',#7588,1.);
#7588 = DIRECTION('',(-0.902519861534,0.430648231782,0.));
#7589 = ORIENTED_EDGE('',*,*,#7559,.F.);
#7590 = ORIENTED_EDGE('',*,*,#7591,.T.);
#7591 = EDGE_CURVE('',#7560,#7583,#7592,.T.);
#7592 = LINE('',#7593,#7594);
#7593 = CARTESIAN_POINT('',(-3.550201934576,-3.832583105564,
    28.839155387878));
#7594 = VECTOR('',#7595,1.);
#7595 = DIRECTION('',(0.144579544438,-6.898787253072E-02,0.987085319906)
  );
#7596 = PLANE('',#7597);
#7597 = AXIS2_PLACEMENT_3D('',#7598,#7599,#7600);
#7598 = CARTESIAN_POINT('',(-3.228578084355,-3.986049802863,
    33.206346161162));
#7599 = DIRECTION('',(-0.430648231782,-0.902519861534,-0.));
#7600 = DIRECTION('',(-0.902519861534,0.430648231782,0.));
#7601 = ADVANCED_FACE('',(#7602),#7619,.T.);
#7602 = FACE_BOUND('',#7603,.T.);
#7603 = EDGE_LOOP('',(#7604,#7612,#7613));
#7604 = ORIENTED_EDGE('',*,*,#7605,.T.);
#7605 = EDGE_CURVE('',#7606,#7583,#7608,.T.);
#7606 = VERTEX_POINT('',#7607);
#7607 = CARTESIAN_POINT('',(-2.359684047103,-4.400653067231,
    28.839155387878));
#7608 = LINE('',#7609,#7610);
#7609 = CARTESIAN_POINT('',(-2.359684047103,-4.400653067231,
    28.839155387878));
#7610 = VECTOR('',#7611,1.);
#7611 = DIRECTION('',(0.,0.,1.));
#7612 = ORIENTED_EDGE('',*,*,#7591,.F.);
#7613 = ORIENTED_EDGE('',*,*,#7614,.T.);
#7614 = EDGE_CURVE('',#7560,#7606,#7615,.T.);
#7615 = LINE('',#7616,#7617);
#7616 = CARTESIAN_POINT('',(-3.550201934576,-3.832583105564,
    28.839155387878));
#7617 = VECTOR('',#7618,1.);
#7618 = DIRECTION('',(0.902519861534,-0.430648231782,0.));
#7619 = PLANE('',#7620);
#7620 = AXIS2_PLACEMENT_3D('',#7621,#7622,#7623);
#7621 = CARTESIAN_POINT('',(-2.681307897324,-4.247186369932,
    32.599965946878));
#7622 = DIRECTION('',(-0.430648231782,-0.902519861534,-0.));
#7623 = DIRECTION('',(-0.902519861534,0.430648231782,0.));
#7624 = ADVANCED_FACE('',(#7625),#7642,.T.);
#7625 = FACE_BOUND('',#7626,.T.);
#7626 = EDGE_LOOP('',(#7627,#7635,#7636));
#7627 = ORIENTED_EDGE('',*,*,#7628,.T.);
#7628 = EDGE_CURVE('',#7629,#7583,#7631,.T.);
#7629 = VERTEX_POINT('',#7630);
#7630 = CARTESIAN_POINT('',(-1.096538094431,-4.780781421065,
    36.967156720161));
#7631 = LINE('',#7632,#7633);
#7632 = CARTESIAN_POINT('',(-1.096538094431,-4.780781421065,
    36.967156720161));
#7633 = VECTOR('',#7634,1.);
#7634 = DIRECTION('',(-0.957578772296,0.288171641297,0.));
#7635 = ORIENTED_EDGE('',*,*,#7605,.F.);
#7636 = ORIENTED_EDGE('',*,*,#7637,.T.);
#7637 = EDGE_CURVE('',#7606,#7629,#7638,.T.);
#7638 = LINE('',#7639,#7640);
#7639 = CARTESIAN_POINT('',(-2.359684047103,-4.400653067231,
    28.839155387878));
#7640 = VECTOR('',#7641,1.);
#7641 = DIRECTION('',(0.153399684073,-4.616376220174E-02,0.987085327611)
  );
#7642 = PLANE('',#7643);
#7643 = AXIS2_PLACEMENT_3D('',#7644,#7645,#7646);
#7644 = CARTESIAN_POINT('',(-2.018439400665,-4.503346477625,
    33.206346076917));
#7645 = DIRECTION('',(-0.288171641297,-0.957578772296,-0.));
#7646 = DIRECTION('',(-0.957578772296,0.288171641297,0.));
#7647 = ADVANCED_FACE('',(#7648),#7665,.T.);
#7648 = FACE_BOUND('',#7649,.T.);
#7649 = EDGE_LOOP('',(#7650,#7658,#7659));
#7650 = ORIENTED_EDGE('',*,*,#7651,.T.);
#7651 = EDGE_CURVE('',#7652,#7629,#7654,.T.);
#7652 = VERTEX_POINT('',#7653);
#7653 = CARTESIAN_POINT('',(-1.096538094431,-4.780781421065,
    28.839155387878));
#7654 = LINE('',#7655,#7656);
#7655 = CARTESIAN_POINT('',(-1.096538094431,-4.780781421065,
    28.839155387878));
#7656 = VECTOR('',#7657,1.);
#7657 = DIRECTION('',(0.,0.,1.));
#7658 = ORIENTED_EDGE('',*,*,#7637,.F.);
#7659 = ORIENTED_EDGE('',*,*,#7660,.T.);
#7660 = EDGE_CURVE('',#7606,#7652,#7661,.T.);
#7661 = LINE('',#7662,#7663);
#7662 = CARTESIAN_POINT('',(-2.359684047103,-4.400653067231,
    28.839155387878));
#7663 = VECTOR('',#7664,1.);
#7664 = DIRECTION('',(0.957578772296,-0.288171641297,0.));
#7665 = PLANE('',#7666);
#7666 = AXIS2_PLACEMENT_3D('',#7667,#7668,#7669);
#7667 = CARTESIAN_POINT('',(-1.437782740869,-4.678088010671,
    32.599966031123));
#7668 = DIRECTION('',(-0.288171641297,-0.957578772296,-0.));
#7669 = DIRECTION('',(-0.957578772296,0.288171641297,0.));
#7670 = ADVANCED_FACE('',(#7671),#7688,.T.);
#7671 = FACE_BOUND('',#7672,.T.);
#7672 = EDGE_LOOP('',(#7673,#7681,#7682));
#7673 = ORIENTED_EDGE('',*,*,#7674,.T.);
#7674 = EDGE_CURVE('',#7675,#7629,#7677,.T.);
#7675 = VERTEX_POINT('',#7676);
#7676 = CARTESIAN_POINT('',(0.20976609271,-4.964100158215,
    36.967156720161));
#7677 = LINE('',#7678,#7679);
#7678 = CARTESIAN_POINT('',(0.20976609271,-4.964100158215,
    36.967156720161));
#7679 = VECTOR('',#7680,1.);
#7680 = DIRECTION('',(-0.99029629358,0.138972122825,0.));
#7681 = ORIENTED_EDGE('',*,*,#7651,.F.);
#7682 = ORIENTED_EDGE('',*,*,#7683,.T.);
#7683 = EDGE_CURVE('',#7652,#7675,#7684,.T.);
#7684 = LINE('',#7685,#7686);
#7685 = CARTESIAN_POINT('',(-1.096538094431,-4.780781421065,
    28.839155387878));
#7686 = VECTOR('',#7687,1.);
#7687 = DIRECTION('',(0.158640929437,-2.22626974107E-02,0.987085319418)
  );
#7688 = PLANE('',#7689);
#7689 = AXIS2_PLACEMENT_3D('',#7690,#7691,#7692);
#7690 = CARTESIAN_POINT('',(-0.743634045492,-4.83030581609,
    33.206346166493));
#7691 = DIRECTION('',(-0.138972122825,-0.99029629358,-0.));
#7692 = DIRECTION('',(-0.99029629358,0.138972122825,0.));
#7693 = ADVANCED_FACE('',(#7694),#7709,.T.);
#7694 = FACE_BOUND('',#7695,.T.);
#7695 = EDGE_LOOP('',(#7696,#7702,#7703));
#7696 = ORIENTED_EDGE('',*,*,#7697,.T.);
#7697 = EDGE_CURVE('',#3770,#7675,#7698,.T.);
#7698 = LINE('',#7699,#7700);
#7699 = CARTESIAN_POINT('',(0.20976609271,-4.964100158215,
    28.839155387878));
#7700 = VECTOR('',#7701,1.);
#7701 = DIRECTION('',(0.,0.,1.));
#7702 = ORIENTED_EDGE('',*,*,#7683,.F.);
#7703 = ORIENTED_EDGE('',*,*,#7704,.T.);
#7704 = EDGE_CURVE('',#7652,#3770,#7705,.T.);
#7705 = LINE('',#7706,#7707);
#7706 = CARTESIAN_POINT('',(-1.096538094431,-4.780781421065,
    28.839155387878));
#7707 = VECTOR('',#7708,1.);
#7708 = DIRECTION('',(0.99029629358,-0.138972122825,0.));
#7709 = PLANE('',#7710);
#7710 = AXIS2_PLACEMENT_3D('',#7711,#7712,#7713);
#7711 = CARTESIAN_POINT('',(-0.143137956229,-4.91457576319,
    32.599965941547));
#7712 = DIRECTION('',(-0.138972122825,-0.99029629358,-0.));
#7713 = DIRECTION('',(-0.99029629358,0.138972122825,0.));
#7714 = ADVANCED_FACE('',(#7715),#7739,.T.);
#7715 = FACE_BOUND('',#7716,.T.);
#7716 = EDGE_LOOP('',(#7717,#7727,#7733));
#7717 = ORIENTED_EDGE('',*,*,#7718,.T.);
#7718 = EDGE_CURVE('',#7719,#7721,#7723,.T.);
#7719 = VERTEX_POINT('',#7720);
#7720 = CARTESIAN_POINT('',(-6.584861814976,12.084180182219,
    36.967156720161));
#7721 = VERTEX_POINT('',#7722);
#7722 = CARTESIAN_POINT('',(-6.584861814976,12.084180182219,
    28.839155387878));
#7723 = LINE('',#7724,#7725);
#7724 = CARTESIAN_POINT('',(-6.584861814976,12.084180182219,
    36.967156720161));
#7725 = VECTOR('',#7726,1.);
#7726 = DIRECTION('',(0.,0.,-1.));
#7727 = ORIENTED_EDGE('',*,*,#7728,.T.);
#7728 = EDGE_CURVE('',#7721,#7078,#7729,.T.);
#7729 = LINE('',#7730,#7731);
#7730 = CARTESIAN_POINT('',(-6.584861814976,12.084180182219,
    28.839155387878));
#7731 = VECTOR('',#7732,1.);
#7732 = DIRECTION('',(0.111769980445,-0.993734105016,0.));
#7733 = ORIENTED_EDGE('',*,*,#7734,.T.);
#7734 = EDGE_CURVE('',#7078,#7719,#7735,.T.);
#7735 = LINE('',#7736,#7737);
#7736 = CARTESIAN_POINT('',(-6.211132961512,8.761399716139,
    28.839155387878));
#7737 = VECTOR('',#7738,1.);
#7738 = DIRECTION('',(-4.2522773517E-02,0.378065112972,0.924801916134));
#7739 = PLANE('',#7740);
#7740 = AXIS2_PLACEMENT_3D('',#7741,#7742,#7743);
#7741 = CARTESIAN_POINT('',(-6.472962148574,11.089293054203,
    32.232450377663));
#7742 = DIRECTION('',(-0.993734105016,-0.111769980445,-0.));
#7743 = DIRECTION('',(0.111769980445,-0.993734105016,0.));
#7744 = ADVANCED_FACE('',(#7745),#7755,.T.);
#7745 = FACE_BOUND('',#7746,.T.);
#7746 = EDGE_LOOP('',(#7747,#7753,#7754));
#7747 = ORIENTED_EDGE('',*,*,#7748,.T.);
#7748 = EDGE_CURVE('',#7070,#7719,#7749,.T.);
#7749 = LINE('',#7750,#7751);
#7750 = CARTESIAN_POINT('',(-6.211132961512,8.761399716139,
    36.967156720161));
#7751 = VECTOR('',#7752,1.);
#7752 = DIRECTION('',(-0.111769980445,0.993734105016,0.));
#7753 = ORIENTED_EDGE('',*,*,#7734,.F.);
#7754 = ORIENTED_EDGE('',*,*,#7077,.F.);
#7755 = PLANE('',#7756);
#7756 = AXIS2_PLACEMENT_3D('',#7757,#7758,#7759);
#7757 = CARTESIAN_POINT('',(-6.323032627913,9.756286844155,
    33.573861730377));
#7758 = DIRECTION('',(-0.993734105016,-0.111769980445,-0.));
#7759 = DIRECTION('',(0.111769980445,-0.993734105016,0.));
#7760 = ADVANCED_FACE('',(#7761),#7785,.T.);
#7761 = FACE_BOUND('',#7762,.T.);
#7762 = EDGE_LOOP('',(#7763,#7773,#7779));
#7763 = ORIENTED_EDGE('',*,*,#7764,.T.);
#7764 = EDGE_CURVE('',#7765,#7767,#7769,.T.);
#7765 = VERTEX_POINT('',#7766);
#7766 = CARTESIAN_POINT('',(-0.834681178629,-7.407831203938,
    36.967156720161));
#7767 = VERTEX_POINT('',#7768);
#7768 = CARTESIAN_POINT('',(0.660618733242,-7.520836055279,
    36.967156720161));
#7769 = LINE('',#7770,#7771);
#7770 = CARTESIAN_POINT('',(-0.834681178629,-7.407831203938,
    36.967156720161));
#7771 = VECTOR('',#7772,1.);
#7772 = DIRECTION('',(0.997156507304,-7.535847623432E-02,0.));
#7773 = ORIENTED_EDGE('',*,*,#7774,.T.);
#7774 = EDGE_CURVE('',#7767,#3840,#7775,.T.);
#7775 = LINE('',#7776,#7777);
#7776 = CARTESIAN_POINT('',(0.660618733242,-7.520836055279,
    36.967156720161));
#7777 = VECTOR('',#7778,1.);
#7778 = DIRECTION('',(0.,0.,-1.));
#7779 = ORIENTED_EDGE('',*,*,#7780,.T.);
#7780 = EDGE_CURVE('',#3840,#7765,#7781,.T.);
#7781 = LINE('',#7782,#7783);
#7782 = CARTESIAN_POINT('',(0.660618733242,-7.520836055279,
    28.839155387878));
#7783 = VECTOR('',#7784,1.);
#7784 = DIRECTION('',(-0.180915725674,1.367241081393E-02,0.983403561813)
  );
#7785 = PLANE('',#7786);
#7786 = AXIS2_PLACEMENT_3D('',#7787,#7788,#7789);
#7787 = CARTESIAN_POINT('',(0.252598156058,-7.490000565821,
    33.243753920316));
#7788 = DIRECTION('',(7.535847623432E-02,0.997156507304,0.));
#7789 = DIRECTION('',(0.997156507304,-7.535847623432E-02,0.));
#7790 = ADVANCED_FACE('',(#7791),#7808,.T.);
#7791 = FACE_BOUND('',#7792,.T.);
#7792 = EDGE_LOOP('',(#7793,#7801,#7802));
#7793 = ORIENTED_EDGE('',*,*,#7794,.T.);
#7794 = EDGE_CURVE('',#7795,#7765,#7797,.T.);
#7795 = VERTEX_POINT('',#7796);
#7796 = CARTESIAN_POINT('',(-0.834681178629,-7.407831203938,
    28.839155387878));
#7797 = LINE('',#7798,#7799);
#7798 = CARTESIAN_POINT('',(-0.834681178629,-7.407831203938,
    28.839155387878));
#7799 = VECTOR('',#7800,1.);
#7800 = DIRECTION('',(0.,0.,1.));
#7801 = ORIENTED_EDGE('',*,*,#7780,.F.);
#7802 = ORIENTED_EDGE('',*,*,#7803,.T.);
#7803 = EDGE_CURVE('',#3840,#7795,#7804,.T.);
#7804 = LINE('',#7805,#7806);
#7805 = CARTESIAN_POINT('',(0.660618733242,-7.520836055279,
    28.839155387878));
#7806 = VECTOR('',#7807,1.);
#7807 = DIRECTION('',(-0.997156507304,7.535847623432E-02,0.));
#7808 = PLANE('',#7809);
#7809 = AXIS2_PLACEMENT_3D('',#7810,#7811,#7812);
#7810 = CARTESIAN_POINT('',(-0.426660601445,-7.438666693395,
    32.562558187723));
#7811 = DIRECTION('',(7.535847623432E-02,0.997156507304,0.));
#7812 = DIRECTION('',(0.997156507304,-7.535847623432E-02,0.));
#7813 = ADVANCED_FACE('',(#7814),#7831,.T.);
#7814 = FACE_BOUND('',#7815,.T.);
#7815 = EDGE_LOOP('',(#7816,#7824,#7825));
#7816 = ORIENTED_EDGE('',*,*,#7817,.T.);
#7817 = EDGE_CURVE('',#7818,#7765,#7820,.T.);
#7818 = VERTEX_POINT('',#7819);
#7819 = CARTESIAN_POINT('',(-2.301391744614,-7.095661395788,
    36.967156720161));
#7820 = LINE('',#7821,#7822);
#7821 = CARTESIAN_POINT('',(-2.301391744614,-7.095661395788,
    36.967156720161));
#7822 = VECTOR('',#7823,1.);
#7823 = DIRECTION('',(0.978091846356,-0.208173821823,0.));
#7824 = ORIENTED_EDGE('',*,*,#7794,.F.);
#7825 = ORIENTED_EDGE('',*,*,#7826,.T.);
#7826 = EDGE_CURVE('',#7795,#7818,#7827,.T.);
#7827 = LINE('',#7828,#7829);
#7828 = CARTESIAN_POINT('',(-0.834681178629,-7.407831203938,
    28.839155387878));
#7829 = VECTOR('',#7830,1.);
#7830 = DIRECTION('',(-0.177456715053,3.776929816804E-02,0.983403576564)
  );
#7831 = PLANE('',#7832);
#7832 = AXIS2_PLACEMENT_3D('',#7833,#7834,#7835);
#7833 = CARTESIAN_POINT('',(-1.234900602484,-7.322649830284,
    33.243753780479));
#7834 = DIRECTION('',(0.208173821823,0.978091846356,0.));
#7835 = DIRECTION('',(0.978091846356,-0.208173821823,0.));
#7836 = ADVANCED_FACE('',(#7837),#7854,.T.);
#7837 = FACE_BOUND('',#7838,.T.);
#7838 = EDGE_LOOP('',(#7839,#7847,#7848));
#7839 = ORIENTED_EDGE('',*,*,#7840,.T.);
#7840 = EDGE_CURVE('',#7841,#7818,#7843,.T.);
#7841 = VERTEX_POINT('',#7842);
#7842 = CARTESIAN_POINT('',(-2.301391744614,-7.095661395788,
    28.839155387878));
#7843 = LINE('',#7844,#7845);
#7844 = CARTESIAN_POINT('',(-2.301391744614,-7.095661395788,
    28.839155387878));
#7845 = VECTOR('',#7846,1.);
#7846 = DIRECTION('',(0.,0.,1.));
#7847 = ORIENTED_EDGE('',*,*,#7826,.F.);
#7848 = ORIENTED_EDGE('',*,*,#7849,.T.);
#7849 = EDGE_CURVE('',#7795,#7841,#7850,.T.);
#7850 = LINE('',#7851,#7852);
#7851 = CARTESIAN_POINT('',(-0.834681178629,-7.407831203938,
    28.839155387878));
#7852 = VECTOR('',#7853,1.);
#7853 = DIRECTION('',(-0.978091846356,0.208173821823,0.));
#7854 = PLANE('',#7855);
#7855 = AXIS2_PLACEMENT_3D('',#7856,#7857,#7858);
#7856 = CARTESIAN_POINT('',(-1.901172320759,-7.180842769442,
    32.562558327561));
#7857 = DIRECTION('',(0.208173821823,0.978091846356,0.));
#7858 = DIRECTION('',(0.978091846356,-0.208173821823,0.));
#7859 = ADVANCED_FACE('',(#7860),#7877,.T.);
#7860 = FACE_BOUND('',#7861,.T.);
#7861 = EDGE_LOOP('',(#7862,#7870,#7871));
#7862 = ORIENTED_EDGE('',*,*,#7863,.T.);
#7863 = EDGE_CURVE('',#7864,#7818,#7866,.T.);
#7864 = VERTEX_POINT('',#7865);
#7865 = CARTESIAN_POINT('',(-3.713108354807,-6.589946442842,
    36.967156720161));
#7866 = LINE('',#7867,#7868);
#7867 = CARTESIAN_POINT('',(-3.713108354807,-6.589946442842,
    36.967156720161));
#7868 = VECTOR('',#7869,1.);
#7869 = DIRECTION('',(0.941418210792,-0.337241385938,0.));
#7870 = ORIENTED_EDGE('',*,*,#7840,.F.);
#7871 = ORIENTED_EDGE('',*,*,#7872,.T.);
#7872 = EDGE_CURVE('',#7841,#7864,#7873,.T.);
#7873 = LINE('',#7874,#7875);
#7874 = CARTESIAN_POINT('',(-2.301391744614,-7.095661395788,
    28.839155387878));
#7875 = VECTOR('',#7876,1.);
#7876 = DIRECTION('',(-0.170803016791,6.118624586253E-02,0.983403565568)
  );
#7877 = PLANE('',#7878);
#7878 = AXIS2_PLACEMENT_3D('',#7879,#7880,#7881);
#7879 = CARTESIAN_POINT('',(-2.686605049337,-6.957667603787,
    33.243753884716));
#7880 = DIRECTION('',(0.337241385938,0.941418210792,0.));
#7881 = DIRECTION('',(0.941418210792,-0.337241385938,0.));
#7882 = ADVANCED_FACE('',(#7883),#7900,.T.);
#7883 = FACE_BOUND('',#7884,.T.);
#7884 = EDGE_LOOP('',(#7885,#7893,#7894));
#7885 = ORIENTED_EDGE('',*,*,#7886,.T.);
#7886 = EDGE_CURVE('',#7887,#7864,#7889,.T.);
#7887 = VERTEX_POINT('',#7888);
#7888 = CARTESIAN_POINT('',(-3.713108354807,-6.589946442842,
    28.839155387878));
#7889 = LINE('',#7890,#7891);
#7890 = CARTESIAN_POINT('',(-3.713108354807,-6.589946442842,
    28.839155387878));
#7891 = VECTOR('',#7892,1.);
#7892 = DIRECTION('',(0.,0.,1.));
#7893 = ORIENTED_EDGE('',*,*,#7872,.F.);
#7894 = ORIENTED_EDGE('',*,*,#7895,.T.);
#7895 = EDGE_CURVE('',#7841,#7887,#7896,.T.);
#7896 = LINE('',#7897,#7898);
#7897 = CARTESIAN_POINT('',(-2.301391744614,-7.095661395788,
    28.839155387878));
#7898 = VECTOR('',#7899,1.);
#7899 = DIRECTION('',(-0.941418210792,0.337241385938,0.));
#7900 = PLANE('',#7901);
#7901 = AXIS2_PLACEMENT_3D('',#7902,#7903,#7904);
#7902 = CARTESIAN_POINT('',(-3.327895050084,-6.727940234844,
    32.562558223324));
#7903 = DIRECTION('',(0.337241385938,0.941418210792,0.));
#7904 = DIRECTION('',(0.941418210792,-0.337241385938,0.));
#7905 = ADVANCED_FACE('',(#7906),#7923,.T.);
#7906 = FACE_BOUND('',#7907,.T.);
#7907 = EDGE_LOOP('',(#7908,#7916,#7917));
#7908 = ORIENTED_EDGE('',*,*,#7909,.T.);
#7909 = EDGE_CURVE('',#7910,#7864,#7912,.T.);
#7910 = VERTEX_POINT('',#7911);
#7911 = CARTESIAN_POINT('',(-5.044413736463,-5.899790531397,
    36.967156720161));
#7912 = LINE('',#7913,#7914);
#7913 = CARTESIAN_POINT('',(-5.044413736463,-5.899790531397,
    36.967156720161));
#7914 = VECTOR('',#7915,1.);
#7915 = DIRECTION('',(0.8877955635,-0.460238022581,0.));
#7916 = ORIENTED_EDGE('',*,*,#7886,.F.);
#7917 = ORIENTED_EDGE('',*,*,#7918,.T.);
#7918 = EDGE_CURVE('',#7887,#7910,#7919,.T.);
#7919 = LINE('',#7920,#7921);
#7920 = CARTESIAN_POINT('',(-3.713108354807,-6.589946442842,
    28.839155387878));
#7921 = VECTOR('',#7922,1.);
#7922 = DIRECTION('',(-0.161074097646,8.350168353756E-02,0.983403581402)
  );
#7923 = PLANE('',#7924);
#7924 = AXIS2_PLACEMENT_3D('',#7925,#7926,#7927);
#7925 = CARTESIAN_POINT('',(-4.076379935864,-6.401624490133,
    33.243753734615));
#7926 = DIRECTION('',(0.460238022581,0.8877955635,0.));
#7927 = DIRECTION('',(0.8877955635,-0.460238022581,0.));
#7928 = ADVANCED_FACE('',(#7929),#7946,.T.);
#7929 = FACE_BOUND('',#7930,.T.);
#7930 = EDGE_LOOP('',(#7931,#7939,#7940));
#7931 = ORIENTED_EDGE('',*,*,#7932,.T.);
#7932 = EDGE_CURVE('',#7933,#7910,#7935,.T.);
#7933 = VERTEX_POINT('',#7934);
#7934 = CARTESIAN_POINT('',(-5.044413736463,-5.899790531397,
    28.839155387878));
#7935 = LINE('',#7936,#7937);
#7936 = CARTESIAN_POINT('',(-5.044413736463,-5.899790531397,
    28.839155387878));
#7937 = VECTOR('',#7938,1.);
#7938 = DIRECTION('',(0.,0.,1.));
#7939 = ORIENTED_EDGE('',*,*,#7918,.F.);
#7940 = ORIENTED_EDGE('',*,*,#7941,.T.);
#7941 = EDGE_CURVE('',#7887,#7933,#7942,.T.);
#7942 = LINE('',#7943,#7944);
#7943 = CARTESIAN_POINT('',(-3.713108354807,-6.589946442842,
    28.839155387878));
#7944 = VECTOR('',#7945,1.);
#7945 = DIRECTION('',(-0.8877955635,0.460238022581,0.));
#7946 = PLANE('',#7947);
#7947 = AXIS2_PLACEMENT_3D('',#7948,#7949,#7950);
#7948 = CARTESIAN_POINT('',(-4.681142155406,-6.088112484107,
    32.562558373425));
#7949 = DIRECTION('',(0.460238022581,0.8877955635,0.));
#7950 = DIRECTION('',(0.8877955635,-0.460238022581,0.));
#7951 = ADVANCED_FACE('',(#7952),#7969,.T.);
#7952 = FACE_BOUND('',#7953,.T.);
#7953 = EDGE_LOOP('',(#7954,#7962,#7963));
#7954 = ORIENTED_EDGE('',*,*,#7955,.T.);
#7955 = EDGE_CURVE('',#7956,#7910,#7958,.T.);
#7956 = VERTEX_POINT('',#7957);
#7957 = CARTESIAN_POINT('',(-6.271340799332,-5.037618336082,
    36.967156720161));
#7958 = LINE('',#7959,#7960);
#7959 = CARTESIAN_POINT('',(-6.271340799332,-5.037618336082,
    36.967156720161));
#7960 = VECTOR('',#7961,1.);
#7961 = DIRECTION('',(0.818189428095,-0.574948745327,0.));
#7962 = ORIENTED_EDGE('',*,*,#7932,.F.);
#7963 = ORIENTED_EDGE('',*,*,#7964,.T.);
#7964 = EDGE_CURVE('',#7933,#7956,#7965,.T.);
#7965 = LINE('',#7966,#7967);
#7966 = CARTESIAN_POINT('',(-5.044413736463,-5.899790531397,
    28.839155387878));
#7967 = VECTOR('',#7968,1.);
#7968 = DIRECTION('',(-0.148445405372,0.104313862582,0.983403569089));
#7969 = PLANE('',#7970);
#7970 = AXIS2_PLACEMENT_3D('',#7971,#7972,#7973);
#7971 = CARTESIAN_POINT('',(-5.379203750898,-5.664530709969,
    33.243753851339));
#7972 = DIRECTION('',(0.574948745327,0.818189428095,0.));
#7973 = DIRECTION('',(0.818189428095,-0.574948745327,0.));
#7974 = ADVANCED_FACE('',(#7975),#7992,.T.);
#7975 = FACE_BOUND('',#7976,.T.);
#7976 = EDGE_LOOP('',(#7977,#7985,#7986));
#7977 = ORIENTED_EDGE('',*,*,#7978,.T.);
#7978 = EDGE_CURVE('',#7979,#7956,#7981,.T.);
#7979 = VERTEX_POINT('',#7980);
#7980 = CARTESIAN_POINT('',(-6.271340799332,-5.037618336082,
    28.839155387878));
#7981 = LINE('',#7982,#7983);
#7982 = CARTESIAN_POINT('',(-6.271340799332,-5.037618336082,
    28.839155387878));
#7983 = VECTOR('',#7984,1.);
#7984 = DIRECTION('',(0.,0.,1.));
#7985 = ORIENTED_EDGE('',*,*,#7964,.F.);
#7986 = ORIENTED_EDGE('',*,*,#7987,.T.);
#7987 = EDGE_CURVE('',#7933,#7979,#7988,.T.);
#7988 = LINE('',#7989,#7990);
#7989 = CARTESIAN_POINT('',(-5.044413736463,-5.899790531397,
    28.839155387878));
#7990 = VECTOR('',#7991,1.);
#7991 = DIRECTION('',(-0.818189428095,0.574948745327,0.));
#7992 = PLANE('',#7993);
#7993 = AXIS2_PLACEMENT_3D('',#7994,#7995,#7996);
#7994 = CARTESIAN_POINT('',(-5.936550784896,-5.272878157509,
    32.562558256701));
#7995 = DIRECTION('',(0.574948745327,0.818189428095,0.));
#7996 = DIRECTION('',(0.818189428095,-0.574948745327,0.));
#7997 = ADVANCED_FACE('',(#7998),#8015,.T.);
#7998 = FACE_BOUND('',#7999,.T.);
#7999 = EDGE_LOOP('',(#8000,#8008,#8009));
#8000 = ORIENTED_EDGE('',*,*,#8001,.T.);
#8001 = EDGE_CURVE('',#8002,#7956,#8004,.T.);
#8002 = VERTEX_POINT('',#8003);
#8003 = CARTESIAN_POINT('',(-7.371800518036,-4.018953225017,
    36.967156720161));
#8004 = LINE('',#8005,#8006);
#8005 = CARTESIAN_POINT('',(-7.371800518036,-4.018953225017,
    36.967156720161));
#8006 = VECTOR('',#8007,1.);
#8007 = DIRECTION('',(0.733853443678,-0.679307826542,0.));
#8008 = ORIENTED_EDGE('',*,*,#7978,.F.);
#8009 = ORIENTED_EDGE('',*,*,#8010,.T.);
#8010 = EDGE_CURVE('',#7979,#8002,#8011,.T.);
#8011 = LINE('',#8012,#8013);
#8012 = CARTESIAN_POINT('',(-6.271340799332,-5.037618336082,
    28.839155387878));
#8013 = VECTOR('',#8014,1.);
#8014 = DIRECTION('',(-0.133144173629,0.12324787733,0.983403574207));
#8015 = PLANE('',#8016);
#8016 = AXIS2_PLACEMENT_3D('',#8017,#8018,#8019);
#8017 = CARTESIAN_POINT('',(-6.571621827813,-4.759656497016,
    33.243753802826));
#8018 = DIRECTION('',(0.679307826542,0.733853443678,0.));
#8019 = DIRECTION('',(0.733853443678,-0.679307826542,0.));
#8020 = ADVANCED_FACE('',(#8021),#8038,.T.);
#8021 = FACE_BOUND('',#8022,.T.);
#8022 = EDGE_LOOP('',(#8023,#8031,#8032));
#8023 = ORIENTED_EDGE('',*,*,#8024,.T.);
#8024 = EDGE_CURVE('',#8025,#8002,#8027,.T.);
#8025 = VERTEX_POINT('',#8026);
#8026 = CARTESIAN_POINT('',(-7.371800518036,-4.018953225017,
    28.839155387878));
#8027 = LINE('',#8028,#8029);
#8028 = CARTESIAN_POINT('',(-7.371800518036,-4.018953225017,
    28.839155387878));
#8029 = VECTOR('',#8030,1.);
#8030 = DIRECTION('',(0.,0.,1.));
#8031 = ORIENTED_EDGE('',*,*,#8010,.F.);
#8032 = ORIENTED_EDGE('',*,*,#8033,.T.);
#8033 = EDGE_CURVE('',#7979,#8025,#8034,.T.);
#8034 = LINE('',#8035,#8036);
#8035 = CARTESIAN_POINT('',(-6.271340799332,-5.037618336082,
    28.839155387878));
#8036 = VECTOR('',#8037,1.);
#8037 = DIRECTION('',(-0.733853443678,0.679307826542,0.));
#8038 = PLANE('',#8039);
#8039 = AXIS2_PLACEMENT_3D('',#8040,#8041,#8042);
#8040 = CARTESIAN_POINT('',(-7.071519489554,-4.296915064082,
    32.562558305214));
#8041 = DIRECTION('',(0.679307826542,0.733853443678,0.));
#8042 = DIRECTION('',(0.733853443678,-0.679307826542,0.));
#8043 = ADVANCED_FACE('',(#8044),#8061,.T.);
#8044 = FACE_BOUND('',#8045,.T.);
#8045 = EDGE_LOOP('',(#8046,#8054,#8055));
#8046 = ORIENTED_EDGE('',*,*,#8047,.T.);
#8047 = EDGE_CURVE('',#8048,#8002,#8050,.T.);
#8048 = VERTEX_POINT('',#8049);
#8049 = CARTESIAN_POINT('',(-8.325980859995,-2.862133581936,
    36.967156720161));
#8050 = LINE('',#8051,#8052);
#8051 = CARTESIAN_POINT('',(-8.325980859995,-2.862133581936,
    36.967156720161));
#8052 = VECTOR('',#8053,1.);
#8053 = DIRECTION('',(0.63630523423,-0.771437391427,0.));
#8054 = ORIENTED_EDGE('',*,*,#8024,.F.);
#8055 = ORIENTED_EDGE('',*,*,#8056,.T.);
#8056 = EDGE_CURVE('',#8025,#8048,#8057,.T.);
#8057 = LINE('',#8058,#8059);
#8058 = CARTESIAN_POINT('',(-7.371800518036,-4.018953225017,
    28.839155387878));
#8059 = VECTOR('',#8060,1.);
#8060 = DIRECTION('',(-0.115445889992,0.139963136299,0.983403562614));
#8061 = PLANE('',#8062);
#8062 = AXIS2_PLACEMENT_3D('',#8063,#8064,#8065);
#8063 = CARTESIAN_POINT('',(-7.632166488755,-3.703293327121,
    33.243753912724));
#8064 = DIRECTION('',(0.771437391427,0.63630523423,0.));
#8065 = DIRECTION('',(-0.63630523423,0.771437391427,0.));
#8066 = ADVANCED_FACE('',(#8067),#8084,.T.);
#8067 = FACE_BOUND('',#8068,.T.);
#8068 = EDGE_LOOP('',(#8069,#8077,#8078));
#8069 = ORIENTED_EDGE('',*,*,#8070,.T.);
#8070 = EDGE_CURVE('',#8071,#8048,#8073,.T.);
#8071 = VERTEX_POINT('',#8072);
#8072 = CARTESIAN_POINT('',(-8.325980859995,-2.862133581936,
    28.839155387878));
#8073 = LINE('',#8074,#8075);
#8074 = CARTESIAN_POINT('',(-8.325980859995,-2.862133581936,
    28.839155387878));
#8075 = VECTOR('',#8076,1.);
#8076 = DIRECTION('',(0.,0.,1.));
#8077 = ORIENTED_EDGE('',*,*,#8056,.F.);
#8078 = ORIENTED_EDGE('',*,*,#8079,.T.);
#8079 = EDGE_CURVE('',#8025,#8071,#8080,.T.);
#8080 = LINE('',#8081,#8082);
#8081 = CARTESIAN_POINT('',(-7.371800518036,-4.018953225017,
    28.839155387878));
#8082 = VECTOR('',#8083,1.);
#8083 = DIRECTION('',(-0.63630523423,0.771437391427,0.));
#8084 = PLANE('',#8085);
#8085 = AXIS2_PLACEMENT_3D('',#8086,#8087,#8088);
#8086 = CARTESIAN_POINT('',(-8.065614889276,-3.177793479832,
    32.562558195316));
#8087 = DIRECTION('',(0.771437391427,0.63630523423,0.));
#8088 = DIRECTION('',(-0.63630523423,0.771437391427,0.));
#8089 = ADVANCED_FACE('',(#8090),#8107,.T.);
#8090 = FACE_BOUND('',#8091,.T.);
#8091 = EDGE_LOOP('',(#8092,#8100,#8101));
#8092 = ORIENTED_EDGE('',*,*,#8093,.T.);
#8093 = EDGE_CURVE('',#8094,#8048,#8096,.T.);
#8094 = VERTEX_POINT('',#8095);
#8095 = CARTESIAN_POINT('',(-9.116701430082,-1.587986359,36.967156720161
    ));
#8096 = LINE('',#8097,#8098);
#8097 = CARTESIAN_POINT('',(-9.116701430082,-1.587986359,36.967156720161
    ));
#8098 = VECTOR('',#8099,1.);
#8099 = DIRECTION('',(0.527300552705,-0.84967883763,0.));
#8100 = ORIENTED_EDGE('',*,*,#8070,.F.);
#8101 = ORIENTED_EDGE('',*,*,#8102,.T.);
#8102 = EDGE_CURVE('',#8071,#8094,#8103,.T.);
#8103 = LINE('',#8104,#8105);
#8104 = CARTESIAN_POINT('',(-8.325980859995,-2.862133581936,
    28.839155387878));
#8105 = VECTOR('',#8106,1.);
#8106 = DIRECTION('',(-9.566896008432E-02,0.154158554139,0.983403574461)
  );
#8107 = PLANE('',#8108);
#8108 = AXIS2_PLACEMENT_3D('',#8109,#8110,#8111);
#8109 = CARTESIAN_POINT('',(-8.541743765114,-2.514458667726,
    33.243753800416));
#8110 = DIRECTION('',(0.84967883763,0.527300552705,0.));
#8111 = DIRECTION('',(-0.527300552705,0.84967883763,0.));
#8112 = ADVANCED_FACE('',(#8113),#8130,.T.);
#8113 = FACE_BOUND('',#8114,.T.);
#8114 = EDGE_LOOP('',(#8115,#8123,#8124));
#8115 = ORIENTED_EDGE('',*,*,#8116,.T.);
#8116 = EDGE_CURVE('',#8117,#8094,#8119,.T.);
#8117 = VERTEX_POINT('',#8118);
#8118 = CARTESIAN_POINT('',(-9.116701430082,-1.587986359,28.839155387878
    ));
#8119 = LINE('',#8120,#8121);
#8120 = CARTESIAN_POINT('',(-9.116701430082,-1.587986359,28.839155387878
    ));
#8121 = VECTOR('',#8122,1.);
#8122 = DIRECTION('',(0.,0.,1.));
#8123 = ORIENTED_EDGE('',*,*,#8102,.F.);
#8124 = ORIENTED_EDGE('',*,*,#8125,.T.);
#8125 = EDGE_CURVE('',#8071,#8117,#8126,.T.);
#8126 = LINE('',#8127,#8128);
#8127 = CARTESIAN_POINT('',(-8.325980859995,-2.862133581936,
    28.839155387878));
#8128 = VECTOR('',#8129,1.);
#8129 = DIRECTION('',(-0.527300552705,0.84967883763,0.));
#8130 = PLANE('',#8131);
#8131 = AXIS2_PLACEMENT_3D('',#8132,#8133,#8134);
#8132 = CARTESIAN_POINT('',(-8.900938524964,-1.935661273211,
    32.562558307624));
#8133 = DIRECTION('',(0.84967883763,0.527300552705,0.));
#8134 = DIRECTION('',(-0.527300552705,0.84967883763,0.));
#8135 = ADVANCED_FACE('',(#8136),#8153,.T.);
#8136 = FACE_BOUND('',#8137,.T.);
#8137 = EDGE_LOOP('',(#8138,#8146,#8147));
#8138 = ORIENTED_EDGE('',*,*,#8139,.T.);
#8139 = EDGE_CURVE('',#8140,#8094,#8142,.T.);
#8140 = VERTEX_POINT('',#8141);
#8141 = CARTESIAN_POINT('',(-9.729728752375,-0.21945163887,
    36.967156720161));
#8142 = LINE('',#8143,#8144);
#8143 = CARTESIAN_POINT('',(-9.729728752375,-0.21945163887,
    36.967156720161));
#8144 = VECTOR('',#8145,1.);
#8145 = DIRECTION('',(0.408803926387,-0.912622238262,0.));
#8146 = ORIENTED_EDGE('',*,*,#8116,.F.);
#8147 = ORIENTED_EDGE('',*,*,#8148,.T.);
#8148 = EDGE_CURVE('',#8117,#8140,#8149,.T.);
#8149 = LINE('',#8150,#8151);
#8150 = CARTESIAN_POINT('',(-9.116701430082,-1.587986359,28.839155387878
    ));
#8151 = VECTOR('',#8152,1.);
#8152 = DIRECTION('',(-7.416992653531E-02,0.165578459494,0.983403577251)
  );
#8153 = PLANE('',#8154);
#8154 = AXIS2_PLACEMENT_3D('',#8155,#8156,#8157);
#8155 = CARTESIAN_POINT('',(-9.283977405995,-1.214556052462,
    33.243753773969));
#8156 = DIRECTION('',(0.912622238262,0.408803926387,0.));
#8157 = DIRECTION('',(-0.408803926387,0.912622238262,0.));
#8158 = ADVANCED_FACE('',(#8159),#8176,.T.);
#8159 = FACE_BOUND('',#8160,.T.);
#8160 = EDGE_LOOP('',(#8161,#8169,#8170));
#8161 = ORIENTED_EDGE('',*,*,#8162,.T.);
#8162 = EDGE_CURVE('',#8163,#8140,#8165,.T.);
#8163 = VERTEX_POINT('',#8164);
#8164 = CARTESIAN_POINT('',(-9.729728752375,-0.21945163887,
    28.839155387878));
#8165 = LINE('',#8166,#8167);
#8166 = CARTESIAN_POINT('',(-9.729728752375,-0.21945163887,
    28.839155387878));
#8167 = VECTOR('',#8168,1.);
#8168 = DIRECTION('',(0.,0.,1.));
#8169 = ORIENTED_EDGE('',*,*,#8148,.F.);
#8170 = ORIENTED_EDGE('',*,*,#8171,.T.);
#8171 = EDGE_CURVE('',#8117,#8163,#8172,.T.);
#8172 = LINE('',#8173,#8174);
#8173 = CARTESIAN_POINT('',(-9.116701430082,-1.587986359,28.839155387878
    ));
#8174 = VECTOR('',#8175,1.);
#8175 = DIRECTION('',(-0.408803926387,0.912622238262,0.));
#8176 = PLANE('',#8177);
#8177 = AXIS2_PLACEMENT_3D('',#8178,#8179,#8180);
#8178 = CARTESIAN_POINT('',(-9.562452776462,-0.592881945408,
    32.562558334071));
#8179 = DIRECTION('',(0.912622238262,0.408803926387,0.));
#8180 = DIRECTION('',(-0.408803926387,0.912622238262,0.));
#8181 = ADVANCED_FACE('',(#8182),#8199,.T.);
#8182 = FACE_BOUND('',#8183,.T.);
#8183 = EDGE_LOOP('',(#8184,#8192,#8193));
#8184 = ORIENTED_EDGE('',*,*,#8185,.T.);
#8185 = EDGE_CURVE('',#8186,#8140,#8188,.T.);
#8186 = VERTEX_POINT('',#8187);
#8187 = CARTESIAN_POINT('',(-10.15402607321,1.218833159655,
    36.967156720161));
#8188 = LINE('',#8189,#8190);
#8189 = CARTESIAN_POINT('',(-10.15402607321,1.218833159655,
    36.967156720161));
#8190 = VECTOR('',#8191,1.);
#8191 = DIRECTION('',(0.282947174942,-0.959135494178,0.));
#8192 = ORIENTED_EDGE('',*,*,#8162,.F.);
#8193 = ORIENTED_EDGE('',*,*,#8194,.T.);
#8194 = EDGE_CURVE('',#8163,#8186,#8195,.T.);
#8195 = LINE('',#8196,#8197);
#8196 = CARTESIAN_POINT('',(-9.729728752375,-0.21945163887,
    28.839155387878));
#8197 = VECTOR('',#8198,1.);
#8198 = DIRECTION('',(-5.133555977539E-02,0.174017491089,0.983403565734)
  );
#8199 = PLANE('',#8200);
#8200 = AXIS2_PLACEMENT_3D('',#8201,#8202,#8203);
#8201 = CARTESIAN_POINT('',(-9.845506219253,0.173011293236,
    33.243753883148));
#8202 = DIRECTION('',(0.959135494178,0.282947174942,0.));
#8203 = DIRECTION('',(-0.282947174942,0.959135494178,0.));
#8204 = ADVANCED_FACE('',(#8205),#8222,.T.);
#8205 = FACE_BOUND('',#8206,.T.);
#8206 = EDGE_LOOP('',(#8207,#8215,#8216));
#8207 = ORIENTED_EDGE('',*,*,#8208,.T.);
#8208 = EDGE_CURVE('',#8209,#8186,#8211,.T.);
#8209 = VERTEX_POINT('',#8210);
#8210 = CARTESIAN_POINT('',(-10.15402607321,1.218833159655,
    28.839155387878));
#8211 = LINE('',#8212,#8213);
#8212 = CARTESIAN_POINT('',(-10.15402607321,1.218833159655,
    28.839155387878));
#8213 = VECTOR('',#8214,1.);
#8214 = DIRECTION('',(0.,0.,1.));
#8215 = ORIENTED_EDGE('',*,*,#8194,.F.);
#8216 = ORIENTED_EDGE('',*,*,#8217,.T.);
#8217 = EDGE_CURVE('',#8163,#8209,#8218,.T.);
#8218 = LINE('',#8219,#8220);
#8219 = CARTESIAN_POINT('',(-9.729728752375,-0.21945163887,
    28.839155387878));
#8220 = VECTOR('',#8221,1.);
#8221 = DIRECTION('',(-0.282947174942,0.959135494178,0.));
#8222 = PLANE('',#8223);
#8223 = AXIS2_PLACEMENT_3D('',#8224,#8225,#8226);
#8224 = CARTESIAN_POINT('',(-10.03824860633,0.826370227549,
    32.562558224892));
#8225 = DIRECTION('',(0.959135494178,0.282947174942,0.));
#8226 = DIRECTION('',(-0.282947174942,0.959135494178,0.));
#8227 = ADVANCED_FACE('',(#8228),#8245,.T.);
#8228 = FACE_BOUND('',#8229,.T.);
#8229 = EDGE_LOOP('',(#8230,#8238,#8239));
#8230 = ORIENTED_EDGE('',*,*,#8231,.T.);
#8231 = EDGE_CURVE('',#8232,#8186,#8234,.T.);
#8232 = VERTEX_POINT('',#8233);
#8233 = CARTESIAN_POINT('',(-10.38195320367,2.700973512232,
    36.967156720161));
#8234 = LINE('',#8235,#8236);
#8235 = CARTESIAN_POINT('',(-10.38195320367,2.700973512232,
    36.967156720161));
#8236 = VECTOR('',#8237,1.);
#8237 = DIRECTION('',(0.15199564729,-0.988381162915,0.));
#8238 = ORIENTED_EDGE('',*,*,#8208,.F.);
#8239 = ORIENTED_EDGE('',*,*,#8240,.T.);
#8240 = EDGE_CURVE('',#8209,#8232,#8241,.T.);
#8241 = LINE('',#8242,#8243);
#8242 = CARTESIAN_POINT('',(-10.15402607321,1.218833159655,
    28.839155387878));
#8243 = VECTOR('',#8244,1.);
#8244 = DIRECTION('',(-2.757681065802E-02,0.179323557441,0.983403569884)
  );
#8245 = PLANE('',#8246);
#8246 = AXIS2_PLACEMENT_3D('',#8247,#8248,#8249);
#8247 = CARTESIAN_POINT('',(-10.21622025692,1.623262896391,
    33.243753843804));
#8248 = DIRECTION('',(0.988381162915,0.15199564729,0.));
#8249 = DIRECTION('',(-0.15199564729,0.988381162915,0.));
#8250 = ADVANCED_FACE('',(#8251),#8268,.T.);
#8251 = FACE_BOUND('',#8252,.T.);
#8252 = EDGE_LOOP('',(#8253,#8261,#8262));
#8253 = ORIENTED_EDGE('',*,*,#8254,.T.);
#8254 = EDGE_CURVE('',#8255,#8232,#8257,.T.);
#8255 = VERTEX_POINT('',#8256);
#8256 = CARTESIAN_POINT('',(-10.38195320367,2.700973512232,
    28.839155387878));
#8257 = LINE('',#8258,#8259);
#8258 = CARTESIAN_POINT('',(-10.38195320367,2.700973512232,
    28.839155387878));
#8259 = VECTOR('',#8260,1.);
#8260 = DIRECTION('',(0.,0.,1.));
#8261 = ORIENTED_EDGE('',*,*,#8240,.F.);
#8262 = ORIENTED_EDGE('',*,*,#8263,.T.);
#8263 = EDGE_CURVE('',#8209,#8255,#8264,.T.);
#8264 = LINE('',#8265,#8266);
#8265 = CARTESIAN_POINT('',(-10.15402607321,1.218833159655,
    28.839155387878));
#8266 = VECTOR('',#8267,1.);
#8267 = DIRECTION('',(-0.15199564729,0.988381162915,0.));
#8268 = PLANE('',#8269);
#8269 = AXIS2_PLACEMENT_3D('',#8270,#8271,#8272);
#8270 = CARTESIAN_POINT('',(-10.31975901997,2.296543775496,
    32.562558264236));
#8271 = DIRECTION('',(0.988381162915,0.15199564729,0.));
#8272 = DIRECTION('',(-0.15199564729,0.988381162915,0.));
#8273 = ADVANCED_FACE('',(#8274),#8291,.T.);
#8274 = FACE_BOUND('',#8275,.T.);
#8275 = EDGE_LOOP('',(#8276,#8284,#8285));
#8276 = ORIENTED_EDGE('',*,*,#8277,.T.);
#8277 = EDGE_CURVE('',#8278,#8232,#8280,.T.);
#8278 = VERTEX_POINT('',#8279);
#8279 = CARTESIAN_POINT('',(-10.40940731763,4.2002856493,36.967156720161
    ));
#8280 = LINE('',#8281,#8282);
#8281 = CARTESIAN_POINT('',(-10.40940731763,4.2002856493,36.967156720161
    ));
#8282 = VECTOR('',#8283,1.);
#8283 = DIRECTION('',(1.830807060536E-02,-0.999832393229,0.));
#8284 = ORIENTED_EDGE('',*,*,#8254,.F.);
#8285 = ORIENTED_EDGE('',*,*,#8286,.T.);
#8286 = EDGE_CURVE('',#8255,#8278,#8287,.T.);
#8287 = LINE('',#8288,#8289);
#8288 = CARTESIAN_POINT('',(-10.38195320367,2.700973512232,
    28.839155387878));
#8289 = VECTOR('',#8290,1.);
#8290 = DIRECTION('',(-3.321662067968E-03,0.181401164902,0.983403571243)
  );
#8291 = PLANE('',#8292);
#8292 = AXIS2_PLACEMENT_3D('',#8293,#8294,#8295);
#8293 = CARTESIAN_POINT('',(-10.38944457251,3.110088890359,
    33.243753830921));
#8294 = DIRECTION('',(0.999832393229,1.830807060536E-02,0.));
#8295 = DIRECTION('',(-1.830807060536E-02,0.999832393229,0.));
#8296 = ADVANCED_FACE('',(#8297),#8314,.T.);
#8297 = FACE_BOUND('',#8298,.T.);
#8298 = EDGE_LOOP('',(#8299,#8307,#8308));
#8299 = ORIENTED_EDGE('',*,*,#8300,.T.);
#8300 = EDGE_CURVE('',#8301,#8278,#8303,.T.);
#8301 = VERTEX_POINT('',#8302);
#8302 = CARTESIAN_POINT('',(-10.40940731763,4.2002856493,28.839155387878
    ));
#8303 = LINE('',#8304,#8305);
#8304 = CARTESIAN_POINT('',(-10.40940731763,4.2002856493,28.839155387878
    ));
#8305 = VECTOR('',#8306,1.);
#8306 = DIRECTION('',(0.,0.,1.));
#8307 = ORIENTED_EDGE('',*,*,#8286,.F.);
#8308 = ORIENTED_EDGE('',*,*,#8309,.T.);
#8309 = EDGE_CURVE('',#8255,#8301,#8310,.T.);
#8310 = LINE('',#8311,#8312);
#8311 = CARTESIAN_POINT('',(-10.38195320367,2.700973512232,
    28.839155387878));
#8312 = VECTOR('',#8313,1.);
#8313 = DIRECTION('',(-1.830807060536E-02,0.999832393229,0.));
#8314 = PLANE('',#8315);
#8315 = AXIS2_PLACEMENT_3D('',#8316,#8317,#8318);
#8316 = CARTESIAN_POINT('',(-10.4019159488,3.791170271173,
    32.562558277119));
#8317 = DIRECTION('',(0.999832393229,1.830807060536E-02,0.));
#8318 = DIRECTION('',(-1.830807060536E-02,0.999832393229,0.));
#8319 = ADVANCED_FACE('',(#8320),#8337,.T.);
#8320 = FACE_BOUND('',#8321,.T.);
#8321 = EDGE_LOOP('',(#8322,#8330,#8331));
#8322 = ORIENTED_EDGE('',*,*,#8323,.T.);
#8323 = EDGE_CURVE('',#8324,#8278,#8326,.T.);
#8324 = VERTEX_POINT('',#8325);
#8325 = CARTESIAN_POINT('',(-10.23589486479,5.689776551723,
    36.967156720161));
#8326 = LINE('',#8327,#8328);
#8327 = CARTESIAN_POINT('',(-10.23589486479,5.689776551723,
    36.967156720161));
#8328 = VECTOR('',#8329,1.);
#8329 = DIRECTION('',(-0.115708664752,-0.993283194714,0.));
#8330 = ORIENTED_EDGE('',*,*,#8300,.F.);
#8331 = ORIENTED_EDGE('',*,*,#8332,.T.);
#8332 = EDGE_CURVE('',#8301,#8324,#8333,.T.);
#8333 = LINE('',#8334,#8335);
#8334 = CARTESIAN_POINT('',(-10.40940731763,4.2002856493,28.839155387878
    ));
#8335 = VECTOR('',#8336,1.);
#8336 = DIRECTION('',(2.099320114729E-02,0.1802128989,0.983403577671));
#8337 = PLANE('',#8338);
#8338 = AXIS2_PLACEMENT_3D('',#8339,#8340,#8341);
#8339 = CARTESIAN_POINT('',(-10.36206119815,4.606721113085,
    33.243753769985));
#8340 = DIRECTION('',(0.993283194714,-0.115708664752,0.));
#8341 = DIRECTION('',(0.115708664752,0.993283194714,0.));
#8342 = ADVANCED_FACE('',(#8343),#8360,.T.);
#8343 = FACE_BOUND('',#8344,.T.);
#8344 = EDGE_LOOP('',(#8345,#8353,#8354));
#8345 = ORIENTED_EDGE('',*,*,#8346,.T.);
#8346 = EDGE_CURVE('',#8347,#8324,#8349,.T.);
#8347 = VERTEX_POINT('',#8348);
#8348 = CARTESIAN_POINT('',(-10.23589486479,5.689776551723,
    28.839155387878));
#8349 = LINE('',#8350,#8351);
#8350 = CARTESIAN_POINT('',(-10.23589486479,5.689776551723,
    28.839155387878));
#8351 = VECTOR('',#8352,1.);
#8352 = DIRECTION('',(0.,0.,1.));
#8353 = ORIENTED_EDGE('',*,*,#8332,.F.);
#8354 = ORIENTED_EDGE('',*,*,#8355,.T.);
#8355 = EDGE_CURVE('',#8301,#8347,#8356,.T.);
#8356 = LINE('',#8357,#8358);
#8357 = CARTESIAN_POINT('',(-10.40940731763,4.2002856493,28.839155387878
    ));
#8358 = VECTOR('',#8359,1.);
#8359 = DIRECTION('',(0.115708664752,0.993283194714,0.));
#8360 = PLANE('',#8361);
#8361 = AXIS2_PLACEMENT_3D('',#8362,#8363,#8364);
#8362 = CARTESIAN_POINT('',(-10.28324098428,5.283341087938,
    32.562558338055));
#8363 = DIRECTION('',(0.993283194714,-0.115708664752,0.));
#8364 = DIRECTION('',(0.115708664752,0.993283194714,0.));
#8365 = ADVANCED_FACE('',(#8366),#8383,.T.);
#8366 = FACE_BOUND('',#8367,.T.);
#8367 = EDGE_LOOP('',(#8368,#8376,#8377));
#8368 = ORIENTED_EDGE('',*,*,#8369,.T.);
#8369 = EDGE_CURVE('',#8370,#8324,#8372,.T.);
#8370 = VERTEX_POINT('',#8371);
#8371 = CARTESIAN_POINT('',(-9.864537626505,7.142631185055,
    36.967156720161));
#8372 = LINE('',#8373,#8374);
#8373 = CARTESIAN_POINT('',(-9.864537626505,7.142631185055,
    36.967156720161));
#8374 = VECTOR('',#8375,1.);
#8375 = DIRECTION('',(-0.247643441194,-0.968851240405,0.));
#8376 = ORIENTED_EDGE('',*,*,#8346,.F.);
#8377 = ORIENTED_EDGE('',*,*,#8378,.T.);
#8378 = EDGE_CURVE('',#8347,#8370,#8379,.T.);
#8379 = LINE('',#8380,#8381);
#8380 = CARTESIAN_POINT('',(-10.23589486479,5.689776551723,
    28.839155387878));
#8381 = VECTOR('',#8382,1.);
#8382 = DIRECTION('',(4.493036031993E-02,0.17578028765,0.983403555614));
#8383 = PLANE('',#8384);
#8384 = AXIS2_PLACEMENT_3D('',#8385,#8386,#8387);
#8385 = CARTESIAN_POINT('',(-10.13456308787,6.086215146219,
    33.243753979076));
#8386 = DIRECTION('',(0.968851240405,-0.247643441194,0.));
#8387 = DIRECTION('',(0.247643441194,0.968851240405,0.));
#8388 = ADVANCED_FACE('',(#8389),#8406,.T.);
#8389 = FACE_BOUND('',#8390,.T.);
#8390 = EDGE_LOOP('',(#8391,#8399,#8400));
#8391 = ORIENTED_EDGE('',*,*,#8392,.T.);
#8392 = EDGE_CURVE('',#8393,#8370,#8395,.T.);
#8393 = VERTEX_POINT('',#8394);
#8394 = CARTESIAN_POINT('',(-9.864537626505,7.142631185055,
    28.839155387878));
#8395 = LINE('',#8396,#8397);
#8396 = CARTESIAN_POINT('',(-9.864537626505,7.142631185055,
    28.839155387878));
#8397 = VECTOR('',#8398,1.);
#8398 = DIRECTION('',(0.,0.,1.));
#8399 = ORIENTED_EDGE('',*,*,#8378,.F.);
#8400 = ORIENTED_EDGE('',*,*,#8401,.T.);
#8401 = EDGE_CURVE('',#8347,#8393,#8402,.T.);
#8402 = LINE('',#8403,#8404);
#8403 = CARTESIAN_POINT('',(-10.23589486479,5.689776551723,
    28.839155387878));
#8404 = VECTOR('',#8405,1.);
#8405 = DIRECTION('',(0.247643441194,0.968851240405,0.));
#8406 = PLANE('',#8407);
#8407 = AXIS2_PLACEMENT_3D('',#8408,#8409,#8410);
#8408 = CARTESIAN_POINT('',(-9.965869403427,6.746192590559,
    32.562558128963));
#8409 = DIRECTION('',(0.968851240405,-0.247643441194,0.));
#8410 = DIRECTION('',(0.247643441194,0.968851240405,0.));
#8411 = ADVANCED_FACE('',(#8412),#8429,.T.);
#8412 = FACE_BOUND('',#8413,.T.);
#8413 = EDGE_LOOP('',(#8414,#8422,#8423));
#8414 = ORIENTED_EDGE('',*,*,#8415,.T.);
#8415 = EDGE_CURVE('',#8416,#8370,#8418,.T.);
#8416 = VERTEX_POINT('',#8417);
#8417 = CARTESIAN_POINT('',(-9.302023512125,8.532691383362,
    36.967156720161));
#8418 = LINE('',#8419,#8420);
#8419 = CARTESIAN_POINT('',(-9.302023512125,8.532691383362,
    36.967156720161));
#8420 = VECTOR('',#8421,1.);
#8421 = DIRECTION('',(-0.375118669742,-0.926976797774,0.));
#8422 = ORIENTED_EDGE('',*,*,#8392,.F.);
#8423 = ORIENTED_EDGE('',*,*,#8424,.T.);
#8424 = EDGE_CURVE('',#8393,#8416,#8425,.T.);
#8425 = LINE('',#8426,#8427);
#8426 = CARTESIAN_POINT('',(-9.864537626505,7.142631185055,
    28.839155387878));
#8427 = VECTOR('',#8428,1.);
#8428 = DIRECTION('',(6.805835418966E-02,0.168182818711,0.983403579369)
  );
#8429 = PLANE('',#8430);
#8430 = AXIS2_PLACEMENT_3D('',#8431,#8432,#8433);
#8431 = CARTESIAN_POINT('',(-9.711045125407,7.521935119055,
    33.243753753889));
#8432 = DIRECTION('',(0.926976797774,-0.375118669742,0.));
#8433 = DIRECTION('',(0.375118669742,0.926976797774,0.));
#8434 = ADVANCED_FACE('',(#8435),#8452,.T.);
#8435 = FACE_BOUND('',#8436,.T.);
#8436 = EDGE_LOOP('',(#8437,#8445,#8446));
#8437 = ORIENTED_EDGE('',*,*,#8438,.T.);
#8438 = EDGE_CURVE('',#8439,#8416,#8441,.T.);
#8439 = VERTEX_POINT('',#8440);
#8440 = CARTESIAN_POINT('',(-9.302023512125,8.532691383362,
    28.839155387878));
#8441 = LINE('',#8442,#8443);
#8442 = CARTESIAN_POINT('',(-9.302023512125,8.532691383362,
    28.839155387878));
#8443 = VECTOR('',#8444,1.);
#8444 = DIRECTION('',(0.,0.,1.));
#8445 = ORIENTED_EDGE('',*,*,#8424,.F.);
#8446 = ORIENTED_EDGE('',*,*,#8447,.T.);
#8447 = EDGE_CURVE('',#8393,#8439,#8448,.T.);
#8448 = LINE('',#8449,#8450);
#8449 = CARTESIAN_POINT('',(-9.864537626505,7.142631185055,
    28.839155387878));
#8450 = VECTOR('',#8451,1.);
#8451 = DIRECTION('',(0.375118669742,0.926976797774,0.));
#8452 = PLANE('',#8453);
#8453 = AXIS2_PLACEMENT_3D('',#8454,#8455,#8456);
#8454 = CARTESIAN_POINT('',(-9.455516013223,8.153387449362,
    32.562558354151));
#8455 = DIRECTION('',(0.926976797774,-0.375118669742,0.));
#8456 = DIRECTION('',(0.375118669742,0.926976797774,0.));
#8457 = ADVANCED_FACE('',(#8458),#8475,.T.);
#8458 = FACE_BOUND('',#8459,.T.);
#8459 = EDGE_LOOP('',(#8460,#8468,#8469));
#8460 = ORIENTED_EDGE('',*,*,#8461,.T.);
#8461 = EDGE_CURVE('',#8462,#8416,#8464,.T.);
#8462 = VERTEX_POINT('',#8463);
#8463 = CARTESIAN_POINT('',(-8.558478629589,9.834932178259,
    36.967156720161));
#8464 = LINE('',#8465,#8466);
#8465 = CARTESIAN_POINT('',(-8.558478629589,9.834932178259,
    36.967156720161));
#8466 = VECTOR('',#8467,1.);
#8467 = DIRECTION('',(-0.495840945338,-0.868413356027,0.));
#8468 = ORIENTED_EDGE('',*,*,#8438,.F.);
#8469 = ORIENTED_EDGE('',*,*,#8470,.T.);
#8470 = EDGE_CURVE('',#8439,#8462,#8471,.T.);
#8471 = LINE('',#8472,#8473);
#8472 = CARTESIAN_POINT('',(-9.302023512125,8.532691383362,
    28.839155387878));
#8473 = VECTOR('',#8474,1.);
#8474 = DIRECTION('',(8.996119289629E-02,0.15755758408,0.983403575076));
#8475 = PLANE('',#8476);
#8476 = AXIS2_PLACEMENT_3D('',#8477,#8478,#8479);
#8477 = CARTESIAN_POINT('',(-9.09913337652,8.88803215387,33.243753794587
    ));
#8478 = DIRECTION('',(0.868413356027,-0.495840945338,0.));
#8479 = DIRECTION('',(0.495840945338,0.868413356027,0.));
#8480 = ADVANCED_FACE('',(#8481),#8498,.T.);
#8481 = FACE_BOUND('',#8482,.T.);
#8482 = EDGE_LOOP('',(#8483,#8491,#8492));
#8483 = ORIENTED_EDGE('',*,*,#8484,.T.);
#8484 = EDGE_CURVE('',#8485,#8462,#8487,.T.);
#8485 = VERTEX_POINT('',#8486);
#8486 = CARTESIAN_POINT('',(-8.558478629589,9.834932178259,
    28.839155387878));
#8487 = LINE('',#8488,#8489);
#8488 = CARTESIAN_POINT('',(-8.558478629589,9.834932178259,
    28.839155387878));
#8489 = VECTOR('',#8490,1.);
#8490 = DIRECTION('',(0.,0.,1.));
#8491 = ORIENTED_EDGE('',*,*,#8470,.F.);
#8492 = ORIENTED_EDGE('',*,*,#8493,.T.);
#8493 = EDGE_CURVE('',#8439,#8485,#8494,.T.);
#8494 = LINE('',#8495,#8496);
#8495 = CARTESIAN_POINT('',(-9.302023512125,8.532691383362,
    28.839155387878));
#8496 = VECTOR('',#8497,1.);
#8497 = DIRECTION('',(0.495840945338,0.868413356027,0.));
#8498 = PLANE('',#8499);
#8499 = AXIS2_PLACEMENT_3D('',#8500,#8501,#8502);
#8500 = CARTESIAN_POINT('',(-8.761368765194,9.479591407751,
    32.562558313453));
#8501 = DIRECTION('',(0.868413356027,-0.495840945338,0.));
#8502 = DIRECTION('',(0.495840945338,0.868413356027,0.));
#8503 = ADVANCED_FACE('',(#8504),#8521,.T.);
#8504 = FACE_BOUND('',#8505,.T.);
#8505 = EDGE_LOOP('',(#8506,#8514,#8515));
#8506 = ORIENTED_EDGE('',*,*,#8507,.T.);
#8507 = EDGE_CURVE('',#8508,#8462,#8510,.T.);
#8508 = VERTEX_POINT('',#8509);
#8509 = CARTESIAN_POINT('',(-7.647290152311,11.025909173489,
    36.967156720161));
#8510 = LINE('',#8511,#8512);
#8511 = CARTESIAN_POINT('',(-7.647290152311,11.025909173489,
    36.967156720161));
#8512 = VECTOR('',#8513,1.);
#8513 = DIRECTION('',(-0.607635813119,-0.794215788445,0.));
#8514 = ORIENTED_EDGE('',*,*,#8484,.F.);
#8515 = ORIENTED_EDGE('',*,*,#8516,.T.);
#8516 = EDGE_CURVE('',#8485,#8508,#8517,.T.);
#8517 = LINE('',#8518,#8519);
#8518 = CARTESIAN_POINT('',(-8.558478629589,9.834932178259,
    28.839155387878));
#8519 = VECTOR('',#8520,1.);
#8520 = DIRECTION('',(0.110244322779,0.14409582162,0.983403571016));
#8521 = PLANE('',#8522);
#8522 = AXIS2_PLACEMENT_3D('',#8523,#8524,#8525);
#8523 = CARTESIAN_POINT('',(-8.309843799372,10.15991254224,
    33.243753833074));
#8524 = DIRECTION('',(0.794215788445,-0.607635813119,0.));
#8525 = DIRECTION('',(0.607635813119,0.794215788445,0.));
#8526 = ADVANCED_FACE('',(#8527),#8544,.T.);
#8527 = FACE_BOUND('',#8528,.T.);
#8528 = EDGE_LOOP('',(#8529,#8537,#8538));
#8529 = ORIENTED_EDGE('',*,*,#8530,.T.);
#8530 = EDGE_CURVE('',#8531,#8508,#8533,.T.);
#8531 = VERTEX_POINT('',#8532);
#8532 = CARTESIAN_POINT('',(-7.647290152311,11.025909173489,
    28.839155387878));
#8533 = LINE('',#8534,#8535);
#8534 = CARTESIAN_POINT('',(-7.647290152311,11.025909173489,
    28.839155387878));
#8535 = VECTOR('',#8536,1.);
#8536 = DIRECTION('',(0.,0.,1.));
#8537 = ORIENTED_EDGE('',*,*,#8516,.F.);
#8538 = ORIENTED_EDGE('',*,*,#8539,.T.);
#8539 = EDGE_CURVE('',#8485,#8531,#8540,.T.);
#8540 = LINE('',#8541,#8542);
#8541 = CARTESIAN_POINT('',(-8.558478629589,9.834932178259,
    28.839155387878));
#8542 = VECTOR('',#8543,1.);
#8543 = DIRECTION('',(0.607635813119,0.794215788445,0.));
#8544 = PLANE('',#8545);
#8545 = AXIS2_PLACEMENT_3D('',#8546,#8547,#8548);
#8546 = CARTESIAN_POINT('',(-7.895924982528,10.700928809508,
    32.562558274966));
#8547 = DIRECTION('',(0.794215788445,-0.607635813119,0.));
#8548 = DIRECTION('',(0.607635813119,0.794215788445,0.));
#8549 = ADVANCED_FACE('',(#8550),#8565,.T.);
#8550 = FACE_BOUND('',#8551,.T.);
#8551 = EDGE_LOOP('',(#8552,#8558,#8559));
#8552 = ORIENTED_EDGE('',*,*,#8553,.T.);
#8553 = EDGE_CURVE('',#7719,#8508,#8554,.T.);
#8554 = LINE('',#8555,#8556);
#8555 = CARTESIAN_POINT('',(-6.584861814976,12.084180182219,
    36.967156720161));
#8556 = VECTOR('',#8557,1.);
#8557 = DIRECTION('',(-0.708491601815,-0.705719243154,0.));
#8558 = ORIENTED_EDGE('',*,*,#8530,.F.);
#8559 = ORIENTED_EDGE('',*,*,#8560,.T.);
#8560 = EDGE_CURVE('',#8531,#7719,#8561,.T.);
#8561 = LINE('',#8562,#8563);
#8562 = CARTESIAN_POINT('',(-7.647290152311,11.025909173489,
    28.839155387878));
#8563 = VECTOR('',#8564,1.);
#8564 = DIRECTION('',(0.128542771049,0.128039777557,0.983403564857));
#8565 = PLANE('',#8566);
#8566 = AXIS2_PLACEMENT_3D('',#8567,#8568,#8569);
#8567 = CARTESIAN_POINT('',(-7.357386691063,11.314678229799,
    33.243753891455));
#8568 = DIRECTION('',(0.705719243154,-0.708491601815,0.));
#8569 = DIRECTION('',(-0.708491601815,-0.705719243154,0.));
#8570 = ADVANCED_FACE('',(#8571),#8581,.T.);
#8571 = FACE_BOUND('',#8572,.T.);
#8572 = EDGE_LOOP('',(#8573,#8574,#8575));
#8573 = ORIENTED_EDGE('',*,*,#7718,.F.);
#8574 = ORIENTED_EDGE('',*,*,#8560,.F.);
#8575 = ORIENTED_EDGE('',*,*,#8576,.T.);
#8576 = EDGE_CURVE('',#8531,#7721,#8577,.T.);
#8577 = LINE('',#8578,#8579);
#8578 = CARTESIAN_POINT('',(-7.647290152311,11.025909173489,
    28.839155387878));
#8579 = VECTOR('',#8580,1.);
#8580 = DIRECTION('',(0.708491601815,0.705719243154,0.));
#8581 = PLANE('',#8582);
#8582 = AXIS2_PLACEMENT_3D('',#8583,#8584,#8585);
#8583 = CARTESIAN_POINT('',(-6.874765276224,11.795411125908,
    32.562558216585));
#8584 = DIRECTION('',(0.705719243154,-0.708491601815,0.));
#8585 = DIRECTION('',(-0.708491601815,-0.705719243154,0.));
#8586 = ADVANCED_FACE('',(#8587),#8597,.T.);
#8587 = FACE_BOUND('',#8588,.T.);
#8588 = EDGE_LOOP('',(#8589,#8590,#8591));
#8589 = ORIENTED_EDGE('',*,*,#7697,.F.);
#8590 = ORIENTED_EDGE('',*,*,#3847,.F.);
#8591 = ORIENTED_EDGE('',*,*,#8592,.T.);
#8592 = EDGE_CURVE('',#3840,#7675,#8593,.T.);
#8593 = LINE('',#8594,#8595);
#8594 = CARTESIAN_POINT('',(0.660618733242,-7.520836055279,
    28.839155387878));
#8595 = VECTOR('',#8596,1.);
#8596 = DIRECTION('',(-5.283908523736E-02,0.299644659583,0.952586536255)
  );
#8597 = PLANE('',#8598);
#8598 = AXIS2_PLACEMENT_3D('',#8599,#8600,#8601);
#8599 = CARTESIAN_POINT('',(0.340043127243,-5.702886938657,
    32.355249836194));
#8600 = DIRECTION('',(-0.984805703119,-0.173659802787,-0.));
#8601 = DIRECTION('',(0.173659802787,-0.984805703119,0.));
#8602 = ADVANCED_FACE('',(#8603),#8613,.T.);
#8603 = FACE_BOUND('',#8604,.T.);
#8604 = EDGE_LOOP('',(#8605,#8611,#8612));
#8605 = ORIENTED_EDGE('',*,*,#8606,.T.);
#8606 = EDGE_CURVE('',#7767,#7675,#8607,.T.);
#8607 = LINE('',#8608,#8609);
#8608 = CARTESIAN_POINT('',(0.660618733242,-7.520836055279,
    36.967156720161));
#8609 = VECTOR('',#8610,1.);
#8610 = DIRECTION('',(-0.173659802787,0.984805703119,0.));
#8611 = ORIENTED_EDGE('',*,*,#8592,.F.);
#8612 = ORIENTED_EDGE('',*,*,#7774,.F.);
#8613 = PLANE('',#8614);
#8614 = AXIS2_PLACEMENT_3D('',#8615,#8616,#8617);
#8615 = CARTESIAN_POINT('',(0.530341698709,-6.782049274836,
    33.451062271846));
#8616 = DIRECTION('',(-0.984805703119,-0.173659802787,-0.));
#8617 = DIRECTION('',(0.173659802787,-0.984805703119,0.));
#8618 = ADVANCED_FACE('',(#8619),#8636,.T.);
#8619 = FACE_BOUND('',#8620,.T.);
#8620 = EDGE_LOOP('',(#8621,#8622,#8630));
#8621 = ORIENTED_EDGE('',*,*,#3360,.F.);
#8622 = ORIENTED_EDGE('',*,*,#8623,.T.);
#8623 = EDGE_CURVE('',#3331,#8624,#8626,.T.);
#8624 = VERTEX_POINT('',#8625);
#8625 = CARTESIAN_POINT('',(-7.823664742708,23.098241877556,
    36.967156720161));
#8626 = LINE('',#8627,#8628);
#8627 = CARTESIAN_POINT('',(-6.753350198269,13.582193911076,
    36.967156720161));
#8628 = VECTOR('',#8629,1.);
#8629 = DIRECTION('',(-0.111769935903,0.993734110026,0.));
#8630 = ORIENTED_EDGE('',*,*,#8631,.T.);
#8631 = EDGE_CURVE('',#8624,#226,#8632,.T.);
#8632 = LINE('',#8633,#8634);
#8633 = CARTESIAN_POINT('',(-7.823664742708,23.098241877556,
    36.967156720161));
#8634 = VECTOR('',#8635,1.);
#8635 = DIRECTION('',(5.01990080215E-02,-0.446313815583,-0.893467423924)
  );
#8636 = PLANE('',#8637);
#8637 = AXIS2_PLACEMENT_3D('',#8638,#8639,#8640);
#8638 = CARTESIAN_POINT('',(-7.084398137709,16.52550444281,
    29.268311906907));
#8639 = DIRECTION('',(-0.993734110026,-0.111769935903,-0.));
#8640 = DIRECTION('',(0.111769935903,-0.993734110026,0.));
#8641 = ADVANCED_FACE('',(#8642),#8652,.T.);
#8642 = FACE_BOUND('',#8643,.T.);
#8643 = EDGE_LOOP('',(#8644,#8645,#8646));
#8644 = ORIENTED_EDGE('',*,*,#233,.F.);
#8645 = ORIENTED_EDGE('',*,*,#8631,.F.);
#8646 = ORIENTED_EDGE('',*,*,#8647,.T.);
#8647 = EDGE_CURVE('',#8624,#234,#8648,.T.);
#8648 = LINE('',#8649,#8650);
#8649 = CARTESIAN_POINT('',(-7.823664742708,23.098241877556,
    36.967156720161));
#8650 = VECTOR('',#8651,1.);
#8651 = DIRECTION('',(0.,0.,-1.));
#8652 = PLANE('',#8653);
#8653 = AXIS2_PLACEMENT_3D('',#8654,#8655,#8656);
#8654 = CARTESIAN_POINT('',(-7.492616803268,20.154931345821,
    25.616000019458));
#8655 = DIRECTION('',(-0.993734110026,-0.111769935903,-0.));
#8656 = DIRECTION('',(0.111769935903,-0.993734110026,0.));
#8657 = ADVANCED_FACE('',(#8658),#8668,.T.);
#8658 = FACE_BOUND('',#8659,.T.);
#8659 = EDGE_LOOP('',(#8660,#8661,#8662));
#8660 = ORIENTED_EDGE('',*,*,#333,.F.);
#8661 = ORIENTED_EDGE('',*,*,#8647,.F.);
#8662 = ORIENTED_EDGE('',*,*,#8663,.T.);
#8663 = EDGE_CURVE('',#8624,#325,#8664,.T.);
#8664 = LINE('',#8665,#8666);
#8665 = CARTESIAN_POINT('',(-7.823664742708,23.098241877556,
    36.967156720161));
#8666 = VECTOR('',#8667,1.);
#8667 = DIRECTION('',(-6.122562828483E-04,5.345636190883E-02,
    -0.998569998805));
#8668 = PLANE('',#8669);
#8669 = AXIS2_PLACEMENT_3D('',#8670,#8671,#8672);
#8670 = CARTESIAN_POINT('',(-7.826662897653,23.360012087675,
    27.194008852178));
#8671 = DIRECTION('',(-0.999934416441,-1.145263364436E-02,-0.));
#8672 = DIRECTION('',(1.145263364436E-02,-0.999934416441,0.));
#8673 = ADVANCED_FACE('',(#8674),#8691,.T.);
#8674 = FACE_BOUND('',#8675,.T.);
#8675 = EDGE_LOOP('',(#8676,#8684,#8685));
#8676 = ORIENTED_EDGE('',*,*,#8677,.T.);
#8677 = EDGE_CURVE('',#8678,#325,#8680,.T.);
#8678 = VERTEX_POINT('',#8679);
#8679 = CARTESIAN_POINT('',(-7.835344928503,24.118043971062,
    36.967156720161));
#8680 = LINE('',#8681,#8682);
#8681 = CARTESIAN_POINT('',(-7.835344928503,24.118043971062,
    36.967156720161));
#8682 = VECTOR('',#8683,1.);
#8683 = DIRECTION('',(0.,0.,-1.));
#8684 = ORIENTED_EDGE('',*,*,#8663,.F.);
#8685 = ORIENTED_EDGE('',*,*,#8686,.T.);
#8686 = EDGE_CURVE('',#8624,#8678,#8687,.T.);
#8687 = LINE('',#8688,#8689);
#8688 = CARTESIAN_POINT('',(-7.823664742708,23.098241877556,
    36.967156720161));
#8689 = VECTOR('',#8690,1.);
#8690 = DIRECTION('',(-1.145263364436E-02,0.999934416441,0.));
#8691 = PLANE('',#8692);
#8692 = AXIS2_PLACEMENT_3D('',#8693,#8694,#8695);
#8693 = CARTESIAN_POINT('',(-7.832346773558,23.856273760942,
    27.690303074187));
#8694 = DIRECTION('',(-0.999934416441,-1.145263364436E-02,-0.));
#8695 = DIRECTION('',(1.145263364436E-02,-0.999934416441,0.));
#8696 = ADVANCED_FACE('',(#8697),#8707,.T.);
#8697 = FACE_BOUND('',#8698,.T.);
#8698 = EDGE_LOOP('',(#8699,#8700,#8701));
#8699 = ORIENTED_EDGE('',*,*,#379,.F.);
#8700 = ORIENTED_EDGE('',*,*,#8677,.F.);
#8701 = ORIENTED_EDGE('',*,*,#8702,.T.);
#8702 = EDGE_CURVE('',#8678,#371,#8703,.T.);
#8703 = LINE('',#8704,#8705);
#8704 = CARTESIAN_POINT('',(-7.835344928503,24.118043971062,
    36.967156720161));
#8705 = VECTOR('',#8706,1.);
#8706 = DIRECTION('',(1.007782564107E-02,5.250151156559E-02,
    -0.998569991895));
#8707 = PLANE('',#8708);
#8708 = AXIS2_PLACEMENT_3D('',#8709,#8710,#8711);
#8709 = CARTESIAN_POINT('',(-7.785994867522,24.375138396947,
    27.194008267845));
#8710 = DIRECTION('',(-0.982070977305,0.188511526265,0.));
#8711 = DIRECTION('',(-0.188511526265,-0.982070977305,0.));
#8712 = ADVANCED_FACE('',(#8713),#8730,.T.);
#8713 = FACE_BOUND('',#8714,.T.);
#8714 = EDGE_LOOP('',(#8715,#8723,#8724));
#8715 = ORIENTED_EDGE('',*,*,#8716,.T.);
#8716 = EDGE_CURVE('',#8717,#371,#8719,.T.);
#8717 = VERTEX_POINT('',#8718);
#8718 = CARTESIAN_POINT('',(-7.643087404966,25.119630122185,
    36.967156720161));
#8719 = LINE('',#8720,#8721);
#8720 = CARTESIAN_POINT('',(-7.643087404966,25.119630122185,
    36.967156720161));
#8721 = VECTOR('',#8722,1.);
#8722 = DIRECTION('',(0.,0.,-1.));
#8723 = ORIENTED_EDGE('',*,*,#8702,.F.);
#8724 = ORIENTED_EDGE('',*,*,#8725,.T.);
#8725 = EDGE_CURVE('',#8678,#8717,#8726,.T.);
#8726 = LINE('',#8727,#8728);
#8727 = CARTESIAN_POINT('',(-7.835344928503,24.118043971062,
    36.967156720161));
#8728 = VECTOR('',#8729,1.);
#8729 = DIRECTION('',(0.188511526265,0.982070977305,0.));
#8730 = PLANE('',#8731);
#8731 = AXIS2_PLACEMENT_3D('',#8732,#8733,#8734);
#8732 = CARTESIAN_POINT('',(-7.692437465948,24.862535696299,
    27.69030365852));
#8733 = DIRECTION('',(-0.982070977305,0.188511526265,0.));
#8734 = DIRECTION('',(-0.188511526265,-0.982070977305,0.));
#8735 = ADVANCED_FACE('',(#8736),#8746,.T.);
#8736 = FACE_BOUND('',#8737,.T.);
#8737 = EDGE_LOOP('',(#8738,#8739,#8740));
#8738 = ORIENTED_EDGE('',*,*,#425,.F.);
#8739 = ORIENTED_EDGE('',*,*,#8716,.F.);
#8740 = ORIENTED_EDGE('',*,*,#8741,.T.);
#8741 = EDGE_CURVE('',#8717,#417,#8742,.T.);
#8742 = LINE('',#8743,#8744);
#8743 = CARTESIAN_POINT('',(-7.643087404966,25.119630122185,
    36.967156720161));
#8744 = VECTOR('',#8745,1.);
#8745 = DIRECTION('',(2.036186612366E-02,4.943046885239E-02,
    -0.998569989113));
#8746 = PLANE('',#8747);
#8747 = AXIS2_PLACEMENT_3D('',#8748,#8749,#8750);
#8748 = CARTESIAN_POINT('',(-7.543377467628,25.361685979047,
    27.19400803256));
#8749 = DIRECTION('',(-0.924624457761,0.380880049505,0.));
#8750 = DIRECTION('',(-0.380880049505,-0.924624457761,0.));
#8751 = ADVANCED_FACE('',(#8752),#8769,.T.);
#8752 = FACE_BOUND('',#8753,.T.);
#8753 = EDGE_LOOP('',(#8754,#8762,#8763));
#8754 = ORIENTED_EDGE('',*,*,#8755,.T.);
#8755 = EDGE_CURVE('',#8756,#417,#8758,.T.);
#8756 = VERTEX_POINT('',#8757);
#8757 = CARTESIAN_POINT('',(-7.254638338089,26.062629127502,
    36.967156720161));
#8758 = LINE('',#8759,#8760);
#8759 = CARTESIAN_POINT('',(-7.254638338089,26.062629127502,
    36.967156720161));
#8760 = VECTOR('',#8761,1.);
#8761 = DIRECTION('',(0.,0.,-1.));
#8762 = ORIENTED_EDGE('',*,*,#8741,.F.);
#8763 = ORIENTED_EDGE('',*,*,#8764,.T.);
#8764 = EDGE_CURVE('',#8717,#8756,#8765,.T.);
#8765 = LINE('',#8766,#8767);
#8766 = CARTESIAN_POINT('',(-7.643087404966,25.119630122185,
    36.967156720161));
#8767 = VECTOR('',#8768,1.);
#8768 = DIRECTION('',(0.380880049505,0.924624457761,0.));
#8769 = PLANE('',#8770);
#8770 = AXIS2_PLACEMENT_3D('',#8771,#8772,#8773);
#8771 = CARTESIAN_POINT('',(-7.354348275427,25.82057327064,
    27.690303893805));
#8772 = DIRECTION('',(-0.924624457761,0.380880049505,0.));
#8773 = DIRECTION('',(-0.380880049505,-0.924624457761,0.));
#8774 = ADVANCED_FACE('',(#8775),#8785,.T.);
#8775 = FACE_BOUND('',#8776,.T.);
#8776 = EDGE_LOOP('',(#8777,#8778,#8779));
#8777 = ORIENTED_EDGE('',*,*,#471,.F.);
#8778 = ORIENTED_EDGE('',*,*,#8755,.F.);
#8779 = ORIENTED_EDGE('',*,*,#8780,.T.);
#8780 = EDGE_CURVE('',#8756,#463,#8781,.T.);
#8781 = LINE('',#8782,#8783);
#8782 = CARTESIAN_POINT('',(-7.254638338089,26.062629127502,
    36.967156720161));
#8783 = VECTOR('',#8784,1.);
#8784 = DIRECTION('',(2.982509446575E-02,4.436703420374E-02,
    -0.998569992547));
#8785 = PLANE('',#8786);
#8786 = AXIS2_PLACEMENT_3D('',#8787,#8788,#8789);
#8787 = CARTESIAN_POINT('',(-7.108587962406,26.279889864793,
    27.194008322992));
#8788 = DIRECTION('',(-0.829911087686,0.557895677109,0.));
#8789 = DIRECTION('',(-0.557895677109,-0.829911087686,0.));
#8790 = ADVANCED_FACE('',(#8791),#8808,.T.);
#8791 = FACE_BOUND('',#8792,.T.);
#8792 = EDGE_LOOP('',(#8793,#8801,#8802));
#8793 = ORIENTED_EDGE('',*,*,#8794,.T.);
#8794 = EDGE_CURVE('',#8795,#463,#8797,.T.);
#8795 = VERTEX_POINT('',#8796);
#8796 = CARTESIAN_POINT('',(-6.68565659523,26.909031558037,
    36.967156720161));
#8797 = LINE('',#8798,#8799);
#8798 = CARTESIAN_POINT('',(-6.68565659523,26.909031558037,
    36.967156720161));
#8799 = VECTOR('',#8800,1.);
#8800 = DIRECTION('',(0.,0.,-1.));
#8801 = ORIENTED_EDGE('',*,*,#8780,.F.);
#8802 = ORIENTED_EDGE('',*,*,#8803,.T.);
#8803 = EDGE_CURVE('',#8756,#8795,#8804,.T.);
#8804 = LINE('',#8805,#8806);
#8805 = CARTESIAN_POINT('',(-7.254638338089,26.062629127502,
    36.967156720161));
#8806 = VECTOR('',#8807,1.);
#8807 = DIRECTION('',(0.557895677109,0.829911087686,0.));
#8808 = PLANE('',#8809);
#8809 = AXIS2_PLACEMENT_3D('',#8810,#8811,#8812);
#8810 = CARTESIAN_POINT('',(-6.831706970913,26.691770820747,
    27.690303603373));
#8811 = DIRECTION('',(-0.829911087686,0.557895677109,0.));
#8812 = DIRECTION('',(-0.557895677109,-0.829911087686,0.));
#8813 = ADVANCED_FACE('',(#8814),#8824,.T.);
#8814 = FACE_BOUND('',#8815,.T.);
#8815 = EDGE_LOOP('',(#8816,#8817,#8818));
#8816 = ORIENTED_EDGE('',*,*,#546,.F.);
#8817 = ORIENTED_EDGE('',*,*,#8794,.F.);
#8818 = ORIENTED_EDGE('',*,*,#8819,.T.);
#8819 = EDGE_CURVE('',#8795,#547,#8820,.T.);
#8820 = LINE('',#8821,#8822);
#8821 = CARTESIAN_POINT('',(-6.68565659523,26.909031558037,
    36.967156720161));
#8822 = VECTOR('',#8823,1.);
#8823 = DIRECTION('',(3.808632840063E-02,3.751531906857E-02,
    -0.998569993753));
#8824 = PLANE('',#8825);
#8825 = AXIS2_PLACEMENT_3D('',#8826,#8827,#8828);
#8826 = CARTESIAN_POINT('',(-6.499151821211,27.092740158969,
    27.194008424957));
#8827 = DIRECTION('',(-0.701746080811,0.712427145795,0.));
#8828 = DIRECTION('',(0.712427145795,0.701746080811,0.));
#8829 = ADVANCED_FACE('',(#8830),#8847,.T.);
#8830 = FACE_BOUND('',#8831,.T.);
#8831 = EDGE_LOOP('',(#8832,#8840,#8841));
#8832 = ORIENTED_EDGE('',*,*,#8833,.T.);
#8833 = EDGE_CURVE('',#8834,#547,#8836,.T.);
#8834 = VERTEX_POINT('',#8835);
#8835 = CARTESIAN_POINT('',(-5.959072962403,27.624721884727,
    36.967156720161));
#8836 = LINE('',#8837,#8838);
#8837 = CARTESIAN_POINT('',(-5.959072962403,27.624721884727,
    36.967156720161));
#8838 = VECTOR('',#8839,1.);
#8839 = DIRECTION('',(0.,0.,-1.));
#8840 = ORIENTED_EDGE('',*,*,#8819,.F.);
#8841 = ORIENTED_EDGE('',*,*,#8842,.T.);
#8842 = EDGE_CURVE('',#8795,#8834,#8843,.T.);
#8843 = LINE('',#8844,#8845);
#8844 = CARTESIAN_POINT('',(-6.68565659523,26.909031558037,
    36.967156720161));
#8845 = VECTOR('',#8846,1.);
#8846 = DIRECTION('',(0.712427145795,0.701746080811,0.));
#8847 = PLANE('',#8848);
#8848 = AXIS2_PLACEMENT_3D('',#8849,#8850,#8851);
#8849 = CARTESIAN_POINT('',(-6.145577736422,27.441013283795,
    27.690303501408));
#8850 = DIRECTION('',(-0.701746080811,0.712427145795,0.));
#8851 = DIRECTION('',(0.712427145795,0.701746080811,0.));
#8852 = ADVANCED_FACE('',(#8853),#8863,.T.);
#8853 = FACE_BOUND('',#8854,.T.);
#8854 = EDGE_LOOP('',(#8855,#8856,#8857));
#8855 = ORIENTED_EDGE('',*,*,#577,.F.);
#8856 = ORIENTED_EDGE('',*,*,#8833,.F.);
#8857 = ORIENTED_EDGE('',*,*,#8858,.T.);
#8858 = EDGE_CURVE('',#8834,#569,#8859,.T.);
#8859 = LINE('',#8860,#8861);
#8860 = CARTESIAN_POINT('',(-5.959072962403,27.624721884727,
    36.967156720161));
#8861 = VECTOR('',#8862,1.);
#8862 = DIRECTION('',(4.481233846702E-02,2.915181090166E-02,
    -0.998569990658));
#8863 = PLANE('',#8864);
#8864 = AXIS2_PLACEMENT_3D('',#8865,#8866,#8867);
#8865 = CARTESIAN_POINT('',(-5.739631612403,27.767475263776,
    27.194008163199));
#8866 = DIRECTION('',(-0.54530115782,0.83824020858,0.));
#8867 = DIRECTION('',(0.83824020858,0.54530115782,0.));
#8868 = ADVANCED_FACE('',(#8869),#8886,.T.);
#8869 = FACE_BOUND('',#8870,.T.);
#8870 = EDGE_LOOP('',(#8871,#8879,#8880));
#8871 = ORIENTED_EDGE('',*,*,#8872,.T.);
#8872 = EDGE_CURVE('',#8873,#569,#8875,.T.);
#8873 = VERTEX_POINT('',#8874);
#8874 = CARTESIAN_POINT('',(-5.104175335169,28.180859208107,
    36.967156720161));
#8875 = LINE('',#8876,#8877);
#8876 = CARTESIAN_POINT('',(-5.104175335169,28.180859208107,
    36.967156720161));
#8877 = VECTOR('',#8878,1.);
#8878 = DIRECTION('',(0.,0.,-1.));
#8879 = ORIENTED_EDGE('',*,*,#8858,.F.);
#8880 = ORIENTED_EDGE('',*,*,#8881,.T.);
#8881 = EDGE_CURVE('',#8834,#8873,#8882,.T.);
#8882 = LINE('',#8883,#8884);
#8883 = CARTESIAN_POINT('',(-5.959072962403,27.624721884727,
    36.967156720161));
#8884 = VECTOR('',#8885,1.);
#8885 = DIRECTION('',(0.83824020858,0.54530115782,0.));
#8886 = PLANE('',#8887);
#8887 = AXIS2_PLACEMENT_3D('',#8888,#8889,#8890);
#8888 = CARTESIAN_POINT('',(-5.323616685169,28.038105829059,
    27.690303763166));
#8889 = DIRECTION('',(-0.54530115782,0.83824020858,0.));
#8890 = DIRECTION('',(0.83824020858,0.54530115782,0.));
#8891 = ADVANCED_FACE('',(#8892),#8902,.T.);
#8892 = FACE_BOUND('',#8893,.T.);
#8893 = EDGE_LOOP('',(#8894,#8895,#8896));
#8894 = ORIENTED_EDGE('',*,*,#639,.F.);
#8895 = ORIENTED_EDGE('',*,*,#8872,.F.);
#8896 = ORIENTED_EDGE('',*,*,#8897,.T.);
#8897 = EDGE_CURVE('',#8873,#631,#8898,.T.);
#8898 = LINE('',#8899,#8900);
#8899 = CARTESIAN_POINT('',(-5.104175335169,28.180859208107,
    36.967156720161));
#8900 = VECTOR('',#8901,1.);
#8901 = DIRECTION('',(4.973229191567E-02,1.961299303683E-02,
    -0.998569992362));
#8902 = PLANE('',#8903);
#8903 = AXIS2_PLACEMENT_3D('',#8904,#8905,#8906);
#8904 = CARTESIAN_POINT('',(-4.86064149021,28.276901988792,
    27.194008307278));
#8905 = DIRECTION('',(-0.36687237764,0.930271282221,0.));
#8906 = DIRECTION('',(0.930271282221,0.36687237764,0.));
#8907 = ADVANCED_FACE('',(#8908),#8925,.T.);
#8908 = FACE_BOUND('',#8909,.T.);
#8909 = EDGE_LOOP('',(#8910,#8918,#8919));
#8910 = ORIENTED_EDGE('',*,*,#8911,.T.);
#8911 = EDGE_CURVE('',#8912,#631,#8914,.T.);
#8912 = VERTEX_POINT('',#8913);
#8913 = CARTESIAN_POINT('',(-4.155418369174,28.555021810532,
    36.967156720161));
#8914 = LINE('',#8915,#8916);
#8915 = CARTESIAN_POINT('',(-4.155418369174,28.555021810532,
    36.967156720161));
#8916 = VECTOR('',#8917,1.);
#8917 = DIRECTION('',(0.,0.,-1.));
#8918 = ORIENTED_EDGE('',*,*,#8897,.F.);
#8919 = ORIENTED_EDGE('',*,*,#8920,.T.);
#8920 = EDGE_CURVE('',#8873,#8912,#8921,.T.);
#8921 = LINE('',#8922,#8923);
#8922 = CARTESIAN_POINT('',(-5.104175335169,28.180859208107,
    36.967156720161));
#8923 = VECTOR('',#8924,1.);
#8924 = DIRECTION('',(0.930271282221,0.36687237764,0.));
#8925 = PLANE('',#8926);
#8926 = AXIS2_PLACEMENT_3D('',#8927,#8928,#8929);
#8927 = CARTESIAN_POINT('',(-4.398952214133,28.458979029847,
    27.690303619087));
#8928 = DIRECTION('',(-0.36687237764,0.930271282221,0.));
#8929 = DIRECTION('',(0.930271282221,0.36687237764,0.));
#8930 = ADVANCED_FACE('',(#8931),#8941,.T.);
#8931 = FACE_BOUND('',#8932,.T.);
#8932 = EDGE_LOOP('',(#8933,#8934,#8935));
#8933 = ORIENTED_EDGE('',*,*,#685,.F.);
#8934 = ORIENTED_EDGE('',*,*,#8911,.F.);
#8935 = ORIENTED_EDGE('',*,*,#8936,.T.);
#8936 = EDGE_CURVE('',#8912,#677,#8937,.T.);
#8937 = LINE('',#8938,#8939);
#8938 = CARTESIAN_POINT('',(-4.155418369174,28.555021810532,
    36.967156720161));
#8939 = VECTOR('',#8940,1.);
#8940 = DIRECTION('',(5.264769132261E-02,9.283757437609E-03,
    -0.998569993764));
#8941 = PLANE('',#8942);
#8942 = AXIS2_PLACEMENT_3D('',#8943,#8944,#8945);
#8943 = CARTESIAN_POINT('',(-3.897608121141,28.600483401487,
    27.194008425892));
#8944 = DIRECTION('',(-0.173658137102,0.984805996843,0.));
#8945 = DIRECTION('',(0.984805996843,0.173658137102,0.));
#8946 = ADVANCED_FACE('',(#8947),#8964,.T.);
#8947 = FACE_BOUND('',#8948,.T.);
#8948 = EDGE_LOOP('',(#8949,#8957,#8958));
#8949 = ORIENTED_EDGE('',*,*,#8950,.T.);
#8950 = EDGE_CURVE('',#8951,#677,#8953,.T.);
#8951 = VERTEX_POINT('',#8952);
#8952 = CARTESIAN_POINT('',(-3.151043507457,28.732130670547,
    36.967156720161));
#8953 = LINE('',#8954,#8955);
#8954 = CARTESIAN_POINT('',(-3.151043507457,28.732130670547,
    36.967156720161));
#8955 = VECTOR('',#8956,1.);
#8956 = DIRECTION('',(0.,0.,-1.));
#8957 = ORIENTED_EDGE('',*,*,#8936,.F.);
#8958 = ORIENTED_EDGE('',*,*,#8959,.T.);
#8959 = EDGE_CURVE('',#8912,#8951,#8960,.T.);
#8960 = LINE('',#8961,#8962);
#8961 = CARTESIAN_POINT('',(-4.155418369174,28.555021810532,
    36.967156720161));
#8962 = VECTOR('',#8963,1.);
#8963 = DIRECTION('',(0.984805996843,0.173658137102,0.));
#8964 = PLANE('',#8965);
#8965 = AXIS2_PLACEMENT_3D('',#8966,#8967,#8968);
#8966 = CARTESIAN_POINT('',(-3.40885375549,28.686669079592,
    27.690303500473));
#8967 = DIRECTION('',(-0.173658137102,0.984805996843,0.));
#8968 = DIRECTION('',(0.984805996843,0.173658137102,0.));
#8969 = ADVANCED_FACE('',(#8970),#8980,.T.);
#8970 = FACE_BOUND('',#8971,.T.);
#8971 = EDGE_LOOP('',(#8972,#8973,#8974));
#8972 = ORIENTED_EDGE('',*,*,#731,.F.);
#8973 = ORIENTED_EDGE('',*,*,#8950,.F.);
#8974 = ORIENTED_EDGE('',*,*,#8975,.T.);
#8975 = EDGE_CURVE('',#8951,#723,#8976,.T.);
#8976 = LINE('',#8977,#8978);
#8977 = CARTESIAN_POINT('',(-3.151043507457,28.732130670547,
    36.967156720161));
#8978 = VECTOR('',#8979,1.);
#8979 = DIRECTION('',(5.344113453605E-02,-1.419418769727E-03,
    -0.998569992735));
#8980 = PLANE('',#8981);
#8981 = AXIS2_PLACEMENT_3D('',#8982,#8983,#8984);
#8982 = CARTESIAN_POINT('',(-2.889347848116,28.725179924946,
    27.194008338819));
#8983 = DIRECTION('',(2.655105244784E-02,0.999647458664,0.));
#8984 = DIRECTION('',(0.999647458664,-2.655105244784E-02,0.));
#8985 = ADVANCED_FACE('',(#8986),#9003,.T.);
#8986 = FACE_BOUND('',#8987,.T.);
#8987 = EDGE_LOOP('',(#8988,#8996,#8997));
#8988 = ORIENTED_EDGE('',*,*,#8989,.T.);
#8989 = EDGE_CURVE('',#8990,#723,#8992,.T.);
#8990 = VERTEX_POINT('',#8991);
#8991 = CARTESIAN_POINT('',(-2.131531904638,28.705052018166,
    36.967156720161));
#8992 = LINE('',#8993,#8994);
#8993 = CARTESIAN_POINT('',(-2.131531904638,28.705052018166,
    36.967156720161));
#8994 = VECTOR('',#8995,1.);
#8995 = DIRECTION('',(0.,0.,-1.));
#8996 = ORIENTED_EDGE('',*,*,#8975,.F.);
#8997 = ORIENTED_EDGE('',*,*,#8998,.T.);
#8998 = EDGE_CURVE('',#8951,#8990,#8999,.T.);
#8999 = LINE('',#9000,#9001);
#9000 = CARTESIAN_POINT('',(-3.151043507457,28.732130670547,
    36.967156720161));
#9001 = VECTOR('',#9002,1.);
#9002 = DIRECTION('',(0.999647458664,-2.655105244784E-02,0.));
#9003 = PLANE('',#9004);
#9004 = AXIS2_PLACEMENT_3D('',#9005,#9006,#9007);
#9005 = CARTESIAN_POINT('',(-2.393227563979,28.712002763767,
    27.690303587546));
#9006 = DIRECTION('',(2.655105244784E-02,0.999647458664,0.));
#9007 = DIRECTION('',(0.999647458664,-2.655105244784E-02,0.));
#9008 = ADVANCED_FACE('',(#9009),#9019,.T.);
#9009 = FACE_BOUND('',#9010,.T.);
#9010 = EDGE_LOOP('',(#9011,#9012,#9013));
#9011 = ORIENTED_EDGE('',*,*,#791,.F.);
#9012 = ORIENTED_EDGE('',*,*,#8989,.F.);
#9013 = ORIENTED_EDGE('',*,*,#9014,.T.);
#9014 = EDGE_CURVE('',#8990,#783,#9015,.T.);
#9015 = LINE('',#9016,#9017);
#9016 = CARTESIAN_POINT('',(-2.131531904638,28.705052018166,
    36.967156720161));
#9017 = VECTOR('',#9018,1.);
#9018 = DIRECTION('',(5.20806150795E-02,-1.206577375284E-02,
    -0.998569990855));
#9019 = PLANE('',#9020);
#9020 = AXIS2_PLACEMENT_3D('',#9021,#9022,#9023);
#9021 = CARTESIAN_POINT('',(-1.876498562259,28.645967182015,
    27.194008179899));
#9022 = DIRECTION('',(0.225697157326,0.974197512404,0.));
#9023 = DIRECTION('',(0.974197512404,-0.225697157326,0.));
#9024 = ADVANCED_FACE('',(#9025),#9042,.T.);
#9025 = FACE_BOUND('',#9026,.T.);
#9026 = EDGE_LOOP('',(#9027,#9035,#9036));
#9027 = ORIENTED_EDGE('',*,*,#9028,.T.);
#9028 = EDGE_CURVE('',#9029,#783,#9031,.T.);
#9029 = VERTEX_POINT('',#9030);
#9030 = CARTESIAN_POINT('',(-1.137975313514,28.474869847298,
    36.967156720161));
#9031 = LINE('',#9032,#9033);
#9032 = CARTESIAN_POINT('',(-1.137975313514,28.474869847298,
    36.967156720161));
#9033 = VECTOR('',#9034,1.);
#9034 = DIRECTION('',(0.,0.,-1.));
#9035 = ORIENTED_EDGE('',*,*,#9014,.F.);
#9036 = ORIENTED_EDGE('',*,*,#9037,.T.);
#9037 = EDGE_CURVE('',#8990,#9029,#9038,.T.);
#9038 = LINE('',#9039,#9040);
#9039 = CARTESIAN_POINT('',(-2.131531904638,28.705052018166,
    36.967156720161));
#9040 = VECTOR('',#9041,1.);
#9041 = DIRECTION('',(0.974197512404,-0.225697157326,0.));
#9042 = PLANE('',#9043);
#9043 = AXIS2_PLACEMENT_3D('',#9044,#9045,#9046);
#9044 = CARTESIAN_POINT('',(-1.393008655893,28.533954683448,
    27.690303746465));
#9045 = DIRECTION('',(0.225697157326,0.974197512404,0.));
#9046 = DIRECTION('',(0.974197512404,-0.225697157326,0.));
#9047 = ADVANCED_FACE('',(#9048),#9058,.T.);
#9048 = FACE_BOUND('',#9049,.T.);
#9049 = EDGE_LOOP('',(#9050,#9051,#9052));
#9050 = ORIENTED_EDGE('',*,*,#814,.F.);
#9051 = ORIENTED_EDGE('',*,*,#9028,.F.);
#9052 = ORIENTED_EDGE('',*,*,#9053,.T.);
#9053 = EDGE_CURVE('',#9029,#806,#9054,.T.);
#9054 = LINE('',#9055,#9056);
#9055 = CARTESIAN_POINT('',(-1.137975313514,28.474869847298,
    36.967156720161));
#9056 = VECTOR('',#9057,1.);
#9057 = DIRECTION('',(4.86209321805E-02,-2.222533950652E-02,
    -0.998569997165));
#9058 = PLANE('',#9059);
#9059 = AXIS2_PLACEMENT_3D('',#9060,#9061,#9062);
#9060 = CARTESIAN_POINT('',(-0.899883692801,28.366034683785,
    27.194008713463));
#9061 = DIRECTION('',(0.41573852688,0.909484181978,0.));
#9062 = DIRECTION('',(0.909484181978,-0.41573852688,0.));
#9063 = ADVANCED_FACE('',(#9064),#9081,.T.);
#9064 = FACE_BOUND('',#9065,.T.);
#9065 = EDGE_LOOP('',(#9066,#9074,#9075));
#9066 = ORIENTED_EDGE('',*,*,#9067,.T.);
#9067 = EDGE_CURVE('',#9068,#806,#9070,.T.);
#9068 = VERTEX_POINT('',#9069);
#9069 = CARTESIAN_POINT('',(-0.210420075245,28.050870776176,
    36.967156720161));
#9070 = LINE('',#9071,#9072);
#9071 = CARTESIAN_POINT('',(-0.210420075245,28.050870776176,
    36.967156720161));
#9072 = VECTOR('',#9073,1.);
#9073 = DIRECTION('',(0.,0.,-1.));
#9074 = ORIENTED_EDGE('',*,*,#9053,.F.);
#9075 = ORIENTED_EDGE('',*,*,#9076,.T.);
#9076 = EDGE_CURVE('',#9029,#9068,#9077,.T.);
#9077 = LINE('',#9078,#9079);
#9078 = CARTESIAN_POINT('',(-1.137975313514,28.474869847298,
    36.967156720161));
#9079 = VECTOR('',#9080,1.);
#9080 = DIRECTION('',(0.909484181978,-0.41573852688,0.));
#9081 = PLANE('',#9082);
#9082 = AXIS2_PLACEMENT_3D('',#9083,#9084,#9085);
#9083 = CARTESIAN_POINT('',(-0.448511695959,28.159705939689,
    27.690303212902));
#9084 = DIRECTION('',(0.41573852688,0.909484181978,0.));
#9085 = DIRECTION('',(0.909484181978,-0.41573852688,0.));
#9086 = ADVANCED_FACE('',(#9087),#9097,.T.);
#9087 = FACE_BOUND('',#9088,.T.);
#9088 = EDGE_LOOP('',(#9089,#9090,#9091));
#9089 = ORIENTED_EDGE('',*,*,#828,.F.);
#9090 = ORIENTED_EDGE('',*,*,#9067,.F.);
#9091 = ORIENTED_EDGE('',*,*,#9092,.T.);
#9092 = EDGE_CURVE('',#9068,#829,#9093,.T.);
#9093 = LINE('',#9094,#9095);
#9094 = CARTESIAN_POINT('',(-0.210420075245,28.050870776176,
    36.967156720161));
#9095 = VECTOR('',#9096,1.);
#9096 = DIRECTION('',(4.320159834446E-02,-3.148957444289E-02,
    -0.998569991839));
#9097 = PLANE('',#9098);
#9098 = AXIS2_PLACEMENT_3D('',#9099,#9100,#9101);
#9099 = CARTESIAN_POINT('',(1.133645758018E-03,27.896669614611,
    27.194008263112));
#9100 = DIRECTION('',(0.589030593998,0.808110734575,0.));
#9101 = DIRECTION('',(0.808110734575,-0.589030593998,0.));
#9102 = ADVANCED_FACE('',(#9103),#9120,.T.);
#9103 = FACE_BOUND('',#9104,.T.);
#9104 = EDGE_LOOP('',(#9105,#9113,#9114));
#9105 = ORIENTED_EDGE('',*,*,#9106,.T.);
#9106 = EDGE_CURVE('',#9107,#829,#9109,.T.);
#9107 = VERTEX_POINT('',#9108);
#9108 = CARTESIAN_POINT('',(0.613749007136,27.450135278702,
    36.967156720161));
#9109 = LINE('',#9110,#9111);
#9110 = CARTESIAN_POINT('',(0.613749007136,27.450135278702,
    36.967156720161));
#9111 = VECTOR('',#9112,1.);
#9112 = DIRECTION('',(0.,0.,-1.));
#9113 = ORIENTED_EDGE('',*,*,#9092,.F.);
#9114 = ORIENTED_EDGE('',*,*,#9115,.T.);
#9115 = EDGE_CURVE('',#9068,#9107,#9116,.T.);
#9116 = LINE('',#9117,#9118);
#9117 = CARTESIAN_POINT('',(-0.210420075245,28.050870776176,
    36.967156720161));
#9118 = VECTOR('',#9119,1.);
#9119 = DIRECTION('',(0.808110734575,-0.589030593998,0.));
#9120 = PLANE('',#9121);
#9121 = AXIS2_PLACEMENT_3D('',#9122,#9123,#9124);
#9122 = CARTESIAN_POINT('',(0.402195286132,27.604336440267,
    27.690303663253));
#9123 = DIRECTION('',(0.589030593998,0.808110734575,0.));
#9124 = DIRECTION('',(0.808110734575,-0.589030593998,0.));
#9125 = ADVANCED_FACE('',(#9126),#9136,.T.);
#9126 = FACE_BOUND('',#9127,.T.);
#9127 = EDGE_LOOP('',(#9128,#9129,#9130));
#9128 = ORIENTED_EDGE('',*,*,#945,.F.);
#9129 = ORIENTED_EDGE('',*,*,#9106,.F.);
#9130 = ORIENTED_EDGE('',*,*,#9131,.T.);
#9131 = EDGE_CURVE('',#9107,#937,#9132,.T.);
#9132 = LINE('',#9133,#9134);
#9133 = CARTESIAN_POINT('',(0.613749007136,27.450135278702,
    36.967156720161));
#9134 = VECTOR('',#9135,1.);
#9135 = DIRECTION('',(3.604101320037E-02,-3.948453811084E-02,
    -0.998569985839));
#9136 = PLANE('',#9137);
#9137 = AXIS2_PLACEMENT_3D('',#9138,#9139,#9140);
#9138 = CARTESIAN_POINT('',(0.790238100279,27.256783602221,
    27.194007755666));
#9139 = DIRECTION('',(0.738579437358,0.674166459201,0.));
#9140 = DIRECTION('',(-0.674166459201,0.738579437358,0.));
#9141 = ADVANCED_FACE('',(#9142),#9159,.T.);
#9142 = FACE_BOUND('',#9143,.T.);
#9143 = EDGE_LOOP('',(#9144,#9152,#9153));
#9144 = ORIENTED_EDGE('',*,*,#9145,.T.);
#9145 = EDGE_CURVE('',#9146,#937,#9148,.T.);
#9146 = VERTEX_POINT('',#9147);
#9147 = CARTESIAN_POINT('',(1.301313590258,26.696877598763,
    36.967156720161));
#9148 = LINE('',#9149,#9150);
#9149 = CARTESIAN_POINT('',(1.301313590258,26.696877598763,
    36.967156720161));
#9150 = VECTOR('',#9151,1.);
#9151 = DIRECTION('',(0.,0.,-1.));
#9152 = ORIENTED_EDGE('',*,*,#9131,.F.);
#9153 = ORIENTED_EDGE('',*,*,#9154,.T.);
#9154 = EDGE_CURVE('',#9107,#9146,#9155,.T.);
#9155 = LINE('',#9156,#9157);
#9156 = CARTESIAN_POINT('',(0.613749007136,27.450135278702,
    36.967156720161));
#9157 = VECTOR('',#9158,1.);
#9158 = DIRECTION('',(0.674166459201,-0.738579437358,0.));
#9159 = PLANE('',#9160);
#9160 = AXIS2_PLACEMENT_3D('',#9161,#9162,#9163);
#9161 = CARTESIAN_POINT('',(1.124824497115,26.890229275243,
    27.690304170698));
#9162 = DIRECTION('',(0.738579437358,0.674166459201,0.));
#9163 = DIRECTION('',(-0.674166459201,0.738579437358,0.));
#9164 = ADVANCED_FACE('',(#9165),#9175,.T.);
#9165 = FACE_BOUND('',#9166,.T.);
#9166 = EDGE_LOOP('',(#9167,#9168,#9169));
#9167 = ORIENTED_EDGE('',*,*,#991,.F.);
#9168 = ORIENTED_EDGE('',*,*,#9145,.F.);
#9169 = ORIENTED_EDGE('',*,*,#9170,.T.);
#9170 = EDGE_CURVE('',#9146,#983,#9171,.T.);
#9171 = LINE('',#9172,#9173);
#9172 = CARTESIAN_POINT('',(1.301313590258,26.696877598763,
    36.967156720161));
#9173 = VECTOR('',#9174,1.);
#9174 = DIRECTION('',(2.742774715886E-02,-4.58877154644E-02,
    -0.998569995671));
#9175 = PLANE('',#9176);
#9176 = AXIS2_PLACEMENT_3D('',#9177,#9178,#9179);
#9177 = CARTESIAN_POINT('',(1.435624402071,26.472170251107,
    27.194008587177));
#9178 = DIRECTION('',(0.858357248908,0.513052466369,0.));
#9179 = DIRECTION('',(-0.513052466369,0.858357248908,0.));
#9180 = ADVANCED_FACE('',(#9181),#9198,.T.);
#9181 = FACE_BOUND('',#9182,.T.);
#9182 = EDGE_LOOP('',(#9183,#9191,#9192));
#9183 = ORIENTED_EDGE('',*,*,#9184,.T.);
#9184 = EDGE_CURVE('',#9185,#983,#9187,.T.);
#9185 = VERTEX_POINT('',#9186);
#9186 = CARTESIAN_POINT('',(1.824560460448,25.821464705467,
    36.967156720161));
#9187 = LINE('',#9188,#9189);
#9188 = CARTESIAN_POINT('',(1.824560460448,25.821464705467,
    36.967156720161));
#9189 = VECTOR('',#9190,1.);
#9190 = DIRECTION('',(0.,0.,-1.));
#9191 = ORIENTED_EDGE('',*,*,#9170,.F.);
#9192 = ORIENTED_EDGE('',*,*,#9193,.T.);
#9193 = EDGE_CURVE('',#9146,#9185,#9194,.T.);
#9194 = LINE('',#9195,#9196);
#9195 = CARTESIAN_POINT('',(1.301313590258,26.696877598763,
    36.967156720161));
#9196 = VECTOR('',#9197,1.);
#9197 = DIRECTION('',(0.513052466369,-0.858357248908,0.));
#9198 = PLANE('',#9199);
#9199 = AXIS2_PLACEMENT_3D('',#9200,#9201,#9202);
#9200 = CARTESIAN_POINT('',(1.690249648636,26.046172053123,
    27.690303339188));
#9201 = DIRECTION('',(0.858357248908,0.513052466369,0.));
#9202 = DIRECTION('',(-0.513052466369,0.858357248908,0.));
#9203 = ADVANCED_FACE('',(#9204),#9214,.T.);
#9204 = FACE_BOUND('',#9205,.T.);
#9205 = EDGE_LOOP('',(#9206,#9207,#9208));
#9206 = ORIENTED_EDGE('',*,*,#1037,.F.);
#9207 = ORIENTED_EDGE('',*,*,#9184,.F.);
#9208 = ORIENTED_EDGE('',*,*,#9209,.T.);
#9209 = EDGE_CURVE('',#9185,#1029,#9210,.T.);
#9210 = LINE('',#9211,#9212);
#9211 = CARTESIAN_POINT('',(1.824560460448,25.821464705467,
    36.967156720161));
#9212 = VECTOR('',#9213,1.);
#9213 = DIRECTION('',(1.770899703501E-02,-5.044166403148E-02,
    -0.998569992516));
#9214 = PLANE('',#9215);
#9215 = AXIS2_PLACEMENT_3D('',#9216,#9217,#9218);
#9216 = CARTESIAN_POINT('',(1.91127957122,25.574457139652,
    27.194008320353));
#9217 = DIRECTION('',(0.943540548876,0.331257049173,0.));
#9218 = DIRECTION('',(-0.331257049173,0.943540548876,0.));
#9219 = ADVANCED_FACE('',(#9220),#9237,.T.);
#9220 = FACE_BOUND('',#9221,.T.);
#9221 = EDGE_LOOP('',(#9222,#9230,#9231));
#9222 = ORIENTED_EDGE('',*,*,#9223,.T.);
#9223 = EDGE_CURVE('',#9224,#1029,#9226,.T.);
#9224 = VERTEX_POINT('',#9225);
#9225 = CARTESIAN_POINT('',(2.162399993837,24.859174847603,
    36.967156720161));
#9226 = LINE('',#9227,#9228);
#9227 = CARTESIAN_POINT('',(2.162399993837,24.859174847603,
    36.967156720161));
#9228 = VECTOR('',#9229,1.);
#9229 = DIRECTION('',(0.,0.,-1.));
#9230 = ORIENTED_EDGE('',*,*,#9209,.F.);
#9231 = ORIENTED_EDGE('',*,*,#9232,.T.);
#9232 = EDGE_CURVE('',#9185,#9224,#9233,.T.);
#9233 = LINE('',#9234,#9235);
#9234 = CARTESIAN_POINT('',(1.824560460448,25.821464705467,
    36.967156720161));
#9235 = VECTOR('',#9236,1.);
#9236 = DIRECTION('',(0.331257049173,-0.943540548876,0.));
#9237 = PLANE('',#9238);
#9238 = AXIS2_PLACEMENT_3D('',#9239,#9240,#9241);
#9239 = CARTESIAN_POINT('',(2.075680883065,25.106182413418,
    27.690303606012));
#9240 = DIRECTION('',(0.943540548876,0.331257049173,0.));
#9241 = DIRECTION('',(-0.331257049173,0.943540548876,0.));
#9242 = ADVANCED_FACE('',(#9243),#9258,.T.);
#9243 = FACE_BOUND('',#9244,.T.);
#9244 = EDGE_LOOP('',(#9245,#9246,#9252));
#9245 = ORIENTED_EDGE('',*,*,#9223,.F.);
#9246 = ORIENTED_EDGE('',*,*,#9247,.T.);
#9247 = EDGE_CURVE('',#9224,#1422,#9248,.T.);
#9248 = LINE('',#9249,#9250);
#9249 = CARTESIAN_POINT('',(2.162399993837,24.859174847603,
    36.967156720161));
#9250 = VECTOR('',#9251,1.);
#9251 = DIRECTION('',(0.234870621118,-0.972026641268,0.));
#9252 = ORIENTED_EDGE('',*,*,#9253,.T.);
#9253 = EDGE_CURVE('',#1422,#1029,#9254,.T.);
#9254 = LINE('',#9255,#9256);
#9255 = CARTESIAN_POINT('',(4.411532747746,15.550999367237,
    36.967156720161));
#9256 = VECTOR('',#9257,1.);
#9257 = DIRECTION('',(-0.105486966781,0.436564358411,-0.893467436902));
#9258 = PLANE('',#9259);
#9259 = AXIS2_PLACEMENT_3D('',#9260,#9261,#9262);
#9260 = CARTESIAN_POINT('',(2.858056012334,21.980159243524,
    29.268311811943));
#9261 = DIRECTION('',(0.972026641268,0.234870621118,0.));
#9262 = DIRECTION('',(-0.234870621118,0.972026641268,0.));
#9263 = ADVANCED_FACE('',(#9264),#9269,.T.);
#9264 = FACE_BOUND('',#9265,.T.);
#9265 = EDGE_LOOP('',(#9266,#9267,#9268));
#9266 = ORIENTED_EDGE('',*,*,#1129,.F.);
#9267 = ORIENTED_EDGE('',*,*,#9253,.F.);
#9268 = ORIENTED_EDGE('',*,*,#1430,.F.);
#9269 = PLANE('',#9270);
#9270 = AXIS2_PLACEMENT_3D('',#9271,#9272,#9273);
#9271 = CARTESIAN_POINT('',(3.715876729248,18.430014971316,
    25.616000114422));
#9272 = DIRECTION('',(0.972026641268,0.234870621118,0.));
#9273 = DIRECTION('',(-0.234870621118,0.972026641268,0.));
#9274 = ADVANCED_FACE('',(#9275),#9290,.T.);
#9275 = FACE_BOUND('',#9276,.T.);
#9276 = EDGE_LOOP('',(#9277,#9278,#9284));
#9277 = ORIENTED_EDGE('',*,*,#8606,.F.);
#9278 = ORIENTED_EDGE('',*,*,#9279,.T.);
#9279 = EDGE_CURVE('',#7767,#2365,#9280,.T.);
#9280 = LINE('',#9281,#9282);
#9281 = CARTESIAN_POINT('',(0.660618733242,-7.520836055279,
    36.967156720161));
#9282 = VECTOR('',#9283,1.);
#9283 = DIRECTION('',(0.901625144273,-0.432518322404,0.));
#9284 = ORIENTED_EDGE('',*,*,#9285,.T.);
#9285 = EDGE_CURVE('',#2365,#7675,#9286,.T.);
#9286 = LINE('',#9287,#9288);
#9287 = CARTESIAN_POINT('',(2.914641050994,-8.602112412453,
    36.967156720161));
#9288 = VECTOR('',#9289,1.);
#9289 = DIRECTION('',(-0.596658214101,0.802495467617,0.));
#9290 = PLANE('',#9291);
#9291 = AXIS2_PLACEMENT_3D('',#9292,#9293,#9294);
#9292 = CARTESIAN_POINT('',(1.316877375346,-6.969228556227,
    36.967156720161));
#9293 = DIRECTION('',(0.,0.,1.));
#9294 = DIRECTION('',(1.,0.,-0.));
#9295 = ADVANCED_FACE('',(#9296),#9311,.T.);
#9296 = FACE_BOUND('',#9297,.T.);
#9297 = EDGE_LOOP('',(#9298,#9304,#9305));
#9298 = ORIENTED_EDGE('',*,*,#9299,.T.);
#9299 = EDGE_CURVE('',#3942,#7675,#9300,.T.);
#9300 = LINE('',#9301,#9302);
#9301 = CARTESIAN_POINT('',(4.212016552687,-4.258346694708,
    36.967156720161));
#9302 = VECTOR('',#9303,1.);
#9303 = DIRECTION('',(-0.98480570268,-0.173659805277,0.));
#9304 = ORIENTED_EDGE('',*,*,#9285,.F.);
#9305 = ORIENTED_EDGE('',*,*,#9306,.T.);
#9306 = EDGE_CURVE('',#2365,#3942,#9307,.T.);
#9307 = LINE('',#9308,#9309);
#9308 = CARTESIAN_POINT('',(2.914641050994,-8.602112412453,
    36.967156720161));
#9309 = VECTOR('',#9310,1.);
#9310 = DIRECTION('',(0.286183177495,0.958174926054,0.));
#9311 = PLANE('',#9312);
#9312 = AXIS2_PLACEMENT_3D('',#9313,#9314,#9315);
#9313 = CARTESIAN_POINT('',(2.453860040261,-5.989072777172,
    36.967156720161));
#9314 = DIRECTION('',(0.,0.,1.));
#9315 = DIRECTION('',(1.,0.,-0.));
#9316 = ADVANCED_FACE('',(#9317),#9332,.T.);
#9317 = FACE_BOUND('',#9318,.T.);
#9318 = EDGE_LOOP('',(#9319,#9325,#9326));
#9319 = ORIENTED_EDGE('',*,*,#9320,.T.);
#9320 = EDGE_CURVE('',#6592,#7675,#9321,.T.);
#9321 = LINE('',#9322,#9323);
#9322 = CARTESIAN_POINT('',(1.151470072567,-1.409588931501,
    36.967156720161));
#9323 = VECTOR('',#9324,1.);
#9324 = DIRECTION('',(-0.256096872607,-0.966651122092,0.));
#9325 = ORIENTED_EDGE('',*,*,#9299,.F.);
#9326 = ORIENTED_EDGE('',*,*,#9327,.T.);
#9327 = EDGE_CURVE('',#3942,#6592,#9328,.T.);
#9328 = LINE('',#9329,#9330);
#9329 = CARTESIAN_POINT('',(4.212016552687,-4.258346694708,
    36.967156720161));
#9330 = VECTOR('',#9331,1.);
#9331 = DIRECTION('',(-0.73197943716,0.681326723074,0.));
#9332 = PLANE('',#9333);
#9333 = AXIS2_PLACEMENT_3D('',#9334,#9335,#9336);
#9334 = CARTESIAN_POINT('',(1.904046480643,-3.548621979638,
    36.967156720161));
#9335 = DIRECTION('',(0.,0.,1.));
#9336 = DIRECTION('',(1.,0.,-0.));
#9337 = ADVANCED_FACE('',(#9338),#9348,.T.);
#9338 = FACE_BOUND('',#9339,.T.);
#9339 = EDGE_LOOP('',(#9340,#9341,#9342));
#9340 = ORIENTED_EDGE('',*,*,#6591,.F.);
#9341 = ORIENTED_EDGE('',*,*,#9327,.F.);
#9342 = ORIENTED_EDGE('',*,*,#9343,.T.);
#9343 = EDGE_CURVE('',#3942,#6553,#9344,.T.);
#9344 = LINE('',#9345,#9346);
#9345 = CARTESIAN_POINT('',(4.212016552687,-4.258346694708,
    36.967156720161));
#9346 = VECTOR('',#9347,1.);
#9347 = DIRECTION('',(-0.571285832865,0.820751178597,0.));
#9348 = PLANE('',#9349);
#9349 = AXIS2_PLACEMENT_3D('',#9350,#9351,#9352);
#9350 = CARTESIAN_POINT('',(2.765635412041,-2.632228510442,
    36.967156720161));
#9351 = DIRECTION('',(0.,0.,1.));
#9352 = DIRECTION('',(1.,0.,-0.));
#9353 = ADVANCED_FACE('',(#9354),#9364,.T.);
#9354 = FACE_BOUND('',#9355,.T.);
#9355 = EDGE_LOOP('',(#9356,#9357,#9358));
#9356 = ORIENTED_EDGE('',*,*,#6552,.F.);
#9357 = ORIENTED_EDGE('',*,*,#9343,.F.);
#9358 = ORIENTED_EDGE('',*,*,#9359,.T.);
#9359 = EDGE_CURVE('',#3942,#6514,#9360,.T.);
#9360 = LINE('',#9361,#9362);
#9361 = CARTESIAN_POINT('',(4.212016552687,-4.258346694708,
    36.967156720161));
#9362 = VECTOR('',#9363,1.);
#9363 = DIRECTION('',(-0.33339806642,0.94278615248,0.));
#9364 = PLANE('',#9365);
#9365 = AXIS2_PLACEMENT_3D('',#9366,#9367,#9368);
#9366 = CARTESIAN_POINT('',(3.288691509086,-2.473893379711,
    36.967156720161));
#9367 = DIRECTION('',(0.,0.,1.));
#9368 = DIRECTION('',(1.,0.,-0.));
#9369 = ADVANCED_FACE('',(#9370),#9380,.T.);
#9370 = FACE_BOUND('',#9371,.T.);
#9371 = EDGE_LOOP('',(#9372,#9373,#9374));
#9372 = ORIENTED_EDGE('',*,*,#6513,.F.);
#9373 = ORIENTED_EDGE('',*,*,#9359,.F.);
#9374 = ORIENTED_EDGE('',*,*,#9375,.T.);
#9375 = EDGE_CURVE('',#3942,#6470,#9376,.T.);
#9376 = LINE('',#9377,#9378);
#9377 = CARTESIAN_POINT('',(4.212016552687,-4.258346694708,
    36.967156720161));
#9378 = VECTOR('',#9379,1.);
#9379 = DIRECTION('',(-9.342138581367E-02,0.995626659282,0.));
#9380 = PLANE('',#9381);
#9381 = AXIS2_PLACEMENT_3D('',#9382,#9383,#9384);
#9382 = CARTESIAN_POINT('',(3.786387121733,-2.231212284271,
    36.967156720161));
#9383 = DIRECTION('',(0.,0.,1.));
#9384 = DIRECTION('',(1.,0.,-0.));
#9385 = ADVANCED_FACE('',(#9386),#9396,.T.);
#9386 = FACE_BOUND('',#9387,.T.);
#9387 = EDGE_LOOP('',(#9388,#9394,#9395));
#9388 = ORIENTED_EDGE('',*,*,#9389,.T.);
#9389 = EDGE_CURVE('',#3940,#6470,#9390,.T.);
#9390 = LINE('',#9391,#9392);
#9391 = CARTESIAN_POINT('',(5.376827433705,-3.639273759723,
    36.967156720161));
#9392 = VECTOR('',#9393,1.);
#9393 = DIRECTION('',(-0.424143839045,0.905594834239,0.));
#9394 = ORIENTED_EDGE('',*,*,#9375,.F.);
#9395 = ORIENTED_EDGE('',*,*,#3939,.F.);
#9396 = PLANE('',#9397);
#9397 = AXIS2_PLACEMENT_3D('',#9398,#9399,#9400);
#9398 = CARTESIAN_POINT('',(4.381986552441,-2.433771953793,
    36.967156720161));
#9399 = DIRECTION('',(0.,0.,1.));
#9400 = DIRECTION('',(1.,0.,-0.));
#9401 = ADVANCED_FACE('',(#9402),#9412,.T.);
#9402 = FACE_BOUND('',#9403,.T.);
#9403 = EDGE_LOOP('',(#9404,#9405,#9406));
#9404 = ORIENTED_EDGE('',*,*,#6469,.F.);
#9405 = ORIENTED_EDGE('',*,*,#9389,.F.);
#9406 = ORIENTED_EDGE('',*,*,#9407,.T.);
#9407 = EDGE_CURVE('',#3940,#6424,#9408,.T.);
#9408 = LINE('',#9409,#9410);
#9409 = CARTESIAN_POINT('',(5.376827433705,-3.639273759723,
    36.967156720161));
#9410 = VECTOR('',#9411,1.);
#9411 = DIRECTION('',(-0.203476876214,0.979079752036,0.));
#9412 = PLANE('',#9413);
#9413 = AXIS2_PLACEMENT_3D('',#9414,#9415,#9416);
#9414 = CARTESIAN_POINT('',(4.732261879842,-1.628505131092,
    36.967156720161));
#9415 = DIRECTION('',(0.,0.,1.));
#9416 = DIRECTION('',(1.,0.,-0.));
#9417 = ADVANCED_FACE('',(#9418),#9428,.T.);
#9418 = FACE_BOUND('',#9419,.T.);
#9419 = EDGE_LOOP('',(#9420,#9426,#9427));
#9420 = ORIENTED_EDGE('',*,*,#9421,.T.);
#9421 = EDGE_CURVE('',#3993,#6424,#9422,.T.);
#9422 = LINE('',#9423,#9424);
#9423 = CARTESIAN_POINT('',(6.433766537905,-2.850023810565,
    36.967156720161));
#9424 = VECTOR('',#9425,1.);
#9425 = DIRECTION('',(-0.51230972928,0.858800757618,0.));
#9426 = ORIENTED_EDGE('',*,*,#9407,.F.);
#9427 = ORIENTED_EDGE('',*,*,#3992,.F.);
#9428 = PLANE('',#9429);
#9429 = AXIS2_PLACEMENT_3D('',#9430,#9431,#9432);
#9430 = CARTESIAN_POINT('',(5.320860339404,-1.744027352298,
    36.967156720161));
#9431 = DIRECTION('',(0.,0.,1.));
#9432 = DIRECTION('',(1.,0.,-0.));
#9433 = ADVANCED_FACE('',(#9434),#9444,.T.);
#9434 = FACE_BOUND('',#9435,.T.);
#9435 = EDGE_LOOP('',(#9436,#9437,#9438));
#9436 = ORIENTED_EDGE('',*,*,#6423,.F.);
#9437 = ORIENTED_EDGE('',*,*,#9421,.F.);
#9438 = ORIENTED_EDGE('',*,*,#9439,.T.);
#9439 = EDGE_CURVE('',#3993,#6378,#9440,.T.);
#9440 = LINE('',#9441,#9442);
#9441 = CARTESIAN_POINT('',(6.433766537905,-2.850023810565,
    36.967156720161));
#9442 = VECTOR('',#9443,1.);
#9443 = DIRECTION('',(-0.314363591783,0.949302655722,0.));
#9444 = PLANE('',#9445);
#9445 = AXIS2_PLACEMENT_3D('',#9446,#9447,#9448);
#9446 = CARTESIAN_POINT('',(5.559648341466,-0.875025624464,
    36.967156720161));
#9447 = DIRECTION('',(0.,0.,1.));
#9448 = DIRECTION('',(1.,0.,-0.));
#9449 = ADVANCED_FACE('',(#9450),#9460,.T.);
#9450 = FACE_BOUND('',#9451,.T.);
#9451 = EDGE_LOOP('',(#9452,#9458,#9459));
#9452 = ORIENTED_EDGE('',*,*,#9453,.T.);
#9453 = EDGE_CURVE('',#4039,#6378,#9454,.T.);
#9454 = LINE('',#9455,#9456);
#9455 = CARTESIAN_POINT('',(7.358174139261,-1.909009604156,
    36.967156720161));
#9456 = VECTOR('',#9457,1.);
#9457 = DIRECTION('',(-0.597270183768,0.802040103475,0.));
#9458 = ORIENTED_EDGE('',*,*,#9439,.F.);
#9459 = ORIENTED_EDGE('',*,*,#4038,.F.);
#9460 = PLANE('',#9461);
#9461 = AXIS2_PLACEMENT_3D('',#9462,#9463,#9464);
#9462 = CARTESIAN_POINT('',(6.130403710659,-0.908784044251,
    36.967156720161));
#9463 = DIRECTION('',(0.,0.,1.));
#9464 = DIRECTION('',(1.,0.,-0.));
#9465 = ADVANCED_FACE('',(#9466),#9476,.T.);
#9466 = FACE_BOUND('',#9467,.T.);
#9467 = EDGE_LOOP('',(#9468,#9469,#9470));
#9468 = ORIENTED_EDGE('',*,*,#6377,.F.);
#9469 = ORIENTED_EDGE('',*,*,#9453,.F.);
#9470 = ORIENTED_EDGE('',*,*,#9471,.T.);
#9471 = EDGE_CURVE('',#4039,#6332,#9472,.T.);
#9472 = LINE('',#9473,#9474);
#9473 = CARTESIAN_POINT('',(7.358174139261,-1.909009604156,
    36.967156720161));
#9474 = VECTOR('',#9475,1.);
#9475 = DIRECTION('',(-0.424315443973,0.905514441633,0.));
#9476 = PLANE('',#9477);
#9477 = AXIS2_PLACEMENT_3D('',#9478,#9479,#9480);
#9478 = CARTESIAN_POINT('',(6.244691394596,6.131843557335E-03,
    36.967156720161));
#9479 = DIRECTION('',(0.,0.,1.));
#9480 = DIRECTION('',(1.,0.,-0.));
#9481 = ADVANCED_FACE('',(#9482),#9492,.T.);
#9482 = FACE_BOUND('',#9483,.T.);
#9483 = EDGE_LOOP('',(#9484,#9490,#9491));
#9484 = ORIENTED_EDGE('',*,*,#9485,.T.);
#9485 = EDGE_CURVE('',#4085,#6332,#9486,.T.);
#9486 = LINE('',#9487,#9488);
#9487 = CARTESIAN_POINT('',(8.12848277092,-0.83818731606,36.967156720161
    ));
#9488 = VECTOR('',#9489,1.);
#9489 = DIRECTION('',(-0.678097269539,0.734972171612,0.));
#9490 = ORIENTED_EDGE('',*,*,#9471,.F.);
#9491 = ORIENTED_EDGE('',*,*,#4084,.F.);
#9492 = PLANE('',#9493);
#9493 = AXIS2_PLACEMENT_3D('',#9494,#9495,#9496);
#9494 = CARTESIAN_POINT('',(6.78812725234,4.782453952058E-02,
    36.967156720161));
#9495 = DIRECTION('',(0.,0.,1.));
#9496 = DIRECTION('',(1.,0.,-0.));
#9497 = ADVANCED_FACE('',(#9498),#9508,.T.);
#9498 = FACE_BOUND('',#9499,.T.);
#9499 = EDGE_LOOP('',(#9500,#9506,#9507));
#9500 = ORIENTED_EDGE('',*,*,#9501,.T.);
#9501 = EDGE_CURVE('',#4131,#6332,#9502,.T.);
#9502 = LINE('',#9503,#9504);
#9503 = CARTESIAN_POINT('',(8.726720237732,0.337460334226,
    36.967156720161));
#9504 = VECTOR('',#9505,1.);
#9505 = DIRECTION('',(-0.890529089233,0.454926303075,0.));
#9506 = ORIENTED_EDGE('',*,*,#9485,.F.);
#9507 = ORIENTED_EDGE('',*,*,#4130,.F.);
#9508 = PLANE('',#9509);
#9509 = AXIS2_PLACEMENT_3D('',#9510,#9511,#9512);
#9510 = CARTESIAN_POINT('',(7.199972317877,0.680867893963,
    36.967156720161));
#9511 = DIRECTION('',(0.,0.,1.));
#9512 = DIRECTION('',(1.,0.,-0.));
#9513 = ADVANCED_FACE('',(#9514),#9529,.T.);
#9514 = FACE_BOUND('',#9515,.T.);
#9515 = EDGE_LOOP('',(#9516,#9517,#9523));
#9516 = ORIENTED_EDGE('',*,*,#7764,.F.);
#9517 = ORIENTED_EDGE('',*,*,#9518,.T.);
#9518 = EDGE_CURVE('',#7765,#2457,#9519,.T.);
#9519 = LINE('',#9520,#9521);
#9520 = CARTESIAN_POINT('',(-0.834681178629,-7.407831203938,
    36.967156720161));
#9521 = VECTOR('',#9522,1.);
#9522 = DIRECTION('',(0.406566530169,-0.913621177812,0.));
#9523 = ORIENTED_EDGE('',*,*,#9524,.T.);
#9524 = EDGE_CURVE('',#2457,#7767,#9525,.T.);
#9525 = LINE('',#9526,#9527);
#9526 = CARTESIAN_POINT('',(-0.236611051485,-8.751792138815,
    36.967156720161));
#9527 = VECTOR('',#9528,1.);
#9528 = DIRECTION('',(0.589025409404,0.808114513591,0.));
#9529 = PLANE('',#9530);
#9530 = AXIS2_PLACEMENT_3D('',#9531,#9532,#9533);
#9531 = CARTESIAN_POINT('',(-0.132520393933,-7.8935828392,
    36.967156720161));
#9532 = DIRECTION('',(0.,0.,1.));
#9533 = DIRECTION('',(1.,0.,-0.));
#9534 = ADVANCED_FACE('',(#9535),#9545,.T.);
#9535 = FACE_BOUND('',#9536,.T.);
#9536 = EDGE_LOOP('',(#9537,#9543,#9544));
#9537 = ORIENTED_EDGE('',*,*,#9538,.T.);
#9538 = EDGE_CURVE('',#2411,#7767,#9539,.T.);
#9539 = LINE('',#9540,#9541);
#9540 = CARTESIAN_POINT('',(1.343776799738,-8.777203923464,
    36.967156720161));
#9541 = VECTOR('',#9542,1.);
#9542 = DIRECTION('',(-0.477701942617,0.878521971279,0.));
#9543 = ORIENTED_EDGE('',*,*,#9524,.F.);
#9544 = ORIENTED_EDGE('',*,*,#2465,.F.);
#9545 = PLANE('',#9546);
#9546 = AXIS2_PLACEMENT_3D('',#9547,#9548,#9549);
#9547 = CARTESIAN_POINT('',(0.580326224387,-8.359315623703,
    36.967156720161));
#9548 = DIRECTION('',(0.,0.,1.));
#9549 = DIRECTION('',(1.,0.,-0.));
#9550 = ADVANCED_FACE('',(#9551),#9556,.T.);
#9551 = FACE_BOUND('',#9552,.T.);
#9552 = EDGE_LOOP('',(#9553,#9554,#9555));
#9553 = ORIENTED_EDGE('',*,*,#9279,.F.);
#9554 = ORIENTED_EDGE('',*,*,#9538,.F.);
#9555 = ORIENTED_EDGE('',*,*,#2419,.F.);
#9556 = PLANE('',#9557);
#9557 = AXIS2_PLACEMENT_3D('',#9558,#9559,#9560);
#9558 = CARTESIAN_POINT('',(1.681772199988,-8.264372837582,
    36.967156720161));
#9559 = DIRECTION('',(0.,0.,1.));
#9560 = DIRECTION('',(1.,0.,-0.));
#9561 = ADVANCED_FACE('',(#9562),#9572,.T.);
#9562 = FACE_BOUND('',#9563,.T.);
#9563 = EDGE_LOOP('',(#9564,#9565,#9566));
#9564 = ORIENTED_EDGE('',*,*,#2511,.F.);
#9565 = ORIENTED_EDGE('',*,*,#9518,.F.);
#9566 = ORIENTED_EDGE('',*,*,#9567,.T.);
#9567 = EDGE_CURVE('',#7765,#2503,#9568,.T.);
#9568 = LINE('',#9569,#9570);
#9569 = CARTESIAN_POINT('',(-0.834681178629,-7.407831203938,
    36.967156720161));
#9570 = VECTOR('',#9571,1.);
#9571 = DIRECTION('',(-0.6537796049,-0.756685025765,0.));
#9572 = PLANE('',#9573);
#9573 = AXIS2_PLACEMENT_3D('',#9574,#9575,#9576);
#9574 = CARTESIAN_POINT('',(-0.959489775357,-8.238155703998,
    36.967156720161));
#9575 = DIRECTION('',(0.,0.,1.));
#9576 = DIRECTION('',(1.,0.,-0.));
#9577 = ADVANCED_FACE('',(#9578),#9588,.T.);
#9578 = FACE_BOUND('',#9579,.T.);
#9579 = EDGE_LOOP('',(#9580,#9586,#9587));
#9580 = ORIENTED_EDGE('',*,*,#9581,.T.);
#9581 = EDGE_CURVE('',#7818,#2503,#9582,.T.);
#9582 = LINE('',#9583,#9584);
#9583 = CARTESIAN_POINT('',(-2.301391744614,-7.095661395788,
    36.967156720161));
#9584 = VECTOR('',#9585,1.);
#9585 = DIRECTION('',(0.330137640859,-0.943932803799,0.));
#9586 = ORIENTED_EDGE('',*,*,#9567,.F.);
#9587 = ORIENTED_EDGE('',*,*,#7817,.F.);
#9588 = PLANE('',#9589);
#9589 = AXIS2_PLACEMENT_3D('',#9590,#9591,#9592);
#9590 = CARTESIAN_POINT('',(-1.648715806473,-7.675686170387,
    36.967156720161));
#9591 = DIRECTION('',(0.,0.,1.));
#9592 = DIRECTION('',(1.,0.,-0.));
#9593 = ADVANCED_FACE('',(#9594),#9604,.T.);
#9594 = FACE_BOUND('',#9595,.T.);
#9595 = EDGE_LOOP('',(#9596,#9597,#9598));
#9596 = ORIENTED_EDGE('',*,*,#2557,.F.);
#9597 = ORIENTED_EDGE('',*,*,#9581,.F.);
#9598 = ORIENTED_EDGE('',*,*,#9599,.T.);
#9599 = EDGE_CURVE('',#7818,#2549,#9600,.T.);
#9600 = LINE('',#9601,#9602);
#9601 = CARTESIAN_POINT('',(-2.301391744614,-7.095661395788,
    36.967156720161));
#9602 = VECTOR('',#9603,1.);
#9603 = DIRECTION('',(-0.712032620832,-0.702146385642,0.));
#9604 = PLANE('',#9605);
#9605 = AXIS2_PLACEMENT_3D('',#9606,#9607,#9608);
#9606 = CARTESIAN_POINT('',(-2.470928946108,-7.919973817038,
    36.967156720161));
#9607 = DIRECTION('',(0.,0.,1.));
#9608 = DIRECTION('',(1.,0.,-0.));
#9609 = ADVANCED_FACE('',(#9610),#9620,.T.);
#9610 = FACE_BOUND('',#9611,.T.);
#9611 = EDGE_LOOP('',(#9612,#9618,#9619));
#9612 = ORIENTED_EDGE('',*,*,#9613,.T.);
#9613 = EDGE_CURVE('',#7864,#2549,#9614,.T.);
#9614 = LINE('',#9615,#9616);
#9615 = CARTESIAN_POINT('',(-3.713108354807,-6.589946442842,
    36.967156720161));
#9616 = VECTOR('',#9617,1.);
#9617 = DIRECTION('',(0.248701578058,-0.968580159342,0.));
#9618 = ORIENTED_EDGE('',*,*,#9599,.F.);
#9619 = ORIENTED_EDGE('',*,*,#7863,.F.);
#9620 = PLANE('',#9621);
#9621 = AXIS2_PLACEMENT_3D('',#9622,#9623,#9624);
#9622 = CARTESIAN_POINT('',(-3.122889497974,-7.259788489796,
    36.967156720161));
#9623 = DIRECTION('',(0.,0.,1.));
#9624 = DIRECTION('',(1.,0.,-0.));
#9625 = ADVANCED_FACE('',(#9626),#9636,.T.);
#9626 = FACE_BOUND('',#9627,.T.);
#9627 = EDGE_LOOP('',(#9628,#9629,#9630));
#9628 = ORIENTED_EDGE('',*,*,#2603,.F.);
#9629 = ORIENTED_EDGE('',*,*,#9613,.F.);
#9630 = ORIENTED_EDGE('',*,*,#9631,.T.);
#9631 = EDGE_CURVE('',#7864,#2595,#9632,.T.);
#9632 = LINE('',#9633,#9634);
#9633 = CARTESIAN_POINT('',(-3.713108354807,-6.589946442842,
    36.967156720161));
#9634 = VECTOR('',#9635,1.);
#9635 = DIRECTION('',(-0.763894952846,-0.645340608529,0.));
#9636 = PLANE('',#9637);
#9637 = AXIS2_PLACEMENT_3D('',#9638,#9639,#9640);
#9638 = CARTESIAN_POINT('',(-3.928975697436,-7.410017576659,
    36.967156720161));
#9639 = DIRECTION('',(0.,0.,1.));
#9640 = DIRECTION('',(1.,0.,-0.));
#9641 = ADVANCED_FACE('',(#9642),#9652,.T.);
#9642 = FACE_BOUND('',#9643,.T.);
#9643 = EDGE_LOOP('',(#9644,#9650,#9651));
#9644 = ORIENTED_EDGE('',*,*,#9645,.T.);
#9645 = EDGE_CURVE('',#7910,#2595,#9646,.T.);
#9646 = LINE('',#9647,#9648);
#9647 = CARTESIAN_POINT('',(-5.044413736463,-5.899790531397,
    36.967156720161));
#9648 = VECTOR('',#9649,1.);
#9649 = DIRECTION('',(0.162710855856,-0.986673794821,0.));
#9650 = ORIENTED_EDGE('',*,*,#9631,.F.);
#9651 = ORIENTED_EDGE('',*,*,#7909,.F.);
#9652 = PLANE('',#9653);
#9653 = AXIS2_PLACEMENT_3D('',#9654,#9655,#9656);
#9654 = CARTESIAN_POINT('',(-4.529190175849,-6.653233426283,
    36.967156720161));
#9655 = DIRECTION('',(0.,0.,1.));
#9656 = DIRECTION('',(1.,0.,-0.));
#9657 = ADVANCED_FACE('',(#9658),#9668,.T.);
#9658 = FACE_BOUND('',#9659,.T.);
#9659 = EDGE_LOOP('',(#9660,#9661,#9662));
#9660 = ORIENTED_EDGE('',*,*,#2649,.F.);
#9661 = ORIENTED_EDGE('',*,*,#9645,.F.);
#9662 = ORIENTED_EDGE('',*,*,#9663,.T.);
#9663 = EDGE_CURVE('',#7910,#2641,#9664,.T.);
#9664 = LINE('',#9665,#9666);
#9665 = CARTESIAN_POINT('',(-5.044413736463,-5.899790531397,
    36.967156720161));
#9666 = VECTOR('',#9667,1.);
#9667 = DIRECTION('',(-0.809597880433,-0.586984899293,0.));
#9668 = PLANE('',#9669);
#9669 = AXIS2_PLACEMENT_3D('',#9670,#9671,#9672);
#9670 = CARTESIAN_POINT('',(-5.309474734922,-6.716672513327,
    36.967156720161));
#9671 = DIRECTION('',(0.,0.,1.));
#9672 = DIRECTION('',(1.,0.,-0.));
#9673 = ADVANCED_FACE('',(#9674),#9684,.T.);
#9674 = FACE_BOUND('',#9675,.T.);
#9675 = EDGE_LOOP('',(#9676,#9682,#9683));
#9676 = ORIENTED_EDGE('',*,*,#9677,.T.);
#9677 = EDGE_CURVE('',#7956,#2641,#9678,.T.);
#9678 = LINE('',#9679,#9680);
#9679 = CARTESIAN_POINT('',(-6.271340799332,-5.037618336082,
    36.967156720161));
#9680 = VECTOR('',#9681,1.);
#9681 = DIRECTION('',(7.278696854639E-02,-0.997347510755,0.));
#9682 = ORIENTED_EDGE('',*,*,#9663,.F.);
#9683 = ORIENTED_EDGE('',*,*,#7955,.F.);
#9684 = PLANE('',#9685);
#9685 = AXIS2_PLACEMENT_3D('',#9686,#9687,#9688);
#9686 = CARTESIAN_POINT('',(-5.842993201303,-5.866751162119,
    36.967156720161));
#9687 = DIRECTION('',(0.,0.,1.));
#9688 = DIRECTION('',(1.,0.,-0.));
#9689 = ADVANCED_FACE('',(#9690),#9700,.T.);
#9690 = FACE_BOUND('',#9691,.T.);
#9691 = EDGE_LOOP('',(#9692,#9693,#9694));
#9692 = ORIENTED_EDGE('',*,*,#2695,.F.);
#9693 = ORIENTED_EDGE('',*,*,#9677,.F.);
#9694 = ORIENTED_EDGE('',*,*,#9695,.T.);
#9695 = EDGE_CURVE('',#7956,#2687,#9696,.T.);
#9696 = LINE('',#9697,#9698);
#9697 = CARTESIAN_POINT('',(-6.271340799332,-5.037618336082,
    36.967156720161));
#9698 = VECTOR('',#9699,1.);
#9699 = DIRECTION('',(-0.849464523263,-0.527645736947,0.));
#9700 = PLANE('',#9701);
#9701 = AXIS2_PLACEMENT_3D('',#9702,#9703,#9704);
#9702 = CARTESIAN_POINT('',(-6.589517439568,-5.85133388736,
    36.967156720161));
#9703 = DIRECTION('',(0.,0.,1.));
#9704 = DIRECTION('',(1.,0.,-0.));
#9705 = ADVANCED_FACE('',(#9706),#9716,.T.);
#9706 = FACE_BOUND('',#9707,.T.);
#9707 = EDGE_LOOP('',(#9708,#9714,#9715));
#9708 = ORIENTED_EDGE('',*,*,#9709,.T.);
#9709 = EDGE_CURVE('',#8002,#2687,#9710,.T.);
#9710 = LINE('',#9711,#9712);
#9711 = CARTESIAN_POINT('',(-7.371800518036,-4.018953225017,
    36.967156720161));
#9712 = VECTOR('',#9713,1.);
#9713 = DIRECTION('',(-2.028866520048E-02,-0.999794163848,0.));
#9714 = ORIENTED_EDGE('',*,*,#9695,.F.);
#9715 = ORIENTED_EDGE('',*,*,#8001,.F.);
#9716 = PLANE('',#9717);
#9717 = AXIS2_PLACEMENT_3D('',#9718,#9719,#9720);
#9718 = CARTESIAN_POINT('',(-7.041349033087,-4.914255343924,
    36.967156720161));
#9719 = DIRECTION('',(0.,0.,1.));
#9720 = DIRECTION('',(1.,0.,-0.));
#9721 = ADVANCED_FACE('',(#9722),#9732,.T.);
#9722 = FACE_BOUND('',#9723,.T.);
#9723 = EDGE_LOOP('',(#9724,#9725,#9726));
#9724 = ORIENTED_EDGE('',*,*,#2741,.F.);
#9725 = ORIENTED_EDGE('',*,*,#9709,.F.);
#9726 = ORIENTED_EDGE('',*,*,#9727,.T.);
#9727 = EDGE_CURVE('',#8002,#2733,#9728,.T.);
#9728 = LINE('',#9729,#9730);
#9729 = CARTESIAN_POINT('',(-7.371800518036,-4.018953225017,
    36.967156720161));
#9730 = VECTOR('',#9731,1.);
#9731 = DIRECTION('',(-0.883877484312,-0.46771849731,0.));
#9732 = PLANE('',#9733);
#9733 = AXIS2_PLACEMENT_3D('',#9734,#9735,#9736);
#9734 = CARTESIAN_POINT('',(-7.747810603645,-4.828233892086,
    36.967156720161));
#9735 = DIRECTION('',(0.,0.,1.));
#9736 = DIRECTION('',(1.,0.,-0.));
#9737 = ADVANCED_FACE('',(#9738),#9748,.T.);
#9738 = FACE_BOUND('',#9739,.T.);
#9739 = EDGE_LOOP('',(#9740,#9746,#9747));
#9740 = ORIENTED_EDGE('',*,*,#9741,.T.);
#9741 = EDGE_CURVE('',#8048,#2733,#9742,.T.);
#9742 = LINE('',#9743,#9744);
#9743 = CARTESIAN_POINT('',(-8.325980859995,-2.862133581936,
    36.967156720161));
#9744 = VECTOR('',#9745,1.);
#9745 = DIRECTION('',(-0.115587364289,-0.993297317633,0.));
#9746 = ORIENTED_EDGE('',*,*,#9727,.F.);
#9747 = ORIENTED_EDGE('',*,*,#8047,.F.);
#9748 = PLANE('',#9749);
#9749 = AXIS2_PLACEMENT_3D('',#9750,#9751,#9752);
#9750 = CARTESIAN_POINT('',(-8.103396111319,-3.812578945791,
    36.967156720161));
#9751 = DIRECTION('',(0.,0.,1.));
#9752 = DIRECTION('',(1.,0.,-0.));
#9753 = ADVANCED_FACE('',(#9754),#9764,.T.);
#9754 = FACE_BOUND('',#9755,.T.);
#9755 = EDGE_LOOP('',(#9756,#9757,#9758));
#9756 = ORIENTED_EDGE('',*,*,#2787,.F.);
#9757 = ORIENTED_EDGE('',*,*,#9741,.F.);
#9758 = ORIENTED_EDGE('',*,*,#9759,.T.);
#9759 = EDGE_CURVE('',#8048,#2779,#9760,.T.);
#9760 = LINE('',#9761,#9762);
#9761 = CARTESIAN_POINT('',(-8.325980859995,-2.862133581936,
    36.967156720161));
#9762 = VECTOR('',#9763,1.);
#9763 = DIRECTION('',(-0.913239545946,-0.407423037788,0.));
#9764 = PLANE('',#9765);
#9765 = AXIS2_PLACEMENT_3D('',#9766,#9767,#9768);
#9766 = CARTESIAN_POINT('',(-8.765021619697,-3.664224242914,
    36.967156720161));
#9767 = DIRECTION('',(0.,0.,1.));
#9768 = DIRECTION('',(1.,0.,-0.));
#9769 = ADVANCED_FACE('',(#9770),#9780,.T.);
#9770 = FACE_BOUND('',#9771,.T.);
#9771 = EDGE_LOOP('',(#9772,#9778,#9779));
#9772 = ORIENTED_EDGE('',*,*,#9773,.T.);
#9773 = EDGE_CURVE('',#8094,#2779,#9774,.T.);
#9774 = LINE('',#9775,#9776);
#9775 = CARTESIAN_POINT('',(-9.116701430082,-1.587986359,36.967156720161
    ));
#9776 = VECTOR('',#9777,1.);
#9777 = DIRECTION('',(-0.212046934852,-0.977259483157,0.));
#9778 = ORIENTED_EDGE('',*,*,#9759,.F.);
#9779 = ORIENTED_EDGE('',*,*,#8093,.F.);
#9780 = PLANE('',#9781);
#9781 = AXIS2_PLACEMENT_3D('',#9782,#9783,#9784);
#9782 = CARTESIAN_POINT('',(-9.010728386805,-2.581155473521,
    36.967156720161));
#9783 = DIRECTION('',(0.,0.,1.));
#9784 = DIRECTION('',(1.,0.,-0.));
#9785 = ADVANCED_FACE('',(#9786),#9796,.T.);
#9786 = FACE_BOUND('',#9787,.T.);
#9787 = EDGE_LOOP('',(#9788,#9789,#9790));
#9788 = ORIENTED_EDGE('',*,*,#2833,.F.);
#9789 = ORIENTED_EDGE('',*,*,#9773,.F.);
#9790 = ORIENTED_EDGE('',*,*,#9791,.T.);
#9791 = EDGE_CURVE('',#8094,#2825,#9792,.T.);
#9792 = LINE('',#9793,#9794);
#9793 = CARTESIAN_POINT('',(-9.116701430082,-1.587986359,36.967156720161
    ));
#9794 = VECTOR('',#9795,1.);
#9795 = DIRECTION('',(-0.937937190503,-0.346805171056,0.));
#9796 = PLANE('',#9797);
#9797 = AXIS2_PLACEMENT_3D('',#9798,#9799,#9800);
#9798 = CARTESIAN_POINT('',(-9.624100709267,-2.378518677212,
    36.967156720161));
#9799 = DIRECTION('',(0.,0.,1.));
#9800 = DIRECTION('',(1.,0.,-0.));
#9801 = ADVANCED_FACE('',(#9802),#9812,.T.);
#9802 = FACE_BOUND('',#9803,.T.);
#9803 = EDGE_LOOP('',(#9804,#9810,#9811));
#9804 = ORIENTED_EDGE('',*,*,#9805,.T.);
#9805 = EDGE_CURVE('',#8140,#2825,#9806,.T.);
#9806 = LINE('',#9807,#9808);
#9807 = CARTESIAN_POINT('',(-9.729728752375,-0.21945163887,
    36.967156720161));
#9808 = VECTOR('',#9809,1.);
#9809 = DIRECTION('',(-0.308493607227,-0.951226415897,0.));
#9810 = ORIENTED_EDGE('',*,*,#9791,.F.);
#9811 = ORIENTED_EDGE('',*,*,#8139,.F.);
#9812 = PLANE('',#9813);
#9813 = AXIS2_PLACEMENT_3D('',#9814,#9815,#9816);
#9814 = CARTESIAN_POINT('',(-9.7477189463,-1.241656937196,
    36.967156720161));
#9815 = DIRECTION('',(0.,0.,1.));
#9816 = DIRECTION('',(1.,0.,-0.));
#9817 = ADVANCED_FACE('',(#9818),#9828,.T.);
#9818 = FACE_BOUND('',#9819,.T.);
#9819 = EDGE_LOOP('',(#9820,#9821,#9822));
#9820 = ORIENTED_EDGE('',*,*,#2879,.F.);
#9821 = ORIENTED_EDGE('',*,*,#9805,.F.);
#9822 = ORIENTED_EDGE('',*,*,#9823,.T.);
#9823 = EDGE_CURVE('',#8140,#2871,#9824,.T.);
#9824 = LINE('',#9825,#9826);
#9825 = CARTESIAN_POINT('',(-9.729728752375,-0.21945163887,
    36.967156720161));
#9826 = VECTOR('',#9827,1.);
#9827 = DIRECTION('',(-0.958302097057,-0.285757048514,0.));
#9828 = PLANE('',#9829);
#9829 = AXIS2_PLACEMENT_3D('',#9830,#9831,#9832);
#9830 = CARTESIAN_POINT('',(-10.31057360279,-0.992395465464,
    36.967156720161));
#9831 = DIRECTION('',(0.,0.,1.));
#9832 = DIRECTION('',(1.,0.,-0.));
#9833 = ADVANCED_FACE('',(#9834),#9844,.T.);
#9834 = FACE_BOUND('',#9835,.T.);
#9835 = EDGE_LOOP('',(#9836,#9842,#9843));
#9836 = ORIENTED_EDGE('',*,*,#9837,.T.);
#9837 = EDGE_CURVE('',#8186,#2871,#9838,.T.);
#9838 = LINE('',#9839,#9840);
#9839 = CARTESIAN_POINT('',(-10.15402607321,1.218833159655,
    36.967156720161));
#9840 = VECTOR('',#9841,1.);
#9841 = DIRECTION('',(-0.403665661526,-0.914906571025,0.));
#9842 = ORIENTED_EDGE('',*,*,#9823,.F.);
#9843 = ORIENTED_EDGE('',*,*,#8185,.F.);
#9844 = PLANE('',#9845);
#9845 = AXIS2_PLACEMENT_3D('',#9846,#9847,#9848);
#9846 = CARTESIAN_POINT('',(-10.30178163185,0.182411662104,
    36.967156720161));
#9847 = DIRECTION('',(0.,0.,1.));
#9848 = DIRECTION('',(1.,0.,-0.));
#9849 = ADVANCED_FACE('',(#9850),#9860,.T.);
#9850 = FACE_BOUND('',#9851,.T.);
#9851 = EDGE_LOOP('',(#9852,#9853,#9854));
#9852 = ORIENTED_EDGE('',*,*,#2925,.F.);
#9853 = ORIENTED_EDGE('',*,*,#9837,.F.);
#9854 = ORIENTED_EDGE('',*,*,#9855,.T.);
#9855 = EDGE_CURVE('',#8186,#2917,#9856,.T.);
#9856 = LINE('',#9857,#9858);
#9857 = CARTESIAN_POINT('',(-10.15402607321,1.218833159655,
    36.967156720161));
#9858 = VECTOR('',#9859,1.);
#9859 = DIRECTION('',(-0.974577548941,-0.224050443203,0.));
#9860 = PLANE('',#9861);
#9861 = AXIS2_PLACEMENT_3D('',#9862,#9863,#9864);
#9862 = CARTESIAN_POINT('',(-10.81279238852,0.471140615178,
    36.967156720161));
#9863 = DIRECTION('',(0.,0.,1.));
#9864 = DIRECTION('',(1.,0.,-0.));
#9865 = ADVANCED_FACE('',(#9866),#9876,.T.);
#9866 = FACE_BOUND('',#9867,.T.);
#9867 = EDGE_LOOP('',(#9868,#9869,#9870));
#9868 = ORIENTED_EDGE('',*,*,#2971,.F.);
#9869 = ORIENTED_EDGE('',*,*,#9855,.F.);
#9870 = ORIENTED_EDGE('',*,*,#9871,.T.);
#9871 = EDGE_CURVE('',#8186,#2963,#9872,.T.);
#9872 = LINE('',#9873,#9874);
#9873 = CARTESIAN_POINT('',(-10.15402607321,1.218833159655,
    36.967156720161));
#9874 = VECTOR('',#9875,1.);
#9875 = DIRECTION('',(-0.758211285111,0.652008931787,0.));
#9876 = PLANE('',#9877);
#9877 = AXIS2_PLACEMENT_3D('',#9878,#9879,#9880);
#9878 = CARTESIAN_POINT('',(-11.06714440645,1.604225250696,
    36.967156720161));
#9879 = DIRECTION('',(0.,0.,1.));
#9880 = DIRECTION('',(1.,0.,-0.));
#9881 = ADVANCED_FACE('',(#9882),#9892,.T.);
#9882 = FACE_BOUND('',#9883,.T.);
#9883 = EDGE_LOOP('',(#9884,#9890,#9891));
#9884 = ORIENTED_EDGE('',*,*,#9885,.T.);
#9885 = EDGE_CURVE('',#8232,#2963,#9886,.T.);
#9886 = LINE('',#9887,#9888);
#9887 = CARTESIAN_POINT('',(-10.38195320367,2.700973512232,
    36.967156720161));
#9888 = VECTOR('',#9889,1.);
#9889 = DIRECTION('',(-0.986892447142,-0.161379359816,0.));
#9890 = ORIENTED_EDGE('',*,*,#9871,.F.);
#9891 = ORIENTED_EDGE('',*,*,#8231,.F.);
#9892 = PLANE('',#9893);
#9893 = AXIS2_PLACEMENT_3D('',#9894,#9895,#9896);
#9894 = CARTESIAN_POINT('',(-10.72783420536,2.089186964688,
    36.967156720161));
#9895 = DIRECTION('',(0.,0.,1.));
#9896 = DIRECTION('',(1.,0.,-0.));
#9897 = ADVANCED_FACE('',(#9898),#9908,.T.);
#9898 = FACE_BOUND('',#9899,.T.);
#9899 = EDGE_LOOP('',(#9900,#9901,#9902));
#9900 = ORIENTED_EDGE('',*,*,#3017,.F.);
#9901 = ORIENTED_EDGE('',*,*,#9885,.F.);
#9902 = ORIENTED_EDGE('',*,*,#9903,.T.);
#9903 = EDGE_CURVE('',#8232,#3009,#9904,.T.);
#9904 = LINE('',#9905,#9906);
#9905 = CARTESIAN_POINT('',(-10.38195320367,2.700973512232,
    36.967156720161));
#9906 = VECTOR('',#9907,1.);
#9907 = DIRECTION('',(-0.688190691167,0.725529856443,0.));
#9908 = PLANE('',#9909);
#9909 = AXIS2_PLACEMENT_3D('',#9910,#9911,#9912);
#9910 = CARTESIAN_POINT('',(-11.23664166519,3.142130202661,
    36.967156720161));
#9911 = DIRECTION('',(0.,0.,1.));
#9912 = DIRECTION('',(1.,0.,-0.));
#9913 = ADVANCED_FACE('',(#9914),#9924,.T.);
#9914 = FACE_BOUND('',#9915,.T.);
#9915 = EDGE_LOOP('',(#9916,#9922,#9923));
#9916 = ORIENTED_EDGE('',*,*,#9917,.T.);
#9917 = EDGE_CURVE('',#8278,#3009,#9918,.T.);
#9918 = LINE('',#9919,#9920);
#9919 = CARTESIAN_POINT('',(-10.40940731763,4.2002856493,36.967156720161
    ));
#9920 = VECTOR('',#9921,1.);
#9921 = DIRECTION('',(-0.995244170724,-9.741170689152E-02,0.));
#9922 = ORIENTED_EDGE('',*,*,#9903,.F.);
#9923 = ORIENTED_EDGE('',*,*,#8277,.F.);
#9924 = PLANE('',#9925);
#9925 = AXIS2_PLACEMENT_3D('',#9926,#9927,#9928);
#9926 = CARTESIAN_POINT('',(-10.83292362214,3.613772507968,
    36.967156720161));
#9927 = DIRECTION('',(0.,0.,1.));
#9928 = DIRECTION('',(1.,0.,-0.));
#9929 = ADVANCED_FACE('',(#9930),#9940,.T.);
#9930 = FACE_BOUND('',#9931,.T.);
#9931 = EDGE_LOOP('',(#9932,#9933,#9934));
#9932 = ORIENTED_EDGE('',*,*,#3063,.F.);
#9933 = ORIENTED_EDGE('',*,*,#9917,.F.);
#9934 = ORIENTED_EDGE('',*,*,#9935,.T.);
#9935 = EDGE_CURVE('',#8278,#3055,#9936,.T.);
#9936 = LINE('',#9937,#9938);
#9937 = CARTESIAN_POINT('',(-10.40940731763,4.2002856493,36.967156720161
    ));
#9938 = VECTOR('',#9939,1.);
#9939 = DIRECTION('',(-0.612655592479,0.790350001584,0.));
#9940 = PLANE('',#9941);
#9941 = AXIS2_PLACEMENT_3D('',#9942,#9943,#9944);
#9942 = CARTESIAN_POINT('',(-11.20649313722,4.688544905114,
    36.967156720161));
#9943 = DIRECTION('',(0.,0.,1.));
#9944 = DIRECTION('',(1.,0.,-0.));
#9945 = ADVANCED_FACE('',(#9946),#9956,.T.);
#9946 = FACE_BOUND('',#9947,.T.);
#9947 = EDGE_LOOP('',(#9948,#9954,#9955));
#9948 = ORIENTED_EDGE('',*,*,#9949,.T.);
#9949 = EDGE_CURVE('',#8324,#3055,#9950,.T.);
#9950 = LINE('',#9951,#9952);
#9951 = CARTESIAN_POINT('',(-10.23589486479,5.689776551723,
    36.967156720161));
#9952 = VECTOR('',#9953,1.);
#9953 = DIRECTION('',(-0.999492869291,-3.184343316865E-02,0.));
#9954 = ORIENTED_EDGE('',*,*,#9935,.F.);
#9955 = ORIENTED_EDGE('',*,*,#8323,.F.);
#9956 = PLANE('',#9957);
#9957 = AXIS2_PLACEMENT_3D('',#9958,#9959,#9960);
#9958 = CARTESIAN_POINT('',(-10.73644936765,5.139720806898,
    36.967156720161));
#9959 = DIRECTION('',(0.,0.,1.));
#9960 = DIRECTION('',(1.,0.,-0.));
#9961 = ADVANCED_FACE('',(#9962),#9972,.T.);
#9962 = FACE_BOUND('',#9963,.T.);
#9963 = EDGE_LOOP('',(#9964,#9965,#9966));
#9964 = ORIENTED_EDGE('',*,*,#3109,.F.);
#9965 = ORIENTED_EDGE('',*,*,#9949,.F.);
#9966 = ORIENTED_EDGE('',*,*,#9967,.T.);
#9967 = EDGE_CURVE('',#8324,#3101,#9968,.T.);
#9968 = LINE('',#9969,#9970);
#9969 = CARTESIAN_POINT('',(-10.23589486479,5.689776551723,
    36.967156720161));
#9970 = VECTOR('',#9971,1.);
#9971 = DIRECTION('',(-0.532866275502,0.846199463739,0.));
#9972 = PLANE('',#9973);
#9973 = AXIS2_PLACEMENT_3D('',#9974,#9975,#9976);
#9974 = CARTESIAN_POINT('',(-10.97742900091,6.21770318677,
    36.967156720161));
#9975 = DIRECTION('',(0.,0.,1.));
#9976 = DIRECTION('',(1.,0.,-0.));
#9977 = ADVANCED_FACE('',(#9978),#9988,.T.);
#9978 = FACE_BOUND('',#9979,.T.);
#9979 = EDGE_LOOP('',(#9980,#9986,#9987));
#9980 = ORIENTED_EDGE('',*,*,#9981,.T.);
#9981 = EDGE_CURVE('',#8370,#3101,#9982,.T.);
#9982 = LINE('',#9983,#9984);
#9983 = CARTESIAN_POINT('',(-9.864537626505,7.142631185055,
    36.967156720161));
#9984 = VECTOR('',#9985,1.);
#9985 = DIRECTION('',(-0.999367781478,3.555330286037E-02,0.));
#9986 = ORIENTED_EDGE('',*,*,#9967,.F.);
#9987 = ORIENTED_EDGE('',*,*,#8369,.F.);
#9988 = PLANE('',#9989);
#9989 = AXIS2_PLACEMENT_3D('',#9990,#9991,#9992);
#9990 = CARTESIAN_POINT('',(-10.43979710707,6.640395466798,
    36.967156720161));
#9991 = DIRECTION('',(0.,0.,1.));
#9992 = DIRECTION('',(1.,0.,-0.));
#9993 = ADVANCED_FACE('',(#9994),#10004,.T.);
#9994 = FACE_BOUND('',#9995,.T.);
#9995 = EDGE_LOOP('',(#9996,#9997,#9998));
#9996 = ORIENTED_EDGE('',*,*,#3155,.F.);
#9997 = ORIENTED_EDGE('',*,*,#9981,.F.);
#9998 = ORIENTED_EDGE('',*,*,#9999,.T.);
#9999 = EDGE_CURVE('',#8370,#3147,#10000,.T.);
#10000 = LINE('',#10001,#10002);
#10001 = CARTESIAN_POINT('',(-9.864537626505,7.142631185055,
    36.967156720161));
#10002 = VECTOR('',#10003,1.);
#10003 = DIRECTION('',(-0.450071795049,0.892992373596,0.));
#10004 = PLANE('',#10005);
#10005 = AXIS2_PLACEMENT_3D('',#10006,#10007,#10008);
#10006 = CARTESIAN_POINT('',(-10.55346841891,7.704194443948,
    36.967156720161));
#10007 = DIRECTION('',(0.,0.,1.));
#10008 = DIRECTION('',(1.,0.,-0.));
#10009 = ADVANCED_FACE('',(#10010),#10020,.T.);
#10010 = FACE_BOUND('',#10011,.T.);
#10011 = EDGE_LOOP('',(#10012,#10018,#10019));
#10012 = ORIENTED_EDGE('',*,*,#10013,.T.);
#10013 = EDGE_CURVE('',#8416,#3147,#10014,.T.);
#10014 = LINE('',#10015,#10016);
#10015 = CARTESIAN_POINT('',(-9.302023512125,8.532691383362,
    36.967156720161));
#10016 = VECTOR('',#10017,1.);
#10017 = DIRECTION('',(-0.994484332098,0.104885238292,0.));
#10018 = ORIENTED_EDGE('',*,*,#9999,.F.);
#10019 = ORIENTED_EDGE('',*,*,#8415,.F.);
#10020 = PLANE('',#10021);
#10021 = AXIS2_PLACEMENT_3D('',#10022,#10023,#10024);
#10022 = CARTESIAN_POINT('',(-9.94788561027,8.089524954102,
    36.967156720161));
#10023 = DIRECTION('',(0.,0.,1.));
#10024 = DIRECTION('',(1.,0.,-0.));
#10025 = ADVANCED_FACE('',(#10026),#10036,.T.);
#10026 = FACE_BOUND('',#10027,.T.);
#10027 = EDGE_LOOP('',(#10028,#10029,#10030));
#10028 = ORIENTED_EDGE('',*,*,#3201,.F.);
#10029 = ORIENTED_EDGE('',*,*,#10013,.F.);
#10030 = ORIENTED_EDGE('',*,*,#10031,.T.);
#10031 = EDGE_CURVE('',#8416,#3193,#10032,.T.);
#10032 = LINE('',#10033,#10034);
#10033 = CARTESIAN_POINT('',(-9.302023512125,8.532691383362,
    36.967156720161));
#10034 = VECTOR('',#10035,1.);
#10035 = DIRECTION('',(-0.365477197135,0.930820293276,0.));
#10036 = PLANE('',#10037);
#10037 = AXIS2_PLACEMENT_3D('',#10038,#10039,#10040);
#10038 = CARTESIAN_POINT('',(-9.941837206766,9.123377506796,
    36.967156720161));
#10039 = DIRECTION('',(0.,0.,1.));
#10040 = DIRECTION('',(1.,0.,-0.));
#10041 = ADVANCED_FACE('',(#10042),#10052,.T.);
#10042 = FACE_BOUND('',#10043,.T.);
#10043 = EDGE_LOOP('',(#10044,#10050,#10051));
#10044 = ORIENTED_EDGE('',*,*,#10045,.T.);
#10045 = EDGE_CURVE('',#8462,#3193,#10046,.T.);
#10046 = LINE('',#10047,#10048);
#10047 = CARTESIAN_POINT('',(-8.558478629589,9.834932178259,
    36.967156720161));
#10048 = VECTOR('',#10049,1.);
#10049 = DIRECTION('',(-0.984370491729,0.176110008269,0.));
#10050 = ORIENTED_EDGE('',*,*,#10031,.F.);
#10051 = ORIENTED_EDGE('',*,*,#8461,.F.);
#10052 = PLANE('',#10053);
#10053 = AXIS2_PLACEMENT_3D('',#10054,#10055,#10056);
#10054 = CARTESIAN_POINT('',(-9.269102422235,9.461683744925,
    36.967156720161));
#10055 = DIRECTION('',(0.,0.,1.));
#10056 = DIRECTION('',(1.,0.,-0.));
#10057 = ADVANCED_FACE('',(#10058),#10068,.T.);
#10058 = FACE_BOUND('',#10059,.T.);
#10059 = EDGE_LOOP('',(#10060,#10061,#10062));
#10060 = ORIENTED_EDGE('',*,*,#3247,.F.);
#10061 = ORIENTED_EDGE('',*,*,#10045,.F.);
#10062 = ORIENTED_EDGE('',*,*,#10063,.T.);
#10063 = EDGE_CURVE('',#8462,#3239,#10064,.T.);
#10064 = LINE('',#10065,#10066);
#10065 = CARTESIAN_POINT('',(-8.558478629589,9.834932178259,
    36.967156720161));
#10066 = VECTOR('',#10067,1.);
#10067 = DIRECTION('',(-0.2802221651,0.95993517395,0.));
#10068 = PLANE('',#10069);
#10069 = AXIS2_PLACEMENT_3D('',#10070,#10071,#10072);
#10070 = CARTESIAN_POINT('',(-9.152831747304,10.451771105469,
    36.967156720161));
#10071 = DIRECTION('',(0.,0.,1.));
#10072 = DIRECTION('',(1.,0.,-0.));
#10073 = ADVANCED_FACE('',(#10074),#10084,.T.);
#10074 = FACE_BOUND('',#10075,.T.);
#10075 = EDGE_LOOP('',(#10076,#10082,#10083));
#10076 = ORIENTED_EDGE('',*,*,#10077,.T.);
#10077 = EDGE_CURVE('',#8508,#3239,#10078,.T.);
#10078 = LINE('',#10079,#10080);
#10079 = CARTESIAN_POINT('',(-7.647290152311,11.025909173489,
    36.967156720161));
#10080 = VECTOR('',#10081,1.);
#10081 = DIRECTION('',(-0.968500786982,0.249010492983,0.));
#10082 = ORIENTED_EDGE('',*,*,#10063,.F.);
#10083 = ORIENTED_EDGE('',*,*,#8507,.F.);
#10084 = PLANE('',#10085);
#10085 = AXIS2_PLACEMENT_3D('',#10086,#10087,#10088);
#10086 = CARTESIAN_POINT('',(-8.41516740517,10.732756110862,
    36.967156720161));
#10087 = DIRECTION('',(0.,0.,1.));
#10088 = DIRECTION('',(1.,0.,-0.));
#10089 = ADVANCED_FACE('',(#10090),#10100,.T.);
#10090 = FACE_BOUND('',#10091,.T.);
#10091 = EDGE_LOOP('',(#10092,#10093,#10094));
#10092 = ORIENTED_EDGE('',*,*,#3293,.F.);
#10093 = ORIENTED_EDGE('',*,*,#10077,.F.);
#10094 = ORIENTED_EDGE('',*,*,#10095,.T.);
#10095 = EDGE_CURVE('',#8508,#3285,#10096,.T.);
#10096 = LINE('',#10097,#10098);
#10097 = CARTESIAN_POINT('',(-7.647290152311,11.025909173489,
    36.967156720161));
#10098 = VECTOR('',#10099,1.);
#10099 = DIRECTION('',(-0.195346451026,0.980734298407,0.));
#10100 = PLANE('',#10101);
#10101 = AXIS2_PLACEMENT_3D('',#10102,#10103,#10104);
#10102 = CARTESIAN_POINT('',(-8.199640488108,11.667425189504,
    36.967156720161));
#10103 = DIRECTION('',(0.,0.,1.));
#10104 = DIRECTION('',(1.,0.,-0.));
#10105 = ADVANCED_FACE('',(#10106),#10116,.T.);
#10106 = FACE_BOUND('',#10107,.T.);
#10107 = EDGE_LOOP('',(#10108,#10114,#10115));
#10108 = ORIENTED_EDGE('',*,*,#10109,.T.);
#10109 = EDGE_CURVE('',#7719,#3285,#10110,.T.);
#10110 = LINE('',#10111,#10112);
#10111 = CARTESIAN_POINT('',(-6.584861814976,12.084180182219,
    36.967156720161));
#10112 = VECTOR('',#10113,1.);
#10113 = DIRECTION('',(-0.946332650063,0.32319423792,0.));
#10114 = ORIENTED_EDGE('',*,*,#10095,.F.);
#10115 = ORIENTED_EDGE('',*,*,#8553,.F.);
#10116 = PLANE('',#10117);
#10117 = AXIS2_PLACEMENT_3D('',#10118,#10119,#10120);
#10118 = CARTESIAN_POINT('',(-7.400931633056,11.880382515472,
    36.967156720161));
#10119 = DIRECTION('',(0.,0.,1.));
#10120 = DIRECTION('',(1.,0.,-0.));
#10121 = ADVANCED_FACE('',(#10122),#10132,.T.);
#10122 = FACE_BOUND('',#10123,.T.);
#10123 = EDGE_LOOP('',(#10124,#10125,#10126));
#10124 = ORIENTED_EDGE('',*,*,#3339,.F.);
#10125 = ORIENTED_EDGE('',*,*,#10109,.F.);
#10126 = ORIENTED_EDGE('',*,*,#10127,.T.);
#10127 = EDGE_CURVE('',#7719,#3331,#10128,.T.);
#10128 = LINE('',#10129,#10130);
#10129 = CARTESIAN_POINT('',(-6.584861814976,12.084180182219,
    36.967156720161));
#10130 = VECTOR('',#10131,1.);
#10131 = DIRECTION('',(-0.111769774505,0.993734128179,0.));
#10132 = PLANE('',#10133);
#10133 = AXIS2_PLACEMENT_3D('',#10134,#10135,#10136);
#10134 = CARTESIAN_POINT('',(-7.098120402244,12.750264423868,
    36.967156720161));
#10135 = DIRECTION('',(0.,0.,1.));
#10136 = DIRECTION('',(1.,0.,-0.));
#10137 = ADVANCED_FACE('',(#10138),#10153,.T.);
#10138 = FACE_BOUND('',#10139,.T.);
#10139 = EDGE_LOOP('',(#10140,#10146,#10147));
#10140 = ORIENTED_EDGE('',*,*,#10141,.T.);
#10141 = EDGE_CURVE('',#6130,#3331,#10142,.T.);
#10142 = LINE('',#10143,#10144);
#10143 = CARTESIAN_POINT('',(-4.294897803664,3.086989080906,
    36.967156720161));
#10144 = VECTOR('',#10145,1.);
#10145 = DIRECTION('',(-0.228071614213,0.973644359502,0.));
#10146 = ORIENTED_EDGE('',*,*,#10127,.F.);
#10147 = ORIENTED_EDGE('',*,*,#10148,.T.);
#10148 = EDGE_CURVE('',#7719,#6130,#10149,.T.);
#10149 = LINE('',#10150,#10151);
#10150 = CARTESIAN_POINT('',(-6.584861814976,12.084180182219,
    36.967156720161));
#10151 = VECTOR('',#10152,1.);
#10152 = DIRECTION('',(0.246656005539,-0.969103098195,0.));
#10153 = PLANE('',#10154);
#10154 = AXIS2_PLACEMENT_3D('',#10155,#10156,#10157);
#10155 = CARTESIAN_POINT('',(-5.567881647051,8.326601088931,
    36.967156720161));
#10156 = DIRECTION('',(0.,0.,1.));
#10157 = DIRECTION('',(1.,0.,-0.));
#10158 = ADVANCED_FACE('',(#10159),#10169,.T.);
#10159 = FACE_BOUND('',#10160,.T.);
#10160 = EDGE_LOOP('',(#10161,#10167,#10168));
#10161 = ORIENTED_EDGE('',*,*,#10162,.T.);
#10162 = EDGE_CURVE('',#6091,#3331,#10163,.T.);
#10163 = LINE('',#10164,#10165);
#10164 = CARTESIAN_POINT('',(-6.561622560024,23.240189063549,
    36.967156720161));
#10165 = VECTOR('',#10166,1.);
#10166 = DIRECTION('',(-1.984779112051E-02,-0.999803013192,0.));
#10167 = ORIENTED_EDGE('',*,*,#10141,.F.);
#10168 = ORIENTED_EDGE('',*,*,#6159,.F.);
#10169 = PLANE('',#10170);
#10170 = AXIS2_PLACEMENT_3D('',#10171,#10172,#10173);
#10171 = CARTESIAN_POINT('',(-5.745247213336,13.130142904632,
    36.967156720161));
#10172 = DIRECTION('',(0.,0.,1.));
#10173 = DIRECTION('',(1.,0.,-0.));
#10174 = ADVANCED_FACE('',(#10175),#10185,.T.);
#10175 = FACE_BOUND('',#10176,.T.);
#10176 = EDGE_LOOP('',(#10177,#10178,#10179));
#10177 = ORIENTED_EDGE('',*,*,#10148,.F.);
#10178 = ORIENTED_EDGE('',*,*,#7748,.F.);
#10179 = ORIENTED_EDGE('',*,*,#10180,.T.);
#10180 = EDGE_CURVE('',#7070,#6130,#10181,.T.);
#10181 = LINE('',#10182,#10183);
#10182 = CARTESIAN_POINT('',(-6.211132961512,8.761399716139,
    36.967156720161));
#10183 = VECTOR('',#10184,1.);
#10184 = DIRECTION('',(0.319946753964,-0.947435525314,0.));
#10185 = PLANE('',#10186);
#10186 = AXIS2_PLACEMENT_3D('',#10187,#10188,#10189);
#10187 = CARTESIAN_POINT('',(-5.551848105385,7.560682847411,
    36.967156720161));
#10188 = DIRECTION('',(0.,0.,1.));
#10189 = DIRECTION('',(1.,0.,-0.));
#10190 = ADVANCED_FACE('',(#10191),#10201,.T.);
#10191 = FACE_BOUND('',#10192,.T.);
#10192 = EDGE_LOOP('',(#10193,#10199,#10200));
#10193 = ORIENTED_EDGE('',*,*,#10194,.T.);
#10194 = EDGE_CURVE('',#7068,#6130,#10195,.T.);
#10195 = LINE('',#10196,#10197);
#10196 = CARTESIAN_POINT('',(-6.907621002197,7.641158622503,
    36.967156720161));
#10197 = VECTOR('',#10198,1.);
#10198 = DIRECTION('',(0.497622902221,-0.867393478869,0.));
#10199 = ORIENTED_EDGE('',*,*,#10180,.F.);
#10200 = ORIENTED_EDGE('',*,*,#7067,.F.);
#10201 = PLANE('',#10202);
#10202 = AXIS2_PLACEMENT_3D('',#10203,#10204,#10205);
#10203 = CARTESIAN_POINT('',(-5.535818366804,5.929198927568,
    36.967156720161));
#10204 = DIRECTION('',(0.,0.,1.));
#10205 = DIRECTION('',(1.,0.,-0.));
#10206 = ADVANCED_FACE('',(#10207),#10217,.T.);
#10207 = FACE_BOUND('',#10208,.T.);
#10208 = EDGE_LOOP('',(#10209,#10215,#10216));
#10209 = ORIENTED_EDGE('',*,*,#10210,.T.);
#10210 = EDGE_CURVE('',#7123,#6130,#10211,.T.);
#10211 = LINE('',#10212,#10213);
#10212 = CARTESIAN_POINT('',(-7.425374191999,6.427912062407,
    36.967156720161));
#10213 = VECTOR('',#10214,1.);
#10214 = DIRECTION('',(0.683750587376,-0.72971579006,0.));
#10215 = ORIENTED_EDGE('',*,*,#10194,.F.);
#10216 = ORIENTED_EDGE('',*,*,#7122,.F.);
#10217 = PLANE('',#10218);
#10218 = AXIS2_PLACEMENT_3D('',#10219,#10220,#10221);
#10219 = CARTESIAN_POINT('',(-5.892789606887,5.312598245517,
    36.967156720161));
#10220 = DIRECTION('',(0.,0.,1.));
#10221 = DIRECTION('',(1.,0.,-0.));
#10222 = ADVANCED_FACE('',(#10223),#10233,.T.);
#10223 = FACE_BOUND('',#10224,.T.);
#10224 = EDGE_LOOP('',(#10225,#10226,#10227));
#10225 = ORIENTED_EDGE('',*,*,#10210,.F.);
#10226 = ORIENTED_EDGE('',*,*,#7168,.F.);
#10227 = ORIENTED_EDGE('',*,*,#10228,.T.);
#10228 = EDGE_CURVE('',#7169,#6130,#10229,.T.);
#10229 = LINE('',#10230,#10231);
#10230 = CARTESIAN_POINT('',(-7.752309632301,5.149964615703,
    36.967156720161));
#10231 = VECTOR('',#10232,1.);
#10232 = DIRECTION('',(0.858747406733,-0.512399152449,0.));
#10233 = PLANE('',#10234);
#10234 = AXIS2_PLACEMENT_3D('',#10235,#10236,#10237);
#10235 = CARTESIAN_POINT('',(-6.156246428833,4.635323706688,
    36.967156720161));
#10236 = DIRECTION('',(0.,0.,1.));
#10237 = DIRECTION('',(1.,0.,-0.));
#10238 = ADVANCED_FACE('',(#10239),#10249,.T.);
#10239 = FACE_BOUND('',#10240,.T.);
#10240 = EDGE_LOOP('',(#10241,#10247,#10248));
#10241 = ORIENTED_EDGE('',*,*,#10242,.T.);
#10242 = EDGE_CURVE('',#7215,#6130,#10243,.T.);
#10243 = LINE('',#10244,#10245);
#10244 = CARTESIAN_POINT('',(-7.880803030729,3.837133684754,
    36.967156720161));
#10245 = VECTOR('',#10246,1.);
#10246 = DIRECTION('',(0.978812168438,-0.204760198567,0.));
#10247 = ORIENTED_EDGE('',*,*,#10228,.F.);
#10248 = ORIENTED_EDGE('',*,*,#7214,.F.);
#10249 = PLANE('',#10250);
#10250 = AXIS2_PLACEMENT_3D('',#10251,#10252,#10253);
#10251 = CARTESIAN_POINT('',(-6.312263412066,3.906456492975,
    36.967156720161));
#10252 = DIRECTION('',(0.,0.,1.));
#10253 = DIRECTION('',(1.,0.,-0.));
#10254 = ADVANCED_FACE('',(#10255),#10265,.T.);
#10255 = FACE_BOUND('',#10256,.T.);
#10256 = EDGE_LOOP('',(#10257,#10263,#10264));
#10257 = ORIENTED_EDGE('',*,*,#10258,.T.);
#10258 = EDGE_CURVE('',#7261,#6130,#10259,.T.);
#10259 = LINE('',#10260,#10261);
#10260 = CARTESIAN_POINT('',(-7.807854479551,2.5200481534,
    36.967156720161));
#10261 = VECTOR('',#10262,1.);
#10262 = DIRECTION('',(0.987226316537,0.15932419759,0.));
#10263 = ORIENTED_EDGE('',*,*,#10242,.F.);
#10264 = ORIENTED_EDGE('',*,*,#7260,.F.);
#10265 = PLANE('',#10266);
#10266 = AXIS2_PLACEMENT_3D('',#10267,#10268,#10269);
#10267 = CARTESIAN_POINT('',(-6.343930104116,3.143916056355,
    36.967156720161));
#10268 = DIRECTION('',(0.,0.,1.));
#10269 = DIRECTION('',(1.,0.,-0.));
#10270 = ADVANCED_FACE('',(#10271),#10281,.T.);
#10271 = FACE_BOUND('',#10272,.T.);
#10272 = EDGE_LOOP('',(#10273,#10274,#10275));
#10273 = ORIENTED_EDGE('',*,*,#10258,.F.);
#10274 = ORIENTED_EDGE('',*,*,#7306,.F.);
#10275 = ORIENTED_EDGE('',*,*,#10276,.T.);
#10276 = EDGE_CURVE('',#7307,#6130,#10277,.T.);
#10277 = LINE('',#10278,#10279);
#10278 = CARTESIAN_POINT('',(-7.535166424513,1.229436921328,
    36.967156720161));
#10279 = VECTOR('',#10280,1.);
#10280 = DIRECTION('',(0.867553747276,0.497343438267,0.));
#10281 = PLANE('',#10282);
#10282 = AXIS2_PLACEMENT_3D('',#10283,#10284,#10285);
#10283 = CARTESIAN_POINT('',(-6.240391535652,2.381416883173,
    36.967156720161));
#10284 = DIRECTION('',(0.,0.,1.));
#10285 = DIRECTION('',(1.,0.,-0.));
#10286 = ADVANCED_FACE('',(#10287),#10297,.T.);
#10287 = FACE_BOUND('',#10288,.T.);
#10288 = EDGE_LOOP('',(#10289,#10290,#10291));
#10289 = ORIENTED_EDGE('',*,*,#6961,.F.);
#10290 = ORIENTED_EDGE('',*,*,#10276,.F.);
#10291 = ORIENTED_EDGE('',*,*,#10292,.T.);
#10292 = EDGE_CURVE('',#7307,#6916,#10293,.T.);
#10293 = LINE('',#10294,#10295);
#10294 = CARTESIAN_POINT('',(-7.535166424513,1.229436921328,
    36.967156720161));
#10295 = VECTOR('',#10296,1.);
#10296 = DIRECTION('',(0.967196859796,0.25402801893,0.));
#10297 = PLANE('',#10298);
#10298 = AXIS2_PLACEMENT_3D('',#10299,#10300,#10301);
#10299 = CARTESIAN_POINT('',(-5.668848340363,2.00628035138,
    36.967156720161));
#10300 = DIRECTION('',(0.,0.,1.));
#10301 = DIRECTION('',(1.,0.,-0.));
#10302 = ADVANCED_FACE('',(#10303),#10313,.T.);
#10303 = FACE_BOUND('',#10304,.T.);
#10304 = EDGE_LOOP('',(#10305,#10311,#10312));
#10305 = ORIENTED_EDGE('',*,*,#10306,.T.);
#10306 = EDGE_CURVE('',#7353,#6916,#10307,.T.);
#10307 = LINE('',#10308,#10309);
#10308 = CARTESIAN_POINT('',(-7.069101274014,-4.588713854901E-03,
    36.967156720161));
#10309 = VECTOR('',#10310,1.);
#10310 = DIRECTION('',(0.812110316997,0.583503927173,0.));
#10311 = ORIENTED_EDGE('',*,*,#10292,.F.);
#10312 = ORIENTED_EDGE('',*,*,#7352,.F.);
#10313 = PLANE('',#10314);
#10314 = AXIS2_PLACEMENT_3D('',#10315,#10316,#10317);
#10315 = CARTESIAN_POINT('',(-5.944160974165,1.251631138738,
    36.967156720161));
#10316 = DIRECTION('',(0.,0.,1.));
#10317 = DIRECTION('',(1.,0.,-0.));
#10318 = ADVANCED_FACE('',(#10319),#10329,.T.);
#10319 = FACE_BOUND('',#10320,.T.);
#10320 = EDGE_LOOP('',(#10321,#10327,#10328));
#10321 = ORIENTED_EDGE('',*,*,#10322,.T.);
#10322 = EDGE_CURVE('',#7399,#6916,#10323,.T.);
#10323 = LINE('',#10324,#10325);
#10324 = CARTESIAN_POINT('',(-6.420532274246,-1.153237429261,
    36.967156720161));
#10325 = VECTOR('',#10326,1.);
#10326 = DIRECTION('',(0.577848704628,0.816143905546,0.));
#10327 = ORIENTED_EDGE('',*,*,#10306,.F.);
#10328 = ORIENTED_EDGE('',*,*,#7398,.F.);
#10329 = PLANE('',#10330);
#10330 = AXIS2_PLACEMENT_3D('',#10331,#10332,#10333);
#10331 = CARTESIAN_POINT('',(-5.606727707902,0.567109127804,
    36.967156720161));
#10332 = DIRECTION('',(0.,0.,1.));
#10333 = DIRECTION('',(1.,0.,-0.));
#10334 = ADVANCED_FACE('',(#10335),#10345,.T.);
#10335 = FACE_BOUND('',#10336,.T.);
#10336 = EDGE_LOOP('',(#10337,#10338,#10339));
#10337 = ORIENTED_EDGE('',*,*,#6915,.F.);
#10338 = ORIENTED_EDGE('',*,*,#10322,.F.);
#10339 = ORIENTED_EDGE('',*,*,#10340,.T.);
#10340 = EDGE_CURVE('',#7399,#6870,#10341,.T.);
#10341 = LINE('',#10342,#10343);
#10342 = CARTESIAN_POINT('',(-6.420532274246,-1.153237429261,
    36.967156720161));
#10343 = VECTOR('',#10344,1.);
#10344 = DIRECTION('',(0.749747553643,0.661723964963,0.));
#10345 = PLANE('',#10346);
#10346 = AXIS2_PLACEMENT_3D('',#10347,#10348,#10349);
#10347 = CARTESIAN_POINT('',(-5.024268878009,0.437096825589,
    36.967156720161));
#10348 = DIRECTION('',(0.,0.,1.));
#10349 = DIRECTION('',(1.,0.,-0.));
#10350 = ADVANCED_FACE('',(#10351),#10361,.T.);
#10351 = FACE_BOUND('',#10352,.T.);
#10352 = EDGE_LOOP('',(#10353,#10359,#10360));
#10353 = ORIENTED_EDGE('',*,*,#10354,.T.);
#10354 = EDGE_CURVE('',#7445,#6870,#10355,.T.);
#10355 = LINE('',#10356,#10357);
#10356 = CARTESIAN_POINT('',(-5.604591435194,-2.189710471034,
    36.967156720161));
#10357 = VECTOR('',#10358,1.);
#10358 = DIRECTION('',(0.483255860323,0.875479167921,0.));
#10359 = ORIENTED_EDGE('',*,*,#10340,.F.);
#10360 = ORIENTED_EDGE('',*,*,#7444,.F.);
#10361 = PLANE('',#10362);
#10362 = AXIS2_PLACEMENT_3D('',#10363,#10364,#10365);
#10363 = CARTESIAN_POINT('',(-5.02766934482,-0.443594258475,
    36.967156720161));
#10364 = DIRECTION('',(0.,0.,1.));
#10365 = DIRECTION('',(1.,0.,-0.));
#10366 = ADVANCED_FACE('',(#10367),#10377,.T.);
#10367 = FACE_BOUND('',#10368,.T.);
#10368 = EDGE_LOOP('',(#10369,#10370,#10371));
#10369 = ORIENTED_EDGE('',*,*,#6869,.F.);
#10370 = ORIENTED_EDGE('',*,*,#10354,.F.);
#10371 = ORIENTED_EDGE('',*,*,#10372,.T.);
#10372 = EDGE_CURVE('',#7445,#6824,#10373,.T.);
#10373 = LINE('',#10374,#10375);
#10374 = CARTESIAN_POINT('',(-5.604591435194,-2.189710471034,
    36.967156720161));
#10375 = VECTOR('',#10376,1.);
#10376 = DIRECTION('',(0.681212442996,0.73208579245,0.));
#10377 = PLANE('',#10378);
#10378 = AXIS2_PLACEMENT_3D('',#10379,#10380,#10381);
#10379 = CARTESIAN_POINT('',(-4.404008452114,-0.49706702153,
    36.967156720161));
#10380 = DIRECTION('',(0.,0.,1.));
#10381 = DIRECTION('',(1.,0.,-0.));
#10382 = ADVANCED_FACE('',(#10383),#10393,.T.);
#10383 = FACE_BOUND('',#10384,.T.);
#10384 = EDGE_LOOP('',(#10385,#10391,#10392));
#10385 = ORIENTED_EDGE('',*,*,#10386,.T.);
#10386 = EDGE_CURVE('',#7491,#6824,#10387,.T.);
#10387 = LINE('',#10388,#10389);
#10388 = CARTESIAN_POINT('',(-4.640315642953,-3.089826048911,
    36.967156720161));
#10389 = VECTOR('',#10390,1.);
#10390 = DIRECTION('',(0.385805980633,0.922579939793,0.));
#10391 = ORIENTED_EDGE('',*,*,#10372,.F.);
#10392 = ORIENTED_EDGE('',*,*,#7490,.F.);
#10393 = PLANE('',#10394);
#10394 = AXIS2_PLACEMENT_3D('',#10395,#10396,#10397);
#10395 = CARTESIAN_POINT('',(-4.287389852415,-1.344803490897,
    36.967156720161));
#10396 = DIRECTION('',(0.,0.,1.));
#10397 = DIRECTION('',(1.,0.,-0.));
#10398 = ADVANCED_FACE('',(#10399),#10409,.T.);
#10399 = FACE_BOUND('',#10400,.T.);
#10400 = EDGE_LOOP('',(#10401,#10407,#10408));
#10401 = ORIENTED_EDGE('',*,*,#10402,.T.);
#10402 = EDGE_CURVE('',#7537,#6824,#10403,.T.);
#10403 = LINE('',#10404,#10405);
#10404 = CARTESIAN_POINT('',(-3.550201934576,-3.832583105564,
    36.967156720161));
#10405 = VECTOR('',#10406,1.);
#10406 = DIRECTION('',(8.899842777126E-02,0.996031766489,0.));
#10407 = ORIENTED_EDGE('',*,*,#10386,.F.);
#10408 = ORIENTED_EDGE('',*,*,#7536,.F.);
#10409 = PLANE('',#10410);
#10410 = AXIS2_PLACEMENT_3D('',#10411,#10412,#10413);
#10411 = CARTESIAN_POINT('',(-3.683857752314,-1.798796161187,
    36.967156720161));
#10412 = DIRECTION('',(0.,0.,1.));
#10413 = DIRECTION('',(1.,0.,-0.));
#10414 = ADVANCED_FACE('',(#10415),#10425,.T.);
#10415 = FACE_BOUND('',#10416,.T.);
#10416 = EDGE_LOOP('',(#10417,#10418,#10419));
#10417 = ORIENTED_EDGE('',*,*,#6823,.F.);
#10418 = ORIENTED_EDGE('',*,*,#10402,.F.);
#10419 = ORIENTED_EDGE('',*,*,#10420,.T.);
#10420 = EDGE_CURVE('',#7537,#6778,#10421,.T.);
#10421 = LINE('',#10422,#10423);
#10422 = CARTESIAN_POINT('',(-3.550201934576,-3.832583105564,
    36.967156720161));
#10423 = VECTOR('',#10424,1.);
#10424 = DIRECTION('',(0.286913813444,0.957956399663,0.));
#10425 = PLANE('',#10426);
#10426 = AXIS2_PLACEMENT_3D('',#10427,#10428,#10429);
#10427 = CARTESIAN_POINT('',(-3.158938925422,-1.652096156283,
    36.967156720161));
#10428 = DIRECTION('',(0.,0.,1.));
#10429 = DIRECTION('',(1.,0.,-0.));
#10430 = ADVANCED_FACE('',(#10431),#10441,.T.);
#10431 = FACE_BOUND('',#10432,.T.);
#10432 = EDGE_LOOP('',(#10433,#10439,#10440));
#10433 = ORIENTED_EDGE('',*,*,#10434,.T.);
#10434 = EDGE_CURVE('',#7583,#6778,#10435,.T.);
#10435 = LINE('',#10436,#10437);
#10436 = CARTESIAN_POINT('',(-2.359684047103,-4.400653067231,
    36.967156720161));
#10437 = VECTOR('',#10438,1.);
#10438 = DIRECTION('',(-2.929909413132E-02,0.999570689388,0.));
#10439 = ORIENTED_EDGE('',*,*,#10420,.F.);
#10440 = ORIENTED_EDGE('',*,*,#7582,.F.);
#10441 = PLANE('',#10442);
#10442 = AXIS2_PLACEMENT_3D('',#10443,#10444,#10445);
#10443 = CARTESIAN_POINT('',(-2.738604773385,-2.472737169218,
    36.967156720161));
#10444 = DIRECTION('',(0.,0.,1.));
#10445 = DIRECTION('',(1.,0.,-0.));
#10446 = ADVANCED_FACE('',(#10447),#10457,.T.);
#10447 = FACE_BOUND('',#10448,.T.);
#10448 = EDGE_LOOP('',(#10449,#10450,#10451));
#10449 = ORIENTED_EDGE('',*,*,#6777,.F.);
#10450 = ORIENTED_EDGE('',*,*,#10434,.F.);
#10451 = ORIENTED_EDGE('',*,*,#10452,.T.);
#10452 = EDGE_CURVE('',#7583,#6732,#10453,.T.);
#10453 = LINE('',#10454,#10455);
#10454 = CARTESIAN_POINT('',(-2.359684047103,-4.400653067231,
    36.967156720161));
#10455 = VECTOR('',#10456,1.);
#10456 = DIRECTION('',(0.187663321236,0.982233413127,0.));
#10457 = PLANE('',#10458);
#10458 = AXIS2_PLACEMENT_3D('',#10459,#10460,#10461);
#10459 = CARTESIAN_POINT('',(-2.213821694647,-2.245792467491,
    36.967156720161));
#10460 = DIRECTION('',(0.,0.,1.));
#10461 = DIRECTION('',(1.,0.,-0.));
#10462 = ADVANCED_FACE('',(#10463),#10473,.T.);
#10463 = FACE_BOUND('',#10464,.T.);
#10464 = EDGE_LOOP('',(#10465,#10471,#10472));
#10465 = ORIENTED_EDGE('',*,*,#10466,.T.);
#10466 = EDGE_CURVE('',#7629,#6732,#10467,.T.);
#10467 = LINE('',#10468,#10469);
#10468 = CARTESIAN_POINT('',(-1.096538094431,-4.780781421065,
    36.967156720161));
#10469 = VECTOR('',#10470,1.);
#10470 = DIRECTION('',(-0.14368258627,0.989623824694,0.));
#10471 = ORIENTED_EDGE('',*,*,#10452,.F.);
#10472 = ORIENTED_EDGE('',*,*,#7628,.F.);
#10473 = PLANE('',#10474);
#10474 = AXIS2_PLACEMENT_3D('',#10475,#10476,#10477);
#10475 = CARTESIAN_POINT('',(-1.692200992798,-2.980704423531,
    36.967156720161));
#10476 = DIRECTION('',(0.,0.,1.));
#10477 = DIRECTION('',(1.,0.,-0.));
#10478 = ADVANCED_FACE('',(#10479),#10489,.T.);
#10479 = FACE_BOUND('',#10480,.T.);
#10480 = EDGE_LOOP('',(#10481,#10482,#10483));
#10481 = ORIENTED_EDGE('',*,*,#6731,.F.);
#10482 = ORIENTED_EDGE('',*,*,#10466,.F.);
#10483 = ORIENTED_EDGE('',*,*,#10484,.T.);
#10484 = EDGE_CURVE('',#7629,#6686,#10485,.T.);
#10485 = LINE('',#10486,#10487);
#10486 = CARTESIAN_POINT('',(-1.096538094431,-4.780781421065,
    36.967156720161));
#10487 = VECTOR('',#10488,1.);
#10488 = DIRECTION('',(8.880975878606E-02,0.996048606617,0.));
#10489 = PLANE('',#10490);
#10490 = AXIS2_PLACEMENT_3D('',#10491,#10492,#10493);
#10491 = CARTESIAN_POINT('',(-1.178617609081,-2.670824446381,
    36.967156720161));
#10492 = DIRECTION('',(0.,0.,1.));
#10493 = DIRECTION('',(1.,0.,-0.));
#10494 = ADVANCED_FACE('',(#10495),#10505,.T.);
#10495 = FACE_BOUND('',#10496,.T.);
#10496 = EDGE_LOOP('',(#10497,#10503,#10504));
#10497 = ORIENTED_EDGE('',*,*,#10498,.T.);
#10498 = EDGE_CURVE('',#7675,#6686,#10499,.T.);
#10499 = LINE('',#10500,#10501);
#10500 = CARTESIAN_POINT('',(0.20976609271,-4.964100158215,
    36.967156720161));
#10501 = VECTOR('',#10502,1.);
#10502 = DIRECTION('',(-0.252759776495,0.967529066946,0.));
#10503 = ORIENTED_EDGE('',*,*,#10484,.F.);
#10504 = ORIENTED_EDGE('',*,*,#7674,.F.);
#10505 = PLANE('',#10506);
#10506 = AXIS2_PLACEMENT_3D('',#10507,#10508,#10509);
#10507 = CARTESIAN_POINT('',(-0.574033879344,-3.30771233841,
    36.967156720161));
#10508 = DIRECTION('',(0.,0.,1.));
#10509 = DIRECTION('',(1.,0.,-0.));
#10510 = ADVANCED_FACE('',(#10511),#10521,.T.);
#10511 = FACE_BOUND('',#10512,.T.);
#10512 = EDGE_LOOP('',(#10513,#10514,#10515));
#10513 = ORIENTED_EDGE('',*,*,#6685,.F.);
#10514 = ORIENTED_EDGE('',*,*,#10498,.F.);
#10515 = ORIENTED_EDGE('',*,*,#10516,.T.);
#10516 = EDGE_CURVE('',#7675,#6647,#10517,.T.);
#10517 = LINE('',#10518,#10519);
#10518 = CARTESIAN_POINT('',(0.20976609271,-4.964100158215,
    36.967156720161));
#10519 = VECTOR('',#10520,1.);
#10520 = DIRECTION('',(-9.18374543957E-03,0.999957828521,0.));
#10521 = PLANE('',#10522);
#10522 = AXIS2_PLACEMENT_3D('',#10523,#10524,#10525);
#10523 = CARTESIAN_POINT('',(-8.364221643547E-02,-2.913649931687,
    36.967156720161));
#10524 = DIRECTION('',(0.,0.,1.));
#10525 = DIRECTION('',(1.,0.,-0.));
#10526 = ADVANCED_FACE('',(#10527),#10532,.T.);
#10527 = FACE_BOUND('',#10528,.T.);
#10528 = EDGE_LOOP('',(#10529,#10530,#10531));
#10529 = ORIENTED_EDGE('',*,*,#6646,.F.);
#10530 = ORIENTED_EDGE('',*,*,#10516,.F.);
#10531 = ORIENTED_EDGE('',*,*,#9320,.F.);
#10532 = PLANE('',#10533);
#10533 = AXIS2_PLACEMENT_3D('',#10534,#10535,#10536);
#10534 = CARTESIAN_POINT('',(0.467041886767,-2.971460591099,
    36.967156720161));
#10535 = DIRECTION('',(0.,0.,1.));
#10536 = DIRECTION('',(1.,0.,-0.));
#10537 = ADVANCED_FACE('',(#10538),#10553,.T.);
#10538 = FACE_BOUND('',#10539,.T.);
#10539 = EDGE_LOOP('',(#10540,#10541,#10547));
#10540 = ORIENTED_EDGE('',*,*,#7026,.F.);
#10541 = ORIENTED_EDGE('',*,*,#10542,.T.);
#10542 = EDGE_CURVE('',#6208,#1422,#10543,.T.);
#10543 = LINE('',#10544,#10545);
#10544 = CARTESIAN_POINT('',(5.691166743636,4.847922807932,
    36.967156720161));
#10545 = VECTOR('',#10546,1.);
#10546 = DIRECTION('',(-0.11871215961,0.992928710009,0.));
#10547 = ORIENTED_EDGE('',*,*,#10548,.T.);
#10548 = EDGE_CURVE('',#1422,#5919,#10549,.T.);
#10549 = LINE('',#10550,#10551);
#10550 = CARTESIAN_POINT('',(4.411532747746,15.550999367237,
    36.967156720161));
#10551 = VECTOR('',#10552,1.);
#10552 = DIRECTION('',(-0.360625571104,0.932710671895,0.));
#10553 = PLANE('',#10554);
#10554 = AXIS2_PLACEMENT_3D('',#10555,#10556,#10557);
#10555 = CARTESIAN_POINT('',(3.61885428911,14.781400683408,
    36.967156720161));
#10556 = DIRECTION('',(0.,0.,1.));
#10557 = DIRECTION('',(1.,0.,-0.));
#10558 = ADVANCED_FACE('',(#10559),#10569,.T.);
#10559 = FACE_BOUND('',#10560,.T.);
#10560 = EDGE_LOOP('',(#10561,#10567,#10568));
#10561 = ORIENTED_EDGE('',*,*,#10562,.T.);
#10562 = EDGE_CURVE('',#9224,#5919,#10563,.T.);
#10563 = LINE('',#10564,#10565);
#10564 = CARTESIAN_POINT('',(2.162399993837,24.859174847603,
    36.967156720161));
#10565 = VECTOR('',#10566,1.);
#10566 = DIRECTION('',(-0.972026848415,-0.234869763827,0.));
#10567 = ORIENTED_EDGE('',*,*,#10548,.F.);
#10568 = ORIENTED_EDGE('',*,*,#9247,.F.);
#10569 = PLANE('',#10570);
#10570 = AXIS2_PLACEMENT_3D('',#10571,#10572,#10573);
#10571 = CARTESIAN_POINT('',(2.888324182579,20.413835332044,
    36.967156720161));
#10572 = DIRECTION('',(0.,0.,1.));
#10573 = DIRECTION('',(1.,0.,-0.));
#10574 = ADVANCED_FACE('',(#10575),#10585,.T.);
#10575 = FACE_BOUND('',#10576,.T.);
#10576 = EDGE_LOOP('',(#10577,#10583,#10584));
#10577 = ORIENTED_EDGE('',*,*,#10578,.T.);
#10578 = EDGE_CURVE('',#9185,#5919,#10579,.T.);
#10579 = LINE('',#10580,#10581);
#10580 = CARTESIAN_POINT('',(1.824560460448,25.821464705467,
    36.967156720161));
#10581 = VECTOR('',#10582,1.);
#10582 = DIRECTION('',(-0.579620753381,-0.814886361556,0.));
#10583 = ORIENTED_EDGE('',*,*,#10562,.F.);
#10584 = ORIENTED_EDGE('',*,*,#9232,.F.);
#10585 = PLANE('',#10586);
#10586 = AXIS2_PLACEMENT_3D('',#10587,#10588,#10589);
#10587 = CARTESIAN_POINT('',(1.596225946053,25.071560224156,
    36.967156720161));
#10588 = DIRECTION('',(0.,0.,1.));
#10589 = DIRECTION('',(1.,0.,-0.));
#10590 = ADVANCED_FACE('',(#10591),#10606,.T.);
#10591 = FACE_BOUND('',#10592,.T.);
#10592 = EDGE_LOOP('',(#10593,#10594,#10600));
#10593 = ORIENTED_EDGE('',*,*,#6239,.F.);
#10594 = ORIENTED_EDGE('',*,*,#10595,.T.);
#10595 = EDGE_CURVE('',#6240,#4269,#10596,.T.);
#10596 = LINE('',#10597,#10598);
#10597 = CARTESIAN_POINT('',(5.828145119548,3.882938483357,
    36.967156720161));
#10598 = VECTOR('',#10599,1.);
#10599 = DIRECTION('',(0.995748285053,9.211597479827E-02,0.));
#10600 = ORIENTED_EDGE('',*,*,#10601,.T.);
#10601 = EDGE_CURVE('',#4269,#6208,#10602,.T.);
#10602 = LINE('',#10603,#10604);
#10603 = CARTESIAN_POINT('',(9.37135900259,4.210718712211,
    36.967156720161));
#10604 = VECTOR('',#10605,1.);
#10605 = DIRECTION('',(-0.985339357271,0.170605835225,0.));
#10606 = PLANE('',#10607);
#10607 = AXIS2_PLACEMENT_3D('',#10608,#10609,#10610);
#10608 = CARTESIAN_POINT('',(7.351895249293,4.302346792542,
    36.967156720161));
#10609 = DIRECTION('',(0.,0.,1.));
#10610 = DIRECTION('',(1.,0.,-0.));
#10611 = ADVANCED_FACE('',(#10612),#10622,.T.);
#10612 = FACE_BOUND('',#10613,.T.);
#10613 = EDGE_LOOP('',(#10614,#10620,#10621));
#10614 = ORIENTED_EDGE('',*,*,#10615,.T.);
#10615 = EDGE_CURVE('',#4315,#6208,#10616,.T.);
#10616 = LINE('',#10617,#10618);
#10617 = CARTESIAN_POINT('',(9.186155766249,5.516756892204,
    36.967156720161));
#10618 = VECTOR('',#10619,1.);
#10619 = DIRECTION('',(-0.982176942394,-0.187958649257,0.));
#10620 = ORIENTED_EDGE('',*,*,#10601,.F.);
#10621 = ORIENTED_EDGE('',*,*,#4314,.F.);
#10622 = PLANE('',#10623);
#10623 = AXIS2_PLACEMENT_3D('',#10624,#10625,#10626);
#10624 = CARTESIAN_POINT('',(7.760652836025,4.85034864456,
    36.967156720161));
#10625 = DIRECTION('',(0.,0.,1.));
#10626 = DIRECTION('',(1.,0.,-0.));
#10627 = ADVANCED_FACE('',(#10628),#10638,.T.);
#10628 = FACE_BOUND('',#10629,.T.);
#10629 = EDGE_LOOP('',(#10630,#10636,#10637));
#10630 = ORIENTED_EDGE('',*,*,#10631,.T.);
#10631 = EDGE_CURVE('',#4361,#6208,#10632,.T.);
#10632 = LINE('',#10633,#10634);
#10633 = CARTESIAN_POINT('',(8.804205363989,6.779353183508,
    36.967156720161));
#10634 = VECTOR('',#10635,1.);
#10635 = DIRECTION('',(-0.849738055967,-0.527205117806,0.));
#10636 = ORIENTED_EDGE('',*,*,#10615,.F.);
#10637 = ORIENTED_EDGE('',*,*,#4360,.F.);
#10638 = PLANE('',#10639);
#10639 = AXIS2_PLACEMENT_3D('',#10640,#10641,#10642);
#10640 = CARTESIAN_POINT('',(7.597139345174,5.60227184035,
    36.967156720161));
#10641 = DIRECTION('',(0.,0.,1.));
#10642 = DIRECTION('',(1.,0.,-0.));
#10643 = ADVANCED_FACE('',(#10644),#10659,.T.);
#10644 = FACE_BOUND('',#10645,.T.);
#10645 = EDGE_LOOP('',(#10646,#10647,#10653));
#10646 = ORIENTED_EDGE('',*,*,#6285,.F.);
#10647 = ORIENTED_EDGE('',*,*,#10648,.T.);
#10648 = EDGE_CURVE('',#6286,#4177,#10649,.T.);
#10649 = LINE('',#10650,#10651);
#10650 = CARTESIAN_POINT('',(5.778312814236,2.909555287659,
    36.967156720161));
#10651 = VECTOR('',#10652,1.);
#10652 = DIRECTION('',(0.930863759538,-0.365366475171,0.));
#10653 = ORIENTED_EDGE('',*,*,#10654,.T.);
#10654 = EDGE_CURVE('',#4177,#6240,#10655,.T.);
#10655 = LINE('',#10656,#10657);
#10656 = CARTESIAN_POINT('',(9.138929361105,1.590504449606,
    36.967156720161));
#10657 = VECTOR('',#10658,1.);
#10658 = DIRECTION('',(-0.822151207526,0.569269173559,0.));
#10659 = PLANE('',#10660);
#10660 = AXIS2_PLACEMENT_3D('',#10661,#10662,#10663);
#10661 = CARTESIAN_POINT('',(7.282920792303,2.607335920601,
    36.967156720161));
#10662 = DIRECTION('',(0.,0.,1.));
#10663 = DIRECTION('',(1.,0.,-0.));
#10664 = ADVANCED_FACE('',(#10665),#10675,.T.);
#10665 = FACE_BOUND('',#10666,.T.);
#10666 = EDGE_LOOP('',(#10667,#10673,#10674));
#10667 = ORIENTED_EDGE('',*,*,#10668,.T.);
#10668 = EDGE_CURVE('',#4223,#6240,#10669,.T.);
#10669 = LINE('',#10670,#10671);
#10670 = CARTESIAN_POINT('',(9.355493479967,2.891709886491,
    36.967156720161));
#10671 = VECTOR('',#10672,1.);
#10672 = DIRECTION('',(-0.962710536367,0.270533589724,0.));
#10673 = ORIENTED_EDGE('',*,*,#10654,.F.);
#10674 = ORIENTED_EDGE('',*,*,#4222,.F.);
#10675 = PLANE('',#10676);
#10676 = AXIS2_PLACEMENT_3D('',#10677,#10678,#10679);
#10677 = CARTESIAN_POINT('',(7.785778676543,2.928732000032,
    36.967156720161));
#10678 = DIRECTION('',(0.,0.,1.));
#10679 = DIRECTION('',(1.,0.,-0.));
#10680 = ADVANCED_FACE('',(#10681),#10686,.T.);
#10681 = FACE_BOUND('',#10682,.T.);
#10682 = EDGE_LOOP('',(#10683,#10684,#10685));
#10683 = ORIENTED_EDGE('',*,*,#10595,.F.);
#10684 = ORIENTED_EDGE('',*,*,#10668,.F.);
#10685 = ORIENTED_EDGE('',*,*,#4268,.F.);
#10686 = PLANE('',#10687);
#10687 = AXIS2_PLACEMENT_3D('',#10688,#10689,#10690);
#10688 = CARTESIAN_POINT('',(7.868724172175,3.687383196689,
    36.967156720161));
#10689 = DIRECTION('',(0.,0.,1.));
#10690 = DIRECTION('',(1.,0.,-0.));
#10691 = ADVANCED_FACE('',(#10692),#10702,.T.);
#10692 = FACE_BOUND('',#10693,.T.);
#10693 = EDGE_LOOP('',(#10694,#10695,#10696));
#10694 = ORIENTED_EDGE('',*,*,#4176,.F.);
#10695 = ORIENTED_EDGE('',*,*,#10648,.F.);
#10696 = ORIENTED_EDGE('',*,*,#10697,.T.);
#10697 = EDGE_CURVE('',#6286,#4131,#10698,.T.);
#10698 = LINE('',#10699,#10700);
#10699 = CARTESIAN_POINT('',(5.778312814236,2.909555287659,
    36.967156720161));
#10700 = VECTOR('',#10701,1.);
#10701 = DIRECTION('',(0.753558932594,-0.657380358018,0.));
#10702 = PLANE('',#10703);
#10703 = AXIS2_PLACEMENT_3D('',#10704,#10705,#10706);
#10704 = CARTESIAN_POINT('',(7.5873498491,1.780927123783,36.967156720161
    ));
#10705 = DIRECTION('',(0.,0.,1.));
#10706 = DIRECTION('',(1.,0.,-0.));
#10707 = ADVANCED_FACE('',(#10708),#10713,.T.);
#10708 = FACE_BOUND('',#10709,.T.);
#10709 = EDGE_LOOP('',(#10710,#10711,#10712));
#10710 = ORIENTED_EDGE('',*,*,#9501,.F.);
#10711 = ORIENTED_EDGE('',*,*,#10697,.F.);
#10712 = ORIENTED_EDGE('',*,*,#6331,.F.);
#10713 = PLANE('',#10714);
#10714 = AXIS2_PLACEMENT_3D('',#10715,#10716,#10717);
#10715 = CARTESIAN_POINT('',(7.019595343672,1.517361209629,
    36.967156720161));
#10716 = DIRECTION('',(0.,0.,1.));
#10717 = DIRECTION('',(1.,0.,-0.));
#10718 = ADVANCED_FACE('',(#10719),#10734,.T.);
#10719 = FACE_BOUND('',#10720,.T.);
#10720 = EDGE_LOOP('',(#10721,#10722,#10728));
#10721 = ORIENTED_EDGE('',*,*,#6099,.F.);
#10722 = ORIENTED_EDGE('',*,*,#10723,.T.);
#10723 = EDGE_CURVE('',#6052,#8678,#10724,.T.);
#10724 = LINE('',#10725,#10726);
#10725 = CARTESIAN_POINT('',(-6.558079898357,24.122270941734,
    36.967156720161));
#10726 = VECTOR('',#10727,1.);
#10727 = DIRECTION('',(-0.999994524007,-3.309373877766E-03,0.));
#10728 = ORIENTED_EDGE('',*,*,#10729,.T.);
#10729 = EDGE_CURVE('',#8678,#6091,#10730,.T.);
#10730 = LINE('',#10731,#10732);
#10731 = CARTESIAN_POINT('',(-7.835344928503,24.118043971062,
    36.967156720161));
#10732 = VECTOR('',#10733,1.);
#10733 = DIRECTION('',(0.823386260876,-0.567481334847,0.));
#10734 = PLANE('',#10735);
#10735 = AXIS2_PLACEMENT_3D('',#10736,#10737,#10738);
#10736 = CARTESIAN_POINT('',(-7.045880262823,23.831612169255,
    36.967156720161));
#10737 = DIRECTION('',(0.,0.,1.));
#10738 = DIRECTION('',(1.,0.,-0.));
#10739 = ADVANCED_FACE('',(#10740),#10750,.T.);
#10740 = FACE_BOUND('',#10741,.T.);
#10741 = EDGE_LOOP('',(#10742,#10748,#10749));
#10742 = ORIENTED_EDGE('',*,*,#10743,.T.);
#10743 = EDGE_CURVE('',#8624,#6091,#10744,.T.);
#10744 = LINE('',#10745,#10746);
#10745 = CARTESIAN_POINT('',(-7.823664742708,23.098241877556,
    36.967156720161));
#10746 = VECTOR('',#10747,1.);
#10747 = DIRECTION('',(0.993734164003,0.111769455998,0.));
#10748 = ORIENTED_EDGE('',*,*,#10729,.F.);
#10749 = ORIENTED_EDGE('',*,*,#8686,.F.);
#10750 = PLANE('',#10751);
#10751 = AXIS2_PLACEMENT_3D('',#10752,#10753,#10754);
#10752 = CARTESIAN_POINT('',(-7.364283845786,23.491471112992,
    36.967156720161));
#10753 = DIRECTION('',(0.,0.,1.));
#10754 = DIRECTION('',(1.,0.,-0.));
#10755 = ADVANCED_FACE('',(#10756),#10761,.T.);
#10756 = FACE_BOUND('',#10757,.T.);
#10757 = EDGE_LOOP('',(#10758,#10759,#10760));
#10758 = ORIENTED_EDGE('',*,*,#10162,.F.);
#10759 = ORIENTED_EDGE('',*,*,#10743,.F.);
#10760 = ORIENTED_EDGE('',*,*,#8623,.F.);
#10761 = PLANE('',#10762);
#10762 = AXIS2_PLACEMENT_3D('',#10763,#10764,#10765);
#10763 = CARTESIAN_POINT('',(-6.985310254507,18.672727442574,
    36.967156720161));
#10764 = DIRECTION('',(0.,0.,1.));
#10765 = DIRECTION('',(1.,0.,-0.));
#10766 = ADVANCED_FACE('',(#10767),#10777,.T.);
#10767 = FACE_BOUND('',#10768,.T.);
#10768 = EDGE_LOOP('',(#10769,#10770,#10771));
#10769 = ORIENTED_EDGE('',*,*,#8725,.F.);
#10770 = ORIENTED_EDGE('',*,*,#10723,.F.);
#10771 = ORIENTED_EDGE('',*,*,#10772,.T.);
#10772 = EDGE_CURVE('',#6052,#8717,#10773,.T.);
#10773 = LINE('',#10774,#10775);
#10774 = CARTESIAN_POINT('',(-6.558079898357,24.122270941734,
    36.967156720161));
#10775 = VECTOR('',#10776,1.);
#10776 = DIRECTION('',(-0.736217555452,0.676744937953,0.));
#10777 = PLANE('',#10778);
#10778 = AXIS2_PLACEMENT_3D('',#10779,#10780,#10781);
#10779 = CARTESIAN_POINT('',(-7.30586755394,24.450751378432,
    36.967156720161));
#10780 = DIRECTION('',(0.,0.,1.));
#10781 = DIRECTION('',(1.,0.,-0.));
#10782 = ADVANCED_FACE('',(#10783),#10793,.T.);
#10783 = FACE_BOUND('',#10784,.T.);
#10784 = EDGE_LOOP('',(#10785,#10791,#10792));
#10785 = ORIENTED_EDGE('',*,*,#10786,.T.);
#10786 = EDGE_CURVE('',#6013,#8717,#10787,.T.);
#10787 = LINE('',#10788,#10789);
#10788 = CARTESIAN_POINT('',(-6.351787227392,24.979894828796,
    36.967156720161));
#10789 = VECTOR('',#10790,1.);
#10790 = DIRECTION('',(-0.994195912839,0.10758478933,0.));
#10791 = ORIENTED_EDGE('',*,*,#10772,.F.);
#10792 = ORIENTED_EDGE('',*,*,#6060,.F.);
#10793 = PLANE('',#10794);
#10794 = AXIS2_PLACEMENT_3D('',#10795,#10796,#10797);
#10795 = CARTESIAN_POINT('',(-6.908093887402,24.756482993543,
    36.967156720161));
#10796 = DIRECTION('',(0.,0.,1.));
#10797 = DIRECTION('',(1.,0.,-0.));
#10798 = ADVANCED_FACE('',(#10799),#10809,.T.);
#10799 = FACE_BOUND('',#10800,.T.);
#10800 = EDGE_LOOP('',(#10801,#10802,#10803));
#10801 = ORIENTED_EDGE('',*,*,#8764,.F.);
#10802 = ORIENTED_EDGE('',*,*,#10786,.F.);
#10803 = ORIENTED_EDGE('',*,*,#10804,.T.);
#10804 = EDGE_CURVE('',#6013,#8756,#10805,.T.);
#10805 = LINE('',#10806,#10807);
#10806 = CARTESIAN_POINT('',(-6.351787227392,24.979894828796,
    36.967156720161));
#10807 = VECTOR('',#10808,1.);
#10808 = DIRECTION('',(-0.640424042673,0.768021513739,0.));
#10809 = PLANE('',#10810);
#10810 = AXIS2_PLACEMENT_3D('',#10811,#10812,#10813);
#10811 = CARTESIAN_POINT('',(-7.047480312319,25.376123624458,
    36.967156720161));
#10812 = DIRECTION('',(0.,0.,1.));
#10813 = DIRECTION('',(1.,0.,-0.));
#10814 = ADVANCED_FACE('',(#10815),#10825,.T.);
#10815 = FACE_BOUND('',#10816,.T.);
#10816 = EDGE_LOOP('',(#10817,#10823,#10824));
#10817 = ORIENTED_EDGE('',*,*,#10818,.T.);
#10818 = EDGE_CURVE('',#5974,#8756,#10819,.T.);
#10819 = LINE('',#10820,#10821);
#10820 = CARTESIAN_POINT('',(-5.953800982237,25.767095446587,
    36.967156720161));
#10821 = VECTOR('',#10822,1.);
#10822 = DIRECTION('',(-0.975150862907,0.221541857379,0.));
#10823 = ORIENTED_EDGE('',*,*,#10804,.F.);
#10824 = ORIENTED_EDGE('',*,*,#6021,.F.);
#10825 = PLANE('',#10826);
#10826 = AXIS2_PLACEMENT_3D('',#10827,#10828,#10829);
#10827 = CARTESIAN_POINT('',(-6.571768724987,25.630123249528,
    36.967156720161));
#10828 = DIRECTION('',(0.,0.,1.));
#10829 = DIRECTION('',(1.,0.,-0.));
#10830 = ADVANCED_FACE('',(#10831),#10841,.T.);
#10831 = FACE_BOUND('',#10832,.T.);
#10832 = EDGE_LOOP('',(#10833,#10834,#10835));
#10833 = ORIENTED_EDGE('',*,*,#8803,.F.);
#10834 = ORIENTED_EDGE('',*,*,#10818,.F.);
#10835 = ORIENTED_EDGE('',*,*,#10836,.T.);
#10836 = EDGE_CURVE('',#5974,#8795,#10837,.T.);
#10837 = LINE('',#10838,#10839);
#10838 = CARTESIAN_POINT('',(-5.953800982237,25.767095446587,
    36.967156720161));
#10839 = VECTOR('',#10840,1.);
#10840 = DIRECTION('',(-0.539585264806,0.841930960355,0.));
#10841 = PLANE('',#10842);
#10842 = AXIS2_PLACEMENT_3D('',#10843,#10844,#10845);
#10843 = CARTESIAN_POINT('',(-6.600806292977,26.226521614672,
    36.967156720161));
#10844 = DIRECTION('',(0.,0.,1.));
#10845 = DIRECTION('',(1.,0.,-0.));
#10846 = ADVANCED_FACE('',(#10847),#10857,.T.);
#10847 = FACE_BOUND('',#10848,.T.);
#10848 = EDGE_LOOP('',(#10849,#10855,#10856));
#10849 = ORIENTED_EDGE('',*,*,#10850,.T.);
#10850 = EDGE_CURVE('',#5440,#8795,#10851,.T.);
#10851 = LINE('',#10852,#10853);
#10852 = CARTESIAN_POINT('',(-5.385454344749,26.441678786278,
    36.967156720161));
#10853 = VECTOR('',#10854,1.);
#10854 = DIRECTION('',(-0.941053386214,0.33825807351,0.));
#10855 = ORIENTED_EDGE('',*,*,#10836,.F.);
#10856 = ORIENTED_EDGE('',*,*,#5982,.F.);
#10857 = PLANE('',#10858);
#10858 = AXIS2_PLACEMENT_3D('',#10859,#10860,#10861);
#10859 = CARTESIAN_POINT('',(-6.052862333016,26.409856215227,
    36.967156720161));
#10860 = DIRECTION('',(0.,0.,1.));
#10861 = DIRECTION('',(1.,0.,-0.));
#10862 = ADVANCED_FACE('',(#10863),#10873,.T.);
#10863 = FACE_BOUND('',#10864,.T.);
#10864 = EDGE_LOOP('',(#10865,#10866,#10867));
#10865 = ORIENTED_EDGE('',*,*,#8842,.F.);
#10866 = ORIENTED_EDGE('',*,*,#10850,.F.);
#10867 = ORIENTED_EDGE('',*,*,#10868,.T.);
#10868 = EDGE_CURVE('',#5440,#8834,#10869,.T.);
#10869 = LINE('',#10870,#10871);
#10870 = CARTESIAN_POINT('',(-5.385454344749,26.441678786278,
    36.967156720161));
#10871 = VECTOR('',#10872,1.);
#10872 = DIRECTION('',(-0.436287032282,0.899807549125,0.));
#10873 = PLANE('',#10874);
#10874 = AXIS2_PLACEMENT_3D('',#10875,#10876,#10877);
#10875 = CARTESIAN_POINT('',(-5.985737501828,26.964288738277,
    36.967156720161));
#10876 = DIRECTION('',(0.,0.,1.));
#10877 = DIRECTION('',(1.,0.,-0.));
#10878 = ADVANCED_FACE('',(#10879),#10889,.T.);
#10879 = FACE_BOUND('',#10880,.T.);
#10880 = EDGE_LOOP('',(#10881,#10882,#10883));
#10881 = ORIENTED_EDGE('',*,*,#8881,.F.);
#10882 = ORIENTED_EDGE('',*,*,#10868,.F.);
#10883 = ORIENTED_EDGE('',*,*,#10884,.T.);
#10884 = EDGE_CURVE('',#5440,#8873,#10885,.T.);
#10885 = LINE('',#10886,#10887);
#10886 = CARTESIAN_POINT('',(-5.385454344749,26.441678786278,
    36.967156720161));
#10887 = VECTOR('',#10888,1.);
#10888 = DIRECTION('',(0.159656209032,0.987172677356,0.));
#10889 = PLANE('',#10890);
#10890 = AXIS2_PLACEMENT_3D('',#10891,#10892,#10893);
#10891 = CARTESIAN_POINT('',(-5.453413112101,27.369290056546,
    36.967156720161));
#10892 = DIRECTION('',(0.,0.,1.));
#10893 = DIRECTION('',(1.,0.,-0.));
#10894 = ADVANCED_FACE('',(#10895),#10905,.T.);
#10895 = FACE_BOUND('',#10896,.T.);
#10896 = EDGE_LOOP('',(#10897,#10903,#10904));
#10897 = ORIENTED_EDGE('',*,*,#10898,.T.);
#10898 = EDGE_CURVE('',#5495,#8873,#10899,.T.);
#10899 = LINE('',#10900,#10901);
#10900 = CARTESIAN_POINT('',(-4.67721079886,26.967482447624,
    36.967156720161));
#10901 = VECTOR('',#10902,1.);
#10902 = DIRECTION('',(-0.331930891457,0.943303706818,0.));
#10903 = ORIENTED_EDGE('',*,*,#10884,.F.);
#10904 = ORIENTED_EDGE('',*,*,#5494,.F.);
#10905 = PLANE('',#10906);
#10906 = AXIS2_PLACEMENT_3D('',#10907,#10908,#10909);
#10907 = CARTESIAN_POINT('',(-5.081000438425,27.261149012343,
    36.967156720161));
#10908 = DIRECTION('',(0.,0.,1.));
#10909 = DIRECTION('',(1.,0.,-0.));
#10910 = ADVANCED_FACE('',(#10911),#10921,.T.);
#10911 = FACE_BOUND('',#10912,.T.);
#10912 = EDGE_LOOP('',(#10913,#10914,#10915));
#10913 = ORIENTED_EDGE('',*,*,#8920,.F.);
#10914 = ORIENTED_EDGE('',*,*,#10898,.F.);
#10915 = ORIENTED_EDGE('',*,*,#10916,.T.);
#10916 = EDGE_CURVE('',#5495,#8912,#10917,.T.);
#10917 = LINE('',#10918,#10919);
#10918 = CARTESIAN_POINT('',(-4.67721079886,26.967482447624,
    36.967156720161));
#10919 = VECTOR('',#10920,1.);
#10920 = DIRECTION('',(0.312246375853,0.950001158297,0.));
#10921 = PLANE('',#10922);
#10922 = AXIS2_PLACEMENT_3D('',#10923,#10924,#10925);
#10923 = CARTESIAN_POINT('',(-4.62447755456,27.856317452446,
    36.967156720161));
#10924 = DIRECTION('',(0.,0.,1.));
#10925 = DIRECTION('',(1.,0.,-0.));
#10926 = ADVANCED_FACE('',(#10927),#10937,.T.);
#10927 = FACE_BOUND('',#10928,.T.);
#10928 = EDGE_LOOP('',(#10929,#10935,#10936));
#10929 = ORIENTED_EDGE('',*,*,#10930,.T.);
#10930 = EDGE_CURVE('',#5566,#8912,#10931,.T.);
#10931 = LINE('',#10932,#10933);
#10932 = CARTESIAN_POINT('',(-3.867033219337,27.316325616837,
    36.967156720161));
#10933 = VECTOR('',#10934,1.);
#10934 = DIRECTION('',(-0.226749401632,0.973953134837,0.));
#10935 = ORIENTED_EDGE('',*,*,#10916,.F.);
#10936 = ORIENTED_EDGE('',*,*,#5565,.F.);
#10937 = PLANE('',#10938);
#10938 = AXIS2_PLACEMENT_3D('',#10939,#10940,#10941);
#10939 = CARTESIAN_POINT('',(-4.248369141258,27.676419229665,
    36.967156720161));
#10940 = DIRECTION('',(0.,0.,1.));
#10941 = DIRECTION('',(1.,0.,-0.));
#10942 = ADVANCED_FACE('',(#10943),#10953,.T.);
#10943 = FACE_BOUND('',#10944,.T.);
#10944 = EDGE_LOOP('',(#10945,#10951,#10952));
#10945 = ORIENTED_EDGE('',*,*,#10946,.T.);
#10946 = EDGE_CURVE('',#5605,#8912,#10947,.T.);
#10947 = LINE('',#10948,#10949);
#10948 = CARTESIAN_POINT('',(-2.998348166049,27.469507884979,
    36.967156720161));
#10949 = VECTOR('',#10950,1.);
#10950 = DIRECTION('',(-0.729297952704,0.684196240988,0.));
#10951 = ORIENTED_EDGE('',*,*,#10930,.F.);
#10952 = ORIENTED_EDGE('',*,*,#5604,.F.);
#10953 = PLANE('',#10954);
#10954 = AXIS2_PLACEMENT_3D('',#10955,#10956,#10957);
#10955 = CARTESIAN_POINT('',(-3.690563385722,27.840165982915,
    36.967156720161));
#10956 = DIRECTION('',(0.,0.,1.));
#10957 = DIRECTION('',(1.,0.,-0.));
#10958 = ADVANCED_FACE('',(#10959),#10969,.T.);
#10959 = FACE_BOUND('',#10960,.T.);
#10960 = EDGE_LOOP('',(#10961,#10962,#10963));
#10961 = ORIENTED_EDGE('',*,*,#8959,.F.);
#10962 = ORIENTED_EDGE('',*,*,#10946,.F.);
#10963 = ORIENTED_EDGE('',*,*,#10964,.T.);
#10964 = EDGE_CURVE('',#5605,#8951,#10965,.T.);
#10965 = LINE('',#10966,#10967);
#10966 = CARTESIAN_POINT('',(-2.998348166049,27.469507884979,
    36.967156720161));
#10967 = VECTOR('',#10968,1.);
#10968 = DIRECTION('',(-0.120060272429,0.992766604487,0.));
#10969 = PLANE('',#10970);
#10970 = AXIS2_PLACEMENT_3D('',#10971,#10972,#10973);
#10971 = CARTESIAN_POINT('',(-3.432274503125,28.207322465256,
    36.967156720161));
#10972 = DIRECTION('',(0.,0.,1.));
#10973 = DIRECTION('',(1.,0.,-0.));
#10974 = ADVANCED_FACE('',(#10975),#10985,.T.);
#10975 = FACE_BOUND('',#10976,.T.);
#10976 = EDGE_LOOP('',(#10977,#10983,#10984));
#10977 = ORIENTED_EDGE('',*,*,#10978,.T.);
#10978 = EDGE_CURVE('',#5644,#8951,#10979,.T.);
#10979 = LINE('',#10980,#10981);
#10980 = CARTESIAN_POINT('',(-2.117717984319,27.418820571899,
    36.967156720161));
#10981 = VECTOR('',#10982,1.);
#10982 = DIRECTION('',(-0.61835384047,0.785899820573,0.));
#10983 = ORIENTED_EDGE('',*,*,#10964,.F.);
#10984 = ORIENTED_EDGE('',*,*,#5643,.F.);
#10985 = PLANE('',#10986);
#10986 = AXIS2_PLACEMENT_3D('',#10987,#10988,#10989);
#10987 = CARTESIAN_POINT('',(-2.763179989874,27.938315034865,
    36.967156720161));
#10988 = DIRECTION('',(0.,0.,1.));
#10989 = DIRECTION('',(1.,0.,-0.));
#10990 = ADVANCED_FACE('',(#10991),#11001,.T.);
#10991 = FACE_BOUND('',#10992,.T.);
#10992 = EDGE_LOOP('',(#10993,#10994,#10995));
#10993 = ORIENTED_EDGE('',*,*,#8998,.F.);
#10994 = ORIENTED_EDGE('',*,*,#10978,.F.);
#10995 = ORIENTED_EDGE('',*,*,#10996,.T.);
#10996 = EDGE_CURVE('',#5644,#8990,#10997,.T.);
#10997 = LINE('',#10998,#10999);
#10998 = CARTESIAN_POINT('',(-2.117717984319,27.418820571899,
    36.967156720161));
#10999 = VECTOR('',#11000,1.);
#11000 = DIRECTION('',(-1.073922096253E-02,0.999942332904,0.));
#11001 = PLANE('',#11002);
#11002 = AXIS2_PLACEMENT_3D('',#11003,#11004,#11005);
#11003 = CARTESIAN_POINT('',(-2.471289501975,28.236007800744,
    36.967156720161));
#11004 = DIRECTION('',(0.,0.,1.));
#11005 = DIRECTION('',(1.,0.,-0.));
#11006 = ADVANCED_FACE('',(#11007),#11017,.T.);
#11007 = FACE_BOUND('',#11008,.T.);
#11008 = EDGE_LOOP('',(#11009,#11015,#11016));
#11009 = ORIENTED_EDGE('',*,*,#11010,.T.);
#11010 = EDGE_CURVE('',#5715,#8990,#11011,.T.);
#11011 = LINE('',#11012,#11013);
#11012 = CARTESIAN_POINT('',(-1.272345423698,27.166979718208,
    36.967156720161));
#11013 = VECTOR('',#11014,1.);
#11014 = DIRECTION('',(-0.487680989531,0.873021908345,0.));
#11015 = ORIENTED_EDGE('',*,*,#10996,.F.);
#11016 = ORIENTED_EDGE('',*,*,#5714,.F.);
#11017 = PLANE('',#11018);
#11018 = AXIS2_PLACEMENT_3D('',#11019,#11020,#11021);
#11019 = CARTESIAN_POINT('',(-1.83872938516,27.832887514508,
    36.967156720161));
#11020 = DIRECTION('',(0.,0.,1.));
#11021 = DIRECTION('',(1.,0.,-0.));
#11022 = ADVANCED_FACE('',(#11023),#11033,.T.);
#11023 = FACE_BOUND('',#11024,.T.);
#11024 = EDGE_LOOP('',(#11025,#11026,#11027));
#11025 = ORIENTED_EDGE('',*,*,#9037,.F.);
#11026 = ORIENTED_EDGE('',*,*,#11010,.F.);
#11027 = ORIENTED_EDGE('',*,*,#11028,.T.);
#11028 = EDGE_CURVE('',#5715,#9029,#11029,.T.);
#11029 = LINE('',#11030,#11031);
#11030 = CARTESIAN_POINT('',(-1.272345423698,27.166979718208,
    36.967156720161));
#11031 = VECTOR('',#11032,1.);
#11032 = DIRECTION('',(0.102200120924,0.994763859056,0.));
#11033 = PLANE('',#11034);
#11034 = AXIS2_PLACEMENT_3D('',#11035,#11036,#11037);
#11035 = CARTESIAN_POINT('',(-1.525767640314,28.061886888394,
    36.967156720161));
#11036 = DIRECTION('',(0.,0.,1.));
#11037 = DIRECTION('',(1.,0.,-0.));
#11038 = ADVANCED_FACE('',(#11039),#11049,.T.);
#11039 = FACE_BOUND('',#11040,.T.);
#11040 = EDGE_LOOP('',(#11041,#11042,#11043));
#11041 = ORIENTED_EDGE('',*,*,#9076,.F.);
#11042 = ORIENTED_EDGE('',*,*,#11028,.F.);
#11043 = ORIENTED_EDGE('',*,*,#11044,.T.);
#11044 = EDGE_CURVE('',#5715,#9068,#11045,.T.);
#11045 = LINE('',#11046,#11047);
#11046 = CARTESIAN_POINT('',(-1.272345423698,27.166979718208,
    36.967156720161));
#11047 = VECTOR('',#11048,1.);
#11048 = DIRECTION('',(0.768593738417,0.639737184527,0.));
#11049 = PLANE('',#11050);
#11050 = AXIS2_PLACEMENT_3D('',#11051,#11052,#11053);
#11051 = CARTESIAN_POINT('',(-0.887023377273,27.863391379888,
    36.967156720161));
#11052 = DIRECTION('',(0.,0.,1.));
#11053 = DIRECTION('',(1.,0.,-0.));
#11054 = ADVANCED_FACE('',(#11055),#11065,.T.);
#11055 = FACE_BOUND('',#11056,.T.);
#11056 = EDGE_LOOP('',(#11057,#11063,#11064));
#11057 = ORIENTED_EDGE('',*,*,#11058,.T.);
#11058 = EDGE_CURVE('',#5802,#9068,#11059,.T.);
#11059 = LINE('',#11060,#11061);
#11060 = CARTESIAN_POINT('',(-0.507543199137,26.727483773232,
    36.967156720161));
#11061 = VECTOR('',#11062,1.);
#11062 = DIRECTION('',(0.219063783424,0.975710540474,0.));
#11063 = ORIENTED_EDGE('',*,*,#11044,.F.);
#11064 = ORIENTED_EDGE('',*,*,#5801,.F.);
#11065 = PLANE('',#11066);
#11066 = AXIS2_PLACEMENT_3D('',#11067,#11068,#11069);
#11067 = CARTESIAN_POINT('',(-0.634307832281,27.36535985138,
    36.967156720161));
#11068 = DIRECTION('',(0.,0.,1.));
#11069 = DIRECTION('',(1.,0.,-0.));
#11070 = ADVANCED_FACE('',(#11071),#11081,.T.);
#11071 = FACE_BOUND('',#11072,.T.);
#11072 = EDGE_LOOP('',(#11073,#11074,#11075));
#11073 = ORIENTED_EDGE('',*,*,#9115,.F.);
#11074 = ORIENTED_EDGE('',*,*,#11058,.F.);
#11075 = ORIENTED_EDGE('',*,*,#11076,.T.);
#11076 = EDGE_CURVE('',#5802,#9107,#11077,.T.);
#11077 = LINE('',#11078,#11079);
#11078 = CARTESIAN_POINT('',(-0.507543199137,26.727483773232,
    36.967156720161));
#11079 = VECTOR('',#11080,1.);
#11080 = DIRECTION('',(0.840557049391,0.541723035064,0.));
#11081 = PLANE('',#11082);
#11082 = AXIS2_PLACEMENT_3D('',#11083,#11084,#11085);
#11083 = CARTESIAN_POINT('',(-5.670537107049E-02,27.380503633833,
    36.967156720161));
#11084 = DIRECTION('',(0.,0.,1.));
#11085 = DIRECTION('',(1.,0.,-0.));
#11086 = ADVANCED_FACE('',(#11087),#11097,.T.);
#11087 = FACE_BOUND('',#11088,.T.);
#11088 = EDGE_LOOP('',(#11089,#11095,#11096));
#11089 = ORIENTED_EDGE('',*,*,#11090,.T.);
#11090 = EDGE_CURVE('',#5841,#9107,#11091,.T.);
#11091 = LINE('',#11092,#11093);
#11092 = CARTESIAN_POINT('',(0.135694527719,26.123889923096,
    36.967156720161));
#11093 = VECTOR('',#11094,1.);
#11094 = DIRECTION('',(0.339100073978,0.940750306844,0.));
#11095 = ORIENTED_EDGE('',*,*,#11076,.F.);
#11096 = ORIENTED_EDGE('',*,*,#5840,.F.);
#11097 = PLANE('',#11098);
#11098 = AXIS2_PLACEMENT_3D('',#11099,#11100,#11101);
#11099 = CARTESIAN_POINT('',(0.120002179934,26.810144242638,
    36.967156720161));
#11100 = DIRECTION('',(0.,0.,1.));
#11101 = DIRECTION('',(1.,0.,-0.));
#11102 = ADVANCED_FACE('',(#11103),#11113,.T.);
#11103 = FACE_BOUND('',#11104,.T.);
#11104 = EDGE_LOOP('',(#11105,#11106,#11107));
#11105 = ORIENTED_EDGE('',*,*,#9154,.F.);
#11106 = ORIENTED_EDGE('',*,*,#11090,.F.);
#11107 = ORIENTED_EDGE('',*,*,#11108,.T.);
#11108 = EDGE_CURVE('',#5841,#9146,#11109,.T.);
#11109 = LINE('',#11110,#11111);
#11110 = CARTESIAN_POINT('',(0.135694527719,26.123889923096,
    36.967156720161));
#11111 = VECTOR('',#11112,1.);
#11112 = DIRECTION('',(0.897431542775,0.441153744213,0.));
#11113 = PLANE('',#11114);
#11114 = AXIS2_PLACEMENT_3D('',#11115,#11116,#11117);
#11115 = CARTESIAN_POINT('',(0.65389935528,26.734178105389,
    36.967156720161));
#11116 = DIRECTION('',(0.,0.,1.));
#11117 = DIRECTION('',(1.,0.,-0.));
#11118 = ADVANCED_FACE('',(#11119),#11129,.T.);
#11119 = FACE_BOUND('',#11120,.T.);
#11120 = EDGE_LOOP('',(#11121,#11127,#11128));
#11121 = ORIENTED_EDGE('',*,*,#11122,.T.);
#11122 = EDGE_CURVE('',#5880,#9146,#11123,.T.);
#11123 = LINE('',#11124,#11125);
#11124 = CARTESIAN_POINT('',(0.622888818756,25.38855599165,
    36.967156720161));
#11125 = VECTOR('',#11126,1.);
#11126 = DIRECTION('',(0.460336303446,0.887744607266,0.));
#11127 = ORIENTED_EDGE('',*,*,#11108,.F.);
#11128 = ORIENTED_EDGE('',*,*,#5879,.F.);
#11129 = PLANE('',#11130);
#11130 = AXIS2_PLACEMENT_3D('',#11131,#11132,#11133);
#11131 = CARTESIAN_POINT('',(0.734863689834,26.104234635512,
    36.967156720161));
#11132 = DIRECTION('',(0.,0.,1.));
#11133 = DIRECTION('',(1.,0.,-0.));
#11134 = ADVANCED_FACE('',(#11135),#11145,.T.);
#11135 = FACE_BOUND('',#11136,.T.);
#11136 = EDGE_LOOP('',(#11137,#11138,#11139));
#11137 = ORIENTED_EDGE('',*,*,#9193,.F.);
#11138 = ORIENTED_EDGE('',*,*,#11122,.F.);
#11139 = ORIENTED_EDGE('',*,*,#11140,.T.);
#11140 = EDGE_CURVE('',#5880,#9185,#11141,.T.);
#11141 = LINE('',#11142,#11143);
#11142 = CARTESIAN_POINT('',(0.622888818756,25.38855599165,
    36.967156720161));
#11143 = VECTOR('',#11144,1.);
#11144 = DIRECTION('',(0.940810806392,0.338932185807,0.));
#11145 = PLANE('',#11146);
#11146 = AXIS2_PLACEMENT_3D('',#11147,#11148,#11149);
#11147 = CARTESIAN_POINT('',(1.213218578019,25.952999515716,
    36.967156720161));
#11148 = DIRECTION('',(0.,0.,1.));
#11149 = DIRECTION('',(1.,0.,-0.));
#11150 = ADVANCED_FACE('',(#11151),#11156,.T.);
#11151 = FACE_BOUND('',#11152,.T.);
#11152 = EDGE_LOOP('',(#11153,#11154,#11155));
#11153 = ORIENTED_EDGE('',*,*,#10578,.F.);
#11154 = ORIENTED_EDGE('',*,*,#11140,.F.);
#11155 = ORIENTED_EDGE('',*,*,#5918,.F.);
#11156 = PLANE('',#11157);
#11157 = AXIS2_PLACEMENT_3D('',#11158,#11159,#11160);
#11158 = CARTESIAN_POINT('',(1.180684639429,25.282278134535,
    36.967156720161));
#11159 = DIRECTION('',(0.,0.,1.));
#11160 = DIRECTION('',(1.,0.,-0.));
#11161 = ADVANCED_FACE('',(#11162),#11177,.T.);
#11162 = FACE_BOUND('',#11163,.T.);
#11163 = EDGE_LOOP('',(#11164,#11165,#11171));
#11164 = ORIENTED_EDGE('',*,*,#4620,.F.);
#11165 = ORIENTED_EDGE('',*,*,#11166,.T.);
#11166 = EDGE_CURVE('',#4621,#1445,#11167,.T.);
#11167 = LINE('',#11168,#11169);
#11168 = CARTESIAN_POINT('',(6.125911509991,13.4546641469,
    36.967156720161));
#11169 = VECTOR('',#11170,1.);
#11170 = DIRECTION('',(-0.15188802964,0.98839770662,0.));
#11171 = ORIENTED_EDGE('',*,*,#11172,.T.);
#11172 = EDGE_CURVE('',#1445,#3917,#11173,.T.);
#11173 = LINE('',#11174,#11175);
#11174 = CARTESIAN_POINT('',(5.889756396413,14.991422331333,
    36.967156720161));
#11175 = VECTOR('',#11176,1.);
#11176 = DIRECTION('',(-0.778708202458,-0.627386272901,0.));
#11177 = PLANE('',#11178);
#11178 = AXIS2_PLACEMENT_3D('',#11179,#11180,#11181);
#11179 = CARTESIAN_POINT('',(5.602146329763,14.1733344058,
    36.967156720161));
#11180 = DIRECTION('',(0.,0.,1.));
#11181 = DIRECTION('',(1.,0.,-0.));
#11182 = ADVANCED_FACE('',(#11183),#11193,.T.);
#11183 = FACE_BOUND('',#11184,.T.);
#11184 = EDGE_LOOP('',(#11185,#11191,#11192));
#11185 = ORIENTED_EDGE('',*,*,#11186,.T.);
#11186 = EDGE_CURVE('',#1422,#3917,#11187,.T.);
#11187 = LINE('',#11188,#11189);
#11188 = CARTESIAN_POINT('',(4.411532747746,15.550999367237,
    36.967156720161));
#11189 = VECTOR('',#11190,1.);
#11190 = DIRECTION('',(0.23487049153,-0.972026672581,0.));
#11191 = ORIENTED_EDGE('',*,*,#11172,.F.);
#11192 = ORIENTED_EDGE('',*,*,#1453,.F.);
#11193 = PLANE('',#11194);
#11194 = AXIS2_PLACEMENT_3D('',#11195,#11196,#11197);
#11195 = CARTESIAN_POINT('',(5.020063196306,14.887174327629,
    36.967156720161));
#11196 = DIRECTION('',(0.,0.,1.));
#11197 = DIRECTION('',(1.,0.,-0.));
#11198 = ADVANCED_FACE('',(#11199),#11209,.T.);
#11199 = FACE_BOUND('',#11200,.T.);
#11200 = EDGE_LOOP('',(#11201,#11207,#11208));
#11201 = ORIENTED_EDGE('',*,*,#11202,.T.);
#11202 = EDGE_CURVE('',#6208,#3917,#11203,.T.);
#11203 = LINE('',#11204,#11205);
#11204 = CARTESIAN_POINT('',(5.691166743636,4.847922807932,
    36.967156720161));
#11205 = VECTOR('',#11206,1.);
#11206 = DIRECTION('',(-9.969543866845E-02,0.99501799959,0.));
#11207 = ORIENTED_EDGE('',*,*,#11186,.F.);
#11208 = ORIENTED_EDGE('',*,*,#10542,.F.);
#11209 = PLANE('',#11210);
#11210 = AXIS2_PLACEMENT_3D('',#11211,#11212,#11213);
#11211 = CARTESIAN_POINT('',(5.095201078044,10.206919566798,
    36.967156720161));
#11212 = DIRECTION('',(0.,0.,1.));
#11213 = DIRECTION('',(1.,0.,-0.));
#11214 = ADVANCED_FACE('',(#11215),#11225,.T.);
#11215 = FACE_BOUND('',#11216,.T.);
#11216 = EDGE_LOOP('',(#11217,#11218,#11219));
#11217 = ORIENTED_EDGE('',*,*,#1499,.F.);
#11218 = ORIENTED_EDGE('',*,*,#11166,.F.);
#11219 = ORIENTED_EDGE('',*,*,#11220,.T.);
#11220 = EDGE_CURVE('',#4621,#1491,#11221,.T.);
#11221 = LINE('',#11222,#11223);
#11222 = CARTESIAN_POINT('',(6.125911509991,13.4546641469,
    36.967156720161));
#11223 = VECTOR('',#11224,1.);
#11224 = DIRECTION('',(0.824913534085,0.565258932954,0.));
#11225 = PLANE('',#11226);
#11226 = AXIS2_PLACEMENT_3D('',#11227,#11228,#11229);
#11227 = CARTESIAN_POINT('',(6.425521565715,14.246413747684,
    36.967156720161));
#11228 = DIRECTION('',(0.,0.,1.));
#11229 = DIRECTION('',(1.,0.,-0.));
#11230 = ADVANCED_FACE('',(#11231),#11241,.T.);
#11231 = FACE_BOUND('',#11232,.T.);
#11232 = EDGE_LOOP('',(#11233,#11239,#11240));
#11233 = ORIENTED_EDGE('',*,*,#11234,.T.);
#11234 = EDGE_CURVE('',#4667,#1491,#11235,.T.);
#11235 = LINE('',#11236,#11237);
#11236 = CARTESIAN_POINT('',(7.38950625658,12.647186332941,
    36.967156720161));
#11237 = VECTOR('',#11238,1.);
#11238 = DIRECTION('',(-6.501785739752E-02,0.997884100595,0.));
#11239 = ORIENTED_EDGE('',*,*,#11220,.F.);
#11240 = ORIENTED_EDGE('',*,*,#4666,.F.);
#11241 = PLANE('',#11242);
#11242 = AXIS2_PLACEMENT_3D('',#11243,#11244,#11245);
#11243 = CARTESIAN_POINT('',(6.947744989911,13.44183892098,
    36.967156720161));
#11244 = DIRECTION('',(0.,0.,1.));
#11245 = DIRECTION('',(1.,0.,-0.));
#11246 = ADVANCED_FACE('',(#11247),#11257,.T.);
#11247 = FACE_BOUND('',#11248,.T.);
#11248 = EDGE_LOOP('',(#11249,#11250,#11251));
#11249 = ORIENTED_EDGE('',*,*,#1545,.F.);
#11250 = ORIENTED_EDGE('',*,*,#11234,.F.);
#11251 = ORIENTED_EDGE('',*,*,#11252,.T.);
#11252 = EDGE_CURVE('',#4667,#1537,#11253,.T.);
#11253 = LINE('',#11254,#11255);
#11254 = CARTESIAN_POINT('',(7.38950625658,12.647186332941,
    36.967156720161));
#11255 = VECTOR('',#11256,1.);
#11256 = DIRECTION('',(0.864760848809,0.502183904927,0.));
#11257 = PLANE('',#11258);
#11258 = AXIS2_PLACEMENT_3D('',#11259,#11260,#11261);
#11259 = CARTESIAN_POINT('',(7.73702576458,13.430113844496,
    36.967156720161));
#11260 = DIRECTION('',(0.,0.,1.));
#11261 = DIRECTION('',(1.,0.,-0.));
#11262 = ADVANCED_FACE('',(#11263),#11273,.T.);
#11263 = FACE_BOUND('',#11264,.T.);
#11264 = EDGE_LOOP('',(#11265,#11271,#11272));
#11265 = ORIENTED_EDGE('',*,*,#11266,.T.);
#11266 = EDGE_CURVE('',#4713,#1537,#11267,.T.);
#11267 = LINE('',#11268,#11269);
#11268 = CARTESIAN_POINT('',(8.533624738455,11.677814179659,
    36.967156720161));
#11269 = VECTOR('',#11270,1.);
#11270 = DIRECTION('',(2.505364685629E-02,0.999686108126,0.));
#11271 = ORIENTED_EDGE('',*,*,#11252,.F.);
#11272 = ORIENTED_EDGE('',*,*,#4712,.F.);
#11273 = PLANE('',#11274);
#11274 = AXIS2_PLACEMENT_3D('',#11275,#11276,#11277);
#11275 = CARTESIAN_POINT('',(8.184934970578,12.539513572058,
    36.967156720161));
#11276 = DIRECTION('',(0.,0.,1.));
#11277 = DIRECTION('',(1.,0.,-0.));
#11278 = ADVANCED_FACE('',(#11279),#11289,.T.);
#11279 = FACE_BOUND('',#11280,.T.);
#11280 = EDGE_LOOP('',(#11281,#11282,#11283));
#11281 = ORIENTED_EDGE('',*,*,#1591,.F.);
#11282 = ORIENTED_EDGE('',*,*,#11266,.F.);
#11283 = ORIENTED_EDGE('',*,*,#11284,.T.);
#11284 = EDGE_CURVE('',#4713,#1583,#11285,.T.);
#11285 = LINE('',#11286,#11287);
#11286 = CARTESIAN_POINT('',(8.533624738455,11.677814179659,
    36.967156720161));
#11287 = VECTOR('',#11288,1.);
#11288 = DIRECTION('',(0.898626450124,0.438714603288,0.));
#11289 = PLANE('',#11290);
#11290 = AXIS2_PLACEMENT_3D('',#11291,#11292,#11293);
#11291 = CARTESIAN_POINT('',(8.932808311453,12.451715980976,
    36.967156720161));
#11292 = DIRECTION('',(0.,0.,1.));
#11293 = DIRECTION('',(1.,0.,-0.));
#11294 = ADVANCED_FACE('',(#11295),#11305,.T.);
#11295 = FACE_BOUND('',#11296,.T.);
#11296 = EDGE_LOOP('',(#11297,#11303,#11304));
#11297 = ORIENTED_EDGE('',*,*,#11298,.T.);
#11298 = EDGE_CURVE('',#4759,#1583,#11299,.T.);
#11299 = LINE('',#11300,#11301);
#11300 = CARTESIAN_POINT('',(9.537670314312,10.563999080658,
    36.967156720161));
#11301 = VECTOR('',#11302,1.);
#11302 = DIRECTION('',(0.117484121397,0.993074761143,0.));
#11303 = ORIENTED_EDGE('',*,*,#11284,.F.);
#11304 = ORIENTED_EDGE('',*,*,#4758,.F.);
#11305 = PLANE('',#11306);
#11306 = AXIS2_PLACEMENT_3D('',#11307,#11308,#11309);
#11307 = CARTESIAN_POINT('',(9.292113163703,11.482289320338,
    36.967156720161));
#11308 = DIRECTION('',(0.,0.,1.));
#11309 = DIRECTION('',(1.,0.,-0.));
#11310 = ADVANCED_FACE('',(#11311),#11321,.T.);
#11311 = FACE_BOUND('',#11312,.T.);
#11312 = EDGE_LOOP('',(#11313,#11314,#11315));
#11313 = ORIENTED_EDGE('',*,*,#1637,.F.);
#11314 = ORIENTED_EDGE('',*,*,#11298,.F.);
#11315 = ORIENTED_EDGE('',*,*,#11316,.T.);
#11316 = EDGE_CURVE('',#4759,#1629,#11317,.T.);
#11317 = LINE('',#11318,#11319);
#11318 = CARTESIAN_POINT('',(9.537670314312,10.563999080658,
    36.967156720161));
#11319 = VECTOR('',#11320,1.);
#11320 = DIRECTION('',(0.926929700931,0.375235032388,0.));
#11321 = PLANE('',#11322);
#11322 = AXIS2_PLACEMENT_3D('',#11323,#11324,#11325);
#11323 = CARTESIAN_POINT('',(9.9929693311,11.327335079425,
    36.967156720161));
#11324 = DIRECTION('',(0.,0.,1.));
#11325 = DIRECTION('',(1.,0.,-0.));
#11326 = ADVANCED_FACE('',(#11327),#11337,.T.);
#11327 = FACE_BOUND('',#11328,.T.);
#11328 = EDGE_LOOP('',(#11329,#11335,#11336));
#11329 = ORIENTED_EDGE('',*,*,#11330,.T.);
#11330 = EDGE_CURVE('',#4805,#1629,#11331,.T.);
#11331 = LINE('',#11332,#11333);
#11332 = CARTESIAN_POINT('',(10.383566325903,9.325794166327,
    36.967156720161));
#11333 = VECTOR('',#11334,1.);
#11334 = DIRECTION('',(0.211290299303,0.977423352197,0.));
#11335 = ORIENTED_EDGE('',*,*,#11316,.F.);
#11336 = ORIENTED_EDGE('',*,*,#4804,.F.);
#11337 = PLANE('',#11338);
#11338 = AXIS2_PLACEMENT_3D('',#11339,#11340,#11341);
#11339 = CARTESIAN_POINT('',(10.250018418442,10.288819124794,
    36.967156720161));
#11340 = DIRECTION('',(0.,0.,1.));
#11341 = DIRECTION('',(1.,0.,-0.));
#11342 = ADVANCED_FACE('',(#11343),#11353,.T.);
#11343 = FACE_BOUND('',#11344,.T.);
#11344 = EDGE_LOOP('',(#11345,#11346,#11347));
#11345 = ORIENTED_EDGE('',*,*,#1683,.F.);
#11346 = ORIENTED_EDGE('',*,*,#11330,.F.);
#11347 = ORIENTED_EDGE('',*,*,#11348,.T.);
#11348 = EDGE_CURVE('',#4805,#1675,#11349,.T.);
#11349 = LINE('',#11350,#11351);
#11350 = CARTESIAN_POINT('',(10.383566325903,9.325794166327,
    36.967156720161));
#11351 = VECTOR('',#11352,1.);
#11352 = DIRECTION('',(0.950099675437,0.311946480562,0.));
#11353 = PLANE('',#11354);
#11354 = AXIS2_PLACEMENT_3D('',#11355,#11356,#11357);
#11355 = CARTESIAN_POINT('',(10.899801409331,10.075514736382,
    36.967156720161));
#11356 = DIRECTION('',(0.,0.,1.));
#11357 = DIRECTION('',(1.,0.,-0.));
#11358 = ADVANCED_FACE('',(#11359),#11369,.T.);
#11359 = FACE_BOUND('',#11360,.T.);
#11360 = EDGE_LOOP('',(#11361,#11367,#11368));
#11361 = ORIENTED_EDGE('',*,*,#11362,.T.);
#11362 = EDGE_CURVE('',#4851,#1675,#11363,.T.);
#11363 = LINE('',#11364,#11365);
#11364 = CARTESIAN_POINT('',(11.056082355976,7.985490953922,
    36.967156720161));
#11365 = VECTOR('',#11366,1.);
#11366 = DIRECTION('',(0.305369818865,0.952233833534,0.));
#11367 = ORIENTED_EDGE('',*,*,#11348,.F.);
#11368 = ORIENTED_EDGE('',*,*,#4850,.F.);
#11369 = PLANE('',#11370);
#11370 = AXIS2_PLACEMENT_3D('',#11371,#11372,#11373);
#11371 = CARTESIAN_POINT('',(11.042072215305,8.980126285839,
    36.967156720161));
#11372 = DIRECTION('',(0.,0.,1.));
#11373 = DIRECTION('',(1.,0.,-0.));
#11374 = ADVANCED_FACE('',(#11375),#11385,.T.);
#11375 = FACE_BOUND('',#11376,.T.);
#11376 = EDGE_LOOP('',(#11377,#11378,#11379));
#11377 = ORIENTED_EDGE('',*,*,#1729,.F.);
#11378 = ORIENTED_EDGE('',*,*,#11362,.F.);
#11379 = ORIENTED_EDGE('',*,*,#11380,.T.);
#11380 = EDGE_CURVE('',#4851,#1721,#11381,.T.);
#11381 = LINE('',#11382,#11383);
#11382 = CARTESIAN_POINT('',(11.056082355976,7.985490953922,
    36.967156720161));
#11383 = VECTOR('',#11384,1.);
#11384 = DIRECTION('',(0.968534482707,0.248879400128,0.));
#11385 = PLANE('',#11386);
#11386 = AXIS2_PLACEMENT_3D('',#11387,#11388,#11389);
#11387 = CARTESIAN_POINT('',(11.638086278393,8.716938149993,
    36.967156720161));
#11388 = DIRECTION('',(0.,0.,1.));
#11389 = DIRECTION('',(1.,0.,-0.));
#11390 = ADVANCED_FACE('',(#11391),#11401,.T.);
#11391 = FACE_BOUND('',#11392,.T.);
#11392 = EDGE_LOOP('',(#11393,#11399,#11400));
#11393 = ORIENTED_EDGE('',*,*,#11394,.T.);
#11394 = EDGE_CURVE('',#4897,#1721,#11395,.T.);
#11395 = LINE('',#11396,#11397);
#11396 = CARTESIAN_POINT('',(11.543112039566,6.567220419645,
    36.967156720161));
#11397 = VECTOR('',#11398,1.);
#11398 = DIRECTION('',(0.398520382089,0.917159476351,0.));
#11399 = ORIENTED_EDGE('',*,*,#11380,.F.);
#11400 = ORIENTED_EDGE('',*,*,#4896,.F.);
#11401 = PLANE('',#11402);
#11402 = AXIS2_PLACEMENT_3D('',#11403,#11404,#11405);
#11403 = CARTESIAN_POINT('',(11.654666253499,7.579214287031,
    36.967156720161));
#11404 = DIRECTION('',(0.,0.,1.));
#11405 = DIRECTION('',(1.,0.,-0.));
#11406 = ADVANCED_FACE('',(#11407),#11417,.T.);
#11407 = FACE_BOUND('',#11408,.T.);
#11408 = EDGE_LOOP('',(#11409,#11410,#11411));
#11409 = ORIENTED_EDGE('',*,*,#1775,.F.);
#11410 = ORIENTED_EDGE('',*,*,#11394,.F.);
#11411 = ORIENTED_EDGE('',*,*,#11412,.T.);
#11412 = EDGE_CURVE('',#4897,#1767,#11413,.T.);
#11413 = LINE('',#11414,#11415);
#11414 = CARTESIAN_POINT('',(11.543112039566,6.567220419645,
    36.967156720161));
#11415 = VECTOR('',#11416,1.);
#11416 = DIRECTION('',(0.98256618098,0.185913151751,0.));
#11417 = PLANE('',#11418);
#11418 = AXIS2_PLACEMENT_3D('',#11419,#11420,#11421);
#11419 = CARTESIAN_POINT('',(12.195355495586,7.27410794454,
    36.967156720161));
#11420 = DIRECTION('',(0.,0.,1.));
#11421 = DIRECTION('',(1.,0.,-0.));
#11422 = ADVANCED_FACE('',(#11423),#11433,.T.);
#11423 = FACE_BOUND('',#11424,.T.);
#11424 = EDGE_LOOP('',(#11425,#11431,#11432));
#11425 = ORIENTED_EDGE('',*,*,#11426,.T.);
#11426 = EDGE_CURVE('',#4943,#1767,#11427,.T.);
#11427 = LINE('',#11428,#11429);
#11428 = CARTESIAN_POINT('',(11.835887289047,5.096515086293,
    36.967156720161));
#11429 = VECTOR('',#11430,1.);
#11430 = DIRECTION('',(0.489464855327,0.872023024581,0.));
#11431 = ORIENTED_EDGE('',*,*,#11412,.F.);
#11432 = ORIENTED_EDGE('',*,*,#4942,.F.);
#11433 = PLANE('',#11434);
#11434 = AXIS2_PLACEMENT_3D('',#11435,#11436,#11437);
#11435 = CARTESIAN_POINT('',(12.07738813605,6.110639896028,
    36.967156720161));
#11436 = DIRECTION('',(0.,0.,1.));
#11437 = DIRECTION('',(1.,0.,-0.));
#11438 = ADVANCED_FACE('',(#11439),#11449,.T.);
#11439 = FACE_BOUND('',#11440,.T.);
#11440 = EDGE_LOOP('',(#11441,#11442,#11443));
#11441 = ORIENTED_EDGE('',*,*,#1821,.F.);
#11442 = ORIENTED_EDGE('',*,*,#11426,.F.);
#11443 = ORIENTED_EDGE('',*,*,#11444,.T.);
#11444 = EDGE_CURVE('',#4943,#1813,#11445,.T.);
#11445 = LINE('',#11446,#11447);
#11446 = CARTESIAN_POINT('',(11.835887289047,5.096515086293,
    36.967156720161));
#11447 = VECTOR('',#11448,1.);
#11448 = DIRECTION('',(0.992430201457,0.122809996483,0.));
#11449 = PLANE('',#11450);
#11450 = AXIS2_PLACEMENT_3D('',#11451,#11452,#11453);
#11451 = CARTESIAN_POINT('',(12.562110099639,5.770987253292,
    36.967156720161));
#11452 = DIRECTION('',(0.,0.,1.));
#11453 = DIRECTION('',(1.,0.,-0.));
#11454 = ADVANCED_FACE('',(#11455),#11465,.T.);
#11455 = FACE_BOUND('',#11456,.T.);
#11456 = EDGE_LOOP('',(#11457,#11458,#11459));
#11457 = ORIENTED_EDGE('',*,*,#1867,.F.);
#11458 = ORIENTED_EDGE('',*,*,#11444,.F.);
#11459 = ORIENTED_EDGE('',*,*,#11460,.T.);
#11460 = EDGE_CURVE('',#4943,#1859,#11461,.T.);
#11461 = LINE('',#11462,#11463);
#11462 = CARTESIAN_POINT('',(11.835887289047,5.096515086293,
    36.967156720161));
#11463 = VECTOR('',#11464,1.);
#11464 = DIRECTION('',(0.692255525234,-0.721652470226,0.));
#11465 = PLANE('',#11466);
#11466 = AXIS2_PLACEMENT_3D('',#11467,#11468,#11469);
#11467 = CARTESIAN_POINT('',(12.710662594288,4.619245994625,
    36.967156720161));
#11468 = DIRECTION('',(0.,0.,1.));
#11469 = DIRECTION('',(1.,0.,-0.));
#11470 = ADVANCED_FACE('',(#11471),#11481,.T.);
#11471 = FACE_BOUND('',#11472,.T.);
#11472 = EDGE_LOOP('',(#11473,#11479,#11480));
#11473 = ORIENTED_EDGE('',*,*,#11474,.T.);
#11474 = EDGE_CURVE('',#4989,#1859,#11475,.T.);
#11475 = LINE('',#11476,#11477);
#11476 = CARTESIAN_POINT('',(11.929136502743,3.599853700399,
    36.967156720161));
#11477 = VECTOR('',#11478,1.);
#11478 = DIRECTION('',(0.998242673439,5.925845867457E-02,0.));
#11479 = ORIENTED_EDGE('',*,*,#11460,.F.);
#11480 = ORIENTED_EDGE('',*,*,#4988,.F.);
#11481 = PLANE('',#11482);
#11482 = AXIS2_PLACEMENT_3D('',#11483,#11484,#11485);
#11483 = CARTESIAN_POINT('',(12.329231512082,4.173144633566,
    36.967156720161));
#11484 = DIRECTION('',(0.,0.,1.));
#11485 = DIRECTION('',(1.,0.,-0.));
#11486 = ADVANCED_FACE('',(#11487),#11497,.T.);
#11487 = FACE_BOUND('',#11488,.T.);
#11488 = EDGE_LOOP('',(#11489,#11490,#11491));
#11489 = ORIENTED_EDGE('',*,*,#1913,.F.);
#11490 = ORIENTED_EDGE('',*,*,#11474,.F.);
#11491 = ORIENTED_EDGE('',*,*,#11492,.T.);
#11492 = EDGE_CURVE('',#4989,#1905,#11493,.T.);
#11493 = LINE('',#11494,#11495);
#11494 = CARTESIAN_POINT('',(11.929136502743,3.599853700399,
    36.967156720161));
#11495 = VECTOR('',#11496,1.);
#11496 = DIRECTION('',(0.615246336233,-0.788334919784,0.));
#11497 = PLANE('',#11498);
#11498 = AXIS2_PLACEMENT_3D('',#11499,#11500,#11501);
#11499 = CARTESIAN_POINT('',(12.739327114213,3.072203828116,
    36.967156720161));
#11500 = DIRECTION('',(0.,0.,1.));
#11501 = DIRECTION('',(1.,0.,-0.));
#11502 = ADVANCED_FACE('',(#11503),#11513,.T.);
#11503 = FACE_BOUND('',#11504,.T.);
#11504 = EDGE_LOOP('',(#11505,#11511,#11512));
#11505 = ORIENTED_EDGE('',*,*,#11506,.T.);
#11506 = EDGE_CURVE('',#5035,#1905,#11507,.T.);
#11507 = LINE('',#11508,#11509);
#11508 = CARTESIAN_POINT('',(11.821180701256,2.104181307554,
    36.967156720161));
#11509 = VECTOR('',#11510,1.);
#11510 = DIRECTION('',(0.999987130746,-5.073296919565E-03,0.));
#11511 = ORIENTED_EDGE('',*,*,#11492,.F.);
#11512 = ORIENTED_EDGE('',*,*,#5034,.F.);
#11513 = PLANE('',#11514);
#11514 = AXIS2_PLACEMENT_3D('',#11515,#11516,#11517);
#11515 = CARTESIAN_POINT('',(12.295679035609,2.645456425261,
    36.967156720161));
#11516 = DIRECTION('',(0.,0.,1.));
#11517 = DIRECTION('',(1.,0.,-0.));
#11518 = ADVANCED_FACE('',(#11519),#11529,.T.);
#11519 = FACE_BOUND('',#11520,.T.);
#11520 = EDGE_LOOP('',(#11521,#11522,#11523));
#11521 = ORIENTED_EDGE('',*,*,#1959,.F.);
#11522 = ORIENTED_EDGE('',*,*,#11506,.F.);
#11523 = ORIENTED_EDGE('',*,*,#11524,.T.);
#11524 = EDGE_CURVE('',#5035,#1951,#11525,.T.);
#11525 = LINE('',#11526,#11527);
#11526 = CARTESIAN_POINT('',(11.821180701256,2.104181307554,
    36.967156720161));
#11527 = VECTOR('',#11528,1.);
#11528 = DIRECTION('',(0.533521157329,-0.845786719381,0.));
#11529 = PLANE('',#11530);
#11530 = AXIS2_PLACEMENT_3D('',#11531,#11532,#11533);
#11531 = CARTESIAN_POINT('',(12.568371465807,1.53488231113,
    36.967156720161));
#11532 = DIRECTION('',(0.,0.,1.));
#11533 = DIRECTION('',(1.,0.,-0.));
#11534 = ADVANCED_FACE('',(#11535),#11545,.T.);
#11535 = FACE_BOUND('',#11536,.T.);
#11536 = EDGE_LOOP('',(#11537,#11543,#11544));
#11537 = ORIENTED_EDGE('',*,*,#11538,.T.);
#11538 = EDGE_CURVE('',#5081,#1951,#11539,.T.);
#11539 = LINE('',#11540,#11541);
#11540 = CARTESIAN_POINT('',(11.513964563608,0.63642506972,
    36.967156720161));
#11541 = VECTOR('',#11542,1.);
#11542 = DIRECTION('',(0.997512999743,-7.048273082194E-02,0.));
#11543 = ORIENTED_EDGE('',*,*,#11524,.F.);
#11544 = ORIENTED_EDGE('',*,*,#5080,.F.);
#11545 = PLANE('',#11546);
#11546 = AXIS2_PLACEMENT_3D('',#11547,#11548,#11549);
#11547 = CARTESIAN_POINT('',(12.06130505789,1.134668345786,
    36.967156720161));
#11548 = DIRECTION('',(0.,0.,1.));
#11549 = DIRECTION('',(1.,0.,-0.));
#11550 = ADVANCED_FACE('',(#11551),#11561,.T.);
#11551 = FACE_BOUND('',#11552,.T.);
#11552 = EDGE_LOOP('',(#11553,#11554,#11555));
#11553 = ORIENTED_EDGE('',*,*,#2005,.F.);
#11554 = ORIENTED_EDGE('',*,*,#11538,.F.);
#11555 = ORIENTED_EDGE('',*,*,#11556,.T.);
#11556 = EDGE_CURVE('',#5081,#1997,#11557,.T.);
#11557 = LINE('',#11558,#11559);
#11558 = CARTESIAN_POINT('',(11.513964563608,0.63642506972,
    36.967156720161));
#11559 = VECTOR('',#11560,1.);
#11560 = DIRECTION('',(0.448365509986,-0.893850305954,0.));
#11561 = PLANE('',#11562);
#11562 = AXIS2_PLACEMENT_3D('',#11563,#11564,#11565);
#11563 = CARTESIAN_POINT('',(12.200873432706,3.288338759172E-02,
    36.967156720161));
#11564 = DIRECTION('',(0.,0.,1.));
#11565 = DIRECTION('',(1.,0.,-0.));
#11566 = ADVANCED_FACE('',(#11567),#11577,.T.);
#11567 = FACE_BOUND('',#11568,.T.);
#11568 = EDGE_LOOP('',(#11569,#11575,#11576));
#11569 = ORIENTED_EDGE('',*,*,#11570,.T.);
#11570 = EDGE_CURVE('',#5127,#1997,#11571,.T.);
#11571 = LINE('',#11572,#11573);
#11572 = CARTESIAN_POINT('',(11.013017064333,-0.776990579814,
    36.967156720161));
#11573 = VECTOR('',#11574,1.);
#11574 = DIRECTION('',(0.990545557021,-0.137184180812,0.));
#11575 = ORIENTED_EDGE('',*,*,#11556,.F.);
#11576 = ORIENTED_EDGE('',*,*,#5126,.F.);
#11577 = PLANE('',#11578);
#11578 = AXIS2_PLACEMENT_3D('',#11579,#11580,#11581);
#11579 = CARTESIAN_POINT('',(11.629897651744,-0.332827185063,
    36.967156720161));
#11580 = DIRECTION('',(0.,0.,1.));
#11581 = DIRECTION('',(1.,0.,-0.));
#11582 = ADVANCED_FACE('',(#11583),#11593,.T.);
#11583 = FACE_BOUND('',#11584,.T.);
#11584 = EDGE_LOOP('',(#11585,#11586,#11587));
#11585 = ORIENTED_EDGE('',*,*,#2051,.F.);
#11586 = ORIENTED_EDGE('',*,*,#11570,.F.);
#11587 = ORIENTED_EDGE('',*,*,#11588,.T.);
#11588 = EDGE_CURVE('',#5127,#2043,#11589,.T.);
#11589 = LINE('',#11590,#11591);
#11590 = CARTESIAN_POINT('',(11.013017064333,-0.776990579814,
    36.967156720161));
#11591 = VECTOR('',#11592,1.);
#11592 = DIRECTION('',(0.361037214349,-0.932551408693,0.));
#11593 = PLANE('',#11594);
#11594 = AXIS2_PLACEMENT_3D('',#11595,#11596,#11597);
#11595 = CARTESIAN_POINT('',(11.64315656269,-1.408847671392,
    36.967156720161));
#11596 = DIRECTION('',(0.,0.,1.));
#11597 = DIRECTION('',(1.,0.,-0.));
#11598 = ADVANCED_FACE('',(#11599),#11609,.T.);
#11599 = FACE_BOUND('',#11600,.T.);
#11600 = EDGE_LOOP('',(#11601,#11607,#11608));
#11601 = ORIENTED_EDGE('',*,*,#11602,.T.);
#11602 = EDGE_CURVE('',#5173,#2043,#11603,.T.);
#11603 = LINE('',#11604,#11605);
#11604 = CARTESIAN_POINT('',(10.327359122038,-2.110618278384,
    36.967156720161));
#11605 = VECTOR('',#11606,1.);
#11606 = DIRECTION('',(0.97870587108,-0.205267673816,0.));
#11607 = ORIENTED_EDGE('',*,*,#11588,.F.);
#11608 = ORIENTED_EDGE('',*,*,#5172,.F.);
#11609 = PLANE('',#11610);
#11610 = AXIS2_PLACEMENT_3D('',#11611,#11612,#11613);
#11611 = CARTESIAN_POINT('',(11.008728537916,-1.731320582311,
    36.967156720161));
#11612 = DIRECTION('',(0.,0.,1.));
#11613 = DIRECTION('',(1.,0.,-0.));
#11614 = ADVANCED_FACE('',(#11615),#11625,.T.);
#11615 = FACE_BOUND('',#11616,.T.);
#11616 = EDGE_LOOP('',(#11617,#11618,#11619));
#11617 = ORIENTED_EDGE('',*,*,#2097,.F.);
#11618 = ORIENTED_EDGE('',*,*,#11602,.F.);
#11619 = ORIENTED_EDGE('',*,*,#11620,.T.);
#11620 = EDGE_CURVE('',#5173,#2089,#11621,.T.);
#11621 = LINE('',#11622,#11623);
#11622 = CARTESIAN_POINT('',(10.327359122038,-2.110618278384,
    36.967156720161));
#11623 = VECTOR('',#11624,1.);
#11624 = DIRECTION('',(0.272738090584,-0.962088319202,0.));
#11625 = PLANE('',#11626);
#11626 = AXIS2_PLACEMENT_3D('',#11627,#11628,#11629);
#11627 = CARTESIAN_POINT('',(10.904669942637,-2.76642431898,
    36.967156720161));
#11628 = DIRECTION('',(0.,0.,1.));
#11629 = DIRECTION('',(1.,0.,-0.));
#11630 = ADVANCED_FACE('',(#11631),#11641,.T.);
#11631 = FACE_BOUND('',#11632,.T.);
#11632 = EDGE_LOOP('',(#11633,#11639,#11640));
#11633 = ORIENTED_EDGE('',*,*,#11634,.T.);
#11634 = EDGE_CURVE('',#5219,#2089,#11635,.T.);
#11635 = LINE('',#11636,#11637);
#11636 = CARTESIAN_POINT('',(9.469334036112,-3.340449112654,
    36.967156720161));
#11637 = VECTOR('',#11638,1.);
#11638 = DIRECTION('',(0.961540273377,-0.274663981391,0.));
#11639 = ORIENTED_EDGE('',*,*,#11620,.F.);
#11640 = ORIENTED_EDGE('',*,*,#5218,.F.);
#11641 = PLANE('',#11642);
#11642 = AXIS2_PLACEMENT_3D('',#11643,#11644,#11645);
#11643 = CARTESIAN_POINT('',(10.20844589138,-3.036254558092,
    36.967156720161));
#11644 = DIRECTION('',(0.,0.,1.));
#11645 = DIRECTION('',(1.,0.,-0.));
#11646 = ADVANCED_FACE('',(#11647),#11657,.T.);
#11647 = FACE_BOUND('',#11648,.T.);
#11648 = EDGE_LOOP('',(#11649,#11650,#11651));
#11649 = ORIENTED_EDGE('',*,*,#2143,.F.);
#11650 = ORIENTED_EDGE('',*,*,#11634,.F.);
#11651 = ORIENTED_EDGE('',*,*,#11652,.T.);
#11652 = EDGE_CURVE('',#5219,#2135,#11653,.T.);
#11653 = LINE('',#11654,#11655);
#11654 = CARTESIAN_POINT('',(9.469334036112,-3.340449112654,
    36.967156720161));
#11655 = VECTOR('',#11656,1.);
#11656 = DIRECTION('',(0.184587151598,-0.982816149371,0.));
#11657 = PLANE('',#11658);
#11658 = AXIS2_PLACEMENT_3D('',#11659,#11660,#11661);
#11659 = CARTESIAN_POINT('',(9.997815785632,-4.017398425794,
    36.967156720161));
#11660 = DIRECTION('',(0.,0.,1.));
#11661 = DIRECTION('',(1.,0.,-0.));
#11662 = ADVANCED_FACE('',(#11663),#11673,.T.);
#11663 = FACE_BOUND('',#11664,.T.);
#11664 = EDGE_LOOP('',(#11665,#11671,#11672));
#11665 = ORIENTED_EDGE('',*,*,#11666,.T.);
#11666 = EDGE_CURVE('',#5265,#2135,#11667,.T.);
#11667 = LINE('',#11668,#11669);
#11668 = CARTESIAN_POINT('',(8.454389476776,-4.444340595603,
    36.967156720161));
#11669 = VECTOR('',#11670,1.);
#11670 = DIRECTION('',(0.93855403612,-0.34513232431,0.));
#11671 = ORIENTED_EDGE('',*,*,#11652,.F.);
#11672 = ORIENTED_EDGE('',*,*,#5264,.F.);
#11673 = PLANE('',#11674);
#11674 = AXIS2_PLACEMENT_3D('',#11675,#11676,#11677);
#11675 = CARTESIAN_POINT('',(9.242895685855,-4.224675943714,
    36.967156720161));
#11676 = DIRECTION('',(0.,0.,1.));
#11677 = DIRECTION('',(1.,0.,-0.));
#11678 = ADVANCED_FACE('',(#11679),#11689,.T.);
#11679 = FACE_BOUND('',#11680,.T.);
#11680 = EDGE_LOOP('',(#11681,#11682,#11683));
#11681 = ORIENTED_EDGE('',*,*,#2189,.F.);
#11682 = ORIENTED_EDGE('',*,*,#11666,.F.);
#11683 = ORIENTED_EDGE('',*,*,#11684,.T.);
#11684 = EDGE_CURVE('',#5265,#2181,#11685,.T.);
#11685 = LINE('',#11686,#11687);
#11686 = CARTESIAN_POINT('',(8.454389476776,-4.444340595603,
    36.967156720161));
#11687 = VECTOR('',#11688,1.);
#11688 = DIRECTION('',(9.759390621176E-02,-0.995226320728,0.));
#11689 = PLANE('',#11690);
#11690 = AXIS2_PLACEMENT_3D('',#11691,#11692,#11693);
#11691 = CARTESIAN_POINT('',(8.937735382988,-5.141112947282,
    36.967156720161));
#11692 = DIRECTION('',(0.,0.,1.));
#11693 = DIRECTION('',(1.,0.,-0.));
#11694 = ADVANCED_FACE('',(#11695),#11705,.T.);
#11695 = FACE_BOUND('',#11696,.T.);
#11696 = EDGE_LOOP('',(#11697,#11703,#11704));
#11697 = ORIENTED_EDGE('',*,*,#11698,.T.);
#11698 = EDGE_CURVE('',#5311,#2181,#11699,.T.);
#11699 = LINE('',#11700,#11701);
#11700 = CARTESIAN_POINT('',(7.30079664588,-5.402420136333,
    36.967156720161));
#11701 = VECTOR('',#11702,1.);
#11702 = DIRECTION('',(0.90924992592,-0.416250612269,0.));
#11703 = ORIENTED_EDGE('',*,*,#11684,.F.);
#11704 = ORIENTED_EDGE('',*,*,#5310,.F.);
#11705 = PLANE('',#11706);
#11706 = AXIS2_PLACEMENT_3D('',#11707,#11708,#11709);
#11707 = CARTESIAN_POINT('',(8.128883815209,-5.275660522293,
    36.967156720161));
#11708 = DIRECTION('',(0.,0.,1.));
#11709 = DIRECTION('',(1.,0.,-0.));
#11710 = ADVANCED_FACE('',(#11711),#11721,.T.);
#11711 = FACE_BOUND('',#11712,.T.);
#11712 = EDGE_LOOP('',(#11713,#11714,#11715));
#11713 = ORIENTED_EDGE('',*,*,#2235,.F.);
#11714 = ORIENTED_EDGE('',*,*,#11698,.F.);
#11715 = ORIENTED_EDGE('',*,*,#11716,.T.);
#11716 = EDGE_CURVE('',#5311,#2227,#11717,.T.);
#11717 = LINE('',#11718,#11719);
#11718 = CARTESIAN_POINT('',(7.30079664588,-5.402420136333,
    36.967156720161));
#11719 = VECTOR('',#11720,1.);
#11720 = DIRECTION('',(1.263976409254E-02,-0.999920114991,0.));
#11721 = PLANE('',#11722);
#11722 = AXIS2_PLACEMENT_3D('',#11723,#11724,#11725);
#11723 = CARTESIAN_POINT('',(7.742057751216,-6.119024822017,
    36.967156720161));
#11724 = DIRECTION('',(0.,0.,1.));
#11725 = DIRECTION('',(1.,0.,-0.));
#11726 = ADVANCED_FACE('',(#11727),#11737,.T.);
#11727 = FACE_BOUND('',#11728,.T.);
#11728 = EDGE_LOOP('',(#11729,#11735,#11736));
#11729 = ORIENTED_EDGE('',*,*,#11730,.T.);
#11730 = EDGE_CURVE('',#5357,#2227,#11731,.T.);
#11731 = LINE('',#11732,#11733);
#11732 = CARTESIAN_POINT('',(6.029326668382,-6.197438076138,
    36.967156720161));
#11733 = VECTOR('',#11734,1.);
#11734 = DIRECTION('',(0.873164777627,-0.48742514411,0.));
#11735 = ORIENTED_EDGE('',*,*,#11716,.F.);
#11736 = ORIENTED_EDGE('',*,*,#5356,.F.);
#11737 = PLANE('',#11738);
#11738 = AXIS2_PLACEMENT_3D('',#11739,#11740,#11741);
#11739 = CARTESIAN_POINT('',(6.885880197691,-6.170703237498,
    36.967156720161));
#11740 = DIRECTION('',(0.,0.,1.));
#11741 = DIRECTION('',(1.,0.,-0.));
#11742 = ADVANCED_FACE('',(#11743),#11753,.T.);
#11743 = FACE_BOUND('',#11744,.T.);
#11744 = EDGE_LOOP('',(#11745,#11746,#11747));
#11745 = ORIENTED_EDGE('',*,*,#2281,.F.);
#11746 = ORIENTED_EDGE('',*,*,#11730,.F.);
#11747 = ORIENTED_EDGE('',*,*,#11748,.T.);
#11748 = EDGE_CURVE('',#5357,#2273,#11749,.T.);
#11749 = LINE('',#11750,#11751);
#11750 = CARTESIAN_POINT('',(6.029326668382,-6.197438076138,
    36.967156720161));
#11751 = VECTOR('',#11752,1.);
#11752 = DIRECTION('',(-6.954715401757E-02,-0.997578665253,0.));
#11753 = PLANE('',#11754);
#11754 = AXIS2_PLACEMENT_3D('',#11755,#11756,#11757);
#11755 = CARTESIAN_POINT('',(6.430613529818,-6.934991503066,
    36.967156720161));
#11756 = DIRECTION('',(0.,0.,1.));
#11757 = DIRECTION('',(1.,0.,-0.));
#11758 = ADVANCED_FACE('',(#11759),#11769,.T.);
#11759 = FACE_BOUND('',#11760,.T.);
#11760 = EDGE_LOOP('',(#11761,#11767,#11768));
#11761 = ORIENTED_EDGE('',*,*,#11762,.T.);
#11762 = EDGE_CURVE('',#4582,#2273,#11763,.T.);
#11763 = LINE('',#11764,#11765);
#11764 = CARTESIAN_POINT('',(4.662869074941,-6.815082591772,
    36.967156720161));
#11765 = VECTOR('',#11766,1.);
#11766 = DIRECTION('',(0.829907304998,-0.557901304095,0.));
#11767 = ORIENTED_EDGE('',*,*,#11748,.F.);
#11768 = ORIENTED_EDGE('',*,*,#5402,.F.);
#11769 = PLANE('',#11770);
#11770 = AXIS2_PLACEMENT_3D('',#11771,#11772,#11773);
#11771 = CARTESIAN_POINT('',(5.535664734994,-6.894060060686,
    36.967156720161));
#11772 = DIRECTION('',(0.,0.,1.));
#11773 = DIRECTION('',(1.,0.,-0.));
#11774 = ADVANCED_FACE('',(#11775),#11785,.T.);
#11775 = FACE_BOUND('',#11776,.T.);
#11776 = EDGE_LOOP('',(#11777,#11778,#11779));
#11777 = ORIENTED_EDGE('',*,*,#2327,.F.);
#11778 = ORIENTED_EDGE('',*,*,#11762,.F.);
#11779 = ORIENTED_EDGE('',*,*,#11780,.T.);
#11780 = EDGE_CURVE('',#4582,#2319,#11781,.T.);
#11781 = LINE('',#11782,#11783);
#11782 = CARTESIAN_POINT('',(4.662869074941,-6.815082591772,
    36.967156720161));
#11783 = VECTOR('',#11784,1.);
#11784 = DIRECTION('',(-0.148397422699,-0.988927805725,0.));
#11785 = PLANE('',#11786);
#11786 = AXIS2_PLACEMENT_3D('',#11787,#11788,#11789);
#11787 = CARTESIAN_POINT('',(5.025114136343,-7.575525574483,
    36.967156720161));
#11788 = DIRECTION('',(0.,0.,1.));
#11789 = DIRECTION('',(1.,0.,-0.));
#11790 = ADVANCED_FACE('',(#11791),#11801,.T.);
#11791 = FACE_BOUND('',#11792,.T.);
#11792 = EDGE_LOOP('',(#11793,#11794,#11795));
#11793 = ORIENTED_EDGE('',*,*,#2373,.F.);
#11794 = ORIENTED_EDGE('',*,*,#11780,.F.);
#11795 = ORIENTED_EDGE('',*,*,#11796,.T.);
#11796 = EDGE_CURVE('',#4582,#2365,#11797,.T.);
#11797 = LINE('',#11798,#11799);
#11798 = CARTESIAN_POINT('',(4.662869074941,-6.815082591772,
    36.967156720161));
#11799 = VECTOR('',#11800,1.);
#11800 = DIRECTION('',(-0.699303696249,-0.714824692084,0.));
#11801 = PLANE('',#11802);
#11802 = AXIS2_PLACEMENT_3D('',#11803,#11804,#11805);
#11803 = CARTESIAN_POINT('',(3.957627841769,-7.863050408275,
    36.967156720161));
#11804 = DIRECTION('',(0.,0.,1.));
#11805 = DIRECTION('',(1.,0.,-0.));
#11806 = ADVANCED_FACE('',(#11807),#11812,.T.);
#11807 = FACE_BOUND('',#11808,.T.);
#11808 = EDGE_LOOP('',(#11809,#11810,#11811));
#11809 = ORIENTED_EDGE('',*,*,#9306,.F.);
#11810 = ORIENTED_EDGE('',*,*,#11796,.F.);
#11811 = ORIENTED_EDGE('',*,*,#4604,.F.);
#11812 = PLANE('',#11813);
#11813 = AXIS2_PLACEMENT_3D('',#11814,#11815,#11816);
#11814 = CARTESIAN_POINT('',(3.857519756,-6.521213858928,36.967156720161
    ));
#11815 = DIRECTION('',(0.,0.,1.));
#11816 = DIRECTION('',(1.,0.,-0.));
#11817 = ADVANCED_FACE('',(#11818),#11828,.T.);
#11818 = FACE_BOUND('',#11819,.T.);
#11819 = EDGE_LOOP('',(#11820,#11821,#11822));
#11820 = ORIENTED_EDGE('',*,*,#10631,.F.);
#11821 = ORIENTED_EDGE('',*,*,#4406,.F.);
#11822 = ORIENTED_EDGE('',*,*,#11823,.T.);
#11823 = EDGE_CURVE('',#4407,#6208,#11824,.T.);
#11824 = LINE('',#11825,#11826);
#11825 = CARTESIAN_POINT('',(8.234418952465,7.969050127268,
    36.967156720161));
#11826 = VECTOR('',#11827,1.);
#11827 = DIRECTION('',(-0.631689584514,-0.775221432119,0.));
#11828 = PLANE('',#11829);
#11829 = AXIS2_PLACEMENT_3D('',#11830,#11831,#11832);
#11830 = CARTESIAN_POINT('',(7.30656169818,6.307987987952,
    36.967156720161));
#11831 = DIRECTION('',(0.,0.,1.));
#11832 = DIRECTION('',(1.,0.,-0.));
#11833 = ADVANCED_FACE('',(#11834),#11844,.T.);
#11834 = FACE_BOUND('',#11835,.T.);
#11835 = EDGE_LOOP('',(#11836,#11842,#11843));
#11836 = ORIENTED_EDGE('',*,*,#11837,.T.);
#11837 = EDGE_CURVE('',#4453,#6208,#11838,.T.);
#11838 = LINE('',#11839,#11840);
#11839 = CARTESIAN_POINT('',(7.490089839697,9.058091574907,
    36.967156720161));
#11840 = VECTOR('',#11841,1.);
#11841 = DIRECTION('',(-0.39291618008,-0.919574290327,0.));
#11842 = ORIENTED_EDGE('',*,*,#11823,.F.);
#11843 = ORIENTED_EDGE('',*,*,#4452,.F.);
#11844 = PLANE('',#11845);
#11845 = AXIS2_PLACEMENT_3D('',#11846,#11847,#11848);
#11846 = CARTESIAN_POINT('',(6.910651493427,6.939528829644,
    36.967156720161));
#11847 = DIRECTION('',(0.,0.,1.));
#11848 = DIRECTION('',(1.,0.,-0.));
#11849 = ADVANCED_FACE('',(#11850),#11860,.T.);
#11850 = FACE_BOUND('',#11851,.T.);
#11851 = EDGE_LOOP('',(#11852,#11858,#11859));
#11852 = ORIENTED_EDGE('',*,*,#11853,.T.);
#11853 = EDGE_CURVE('',#4499,#6208,#11854,.T.);
#11854 = LINE('',#11855,#11856);
#11855 = CARTESIAN_POINT('',(6.588583880663,10.021068012714,
    36.967156720161));
#11856 = VECTOR('',#11857,1.);
#11857 = DIRECTION('',(-0.170923299895,-0.985284337414,0.));
#11858 = ORIENTED_EDGE('',*,*,#11837,.F.);
#11859 = ORIENTED_EDGE('',*,*,#4498,.F.);
#11860 = PLANE('',#11861);
#11861 = AXIS2_PLACEMENT_3D('',#11862,#11863,#11864);
#11862 = CARTESIAN_POINT('',(6.431428489691,7.485840129372,
    36.967156720161));
#11863 = DIRECTION('',(0.,0.,1.));
#11864 = DIRECTION('',(1.,0.,-0.));
#11865 = ADVANCED_FACE('',(#11866),#11876,.T.);
#11866 = FACE_BOUND('',#11867,.T.);
#11867 = EDGE_LOOP('',(#11868,#11869,#11870));
#11868 = ORIENTED_EDGE('',*,*,#11853,.F.);
#11869 = ORIENTED_EDGE('',*,*,#4544,.F.);
#11870 = ORIENTED_EDGE('',*,*,#11871,.T.);
#11871 = EDGE_CURVE('',#3885,#6208,#11872,.T.);
#11872 = LINE('',#11873,#11874);
#11873 = CARTESIAN_POINT('',(5.550934872031,10.835513061285,
    36.967156720161));
#11874 = VECTOR('',#11875,1.);
#11875 = DIRECTION('',(2.341399824863E-02,-0.999725854765,0.));
#11876 = PLANE('',#11877);
#11877 = AXIS2_PLACEMENT_3D('',#11878,#11879,#11880);
#11878 = CARTESIAN_POINT('',(5.885084673151,7.943151200088,
    36.967156720161));
#11879 = DIRECTION('',(0.,0.,1.));
#11880 = DIRECTION('',(1.,0.,-0.));
#11881 = ADVANCED_FACE('',(#11882),#11887,.T.);
#11882 = FACE_BOUND('',#11883,.T.);
#11883 = EDGE_LOOP('',(#11884,#11885,#11886));
#11884 = ORIENTED_EDGE('',*,*,#11202,.F.);
#11885 = ORIENTED_EDGE('',*,*,#11871,.F.);
#11886 = ORIENTED_EDGE('',*,*,#3916,.F.);
#11887 = PLANE('',#11888);
#11888 = AXIS2_PLACEMENT_3D('',#11889,#11890,#11891);
#11889 = CARTESIAN_POINT('',(5.342110954879,9.481714030962,
    36.967156720161));
#11890 = DIRECTION('',(0.,0.,1.));
#11891 = DIRECTION('',(1.,0.,-0.));
#11892 = ADVANCED_FACE('',(#11893),#11908,.T.);
#11893 = FACE_BOUND('',#11894,.T.);
#11894 = EDGE_LOOP('',(#11895,#11901,#11902));
#11895 = ORIENTED_EDGE('',*,*,#11896,.T.);
#11896 = EDGE_CURVE('',#1305,#3863,#11897,.T.);
#11897 = LINE('',#11898,#11899);
#11898 = CARTESIAN_POINT('',(0.622027755156,16.100089216232,
    28.839155387878));
#11899 = VECTOR('',#11900,1.);
#11900 = DIRECTION('',(0.173659762607,-0.984805710204,0.));
#11901 = ORIENTED_EDGE('',*,*,#6499,.F.);
#11902 = ORIENTED_EDGE('',*,*,#11903,.T.);
#11903 = EDGE_CURVE('',#6447,#1305,#11904,.T.);
#11904 = LINE('',#11905,#11906);
#11905 = CARTESIAN_POINT('',(4.255227941275,-2.526069341693E-02,
    28.839155387878));
#11906 = VECTOR('',#11907,1.);
#11907 = DIRECTION('',(-0.219799893966,0.975544979287,0.));
#11908 = PLANE('',#11909);
#11909 = AXIS2_PLACEMENT_3D('',#11910,#11911,#11912);
#11910 = CARTESIAN_POINT('',(2.305884544107,7.686305645876,
    28.839155387878));
#11911 = DIRECTION('',(0.,0.,1.));
#11912 = DIRECTION('',(1.,0.,-0.));
#11913 = ADVANCED_FACE('',(#11914),#11924,.T.);
#11914 = FACE_BOUND('',#11915,.T.);
#11915 = EDGE_LOOP('',(#11916,#11917,#11918));
#11916 = ORIENTED_EDGE('',*,*,#1304,.F.);
#11917 = ORIENTED_EDGE('',*,*,#11903,.F.);
#11918 = ORIENTED_EDGE('',*,*,#11919,.T.);
#11919 = EDGE_CURVE('',#6447,#1259,#11920,.T.);
#11920 = LINE('',#11921,#11922);
#11921 = CARTESIAN_POINT('',(4.255227941275,-2.526069341693E-02,
    28.839155387878));
#11922 = VECTOR('',#11923,1.);
#11923 = DIRECTION('',(-0.172987127571,0.984924085245,0.));
#11924 = PLANE('',#11925);
#11925 = AXIS2_PLACEMENT_3D('',#11926,#11927,#11928);
#11926 = CARTESIAN_POINT('',(2.600036443267,8.225447258479,
    28.839155387878));
#11927 = DIRECTION('',(0.,0.,1.));
#11928 = DIRECTION('',(1.,0.,-0.));
#11929 = ADVANCED_FACE('',(#11930),#11940,.T.);
#11930 = FACE_BOUND('',#11931,.T.);
#11931 = EDGE_LOOP('',(#11932,#11938,#11939));
#11932 = ORIENTED_EDGE('',*,*,#11933,.T.);
#11933 = EDGE_CURVE('',#6401,#1259,#11934,.T.);
#11934 = LINE('',#11935,#11936);
#11935 = CARTESIAN_POINT('',(4.841096371412,0.638808181509,
    28.839155387878));
#11936 = VECTOR('',#11937,1.);
#11937 = DIRECTION('',(-0.215907291767,0.976413867866,0.));
#11938 = ORIENTED_EDGE('',*,*,#11919,.F.);
#11939 = ORIENTED_EDGE('',*,*,#6455,.F.);
#11940 = PLANE('',#11941);
#11941 = AXIS2_PLACEMENT_3D('',#11942,#11943,#11944);
#11942 = CARTESIAN_POINT('',(3.026581632687,7.980665374698,
    28.839155387878));
#11943 = DIRECTION('',(0.,0.,1.));
#11944 = DIRECTION('',(1.,0.,-0.));
#11945 = ADVANCED_FACE('',(#11946),#11956,.T.);
#11946 = FACE_BOUND('',#11947,.T.);
#11947 = EDGE_LOOP('',(#11948,#11949,#11950));
#11948 = ORIENTED_EDGE('',*,*,#1258,.F.);
#11949 = ORIENTED_EDGE('',*,*,#11933,.F.);
#11950 = ORIENTED_EDGE('',*,*,#11951,.T.);
#11951 = EDGE_CURVE('',#6401,#1206,#11952,.T.);
#11952 = LINE('',#11953,#11954);
#11953 = CARTESIAN_POINT('',(4.841096371412,0.638808181509,
    28.839155387878));
#11954 = VECTOR('',#11955,1.);
#11955 = DIRECTION('',(-0.16759781293,0.985855452438,0.));
#11956 = PLANE('',#11957);
#11957 = AXIS2_PLACEMENT_3D('',#11958,#11959,#11960);
#11958 = CARTESIAN_POINT('',(3.294927799236,8.535808348318,
    28.839155387878));
#11959 = DIRECTION('',(0.,0.,1.));
#11960 = DIRECTION('',(1.,0.,-0.));
#11961 = ADVANCED_FACE('',(#11962),#11972,.T.);
#11962 = FACE_BOUND('',#11963,.T.);
#11963 = EDGE_LOOP('',(#11964,#11970,#11971));
#11964 = ORIENTED_EDGE('',*,*,#11965,.T.);
#11965 = EDGE_CURVE('',#6355,#1206,#11966,.T.);
#11966 = LINE('',#11967,#11968);
#11967 = CARTESIAN_POINT('',(5.302740007639,1.394529402256,
    28.839155387878));
#11968 = VECTOR('',#11969,1.);
#11969 = DIRECTION('',(-0.205863935071,0.978580625313,0.));
#11970 = ORIENTED_EDGE('',*,*,#11951,.F.);
#11971 = ORIENTED_EDGE('',*,*,#6409,.F.);
#11972 = PLANE('',#11973);
#11973 = AXIS2_PLACEMENT_3D('',#11974,#11975,#11976);
#11974 = CARTESIAN_POINT('',(3.687344050374,8.299629913965,
    28.839155387878));
#11975 = DIRECTION('',(0.,0.,1.));
#11976 = DIRECTION('',(1.,0.,-0.));
#11977 = ADVANCED_FACE('',(#11978),#11988,.T.);
#11978 = FACE_BOUND('',#11979,.T.);
#11979 = EDGE_LOOP('',(#11980,#11981,#11982));
#11980 = ORIENTED_EDGE('',*,*,#1205,.F.);
#11981 = ORIENTED_EDGE('',*,*,#11965,.F.);
#11982 = ORIENTED_EDGE('',*,*,#11983,.T.);
#11983 = EDGE_CURVE('',#6355,#1208,#11984,.T.);
#11984 = LINE('',#11985,#11986);
#11985 = CARTESIAN_POINT('',(5.302740007639,1.394529402256,
    28.839155387878));
#11986 = VECTOR('',#11987,1.);
#11987 = DIRECTION('',(-0.155370202173,0.987856315603,0.));
#11988 = PLANE('',#11989);
#11989 = AXIS2_PLACEMENT_3D('',#11990,#11991,#11992);
#11990 = CARTESIAN_POINT('',(3.926744359463,8.866319456426,
    28.839155387878));
#11991 = DIRECTION('',(0.,0.,1.));
#11992 = DIRECTION('',(1.,0.,-0.));
#11993 = ADVANCED_FACE('',(#11994),#12004,.T.);
#11994 = FACE_BOUND('',#11995,.T.);
#11995 = EDGE_LOOP('',(#11996,#12002,#12003));
#11996 = ORIENTED_EDGE('',*,*,#11997,.T.);
#11997 = EDGE_CURVE('',#6309,#1208,#11998,.T.);
#11998 = LINE('',#11999,#12000);
#11999 = CARTESIAN_POINT('',(5.626130515337,2.218937051296,
    28.839155387878));
#12000 = VECTOR('',#12001,1.);
#12001 = DIRECTION('',(-0.18705366752,0.98234969612,0.));
#12002 = ORIENTED_EDGE('',*,*,#11983,.F.);
#12003 = ORIENTED_EDGE('',*,*,#6363,.F.);
#12004 = PLANE('',#12005);
#12005 = AXIS2_PLACEMENT_3D('',#12006,#12007,#12008);
#12006 = CARTESIAN_POINT('',(4.278093780468,8.632592416889,
    28.839155387878));
#12007 = DIRECTION('',(0.,0.,1.));
#12008 = DIRECTION('',(1.,0.,-0.));
#12009 = ADVANCED_FACE('',(#12010),#12020,.T.);
#12010 = FACE_BOUND('',#12011,.T.);
#12011 = EDGE_LOOP('',(#12012,#12013,#12014));
#12012 = ORIENTED_EDGE('',*,*,#6998,.F.);
#12013 = ORIENTED_EDGE('',*,*,#11997,.F.);
#12014 = ORIENTED_EDGE('',*,*,#12015,.T.);
#12015 = EDGE_CURVE('',#6309,#6210,#12016,.T.);
#12016 = LINE('',#12017,#12018);
#12017 = CARTESIAN_POINT('',(5.626130515337,2.218937051296,
    28.839155387878));
#12018 = VECTOR('',#12019,1.);
#12019 = DIRECTION('',(2.473057792966E-02,0.999694152486,0.));
#12020 = PLANE('',#12021);
#12021 = AXIS2_PLACEMENT_3D('',#12022,#12023,#12024);
#12022 = CARTESIAN_POINT('',(4.463299101195,9.070354068377,
    28.839155387878));
#12023 = DIRECTION('',(0.,0.,1.));
#12024 = DIRECTION('',(1.,0.,-0.));
#12025 = ADVANCED_FACE('',(#12026),#12036,.T.);
#12026 = FACE_BOUND('',#12027,.T.);
#12027 = EDGE_LOOP('',(#12028,#12034,#12035));
#12028 = ORIENTED_EDGE('',*,*,#12029,.T.);
#12029 = EDGE_CURVE('',#6263,#6210,#12030,.T.);
#12030 = LINE('',#12031,#12032);
#12031 = CARTESIAN_POINT('',(5.801439279318,3.0869784832,28.839155387878
    ));
#12032 = VECTOR('',#12033,1.);
#12033 = DIRECTION('',(-6.2498828294E-02,0.998045037291,0.));
#12034 = ORIENTED_EDGE('',*,*,#12015,.F.);
#12035 = ORIENTED_EDGE('',*,*,#6317,.F.);
#12036 = PLANE('',#12037);
#12037 = AXIS2_PLACEMENT_3D('',#12038,#12039,#12040);
#12038 = CARTESIAN_POINT('',(5.697189027816,3.5307908305,28.839155387878
    ));
#12039 = DIRECTION('',(0.,0.,1.));
#12040 = DIRECTION('',(1.,0.,-0.));
#12041 = ADVANCED_FACE('',(#12042),#12047,.T.);
#12042 = FACE_BOUND('',#12043,.T.);
#12043 = EDGE_LOOP('',(#12044,#12045,#12046));
#12044 = ORIENTED_EDGE('',*,*,#6217,.F.);
#12045 = ORIENTED_EDGE('',*,*,#12029,.F.);
#12046 = ORIENTED_EDGE('',*,*,#6271,.F.);
#12047 = PLANE('',#12048);
#12048 = AXIS2_PLACEMENT_3D('',#12049,#12050,#12051);
#12049 = CARTESIAN_POINT('',(5.765599122352,3.968658992232,
    28.839155387878));
#12050 = DIRECTION('',(0.,0.,1.));
#12051 = DIRECTION('',(1.,0.,-0.));
#12052 = ADVANCED_FACE('',(#12053),#12063,.T.);
#12053 = FACE_BOUND('',#12054,.T.);
#12054 = EDGE_LOOP('',(#12055,#12056,#12057));
#12055 = ORIENTED_EDGE('',*,*,#6984,.F.);
#12056 = ORIENTED_EDGE('',*,*,#6947,.F.);
#12057 = ORIENTED_EDGE('',*,*,#12058,.T.);
#12058 = EDGE_CURVE('',#6893,#6132,#12059,.T.);
#12059 = LINE('',#12060,#12061);
#12060 = CARTESIAN_POINT('',(-3.796201938391,1.394538864493,
    28.839155387878));
#12061 = VECTOR('',#12062,1.);
#12062 = DIRECTION('',(-0.282644316548,0.959224786128,0.));
#12063 = PLANE('',#12064);
#12064 = AXIS2_PLACEMENT_3D('',#12065,#12066,#12067);
#12065 = CARTESIAN_POINT('',(-4.064095328514,2.235299384916,
    28.839155387878));
#12066 = DIRECTION('',(0.,0.,1.));
#12067 = DIRECTION('',(1.,0.,-0.));
#12068 = ADVANCED_FACE('',(#12069),#12079,.T.);
#12069 = FACE_BOUND('',#12070,.T.);
#12070 = EDGE_LOOP('',(#12071,#12077,#12078));
#12071 = ORIENTED_EDGE('',*,*,#12072,.T.);
#12072 = EDGE_CURVE('',#6847,#6132,#12073,.T.);
#12073 = LINE('',#12074,#12075);
#12074 = CARTESIAN_POINT('',(-3.334559816122,0.638816792145,
    28.839155387878));
#12075 = VECTOR('',#12076,1.);
#12076 = DIRECTION('',(-0.365176651705,0.930938243413,0.));
#12077 = ORIENTED_EDGE('',*,*,#12058,.F.);
#12078 = ORIENTED_EDGE('',*,*,#6901,.F.);
#12079 = PLANE('',#12080);
#12080 = AXIS2_PLACEMENT_3D('',#12081,#12082,#12083);
#12081 = CARTESIAN_POINT('',(-3.850042004661,1.84724053829,
    28.839155387878));
#12082 = DIRECTION('',(0.,0.,1.));
#12083 = DIRECTION('',(1.,0.,-0.));
#12084 = ADVANCED_FACE('',(#12085),#12095,.T.);
#12085 = FACE_BOUND('',#12086,.T.);
#12086 = EDGE_LOOP('',(#12087,#12088,#12089));
#12087 = ORIENTED_EDGE('',*,*,#6139,.F.);
#12088 = ORIENTED_EDGE('',*,*,#12072,.F.);
#12089 = ORIENTED_EDGE('',*,*,#12090,.T.);
#12090 = EDGE_CURVE('',#6847,#3516,#12091,.T.);
#12091 = LINE('',#12092,#12093);
#12092 = CARTESIAN_POINT('',(-3.334559816122,0.638816792145,
    28.839155387878));
#12093 = VECTOR('',#12094,1.);
#12094 = DIRECTION('',(-0.160233708058,0.987079104632,0.));
#12095 = PLANE('',#12096);
#12096 = AXIS2_PLACEMENT_3D('',#12097,#12098,#12099);
#12097 = CARTESIAN_POINT('',(-4.585339649281,7.474725627629,
    28.839155387878));
#12098 = DIRECTION('',(0.,0.,1.));
#12099 = DIRECTION('',(1.,0.,-0.));
#12100 = ADVANCED_FACE('',(#12101),#12111,.T.);
#12101 = FACE_BOUND('',#12102,.T.);
#12102 = EDGE_LOOP('',(#12103,#12109,#12110));
#12103 = ORIENTED_EDGE('',*,*,#12104,.T.);
#12104 = EDGE_CURVE('',#6801,#3516,#12105,.T.);
#12105 = LINE('',#12106,#12107);
#12106 = CARTESIAN_POINT('',(-2.748692710698,-2.525320642162E-02,
    28.839155387878));
#12107 = VECTOR('',#12108,1.);
#12108 = DIRECTION('',(-0.191889647894,0.981416508436,0.));
#12109 = ORIENTED_EDGE('',*,*,#12090,.F.);
#12110 = ORIENTED_EDGE('',*,*,#6855,.F.);
#12111 = PLANE('',#12112);
#12112 = AXIS2_PLACEMENT_3D('',#12113,#12114,#12115);
#12113 = CARTESIAN_POINT('',(-4.261572115224,7.12671582132,
    28.839155387878));
#12114 = DIRECTION('',(0.,0.,1.));
#12115 = DIRECTION('',(1.,0.,-0.));
#12116 = ADVANCED_FACE('',(#12117),#12127,.T.);
#12117 = FACE_BOUND('',#12118,.T.);
#12118 = EDGE_LOOP('',(#12119,#12120,#12121));
#12119 = ORIENTED_EDGE('',*,*,#3523,.F.);
#12120 = ORIENTED_EDGE('',*,*,#12104,.F.);
#12121 = ORIENTED_EDGE('',*,*,#12122,.T.);
#12122 = EDGE_CURVE('',#6801,#3469,#12123,.T.);
#12123 = LINE('',#12124,#12125);
#12124 = CARTESIAN_POINT('',(-2.748692710698,-2.525320642162E-02,
    28.839155387878));
#12125 = VECTOR('',#12126,1.);
#12126 = DIRECTION('',(-0.141268785529,0.98997127748,0.));
#12127 = PLANE('',#12128);
#12128 = AXIS2_PLACEMENT_3D('',#12129,#12130,#12131);
#12129 = CARTESIAN_POINT('',(-4.011359050266,7.466521839804,
    28.839155387878));
#12130 = DIRECTION('',(0.,0.,1.));
#12131 = DIRECTION('',(1.,0.,-0.));
#12132 = ADVANCED_FACE('',(#12133),#12143,.T.);
#12133 = FACE_BOUND('',#12134,.T.);
#12134 = EDGE_LOOP('',(#12135,#12141,#12142));
#12135 = ORIENTED_EDGE('',*,*,#12136,.T.);
#12136 = EDGE_CURVE('',#6755,#3469,#12137,.T.);
#12137 = LINE('',#12138,#12139);
#12138 = CARTESIAN_POINT('',(-2.056404578686,-0.577491132915,
    28.839155387878));
#12139 = VECTOR('',#12140,1.);
#12140 = DIRECTION('',(-0.179715173192,0.983718687697,0.));
#12141 = ORIENTED_EDGE('',*,*,#12122,.F.);
#12142 = ORIENTED_EDGE('',*,*,#6809,.F.);
#12143 = PLANE('',#12144);
#12144 = AXIS2_PLACEMENT_3D('',#12145,#12146,#12147);
#12145 = CARTESIAN_POINT('',(-3.592566426472,7.015897402446,
    28.839155387878));
#12146 = DIRECTION('',(0.,0.,1.));
#12147 = DIRECTION('',(1.,0.,-0.));
#12148 = ADVANCED_FACE('',(#12149),#12159,.T.);
#12149 = FACE_BOUND('',#12150,.T.);
#12150 = EDGE_LOOP('',(#12151,#12152,#12153));
#12151 = ORIENTED_EDGE('',*,*,#3500,.F.);
#12152 = ORIENTED_EDGE('',*,*,#12136,.F.);
#12153 = ORIENTED_EDGE('',*,*,#12154,.T.);
#12154 = EDGE_CURVE('',#6755,#3492,#12155,.T.);
#12155 = LINE('',#12156,#12157);
#12156 = CARTESIAN_POINT('',(-2.056404578686,-0.577491132915,
    28.839155387878));
#12157 = VECTOR('',#12158,1.);
#12158 = DIRECTION('',(-0.131090065499,0.991370462909,0.));
#12159 = PLANE('',#12160);
#12160 = AXIS2_PLACEMENT_3D('',#12161,#12162,#12163);
#12161 = CARTESIAN_POINT('',(-3.304601798803,7.372053224859,
    28.839155387878));
#12162 = DIRECTION('',(0.,0.,1.));
#12163 = DIRECTION('',(1.,0.,-0.));
#12164 = ADVANCED_FACE('',(#12165),#12175,.T.);
#12165 = FACE_BOUND('',#12166,.T.);
#12166 = EDGE_LOOP('',(#12167,#12173,#12174));
#12167 = ORIENTED_EDGE('',*,*,#12168,.T.);
#12168 = EDGE_CURVE('',#6709,#3492,#12169,.T.);
#12169 = LINE('',#12170,#12171);
#12170 = CARTESIAN_POINT('',(-1.278733569384,-1.001114647835,
    28.839155387878));
#12171 = VECTOR('',#12172,1.);
#12172 = DIRECTION('',(-0.1743323279,0.984686873808,0.));
#12173 = ORIENTED_EDGE('',*,*,#12154,.F.);
#12174 = ORIENTED_EDGE('',*,*,#6763,.F.);
#12175 = PLANE('',#12176);
#12176 = AXIS2_PLACEMENT_3D('',#12177,#12178,#12179);
#12177 = CARTESIAN_POINT('',(-2.862558602524,6.942179398108,
    28.839155387878));
#12178 = DIRECTION('',(0.,0.,1.));
#12179 = DIRECTION('',(1.,0.,-0.));
#12180 = ADVANCED_FACE('',(#12181),#12191,.T.);
#12181 = FACE_BOUND('',#12182,.T.);
#12182 = EDGE_LOOP('',(#12183,#12184,#12185));
#12183 = ORIENTED_EDGE('',*,*,#3537,.F.);
#12184 = ORIENTED_EDGE('',*,*,#12168,.F.);
#12185 = ORIENTED_EDGE('',*,*,#12186,.T.);
#12186 = EDGE_CURVE('',#6709,#3538,#12187,.T.);
#12187 = LINE('',#12188,#12189);
#12188 = CARTESIAN_POINT('',(-1.278733569384,-1.001114647835,
    28.839155387878));
#12189 = VECTOR('',#12190,1.);
#12190 = DIRECTION('',(-0.127135055537,0.991885415587,0.));
#12191 = PLANE('',#12192);
#12192 = AXIS2_PLACEMENT_3D('',#12193,#12194,#12195);
#12193 = CARTESIAN_POINT('',(-2.545466477956,7.318093379983,
    28.839155387878));
#12194 = DIRECTION('',(0.,0.,1.));
#12195 = DIRECTION('',(1.,0.,-0.));
#12196 = ADVANCED_FACE('',(#12197),#12207,.T.);
#12197 = FACE_BOUND('',#12198,.T.);
#12198 = EDGE_LOOP('',(#12199,#12205,#12206));
#12199 = ORIENTED_EDGE('',*,*,#12200,.T.);
#12200 = EDGE_CURVE('',#3816,#3538,#12201,.T.);
#12201 = LINE('',#12202,#12203);
#12202 = CARTESIAN_POINT('',(-0.439311667904,-1.283250368387,
    28.839155387878));
#12203 = VECTOR('',#12204,1.);
#12204 = DIRECTION('',(-0.173659788419,0.984805705653,0.));
#12205 = ORIENTED_EDGE('',*,*,#12186,.F.);
#12206 = ORIENTED_EDGE('',*,*,#6717,.F.);
#12207 = PLANE('',#12208);
#12208 = AXIS2_PLACEMENT_3D('',#12209,#12210,#12211);
#12209 = CARTESIAN_POINT('',(-2.08464730522,6.912082665002,
    28.839155387878));
#12210 = DIRECTION('',(0.,0.,1.));
#12211 = DIRECTION('',(1.,0.,-0.));
#12212 = ADVANCED_FACE('',(#12213),#12223,.T.);
#12213 = FACE_BOUND('',#12214,.T.);
#12214 = EDGE_LOOP('',(#12215,#12216,#12217));
#12215 = ORIENTED_EDGE('',*,*,#7728,.F.);
#12216 = ORIENTED_EDGE('',*,*,#8576,.F.);
#12217 = ORIENTED_EDGE('',*,*,#12218,.T.);
#12218 = EDGE_CURVE('',#8531,#7078,#12219,.T.);
#12219 = LINE('',#12220,#12221);
#12220 = CARTESIAN_POINT('',(-7.647290152311,11.025909173489,
    28.839155387878));
#12221 = VECTOR('',#12222,1.);
#12222 = DIRECTION('',(0.535575750347,-0.844487190927,0.));
#12223 = PLANE('',#12224);
#12224 = AXIS2_PLACEMENT_3D('',#12225,#12226,#12227);
#12225 = CARTESIAN_POINT('',(-6.730399695317,10.459867351706,
    28.839155387878));
#12226 = DIRECTION('',(0.,0.,1.));
#12227 = DIRECTION('',(1.,0.,-0.));
#12228 = ADVANCED_FACE('',(#12229),#12239,.T.);
#12229 = FACE_BOUND('',#12230,.T.);
#12230 = EDGE_LOOP('',(#12231,#12232,#12233));
#12231 = ORIENTED_EDGE('',*,*,#7108,.F.);
#12232 = ORIENTED_EDGE('',*,*,#12218,.F.);
#12233 = ORIENTED_EDGE('',*,*,#12234,.T.);
#12234 = EDGE_CURVE('',#8531,#7100,#12235,.T.);
#12235 = LINE('',#12236,#12237);
#12236 = CARTESIAN_POINT('',(-7.647290152311,11.025909173489,
    28.839155387878));
#12237 = VECTOR('',#12238,1.);
#12238 = DIRECTION('',(0.21349165437,-0.976944887655,0.));
#12239 = PLANE('',#12240);
#12240 = AXIS2_PLACEMENT_3D('',#12241,#12242,#12243);
#12241 = CARTESIAN_POINT('',(-7.025482335508,9.334660808672,
    28.839155387878));
#12242 = DIRECTION('',(0.,0.,1.));
#12243 = DIRECTION('',(1.,0.,-0.));
#12244 = ADVANCED_FACE('',(#12245),#12255,.T.);
#12245 = FACE_BOUND('',#12246,.T.);
#12246 = EDGE_LOOP('',(#12247,#12253,#12254));
#12247 = ORIENTED_EDGE('',*,*,#12248,.T.);
#12248 = EDGE_CURVE('',#8485,#7100,#12249,.T.);
#12249 = LINE('',#12250,#12251);
#12250 = CARTESIAN_POINT('',(-8.558478629589,9.834932178259,
    28.839155387878));
#12251 = VECTOR('',#12252,1.);
#12252 = DIRECTION('',(0.60128770371,-0.799032600942,0.));
#12253 = ORIENTED_EDGE('',*,*,#12234,.F.);
#12254 = ORIENTED_EDGE('',*,*,#8539,.F.);
#12255 = PLANE('',#12256);
#12256 = AXIS2_PLACEMENT_3D('',#12257,#12258,#12259);
#12257 = CARTESIAN_POINT('',(-7.600246940159,9.334820021931,
    28.839155387878));
#12258 = DIRECTION('',(0.,0.,1.));
#12259 = DIRECTION('',(1.,0.,-0.));
#12260 = ADVANCED_FACE('',(#12261),#12271,.T.);
#12261 = FACE_BOUND('',#12262,.T.);
#12262 = EDGE_LOOP('',(#12263,#12264,#12265));
#12263 = ORIENTED_EDGE('',*,*,#7154,.F.);
#12264 = ORIENTED_EDGE('',*,*,#12248,.F.);
#12265 = ORIENTED_EDGE('',*,*,#12266,.T.);
#12266 = EDGE_CURVE('',#8485,#7146,#12267,.T.);
#12267 = LINE('',#12268,#12269);
#12268 = CARTESIAN_POINT('',(-8.558478629589,9.834932178259,
    28.839155387878));
#12269 = VECTOR('',#12270,1.);
#12270 = DIRECTION('',(0.31558376085,-0.948897723618,0.));
#12271 = PLANE('',#12272);
#12272 = AXIS2_PLACEMENT_3D('',#12273,#12274,#12275);
#12273 = CARTESIAN_POINT('',(-7.756845036769,8.159977928154,
    28.839155387878));
#12274 = DIRECTION('',(0.,0.,1.));
#12275 = DIRECTION('',(1.,0.,-0.));
#12276 = ADVANCED_FACE('',(#12277),#12287,.T.);
#12277 = FACE_BOUND('',#12278,.T.);
#12278 = EDGE_LOOP('',(#12279,#12285,#12286));
#12279 = ORIENTED_EDGE('',*,*,#12280,.T.);
#12280 = EDGE_CURVE('',#8439,#7146,#12281,.T.);
#12281 = LINE('',#12282,#12283);
#12282 = CARTESIAN_POINT('',(-9.302023512125,8.532691383362,
    28.839155387878));
#12283 = VECTOR('',#12284,1.);
#12284 = DIRECTION('',(0.665499041574,-0.746398704222,0.));
#12285 = ORIENTED_EDGE('',*,*,#12266,.F.);
#12286 = ORIENTED_EDGE('',*,*,#8493,.F.);
#12287 = PLANE('',#12288);
#12288 = AXIS2_PLACEMENT_3D('',#12289,#12290,#12291);
#12289 = CARTESIAN_POINT('',(-8.302349872572,8.098807889334,
    28.839155387878));
#12290 = DIRECTION('',(0.,0.,1.));
#12291 = DIRECTION('',(1.,0.,-0.));
#12292 = ADVANCED_FACE('',(#12293),#12303,.T.);
#12293 = FACE_BOUND('',#12294,.T.);
#12294 = EDGE_LOOP('',(#12295,#12296,#12297));
#12295 = ORIENTED_EDGE('',*,*,#7200,.F.);
#12296 = ORIENTED_EDGE('',*,*,#12280,.F.);
#12297 = ORIENTED_EDGE('',*,*,#12298,.T.);
#12298 = EDGE_CURVE('',#8439,#7192,#12299,.T.);
#12299 = LINE('',#12300,#12301);
#12300 = CARTESIAN_POINT('',(-9.302023512125,8.532691383362,
    28.839155387878));
#12301 = VECTOR('',#12302,1.);
#12302 = DIRECTION('',(0.416498665648,-0.909136327243,0.));
#12303 = PLANE('',#12304);
#12304 = AXIS2_PLACEMENT_3D('',#12305,#12306,#12307);
#12305 = CARTESIAN_POINT('',(-8.311040682941,6.893954880905,
    28.839155387878));
#12306 = DIRECTION('',(0.,0.,1.));
#12307 = DIRECTION('',(1.,0.,-0.));
#12308 = ADVANCED_FACE('',(#12309),#12319,.T.);
#12309 = FACE_BOUND('',#12310,.T.);
#12310 = EDGE_LOOP('',(#12311,#12317,#12318));
#12311 = ORIENTED_EDGE('',*,*,#12312,.T.);
#12312 = EDGE_CURVE('',#8393,#7192,#12313,.T.);
#12313 = LINE('',#12314,#12315);
#12314 = CARTESIAN_POINT('',(-9.864537626505,7.142631185055,
    28.839155387878));
#12315 = VECTOR('',#12316,1.);
#12316 = DIRECTION('',(0.727393884517,-0.686220180968,0.));
#12317 = ORIENTED_EDGE('',*,*,#12298,.F.);
#12318 = ORIENTED_EDGE('',*,*,#8447,.F.);
#12319 = PLANE('',#12320);
#12320 = AXIS2_PLACEMENT_3D('',#12321,#12322,#12323);
#12321 = CARTESIAN_POINT('',(-8.822633239218,6.776806688775,
    28.839155387878));
#12322 = DIRECTION('',(0.,0.,1.));
#12323 = DIRECTION('',(1.,0.,-0.));
#12324 = ADVANCED_FACE('',(#12325),#12335,.T.);
#12325 = FACE_BOUND('',#12326,.T.);
#12326 = EDGE_LOOP('',(#12327,#12328,#12329));
#12327 = ORIENTED_EDGE('',*,*,#7246,.F.);
#12328 = ORIENTED_EDGE('',*,*,#12312,.F.);
#12329 = ORIENTED_EDGE('',*,*,#12330,.T.);
#12330 = EDGE_CURVE('',#8393,#7238,#12331,.T.);
#12331 = LINE('',#12332,#12333);
#12332 = CARTESIAN_POINT('',(-9.864537626505,7.142631185055,
    28.839155387878));
#12333 = VECTOR('',#12334,1.);
#12334 = DIRECTION('',(0.514578931534,-0.857443014562,0.));
#12335 = PLANE('',#12336);
#12336 = AXIS2_PLACEMENT_3D('',#12337,#12338,#12339);
#12337 = CARTESIAN_POINT('',(-8.677116201303,5.563149532276,
    28.839155387878));
#12338 = DIRECTION('',(0.,0.,1.));
#12339 = DIRECTION('',(1.,0.,-0.));
#12340 = ADVANCED_FACE('',(#12341),#12351,.T.);
#12341 = FACE_BOUND('',#12342,.T.);
#12342 = EDGE_LOOP('',(#12343,#12349,#12350));
#12343 = ORIENTED_EDGE('',*,*,#12344,.T.);
#12344 = EDGE_CURVE('',#8347,#7238,#12345,.T.);
#12345 = LINE('',#12346,#12347);
#12346 = CARTESIAN_POINT('',(-10.23589486479,5.689776551723,
    28.839155387878));
#12347 = VECTOR('',#12348,1.);
#12348 = DIRECTION('',(0.785959328273,-0.61827820138,0.));
#12349 = ORIENTED_EDGE('',*,*,#12330,.F.);
#12350 = ORIENTED_EDGE('',*,*,#8401,.F.);
#12351 = PLANE('',#12352);
#12352 = AXIS2_PLACEMENT_3D('',#12353,#12354,#12355);
#12353 = CARTESIAN_POINT('',(-9.150740050295,5.395567916533,
    28.839155387878));
#12354 = DIRECTION('',(0.,0.,1.));
#12355 = DIRECTION('',(1.,0.,-0.));
#12356 = ADVANCED_FACE('',(#12357),#12367,.T.);
#12357 = FACE_BOUND('',#12358,.T.);
#12358 = EDGE_LOOP('',(#12359,#12365,#12366));
#12359 = ORIENTED_EDGE('',*,*,#12360,.T.);
#12360 = EDGE_CURVE('',#8301,#7238,#12361,.T.);
#12361 = LINE('',#12362,#12363);
#12362 = CARTESIAN_POINT('',(-10.40940731763,4.2002856493,
    28.839155387878));
#12363 = VECTOR('',#12364,1.);
#12364 = DIRECTION('',(0.989843842386,-0.1421589522,0.));
#12365 = ORIENTED_EDGE('',*,*,#12344,.F.);
#12366 = ORIENTED_EDGE('',*,*,#8355,.F.);
#12367 = PLANE('',#12368);
#12368 = AXIS2_PLACEMENT_3D('',#12369,#12370,#12371);
#12369 = CARTESIAN_POINT('',(-9.358682801042,4.532239122868,
    28.839155387878));
#12370 = DIRECTION('',(0.,0.,1.));
#12371 = DIRECTION('',(1.,0.,-0.));
#12372 = ADVANCED_FACE('',(#12373),#12383,.T.);
#12373 = FACE_BOUND('',#12374,.T.);
#12374 = EDGE_LOOP('',(#12375,#12376,#12377));
#12375 = ORIENTED_EDGE('',*,*,#7292,.F.);
#12376 = ORIENTED_EDGE('',*,*,#12360,.F.);
#12377 = ORIENTED_EDGE('',*,*,#12378,.T.);
#12378 = EDGE_CURVE('',#8301,#7284,#12379,.T.);
#12379 = LINE('',#12380,#12381);
#12380 = CARTESIAN_POINT('',(-10.40940731763,4.2002856493,
    28.839155387878));
#12381 = VECTOR('',#12382,1.);
#12382 = DIRECTION('',(0.840029377611,-0.542540915278,0.));
#12383 = PLANE('',#12384);
#12384 = AXIS2_PLACEMENT_3D('',#12385,#12386,#12387);
#12385 = CARTESIAN_POINT('',(-8.882744483186,3.567144127906,
    28.839155387878));
#12386 = DIRECTION('',(0.,0.,1.));
#12387 = DIRECTION('',(1.,0.,-0.));
#12388 = ADVANCED_FACE('',(#12389),#12399,.T.);
#12389 = FACE_BOUND('',#12390,.T.);
#12390 = EDGE_LOOP('',(#12391,#12397,#12398));
#12391 = ORIENTED_EDGE('',*,*,#12392,.T.);
#12392 = EDGE_CURVE('',#8255,#7284,#12393,.T.);
#12393 = LINE('',#12394,#12395);
#12394 = CARTESIAN_POINT('',(-10.38195320367,2.700973512232,
    28.839155387878));
#12395 = VECTOR('',#12396,1.);
#12396 = DIRECTION('',(0.997538992245,-7.011389983962E-02,0.));
#12397 = ORIENTED_EDGE('',*,*,#12378,.F.);
#12398 = ORIENTED_EDGE('',*,*,#8309,.F.);
#12399 = PLANE('',#12400);
#12400 = AXIS2_PLACEMENT_3D('',#12401,#12402,#12403);
#12401 = CARTESIAN_POINT('',(-9.372612031019,3.109533332396,
    28.839155387878));
#12402 = DIRECTION('',(0.,0.,1.));
#12403 = DIRECTION('',(1.,0.,-0.));
#12404 = ADVANCED_FACE('',(#12405),#12415,.T.);
#12405 = FACE_BOUND('',#12406,.T.);
#12406 = EDGE_LOOP('',(#12407,#12413,#12414));
#12407 = ORIENTED_EDGE('',*,*,#12408,.T.);
#12408 = EDGE_CURVE('',#8209,#7284,#12409,.T.);
#12409 = LINE('',#12410,#12411);
#12410 = CARTESIAN_POINT('',(-10.15402607321,1.218833159655,
    28.839155387878));
#12411 = VECTOR('',#12412,1.);
#12412 = DIRECTION('',(0.874507334986,0.485012289593,0.));
#12413 = ORIENTED_EDGE('',*,*,#12392,.F.);
#12414 = ORIENTED_EDGE('',*,*,#8263,.F.);
#12415 = PLANE('',#12416);
#12416 = AXIS2_PLACEMENT_3D('',#12417,#12418,#12419);
#12417 = CARTESIAN_POINT('',(-9.309808348783,2.172263397974,
    28.839155387878));
#12418 = DIRECTION('',(0.,0.,1.));
#12419 = DIRECTION('',(1.,0.,-0.));
#12420 = ADVANCED_FACE('',(#12421),#12431,.T.);
#12421 = FACE_BOUND('',#12422,.T.);
#12422 = EDGE_LOOP('',(#12423,#12424,#12425));
#12423 = ORIENTED_EDGE('',*,*,#7338,.F.);
#12424 = ORIENTED_EDGE('',*,*,#12408,.F.);
#12425 = ORIENTED_EDGE('',*,*,#12426,.T.);
#12426 = EDGE_CURVE('',#8209,#7330,#12427,.T.);
#12427 = LINE('',#12428,#12429);
#12428 = CARTESIAN_POINT('',(-10.15402607321,1.218833159655,
    28.839155387878));
#12429 = VECTOR('',#12430,1.);
#12430 = DIRECTION('',(0.999991802902,4.048966411065E-03,0.));
#12431 = PLANE('',#12432);
#12432 = AXIS2_PLACEMENT_3D('',#12433,#12434,#12435);
#12433 = CARTESIAN_POINT('',(-8.666124499004,1.615245381447,
    28.839155387878));
#12434 = DIRECTION('',(0.,0.,1.));
#12435 = DIRECTION('',(1.,0.,-0.));
#12436 = ADVANCED_FACE('',(#12437),#12447,.T.);
#12437 = FACE_BOUND('',#12438,.T.);
#12438 = EDGE_LOOP('',(#12439,#12445,#12446));
#12439 = ORIENTED_EDGE('',*,*,#12440,.T.);
#12440 = EDGE_CURVE('',#8163,#7330,#12441,.T.);
#12441 = LINE('',#12442,#12443);
#12442 = CARTESIAN_POINT('',(-9.729728752375,-0.21945163887,
    28.839155387878));
#12443 = VECTOR('',#12444,1.);
#12444 = DIRECTION('',(0.834525931581,0.550968664734,0.));
#12445 = ORIENTED_EDGE('',*,*,#12426,.F.);
#12446 = ORIENTED_EDGE('',*,*,#8217,.F.);
#12447 = PLANE('',#12448);
#12448 = AXIS2_PLACEMENT_3D('',#12449,#12450,#12451);
#12449 = CARTESIAN_POINT('',(-9.005759277173,0.782905286117,
    28.839155387878));
#12450 = DIRECTION('',(0.,0.,1.));
#12451 = DIRECTION('',(1.,0.,-0.));
#12452 = ADVANCED_FACE('',(#12453),#12463,.T.);
#12453 = FACE_BOUND('',#12454,.T.);
#12454 = EDGE_LOOP('',(#12455,#12461,#12462));
#12455 = ORIENTED_EDGE('',*,*,#12456,.T.);
#12456 = EDGE_CURVE('',#8117,#7330,#12457,.T.);
#12457 = LINE('',#12458,#12459);
#12458 = CARTESIAN_POINT('',(-9.116701430082,-1.587986359,
    28.839155387878));
#12459 = VECTOR('',#12460,1.);
#12460 = DIRECTION('',(0.489493264481,0.872007077969,0.));
#12461 = ORIENTED_EDGE('',*,*,#12440,.F.);
#12462 = ORIENTED_EDGE('',*,*,#8171,.F.);
#12463 = PLANE('',#12464);
#12464 = AXIS2_PLACEMENT_3D('',#12465,#12466,#12467);
#12465 = CARTESIAN_POINT('',(-8.659005330051,-8.239257426766E-02,
    28.839155387878));
#12466 = DIRECTION('',(0.,0.,1.));
#12467 = DIRECTION('',(1.,0.,-0.));
#12468 = ADVANCED_FACE('',(#12469),#12479,.T.);
#12469 = FACE_BOUND('',#12470,.T.);
#12470 = EDGE_LOOP('',(#12471,#12472,#12473));
#12471 = ORIENTED_EDGE('',*,*,#12456,.F.);
#12472 = ORIENTED_EDGE('',*,*,#8125,.F.);
#12473 = ORIENTED_EDGE('',*,*,#12474,.T.);
#12474 = EDGE_CURVE('',#8071,#7330,#12475,.T.);
#12475 = LINE('',#12476,#12477);
#12476 = CARTESIAN_POINT('',(-8.325980859995,-2.862133581936,
    28.839155387878));
#12477 = VECTOR('',#12478,1.);
#12478 = DIRECTION('',(0.18976690757,0.98182917088,0.));
#12479 = PLANE('',#12480);
#12480 = AXIS2_PLACEMENT_3D('',#12481,#12482,#12483);
#12481 = CARTESIAN_POINT('',(-8.207405550247,-0.822427408747,
    28.839155387878));
#12482 = DIRECTION('',(0.,0.,1.));
#12483 = DIRECTION('',(1.,0.,-0.));
#12484 = ADVANCED_FACE('',(#12485),#12495,.T.);
#12485 = FACE_BOUND('',#12486,.T.);
#12486 = EDGE_LOOP('',(#12487,#12488,#12489));
#12487 = ORIENTED_EDGE('',*,*,#7384,.F.);
#12488 = ORIENTED_EDGE('',*,*,#12474,.F.);
#12489 = ORIENTED_EDGE('',*,*,#12490,.T.);
#12490 = EDGE_CURVE('',#8071,#7376,#12491,.T.);
#12491 = LINE('',#12492,#12493);
#12492 = CARTESIAN_POINT('',(-8.325980859995,-2.862133581936,
    28.839155387878));
#12493 = VECTOR('',#12494,1.);
#12494 = DIRECTION('',(0.402620483692,0.915367000777,0.));
#12495 = PLANE('',#12496);
#12496 = AXIS2_PLACEMENT_3D('',#12497,#12498,#12499);
#12497 = CARTESIAN_POINT('',(-7.749762748612,-0.821164535548,
    28.839155387878));
#12498 = DIRECTION('',(0.,0.,1.));
#12499 = DIRECTION('',(1.,0.,-0.));
#12500 = ADVANCED_FACE('',(#12501),#12511,.T.);
#12501 = FACE_BOUND('',#12502,.T.);
#12502 = EDGE_LOOP('',(#12503,#12509,#12510));
#12503 = ORIENTED_EDGE('',*,*,#12504,.T.);
#12504 = EDGE_CURVE('',#8025,#7376,#12505,.T.);
#12505 = LINE('',#12506,#12507);
#12506 = CARTESIAN_POINT('',(-7.371800518036,-4.018953225017,
    28.839155387878));
#12507 = VECTOR('',#12508,1.);
#12508 = DIRECTION('',(7.519057046342E-02,0.997169182292,0.));
#12509 = ORIENTED_EDGE('',*,*,#12490,.F.);
#12510 = ORIENTED_EDGE('',*,*,#8079,.F.);
#12511 = PLANE('',#12512);
#12512 = AXIS2_PLACEMENT_3D('',#12513,#12514,#12515);
#12513 = CARTESIAN_POINT('',(-7.501672179255,-2.050730510756,
    28.839155387878));
#12514 = DIRECTION('',(0.,0.,1.));
#12515 = DIRECTION('',(1.,0.,-0.));
#12516 = ADVANCED_FACE('',(#12517),#12527,.T.);
#12517 = FACE_BOUND('',#12518,.T.);
#12518 = EDGE_LOOP('',(#12519,#12520,#12521));
#12519 = ORIENTED_EDGE('',*,*,#7430,.F.);
#12520 = ORIENTED_EDGE('',*,*,#12504,.F.);
#12521 = ORIENTED_EDGE('',*,*,#12522,.T.);
#12522 = EDGE_CURVE('',#8025,#7422,#12523,.T.);
#12523 = LINE('',#12524,#12525);
#12524 = CARTESIAN_POINT('',(-7.371800518036,-4.018953225017,
    28.839155387878));
#12525 = VECTOR('',#12526,1.);
#12526 = DIRECTION('',(0.315044096517,0.949077034413,0.));
#12527 = PLANE('',#12528);
#12528 = AXIS2_PLACEMENT_3D('',#12529,#12530,#12531);
#12529 = CARTESIAN_POINT('',(-7.028375957122,-1.993128757163,
    28.839155387878));
#12530 = DIRECTION('',(0.,0.,1.));
#12531 = DIRECTION('',(1.,0.,-0.));
#12532 = ADVANCED_FACE('',(#12533),#12543,.T.);
#12533 = FACE_BOUND('',#12534,.T.);
#12534 = EDGE_LOOP('',(#12535,#12541,#12542));
#12535 = ORIENTED_EDGE('',*,*,#12536,.T.);
#12536 = EDGE_CURVE('',#7979,#7422,#12537,.T.);
#12537 = LINE('',#12538,#12539);
#12538 = CARTESIAN_POINT('',(-6.271340799332,-5.037618336082,
    28.839155387878));
#12539 = VECTOR('',#12540,1.);
#12540 = DIRECTION('',(-3.83797465047E-02,0.999263226111,0.));
#12541 = ORIENTED_EDGE('',*,*,#12522,.F.);
#12542 = ORIENTED_EDGE('',*,*,#8033,.F.);
#12543 = PLANE('',#12544);
#12544 = AXIS2_PLACEMENT_3D('',#12545,#12546,#12547);
#12545 = CARTESIAN_POINT('',(-6.628421568602,-3.168081083148,
    28.839155387878));
#12546 = DIRECTION('',(0.,0.,1.));
#12547 = DIRECTION('',(1.,0.,-0.));
#12548 = ADVANCED_FACE('',(#12549),#12559,.T.);
#12549 = FACE_BOUND('',#12550,.T.);
#12550 = EDGE_LOOP('',(#12551,#12552,#12553));
#12551 = ORIENTED_EDGE('',*,*,#7476,.F.);
#12552 = ORIENTED_EDGE('',*,*,#12536,.F.);
#12553 = ORIENTED_EDGE('',*,*,#12554,.T.);
#12554 = EDGE_CURVE('',#7979,#7468,#12555,.T.);
#12555 = LINE('',#12556,#12557);
#12556 = CARTESIAN_POINT('',(-6.271340799332,-5.037618336082,
    28.839155387878));
#12557 = VECTOR('',#12558,1.);
#12558 = DIRECTION('',(0.22795504276,0.973671658456,0.));
#12559 = PLANE('',#12560);
#12560 = AXIS2_PLACEMENT_3D('',#12561,#12562,#12563);
#12561 = CARTESIAN_POINT('',(-6.145102455882,-3.050841308752,
    28.839155387878));
#12562 = DIRECTION('',(0.,0.,1.));
#12563 = DIRECTION('',(1.,0.,-0.));
#12564 = ADVANCED_FACE('',(#12565),#12575,.T.);
#12565 = FACE_BOUND('',#12566,.T.);
#12566 = EDGE_LOOP('',(#12567,#12573,#12574));
#12567 = ORIENTED_EDGE('',*,*,#12568,.T.);
#12568 = EDGE_CURVE('',#7933,#7468,#12569,.T.);
#12569 = LINE('',#12570,#12571);
#12570 = CARTESIAN_POINT('',(-5.044413736463,-5.899790531397,
    28.839155387878));
#12571 = VECTOR('',#12572,1.);
#12572 = DIRECTION('',(-0.149295847619,0.988792571717,0.));
#12573 = ORIENTED_EDGE('',*,*,#12554,.F.);
#12574 = ORIENTED_EDGE('',*,*,#7987,.F.);
#12575 = PLANE('',#12576);
#12576 = AXIS2_PLACEMENT_3D('',#12577,#12578,#12579);
#12577 = CARTESIAN_POINT('',(-5.605088972883,-4.151691965561,
    28.839155387878));
#12578 = DIRECTION('',(0.,0.,1.));
#12579 = DIRECTION('',(1.,0.,-0.));
#12580 = ADVANCED_FACE('',(#12581),#12591,.T.);
#12581 = FACE_BOUND('',#12582,.T.);
#12582 = EDGE_LOOP('',(#12583,#12584,#12585));
#12583 = ORIENTED_EDGE('',*,*,#7522,.F.);
#12584 = ORIENTED_EDGE('',*,*,#12568,.F.);
#12585 = ORIENTED_EDGE('',*,*,#12586,.T.);
#12586 = EDGE_CURVE('',#7933,#7514,#12587,.T.);
#12587 = LINE('',#12588,#12589);
#12588 = CARTESIAN_POINT('',(-5.044413736463,-5.899790531397,
    28.839155387878));
#12589 = VECTOR('',#12590,1.);
#12590 = DIRECTION('',(0.142344585338,0.989817164442,0.));
#12591 = PLANE('',#12592);
#12592 = AXIS2_PLACEMENT_3D('',#12593,#12594,#12595);
#12593 = CARTESIAN_POINT('',(-5.117773222934,-3.971975088944,
    28.839155387878));
#12594 = DIRECTION('',(0.,0.,1.));
#12595 = DIRECTION('',(1.,0.,-0.));
#12596 = ADVANCED_FACE('',(#12597),#12607,.T.);
#12597 = FACE_BOUND('',#12598,.T.);
#12598 = EDGE_LOOP('',(#12599,#12605,#12606));
#12599 = ORIENTED_EDGE('',*,*,#12600,.T.);
#12600 = EDGE_CURVE('',#7887,#7514,#12601,.T.);
#12601 = LINE('',#12602,#12603);
#12602 = CARTESIAN_POINT('',(-3.713108354807,-6.589946442842,
    28.839155387878));
#12603 = VECTOR('',#12604,1.);
#12604 = DIRECTION('',(-0.256074468281,0.966657057438,0.));
#12605 = ORIENTED_EDGE('',*,*,#12586,.F.);
#12606 = ORIENTED_EDGE('',*,*,#7941,.F.);
#12607 = PLANE('',#12608);
#12608 = AXIS2_PLACEMENT_3D('',#12609,#12610,#12611);
#12609 = CARTESIAN_POINT('',(-4.452200074123,-4.981510410943,
    28.839155387878));
#12610 = DIRECTION('',(0.,0.,1.));
#12611 = DIRECTION('',(1.,0.,-0.));
#12612 = ADVANCED_FACE('',(#12613),#12623,.T.);
#12613 = FACE_BOUND('',#12614,.T.);
#12614 = EDGE_LOOP('',(#12615,#12616,#12617));
#12615 = ORIENTED_EDGE('',*,*,#7568,.F.);
#12616 = ORIENTED_EDGE('',*,*,#12600,.F.);
#12617 = ORIENTED_EDGE('',*,*,#12618,.T.);
#12618 = EDGE_CURVE('',#7887,#7560,#12619,.T.);
#12619 = LINE('',#12620,#12621);
#12620 = CARTESIAN_POINT('',(-3.713108354807,-6.589946442842,
    28.839155387878));
#12621 = VECTOR('',#12622,1.);
#12622 = DIRECTION('',(5.897766436518E-02,0.998259302539,0.));
#12623 = PLANE('',#12624);
#12624 = AXIS2_PLACEMENT_3D('',#12625,#12626,#12627);
#12625 = CARTESIAN_POINT('',(-3.967291148022,-4.736951853943,
    28.839155387878));
#12626 = DIRECTION('',(0.,0.,1.));
#12627 = DIRECTION('',(1.,0.,-0.));
#12628 = ADVANCED_FACE('',(#12629),#12639,.T.);
#12629 = FACE_BOUND('',#12630,.T.);
#12630 = EDGE_LOOP('',(#12631,#12637,#12638));
#12631 = ORIENTED_EDGE('',*,*,#12632,.T.);
#12632 = EDGE_CURVE('',#7841,#7560,#12633,.T.);
#12633 = LINE('',#12634,#12635);
#12634 = CARTESIAN_POINT('',(-2.301391744614,-7.095661395788,
    28.839155387878));
#12635 = VECTOR('',#12636,1.);
#12636 = DIRECTION('',(-0.357427762537,0.933940787506,0.));
#12637 = ORIENTED_EDGE('',*,*,#12618,.F.);
#12638 = ORIENTED_EDGE('',*,*,#7895,.F.);
#12639 = PLANE('',#12640);
#12640 = AXIS2_PLACEMENT_3D('',#12641,#12642,#12643);
#12641 = CARTESIAN_POINT('',(-3.192938198059,-5.640637596846,
    28.839155387878));
#12642 = DIRECTION('',(0.,0.,1.));
#12643 = DIRECTION('',(1.,0.,-0.));
#12644 = ADVANCED_FACE('',(#12645),#12655,.T.);
#12645 = FACE_BOUND('',#12646,.T.);
#12646 = EDGE_LOOP('',(#12647,#12648,#12649));
#12647 = ORIENTED_EDGE('',*,*,#7614,.F.);
#12648 = ORIENTED_EDGE('',*,*,#12632,.F.);
#12649 = ORIENTED_EDGE('',*,*,#12650,.T.);
#12650 = EDGE_CURVE('',#7841,#7606,#12651,.T.);
#12651 = LINE('',#12652,#12653);
#12652 = CARTESIAN_POINT('',(-2.301391744614,-7.095661395788,
    28.839155387878));
#12653 = VECTOR('',#12654,1.);
#12654 = DIRECTION('',(-2.162467208986E-02,0.999766159438,0.));
#12655 = PLANE('',#12656);
#12656 = AXIS2_PLACEMENT_3D('',#12657,#12658,#12659);
#12657 = CARTESIAN_POINT('',(-2.717215861592,-5.329364818269,
    28.839155387878));
#12658 = DIRECTION('',(0.,0.,1.));
#12659 = DIRECTION('',(1.,0.,-0.));
#12660 = ADVANCED_FACE('',(#12661),#12671,.T.);
#12661 = FACE_BOUND('',#12662,.T.);
#12662 = EDGE_LOOP('',(#12663,#12669,#12670));
#12663 = ORIENTED_EDGE('',*,*,#12664,.T.);
#12664 = EDGE_CURVE('',#7795,#7606,#12665,.T.);
#12665 = LINE('',#12666,#12667);
#12666 = CARTESIAN_POINT('',(-0.834681178629,-7.407831203938,
    28.839155387878));
#12667 = VECTOR('',#12668,1.);
#12668 = DIRECTION('',(-0.452287124013,0.891872388547,0.));
#12669 = ORIENTED_EDGE('',*,*,#12650,.F.);
#12670 = ORIENTED_EDGE('',*,*,#7849,.F.);
#12671 = PLANE('',#12672);
#12672 = AXIS2_PLACEMENT_3D('',#12673,#12674,#12675);
#12673 = CARTESIAN_POINT('',(-1.852655658077,-6.115676997645,
    28.839155387878));
#12674 = DIRECTION('',(0.,0.,1.));
#12675 = DIRECTION('',(1.,0.,-0.));
#12676 = ADVANCED_FACE('',(#12677),#12687,.T.);
#12677 = FACE_BOUND('',#12678,.T.);
#12678 = EDGE_LOOP('',(#12679,#12680,#12681));
#12679 = ORIENTED_EDGE('',*,*,#7660,.F.);
#12680 = ORIENTED_EDGE('',*,*,#12664,.F.);
#12681 = ORIENTED_EDGE('',*,*,#12682,.T.);
#12682 = EDGE_CURVE('',#7795,#7652,#12683,.T.);
#12683 = LINE('',#12684,#12685);
#12684 = CARTESIAN_POINT('',(-0.834681178629,-7.407831203938,
    28.839155387878));
#12685 = VECTOR('',#12686,1.);
#12686 = DIRECTION('',(-9.918566690544E-02,0.995068944084,0.));
#12687 = PLANE('',#12688);
#12688 = AXIS2_PLACEMENT_3D('',#12689,#12690,#12691);
#12689 = CARTESIAN_POINT('',(-1.393294791394,-5.736338001494,
    28.839155387878));
#12690 = DIRECTION('',(0.,0.,1.));
#12691 = DIRECTION('',(1.,0.,-0.));
#12692 = ADVANCED_FACE('',(#12693),#12703,.T.);
#12693 = FACE_BOUND('',#12694,.T.);
#12694 = EDGE_LOOP('',(#12695,#12696,#12697));
#12695 = ORIENTED_EDGE('',*,*,#7704,.F.);
#12696 = ORIENTED_EDGE('',*,*,#12682,.F.);
#12697 = ORIENTED_EDGE('',*,*,#12698,.T.);
#12698 = EDGE_CURVE('',#7795,#3770,#12699,.T.);
#12699 = LINE('',#12700,#12701);
#12700 = CARTESIAN_POINT('',(-0.834681178629,-7.407831203938,
    28.839155387878));
#12701 = VECTOR('',#12702,1.);
#12702 = DIRECTION('',(0.393008008716,0.919535048318,0.));
#12703 = PLANE('',#12704);
#12704 = AXIS2_PLACEMENT_3D('',#12705,#12706,#12707);
#12705 = CARTESIAN_POINT('',(-0.599165632695,-5.887531416198,
    28.839155387878));
#12706 = DIRECTION('',(0.,0.,1.));
#12707 = DIRECTION('',(1.,0.,-0.));
#12708 = ADVANCED_FACE('',(#12709),#12714,.T.);
#12709 = FACE_BOUND('',#12710,.T.);
#12710 = EDGE_LOOP('',(#12711,#12712,#12713));
#12711 = ORIENTED_EDGE('',*,*,#3847,.T.);
#12712 = ORIENTED_EDGE('',*,*,#12698,.F.);
#12713 = ORIENTED_EDGE('',*,*,#7803,.F.);
#12714 = PLANE('',#12715);
#12715 = AXIS2_PLACEMENT_3D('',#12716,#12717,#12718);
#12716 = CARTESIAN_POINT('',(2.501758233127E-02,-6.491546527681,
    28.839155387878));
#12717 = DIRECTION('',(0.,0.,1.));
#12718 = DIRECTION('',(1.,0.,-0.));
#12719 = ADVANCED_FACE('',(#12720),#12730,.T.);
#12720 = FACE_BOUND('',#12721,.T.);
#12721 = EDGE_LOOP('',(#12722,#12723,#12724));
#12722 = ORIENTED_EDGE('',*,*,#3645,.T.);
#12723 = ORIENTED_EDGE('',*,*,#5425,.F.);
#12724 = ORIENTED_EDGE('',*,*,#12725,.T.);
#12725 = EDGE_CURVE('',#5380,#3646,#12726,.T.);
#12726 = LINE('',#12727,#12728);
#12727 = CARTESIAN_POINT('',(6.029326668382,-6.197438076138,
    28.839155387878));
#12728 = VECTOR('',#12729,1.);
#12729 = DIRECTION('',(-0.683823351977,0.729647602128,0.));
#12730 = PLANE('',#12731);
#12731 = AXIS2_PLACEMENT_3D('',#12732,#12733,#12734);
#12732 = CARTESIAN_POINT('',(4.908073040142,-5.630472677819,
    28.839155387878));
#12733 = DIRECTION('',(0.,0.,1.));
#12734 = DIRECTION('',(1.,0.,-0.));
#12735 = ADVANCED_FACE('',(#12736),#12746,.T.);
#12736 = FACE_BOUND('',#12737,.T.);
#12737 = EDGE_LOOP('',(#12738,#12739,#12740));
#12738 = ORIENTED_EDGE('',*,*,#3978,.F.);
#12739 = ORIENTED_EDGE('',*,*,#12725,.F.);
#12740 = ORIENTED_EDGE('',*,*,#12741,.T.);
#12741 = EDGE_CURVE('',#5380,#3970,#12742,.T.);
#12742 = LINE('',#12743,#12744);
#12743 = CARTESIAN_POINT('',(6.029326668382,-6.197438076138,
    28.839155387878));
#12744 = VECTOR('',#12745,1.);
#12745 = DIRECTION('',(-0.247152419428,0.968976615596,0.));
#12746 = PLANE('',#12747);
#12747 = AXIS2_PLACEMENT_3D('',#12748,#12749,#12750);
#12748 = CARTESIAN_POINT('',(5.288009612508,-4.84939207852,
    28.839155387878));
#12749 = DIRECTION('',(0.,0.,1.));
#12750 = DIRECTION('',(1.,0.,-0.));
#12751 = ADVANCED_FACE('',(#12752),#12762,.T.);
#12752 = FACE_BOUND('',#12753,.T.);
#12753 = EDGE_LOOP('',(#12754,#12755,#12756));
#12754 = ORIENTED_EDGE('',*,*,#4024,.F.);
#12755 = ORIENTED_EDGE('',*,*,#12741,.F.);
#12756 = ORIENTED_EDGE('',*,*,#12757,.T.);
#12757 = EDGE_CURVE('',#5380,#4016,#12758,.T.);
#12758 = LINE('',#12759,#12760);
#12759 = CARTESIAN_POINT('',(6.029326668382,-6.197438076138,
    28.839155387878));
#12760 = VECTOR('',#12761,1.);
#12761 = DIRECTION('',(0.119949247955,0.992780024938,0.));
#12762 = PLANE('',#12763);
#12763 = AXIS2_PLACEMENT_3D('',#12764,#12765,#12766);
#12764 = CARTESIAN_POINT('',(5.982525985337,-4.435692223134,
    28.839155387878));
#12765 = DIRECTION('',(0.,0.,1.));
#12766 = DIRECTION('',(1.,0.,-0.));
#12767 = ADVANCED_FACE('',(#12768),#12778,.T.);
#12768 = FACE_BOUND('',#12769,.T.);
#12769 = EDGE_LOOP('',(#12770,#12776,#12777));
#12770 = ORIENTED_EDGE('',*,*,#12771,.T.);
#12771 = EDGE_CURVE('',#5334,#4016,#12772,.T.);
#12772 = LINE('',#12773,#12774);
#12773 = CARTESIAN_POINT('',(7.30079664588,-5.402420136333,
    28.839155387878));
#12774 = VECTOR('',#12775,1.);
#12775 = DIRECTION('',(-0.321641804366,0.946861420528,0.));
#12776 = ORIENTED_EDGE('',*,*,#12757,.F.);
#12777 = ORIENTED_EDGE('',*,*,#5388,.F.);
#12778 = PLANE('',#12779);
#12779 = AXIS2_PLACEMENT_3D('',#12780,#12781,#12782);
#12780 = CARTESIAN_POINT('',(6.543930308512,-4.635030468891,
    28.839155387878));
#12781 = DIRECTION('',(0.,0.,1.));
#12782 = DIRECTION('',(1.,0.,-0.));
#12783 = ADVANCED_FACE('',(#12784),#12794,.T.);
#12784 = FACE_BOUND('',#12785,.T.);
#12785 = EDGE_LOOP('',(#12786,#12787,#12788));
#12786 = ORIENTED_EDGE('',*,*,#4070,.F.);
#12787 = ORIENTED_EDGE('',*,*,#12771,.F.);
#12788 = ORIENTED_EDGE('',*,*,#12789,.T.);
#12789 = EDGE_CURVE('',#5334,#4062,#12790,.T.);
#12790 = LINE('',#12791,#12792);
#12791 = CARTESIAN_POINT('',(7.30079664588,-5.402420136333,
    28.839155387878));
#12792 = VECTOR('',#12793,1.);
#12793 = DIRECTION('',(1.642227709261E-02,0.999865145315,0.));
#12794 = PLANE('',#12795);
#12795 = AXIS2_PLACEMENT_3D('',#12796,#12797,#12798);
#12796 = CARTESIAN_POINT('',(7.087392309205,-3.600428877771,
    28.839155387878));
#12797 = DIRECTION('',(0.,0.,1.));
#12798 = DIRECTION('',(1.,0.,-0.));
#12799 = ADVANCED_FACE('',(#12800),#12810,.T.);
#12800 = FACE_BOUND('',#12801,.T.);
#12801 = EDGE_LOOP('',(#12802,#12808,#12809));
#12802 = ORIENTED_EDGE('',*,*,#12803,.T.);
#12803 = EDGE_CURVE('',#5288,#4062,#12804,.T.);
#12804 = LINE('',#12805,#12806);
#12805 = CARTESIAN_POINT('',(8.454389476776,-4.444340595603,
    28.839155387878));
#12806 = VECTOR('',#12807,1.);
#12807 = DIRECTION('',(-0.396867227179,0.917876028662,0.));
#12808 = ORIENTED_EDGE('',*,*,#12789,.F.);
#12809 = ORIENTED_EDGE('',*,*,#5342,.F.);
#12810 = PLANE('',#12811);
#12811 = AXIS2_PLACEMENT_3D('',#12812,#12813,#12814);
#12812 = CARTESIAN_POINT('',(7.640889776276,-3.730210012001,
    28.839155387878));
#12813 = DIRECTION('',(0.,0.,1.));
#12814 = DIRECTION('',(1.,0.,-0.));
#12815 = ADVANCED_FACE('',(#12816),#12826,.T.);
#12816 = FACE_BOUND('',#12817,.T.);
#12817 = EDGE_LOOP('',(#12818,#12819,#12820));
#12818 = ORIENTED_EDGE('',*,*,#4116,.F.);
#12819 = ORIENTED_EDGE('',*,*,#12803,.F.);
#12820 = ORIENTED_EDGE('',*,*,#12821,.T.);
#12821 = EDGE_CURVE('',#5288,#4108,#12822,.T.);
#12822 = LINE('',#12823,#12824);
#12823 = CARTESIAN_POINT('',(8.454389476776,-4.444340595603,
    28.839155387878));
#12824 = VECTOR('',#12825,1.);
#12825 = DIRECTION('',(-9.000833556171E-02,0.995941012073,0.));
#12826 = PLANE('',#12827);
#12827 = AXIS2_PLACEMENT_3D('',#12828,#12829,#12830);
#12828 = CARTESIAN_POINT('',(8.059438699798,-2.616168881319,
    28.839155387878));
#12829 = DIRECTION('',(0.,0.,1.));
#12830 = DIRECTION('',(1.,0.,-0.));
#12831 = ADVANCED_FACE('',(#12832),#12842,.T.);
#12832 = FACE_BOUND('',#12833,.T.);
#12833 = EDGE_LOOP('',(#12834,#12840,#12841));
#12834 = ORIENTED_EDGE('',*,*,#12835,.T.);
#12835 = EDGE_CURVE('',#5242,#4108,#12836,.T.);
#12836 = LINE('',#12837,#12838);
#12837 = CARTESIAN_POINT('',(9.469334036112,-3.340449112654,
    28.839155387878));
#12838 = VECTOR('',#12839,1.);
#12839 = DIRECTION('',(-0.472318265967,0.881428077403,0.));
#12840 = ORIENTED_EDGE('',*,*,#12821,.F.);
#12841 = ORIENTED_EDGE('',*,*,#5296,.F.);
#12842 = PLANE('',#12843);
#12843 = AXIS2_PLACEMENT_3D('',#12844,#12845,#12846);
#12844 = CARTESIAN_POINT('',(8.598749439893,-2.680117438748,
    28.839155387878));
#12845 = DIRECTION('',(0.,0.,1.));
#12846 = DIRECTION('',(1.,0.,-0.));
#12847 = ADVANCED_FACE('',(#12848),#12858,.T.);
#12848 = FACE_BOUND('',#12849,.T.);
#12849 = EDGE_LOOP('',(#12850,#12851,#12852));
#12850 = ORIENTED_EDGE('',*,*,#4162,.F.);
#12851 = ORIENTED_EDGE('',*,*,#12835,.F.);
#12852 = ORIENTED_EDGE('',*,*,#12853,.T.);
#12853 = EDGE_CURVE('',#5242,#4154,#12854,.T.);
#12854 = LINE('',#12855,#12856);
#12855 = CARTESIAN_POINT('',(9.469334036112,-3.340449112654,
    28.839155387878));
#12856 = VECTOR('',#12857,1.);
#12857 = DIRECTION('',(-0.197917833142,0.980218614047,0.));
#12858 = PLANE('',#12859);
#12859 = AXIS2_PLACEMENT_3D('',#12860,#12861,#12862);
#12860 = CARTESIAN_POINT('',(8.878874501264,-1.503818628304,
    28.839155387878));
#12861 = DIRECTION('',(0.,0.,1.));
#12862 = DIRECTION('',(1.,0.,-0.));
#12863 = ADVANCED_FACE('',(#12864),#12874,.T.);
#12864 = FACE_BOUND('',#12865,.T.);
#12865 = EDGE_LOOP('',(#12866,#12872,#12873));
#12866 = ORIENTED_EDGE('',*,*,#12867,.T.);
#12867 = EDGE_CURVE('',#5196,#4154,#12868,.T.);
#12868 = LINE('',#12869,#12870);
#12869 = CARTESIAN_POINT('',(10.327359122038,-2.110618278384,
    28.839155387878));
#12870 = VECTOR('',#12871,1.);
#12871 = DIRECTION('',(-0.547242680702,0.836973983119,0.));
#12872 = ORIENTED_EDGE('',*,*,#12853,.F.);
#12873 = ORIENTED_EDGE('',*,*,#5250,.F.);
#12874 = PLANE('',#12875);
#12875 = AXIS2_PLACEMENT_3D('',#12876,#12877,#12878);
#12876 = CARTESIAN_POINT('',(9.398268327679,-1.506013230387,
    28.839155387878));
#12877 = DIRECTION('',(0.,0.,1.));
#12878 = DIRECTION('',(1.,0.,-0.));
#12879 = ADVANCED_FACE('',(#12880),#12890,.T.);
#12880 = FACE_BOUND('',#12881,.T.);
#12881 = EDGE_LOOP('',(#12882,#12883,#12884));
#12882 = ORIENTED_EDGE('',*,*,#4208,.F.);
#12883 = ORIENTED_EDGE('',*,*,#12867,.F.);
#12884 = ORIENTED_EDGE('',*,*,#12885,.T.);
#12885 = EDGE_CURVE('',#5196,#4200,#12886,.T.);
#12886 = LINE('',#12887,#12888);
#12887 = CARTESIAN_POINT('',(10.327359122038,-2.110618278384,
    28.839155387878));
#12888 = VECTOR('',#12889,1.);
#12889 = DIRECTION('',(-0.305725448093,0.952119714316,0.));
#12890 = PLANE('',#12891);
#12891 = AXIS2_PLACEMENT_3D('',#12892,#12893,#12894);
#12892 = CARTESIAN_POINT('',(9.529173124518,-0.286853359026,
    28.839155387878));
#12893 = DIRECTION('',(0.,0.,1.));
#12894 = DIRECTION('',(1.,0.,-0.));
#12895 = ADVANCED_FACE('',(#12896),#12906,.T.);
#12896 = FACE_BOUND('',#12897,.T.);
#12897 = EDGE_LOOP('',(#12898,#12904,#12905));
#12898 = ORIENTED_EDGE('',*,*,#12899,.T.);
#12899 = EDGE_CURVE('',#5150,#4200,#12900,.T.);
#12900 = LINE('',#12901,#12902);
#12901 = CARTESIAN_POINT('',(11.013017064333,-0.776990579814,
    28.839155387878));
#12902 = VECTOR('',#12903,1.);
#12903 = DIRECTION('',(-0.620666461806,0.784074705107,0.));
#12904 = ORIENTED_EDGE('',*,*,#12885,.F.);
#12905 = ORIENTED_EDGE('',*,*,#5204,.F.);
#12906 = PLANE('',#12907);
#12907 = AXIS2_PLACEMENT_3D('',#12908,#12909,#12910);
#12908 = CARTESIAN_POINT('',(10.023441383362,-0.231706162289,
    28.839155387878));
#12909 = DIRECTION('',(0.,0.,1.));
#12910 = DIRECTION('',(1.,0.,-0.));
#12911 = ADVANCED_FACE('',(#12912),#12922,.T.);
#12912 = FACE_BOUND('',#12913,.T.);
#12913 = EDGE_LOOP('',(#12914,#12915,#12916));
#12914 = ORIENTED_EDGE('',*,*,#4254,.F.);
#12915 = ORIENTED_EDGE('',*,*,#12899,.F.);
#12916 = ORIENTED_EDGE('',*,*,#12917,.T.);
#12917 = EDGE_CURVE('',#5150,#4246,#12918,.T.);
#12918 = LINE('',#12919,#12920);
#12919 = CARTESIAN_POINT('',(11.013017064333,-0.776990579814,
    28.839155387878));
#12920 = VECTOR('',#12921,1.);
#12921 = DIRECTION('',(-0.411729308634,0.911306192458,0.));
#12922 = PLANE('',#12923);
#12923 = AXIS2_PLACEMENT_3D('',#12924,#12925,#12926);
#12924 = CARTESIAN_POINT('',(9.99738896564,1.00917972688,28.839155387878
    ));
#12925 = DIRECTION('',(0.,0.,1.));
#12926 = DIRECTION('',(1.,0.,-0.));
#12927 = ADVANCED_FACE('',(#12928),#12938,.T.);
#12928 = FACE_BOUND('',#12929,.T.);
#12929 = EDGE_LOOP('',(#12930,#12936,#12937));
#12930 = ORIENTED_EDGE('',*,*,#12931,.T.);
#12931 = EDGE_CURVE('',#5104,#4246,#12932,.T.);
#12932 = LINE('',#12933,#12934);
#12933 = CARTESIAN_POINT('',(11.513964563608,0.63642506972,
    28.839155387878));
#12934 = VECTOR('',#12935,1.);
#12935 = DIRECTION('',(-0.69143040277,0.722443076045,0.));
#12936 = ORIENTED_EDGE('',*,*,#12917,.F.);
#12937 = ORIENTED_EDGE('',*,*,#5158,.F.);
#12938 = PLANE('',#12939);
#12939 = AXIS2_PLACEMENT_3D('',#12940,#12941,#12942);
#12940 = CARTESIAN_POINT('',(10.461840398433,1.116939517885,
    28.839155387878));
#12941 = DIRECTION('',(0.,0.,1.));
#12942 = DIRECTION('',(1.,0.,-0.));
#12943 = ADVANCED_FACE('',(#12944),#12954,.T.);
#12944 = FACE_BOUND('',#12945,.T.);
#12945 = EDGE_LOOP('',(#12946,#12947,#12948));
#12946 = ORIENTED_EDGE('',*,*,#4300,.F.);
#12947 = ORIENTED_EDGE('',*,*,#12931,.F.);
#12948 = ORIENTED_EDGE('',*,*,#12949,.T.);
#12949 = EDGE_CURVE('',#5104,#4292,#12950,.T.);
#12950 = LINE('',#12951,#12952);
#12951 = CARTESIAN_POINT('',(11.513964563608,0.63642506972,
    28.839155387878));
#12952 = VECTOR('',#12953,1.);
#12953 = DIRECTION('',(-0.514148008164,0.857701478197,0.));
#12954 = PLANE('',#12955);
#12955 = AXIS2_PLACEMENT_3D('',#12956,#12957,#12958);
#12956 = CARTESIAN_POINT('',(10.27440389967,2.357201224059,
    28.839155387878));
#12957 = DIRECTION('',(0.,0.,1.));
#12958 = DIRECTION('',(1.,0.,-0.));
#12959 = ADVANCED_FACE('',(#12960),#12970,.T.);
#12960 = FACE_BOUND('',#12961,.T.);
#12961 = EDGE_LOOP('',(#12962,#12968,#12969));
#12962 = ORIENTED_EDGE('',*,*,#12963,.T.);
#12963 = EDGE_CURVE('',#5058,#4292,#12964,.T.);
#12964 = LINE('',#12965,#12966);
#12965 = CARTESIAN_POINT('',(11.821180701256,2.104181307554,
    28.839155387878));
#12966 = VECTOR('',#12967,1.);
#12967 = DIRECTION('',(-0.758232513297,0.65198424504,0.));
#12968 = ORIENTED_EDGE('',*,*,#12949,.F.);
#12969 = ORIENTED_EDGE('',*,*,#5112,.F.);
#12970 = PLANE('',#12971);
#12971 = AXIS2_PLACEMENT_3D('',#12972,#12973,#12974);
#12972 = CARTESIAN_POINT('',(10.70487582897,2.512547663053,
    28.839155387878));
#12973 = DIRECTION('',(0.,0.,1.));
#12974 = DIRECTION('',(1.,0.,-0.));
#12975 = ADVANCED_FACE('',(#12976),#12986,.T.);
#12976 = FACE_BOUND('',#12977,.T.);
#12977 = EDGE_LOOP('',(#12978,#12984,#12985));
#12978 = ORIENTED_EDGE('',*,*,#12979,.T.);
#12979 = EDGE_CURVE('',#5012,#4292,#12980,.T.);
#12980 = LINE('',#12981,#12982);
#12981 = CARTESIAN_POINT('',(11.929136502743,3.599853700399,
    28.839155387878));
#12982 = VECTOR('',#12983,1.);
#12983 = DIRECTION('',(-0.972645722774,0.232293559895,0.));
#12984 = ORIENTED_EDGE('',*,*,#12963,.F.);
#12985 = ORIENTED_EDGE('',*,*,#5066,.F.);
#12986 = PLANE('',#12987);
#12987 = AXIS2_PLACEMENT_3D('',#12988,#12989,#12990);
#12988 = CARTESIAN_POINT('',(10.876114190449,3.36241319841,
    28.839155387878));
#12989 = DIRECTION('',(0.,0.,1.));
#12990 = DIRECTION('',(1.,0.,-0.));
#12991 = ADVANCED_FACE('',(#12992),#13002,.T.);
#12992 = FACE_BOUND('',#12993,.T.);
#12993 = EDGE_LOOP('',(#12994,#12995,#12996));
#12994 = ORIENTED_EDGE('',*,*,#12979,.F.);
#12995 = ORIENTED_EDGE('',*,*,#5020,.F.);
#12996 = ORIENTED_EDGE('',*,*,#12997,.T.);
#12997 = EDGE_CURVE('',#4966,#4292,#12998,.T.);
#12998 = LINE('',#12999,#13000);
#12999 = CARTESIAN_POINT('',(11.835887289047,5.096515086293,
    28.839155387878));
#13000 = VECTOR('',#13001,1.);
#13001 = DIRECTION('',(-0.941061770169,-0.338234747957,0.));
#13002 = PLANE('',#13003);
#13003 = AXIS2_PLACEMENT_3D('',#13004,#13005,#13006);
#13004 = CARTESIAN_POINT('',(10.905984911566,4.29412470592,
    28.839155387878));
#13005 = DIRECTION('',(0.,0.,1.));
#13006 = DIRECTION('',(1.,0.,-0.));
#13007 = ADVANCED_FACE('',(#13008),#13018,.T.);
#13008 = FACE_BOUND('',#13009,.T.);
#13009 = EDGE_LOOP('',(#13010,#13011,#13012));
#13010 = ORIENTED_EDGE('',*,*,#4346,.F.);
#13011 = ORIENTED_EDGE('',*,*,#12997,.F.);
#13012 = ORIENTED_EDGE('',*,*,#13013,.T.);
#13013 = EDGE_CURVE('',#4966,#4338,#13014,.T.);
#13014 = LINE('',#13015,#13016);
#13015 = CARTESIAN_POINT('',(11.835887289047,5.096515086293,
    28.839155387878));
#13016 = VECTOR('',#13017,1.);
#13017 = DIRECTION('',(-0.987655747814,0.156640109199,0.));
#13018 = PLANE('',#13019);
#13019 = AXIS2_PLACEMENT_3D('',#13020,#13021,#13022);
#13020 = CARTESIAN_POINT('',(10.302139644105,4.960092364255,
    28.839155387878));
#13021 = DIRECTION('',(0.,0.,1.));
#13022 = DIRECTION('',(1.,0.,-0.));
#13023 = ADVANCED_FACE('',(#13024),#13034,.T.);
#13024 = FACE_BOUND('',#13025,.T.);
#13025 = EDGE_LOOP('',(#13026,#13032,#13033));
#13026 = ORIENTED_EDGE('',*,*,#13027,.T.);
#13027 = EDGE_CURVE('',#4920,#4338,#13028,.T.);
#13028 = LINE('',#13029,#13030);
#13029 = CARTESIAN_POINT('',(11.543112039566,6.567220419645,
    28.839155387878));
#13030 = VECTOR('',#13031,1.);
#13031 = DIRECTION('',(-0.913390022331,-0.407085577128,0.));
#13032 = ORIENTED_EDGE('',*,*,#13013,.F.);
#13033 = ORIENTED_EDGE('',*,*,#4974,.F.);
#13034 = PLANE('',#13035);
#13035 = AXIS2_PLACEMENT_3D('',#13036,#13037,#13038);
#13036 = CARTESIAN_POINT('',(10.7164755721,5.703680689877,
    28.839155387878));
#13037 = DIRECTION('',(0.,0.,1.));
#13038 = DIRECTION('',(1.,0.,-0.));
#13039 = ADVANCED_FACE('',(#13040),#13050,.T.);
#13040 = FACE_BOUND('',#13041,.T.);
#13041 = EDGE_LOOP('',(#13042,#13048,#13049));
#13042 = ORIENTED_EDGE('',*,*,#13043,.T.);
#13043 = EDGE_CURVE('',#4874,#4338,#13044,.T.);
#13044 = LINE('',#13045,#13046);
#13045 = CARTESIAN_POINT('',(11.056082355976,7.985490953922,
    28.839155387878));
#13046 = VECTOR('',#13047,1.);
#13047 = DIRECTION('',(-0.603790705845,-0.797142887778,0.));
#13048 = ORIENTED_EDGE('',*,*,#13027,.F.);
#13049 = ORIENTED_EDGE('',*,*,#4928,.F.);
#13050 = PLANE('',#13051);
#13051 = AXIS2_PLACEMENT_3D('',#13052,#13053,#13054);
#13052 = CARTESIAN_POINT('',(10.454905206345,6.605900202304,
    28.839155387878));
#13053 = DIRECTION('',(0.,0.,1.));
#13054 = DIRECTION('',(1.,0.,-0.));
#13055 = ADVANCED_FACE('',(#13056),#13066,.T.);
#13056 = FACE_BOUND('',#13057,.T.);
#13057 = EDGE_LOOP('',(#13058,#13059,#13060));
#13058 = ORIENTED_EDGE('',*,*,#4392,.F.);
#13059 = ORIENTED_EDGE('',*,*,#13043,.F.);
#13060 = ORIENTED_EDGE('',*,*,#13061,.T.);
#13061 = EDGE_CURVE('',#4874,#4384,#13062,.T.);
#13062 = LINE('',#13063,#13064);
#13063 = CARTESIAN_POINT('',(11.056082355976,7.985490953922,
    28.839155387878));
#13064 = VECTOR('',#13065,1.);
#13065 = DIRECTION('',(-0.881516614581,-0.472153002974,0.));
#13066 = PLANE('',#13067);
#13067 = AXIS2_PLACEMENT_3D('',#13068,#13069,#13070);
#13068 = CARTESIAN_POINT('',(9.838062112237,6.86835451355,
    28.839155387878));
#13069 = DIRECTION('',(0.,0.,1.));
#13070 = DIRECTION('',(1.,0.,-0.));
#13071 = ADVANCED_FACE('',(#13072),#13082,.T.);
#13072 = FACE_BOUND('',#13073,.T.);
#13073 = EDGE_LOOP('',(#13074,#13080,#13081));
#13074 = ORIENTED_EDGE('',*,*,#13075,.T.);
#13075 = EDGE_CURVE('',#4828,#4384,#13076,.T.);
#13076 = LINE('',#13077,#13078);
#13077 = CARTESIAN_POINT('',(10.383566325903,9.325794166327,
    28.839155387878));
#13078 = VECTOR('',#13079,1.);
#13079 = DIRECTION('',(-0.527076477986,-0.84981785481,0.));
#13080 = ORIENTED_EDGE('',*,*,#13061,.F.);
#13081 = ORIENTED_EDGE('',*,*,#4882,.F.);
#13082 = PLANE('',#13083);
#13083 = AXIS2_PLACEMENT_3D('',#13084,#13085,#13086);
#13084 = CARTESIAN_POINT('',(9.955190634086,7.938030438729,
    28.839155387878));
#13085 = DIRECTION('',(0.,0.,1.));
#13086 = DIRECTION('',(1.,0.,-0.));
#13087 = ADVANCED_FACE('',(#13088),#13098,.T.);
#13088 = FACE_BOUND('',#13089,.T.);
#13089 = EDGE_LOOP('',(#13090,#13096,#13097));
#13090 = ORIENTED_EDGE('',*,*,#13091,.T.);
#13091 = EDGE_CURVE('',#4782,#4384,#13092,.T.);
#13092 = LINE('',#13093,#13094);
#13093 = CARTESIAN_POINT('',(9.537670314312,10.563999080658,
    28.839155387878));
#13094 = VECTOR('',#13095,1.);
#13095 = DIRECTION('',(-0.190260142357,-0.981733710448,0.));
#13096 = ORIENTED_EDGE('',*,*,#13075,.F.);
#13097 = ORIENTED_EDGE('',*,*,#4836,.F.);
#13098 = PLANE('',#13099);
#13099 = AXIS2_PLACEMENT_3D('',#13100,#13101,#13102);
#13100 = CARTESIAN_POINT('',(9.464495104485,8.678161834881,
    28.839155387878));
#13101 = DIRECTION('',(0.,0.,1.));
#13102 = DIRECTION('',(1.,0.,-0.));
#13103 = ADVANCED_FACE('',(#13104),#13114,.T.);
#13104 = FACE_BOUND('',#13105,.T.);
#13105 = EDGE_LOOP('',(#13106,#13107,#13108));
#13106 = ORIENTED_EDGE('',*,*,#4438,.F.);
#13107 = ORIENTED_EDGE('',*,*,#13091,.F.);
#13108 = ORIENTED_EDGE('',*,*,#13109,.T.);
#13109 = EDGE_CURVE('',#4782,#4430,#13110,.T.);
#13110 = LINE('',#13111,#13112);
#13111 = CARTESIAN_POINT('',(9.537670314312,10.563999080658,
    28.839155387878));
#13112 = VECTOR('',#13113,1.);
#13113 = DIRECTION('',(-0.448804409528,-0.893630014037,0.));
#13114 = PLANE('',#13115);
#13115 = AXIS2_PLACEMENT_3D('',#13116,#13117,#13118);
#13116 = CARTESIAN_POINT('',(8.962118338917,8.673636345976,
    28.839155387878));
#13117 = DIRECTION('',(0.,0.,1.));
#13118 = DIRECTION('',(1.,0.,-0.));
#13119 = ADVANCED_FACE('',(#13120),#13130,.T.);
#13120 = FACE_BOUND('',#13121,.T.);
#13121 = EDGE_LOOP('',(#13122,#13128,#13129));
#13122 = ORIENTED_EDGE('',*,*,#13123,.T.);
#13123 = EDGE_CURVE('',#4736,#4430,#13124,.T.);
#13124 = LINE('',#13125,#13126);
#13125 = CARTESIAN_POINT('',(8.533624738455,11.677814179659,
    28.839155387878));
#13126 = VECTOR('',#13127,1.);
#13127 = DIRECTION('',(-8.04140725066E-02,-0.996761544675,0.));
#13128 = ORIENTED_EDGE('',*,*,#13109,.F.);
#13129 = ORIENTED_EDGE('',*,*,#4790,.F.);
#13130 = PLANE('',#13131);
#13131 = AXIS2_PLACEMENT_3D('',#13132,#13133,#13134);
#13132 = CARTESIAN_POINT('',(8.683736364836,9.86386457326,
    28.839155387878));
#13133 = DIRECTION('',(0.,0.,1.));
#13134 = DIRECTION('',(1.,0.,-0.));
#13135 = ADVANCED_FACE('',(#13136),#13146,.T.);
#13136 = FACE_BOUND('',#13137,.T.);
#13137 = EDGE_LOOP('',(#13138,#13139,#13140));
#13138 = ORIENTED_EDGE('',*,*,#4484,.F.);
#13139 = ORIENTED_EDGE('',*,*,#13123,.F.);
#13140 = ORIENTED_EDGE('',*,*,#13141,.T.);
#13141 = EDGE_CURVE('',#4736,#4476,#13142,.T.);
#13142 = LINE('',#13143,#13144);
#13143 = CARTESIAN_POINT('',(8.533624738455,11.677814179659,
    28.839155387878));
#13144 = VECTOR('',#13145,1.);
#13145 = DIRECTION('',(-0.370059200034,-0.929008174598,0.));
#13146 = PLANE('',#13147);
#13147 = AXIS2_PLACEMENT_3D('',#13148,#13149,#13150);
#13148 = CARTESIAN_POINT('',(8.16293089365,9.798960528148,
    28.839155387878));
#13149 = DIRECTION('',(0.,0.,1.));
#13150 = DIRECTION('',(1.,0.,-0.));
#13151 = ADVANCED_FACE('',(#13152),#13162,.T.);
#13152 = FACE_BOUND('',#13153,.T.);
#13153 = EDGE_LOOP('',(#13154,#13160,#13161));
#13154 = ORIENTED_EDGE('',*,*,#13155,.T.);
#13155 = EDGE_CURVE('',#4690,#4476,#13156,.T.);
#13156 = LINE('',#13157,#13158);
#13157 = CARTESIAN_POINT('',(7.38950625658,12.647186332941,
    28.839155387878));
#13158 = VECTOR('',#13159,1.);
#13159 = DIRECTION('',(2.801377911919E-02,-0.999607537076,0.));
#13160 = ORIENTED_EDGE('',*,*,#13141,.F.);
#13161 = ORIENTED_EDGE('',*,*,#4744,.F.);
#13162 = PLANE('',#13163);
#13163 = AXIS2_PLACEMENT_3D('',#13164,#13165,#13166);
#13164 = CARTESIAN_POINT('',(7.742653505734,10.92816972295,
    28.839155387878));
#13165 = DIRECTION('',(0.,0.,1.));
#13166 = DIRECTION('',(1.,0.,-0.));
#13167 = ADVANCED_FACE('',(#13168),#13178,.T.);
#13168 = FACE_BOUND('',#13169,.T.);
#13169 = EDGE_LOOP('',(#13170,#13171,#13172));
#13170 = ORIENTED_EDGE('',*,*,#4530,.F.);
#13171 = ORIENTED_EDGE('',*,*,#13155,.F.);
#13172 = ORIENTED_EDGE('',*,*,#13173,.T.);
#13173 = EDGE_CURVE('',#4690,#4522,#13174,.T.);
#13174 = LINE('',#13175,#13176);
#13175 = CARTESIAN_POINT('',(7.38950625658,12.647186332941,
    28.839155387878));
#13176 = VECTOR('',#13177,1.);
#13177 = DIRECTION('',(-0.291717919136,-0.956504393955,0.));
#13178 = PLANE('',#13179);
#13179 = AXIS2_PLACEMENT_3D('',#13180,#13181,#13182);
#13180 = CARTESIAN_POINT('',(7.209128469861,10.799064735776,
    28.839155387878));
#13181 = DIRECTION('',(0.,0.,1.));
#13182 = DIRECTION('',(1.,0.,-0.));
#13183 = ADVANCED_FACE('',(#13184),#13194,.T.);
#13184 = FACE_BOUND('',#13185,.T.);
#13185 = EDGE_LOOP('',(#13186,#13192,#13193));
#13186 = ORIENTED_EDGE('',*,*,#13187,.T.);
#13187 = EDGE_CURVE('',#4644,#4522,#13188,.T.);
#13188 = LINE('',#13189,#13190);
#13189 = CARTESIAN_POINT('',(6.125911509991,13.4546641469,
    28.839155387878));
#13190 = VECTOR('',#13191,1.);
#13191 = DIRECTION('',(0.133541711327,-0.991043193476,0.));
#13192 = ORIENTED_EDGE('',*,*,#13173,.F.);
#13193 = ORIENTED_EDGE('',*,*,#4698,.F.);
#13194 = PLANE('',#13195);
#13195 = AXIS2_PLACEMENT_3D('',#13196,#13197,#13198);
#13196 = CARTESIAN_POINT('',(6.66012996797,11.84948297664,
    28.839155387878));
#13197 = DIRECTION('',(0.,0.,1.));
#13198 = DIRECTION('',(1.,0.,-0.));
#13199 = ADVANCED_FACE('',(#13200),#13210,.T.);
#13200 = FACE_BOUND('',#13201,.T.);
#13201 = EDGE_LOOP('',(#13202,#13203,#13204));
#13202 = ORIENTED_EDGE('',*,*,#4567,.F.);
#13203 = ORIENTED_EDGE('',*,*,#13187,.F.);
#13204 = ORIENTED_EDGE('',*,*,#13205,.T.);
#13205 = EDGE_CURVE('',#4644,#3887,#13206,.T.);
#13206 = LINE('',#13207,#13208);
#13207 = CARTESIAN_POINT('',(6.125911509991,13.4546641469,
    28.839155387878));
#13208 = VECTOR('',#13209,1.);
#13209 = DIRECTION('',(-0.214421893797,-0.976741138409,0.));
#13210 = PLANE('',#13211);
#13211 = AXIS2_PLACEMENT_3D('',#13212,#13213,#13214);
#13212 = CARTESIAN_POINT('',(6.120086871573,11.652739512546,
    28.839155387878));
#13213 = DIRECTION('',(0.,0.,1.));
#13214 = DIRECTION('',(1.,0.,-0.));
#13215 = ADVANCED_FACE('',(#13216),#13221,.T.);
#13216 = FACE_BOUND('',#13217,.T.);
#13217 = EDGE_LOOP('',(#13218,#13219,#13220));
#13218 = ORIENTED_EDGE('',*,*,#3894,.F.);
#13219 = ORIENTED_EDGE('',*,*,#13205,.F.);
#13220 = ORIENTED_EDGE('',*,*,#4652,.F.);
#13221 = PLANE('',#13222);
#13222 = AXIS2_PLACEMENT_3D('',#13223,#13224,#13225);
#13223 = CARTESIAN_POINT('',(5.457933939441,12.6091478848,
    28.839155387878));
#13224 = DIRECTION('',(0.,0.,1.));
#13225 = DIRECTION('',(1.,0.,-0.));
#13226 = ADVANCED_FACE('',(#13227),#13253,.T.);
#13227 = FACE_BOUND('',#13228,.T.);
#13228 = EDGE_LOOP('',(#13229,#13239,#13247));
#13229 = ORIENTED_EDGE('',*,*,#13230,.T.);
#13230 = EDGE_CURVE('',#13231,#13233,#13235,.T.);
#13231 = VERTEX_POINT('',#13232);
#13232 = CARTESIAN_POINT('',(-4.502169248462,13.518009662628,
    20.711155569553));
#13233 = VERTEX_POINT('',#13234);
#13234 = CARTESIAN_POINT('',(-3.156326274574,14.124643540382,
    20.711155569553));
#13235 = LINE('',#13236,#13237);
#13236 = CARTESIAN_POINT('',(-4.502169248462,13.518009662628,
    20.711155569553));
#13237 = VECTOR('',#13238,1.);
#13238 = DIRECTION('',(0.911666684021,0.410930477387,0.));
#13239 = ORIENTED_EDGE('',*,*,#13240,.T.);
#13240 = EDGE_CURVE('',#13233,#13241,#13243,.T.);
#13241 = VERTEX_POINT('',#13242);
#13242 = CARTESIAN_POINT('',(0.660618733242,-7.520836055279,
    20.711155569553));
#13243 = LINE('',#13244,#13245);
#13244 = CARTESIAN_POINT('',(-3.156326274574,14.124643540382,
    20.711155569553));
#13245 = VECTOR('',#13246,1.);
#13246 = DIRECTION('',(0.173659780132,-0.984805707114,0.));
#13247 = ORIENTED_EDGE('',*,*,#13248,.T.);
#13248 = EDGE_CURVE('',#13241,#13231,#13249,.T.);
#13249 = LINE('',#13250,#13251);
#13250 = CARTESIAN_POINT('',(0.660618733242,-7.520836055279,
    20.711155569553));
#13251 = VECTOR('',#13252,1.);
#13252 = DIRECTION('',(-0.238322386608,0.971186099592,0.));
#13253 = PLANE('',#13254);
#13254 = AXIS2_PLACEMENT_3D('',#13255,#13256,#13257);
#13255 = CARTESIAN_POINT('',(-1.655407265509,3.500457052898,
    20.711155569553));
#13256 = DIRECTION('',(-0.,-0.,-1.));
#13257 = DIRECTION('',(-1.,0.,0.));
#13258 = ADVANCED_FACE('',(#13259),#13276,.T.);
#13259 = FACE_BOUND('',#13260,.T.);
#13260 = EDGE_LOOP('',(#13261,#13269,#13270));
#13261 = ORIENTED_EDGE('',*,*,#13262,.T.);
#13262 = EDGE_CURVE('',#13263,#13231,#13265,.T.);
#13263 = VERTEX_POINT('',#13264);
#13264 = CARTESIAN_POINT('',(-0.811543358862,-7.411127847433,
    20.711155569553));
#13265 = LINE('',#13266,#13267);
#13266 = CARTESIAN_POINT('',(-0.811543358862,-7.411127847433,
    20.711155569553));
#13267 = VECTOR('',#13268,1.);
#13268 = DIRECTION('',(-0.173659781084,0.984805706946,0.));
#13269 = ORIENTED_EDGE('',*,*,#13248,.F.);
#13270 = ORIENTED_EDGE('',*,*,#13271,.T.);
#13271 = EDGE_CURVE('',#13241,#13263,#13272,.T.);
#13272 = LINE('',#13273,#13274);
#13273 = CARTESIAN_POINT('',(0.660618733242,-7.520836055279,
    20.711155569553));
#13274 = VECTOR('',#13275,1.);
#13275 = DIRECTION('',(-0.997234760952,7.431575572569E-02,0.));
#13276 = PLANE('',#13277);
#13277 = AXIS2_PLACEMENT_3D('',#13278,#13279,#13280);
#13278 = CARTESIAN_POINT('',(-2.211802704014,2.676846134084,
    20.711155569553));
#13279 = DIRECTION('',(-0.,-0.,-1.));
#13280 = DIRECTION('',(-1.,0.,0.));
#13281 = ADVANCED_FACE('',(#13282),#13299,.T.);
#13282 = FACE_BOUND('',#13283,.T.);
#13283 = EDGE_LOOP('',(#13284,#13292,#13293));
#13284 = ORIENTED_EDGE('',*,*,#13285,.T.);
#13285 = EDGE_CURVE('',#13286,#13231,#13288,.T.);
#13286 = VERTEX_POINT('',#13287);
#13287 = CARTESIAN_POINT('',(-5.756316140294,12.739285695553,
    20.711155569553));
#13288 = LINE('',#13289,#13290);
#13289 = CARTESIAN_POINT('',(-5.756316140294,12.739285695553,
    20.711155569553));
#13290 = VECTOR('',#13291,1.);
#13291 = DIRECTION('',(0.849552751476,0.527503670565,0.));
#13292 = ORIENTED_EDGE('',*,*,#13262,.F.);
#13293 = ORIENTED_EDGE('',*,*,#13294,.T.);
#13294 = EDGE_CURVE('',#13263,#13286,#13295,.T.);
#13295 = LINE('',#13296,#13297);
#13296 = CARTESIAN_POINT('',(-0.811543358862,-7.411127847433,
    20.711155569553));
#13297 = VECTOR('',#13298,1.);
#13298 = DIRECTION('',(-0.238322383999,0.971186100233,0.));
#13299 = PLANE('',#13300);
#13300 = AXIS2_PLACEMENT_3D('',#13301,#13302,#13303);
#13301 = CARTESIAN_POINT('',(-3.040063463894,3.209729325609,
    20.711155569553));
#13302 = DIRECTION('',(-0.,-0.,-1.));
#13303 = DIRECTION('',(-1.,0.,0.));
#13304 = ADVANCED_FACE('',(#13305),#13322,.T.);
#13305 = FACE_BOUND('',#13306,.T.);
#13306 = EDGE_LOOP('',(#13307,#13315,#13316));
#13307 = ORIENTED_EDGE('',*,*,#13308,.T.);
#13308 = EDGE_CURVE('',#13309,#13286,#13311,.T.);
#13309 = VERTEX_POINT('',#13310);
#13310 = CARTESIAN_POINT('',(-2.256402590871,-7.108343821764,
    20.711155569553));
#13311 = LINE('',#13312,#13313);
#13312 = CARTESIAN_POINT('',(-2.256402590871,-7.108343821764,
    20.711155569553));
#13313 = VECTOR('',#13314,1.);
#13314 = DIRECTION('',(-0.173659773279,0.984805708323,0.));
#13315 = ORIENTED_EDGE('',*,*,#13294,.F.);
#13316 = ORIENTED_EDGE('',*,*,#13317,.T.);
#13317 = EDGE_CURVE('',#13263,#13309,#13318,.T.);
#13318 = LINE('',#13319,#13320);
#13319 = CARTESIAN_POINT('',(-0.811543358862,-7.411127847433,
    20.711155569553));
#13320 = VECTOR('',#13321,1.);
#13321 = DIRECTION('',(-0.978740117294,0.205104321745,0.));
#13322 = PLANE('',#13323);
#13323 = AXIS2_PLACEMENT_3D('',#13324,#13325,#13326);
#13324 = CARTESIAN_POINT('',(-3.566535785417,2.390381622124,
    20.711155569553));
#13325 = DIRECTION('',(-0.,-0.,-1.));
#13326 = DIRECTION('',(-1.,0.,0.));
#13327 = ADVANCED_FACE('',(#13328),#13345,.T.);
#13328 = FACE_BOUND('',#13329,.T.);
#13329 = EDGE_LOOP('',(#13330,#13338,#13339));
#13330 = ORIENTED_EDGE('',*,*,#13331,.T.);
#13331 = EDGE_CURVE('',#13332,#13286,#13334,.T.);
#13332 = VERTEX_POINT('',#13333);
#13333 = CARTESIAN_POINT('',(-6.896884012222,11.802055627108,
    20.711155569553));
#13334 = LINE('',#13335,#13336);
#13335 = CARTESIAN_POINT('',(-6.896884012222,11.802055627108,
    20.711155569553));
#13336 = VECTOR('',#13337,1.);
#13337 = DIRECTION('',(0.772614929147,0.634874925682,0.));
#13338 = ORIENTED_EDGE('',*,*,#13308,.F.);
#13339 = ORIENTED_EDGE('',*,*,#13340,.T.);
#13340 = EDGE_CURVE('',#13309,#13332,#13341,.T.);
#13341 = LINE('',#13342,#13343);
#13342 = CARTESIAN_POINT('',(-2.256402590871,-7.108343821764,
    20.711155569553));
#13343 = VECTOR('',#13344,1.);
#13344 = DIRECTION('',(-0.23832236284,0.971186105425,0.));
#13345 = PLANE('',#13346);
#13346 = AXIS2_PLACEMENT_3D('',#13347,#13348,#13349);
#13347 = CARTESIAN_POINT('',(-4.359861761525,2.933071512878,
    20.711155569553));
#13348 = DIRECTION('',(-0.,-0.,-1.));
#13349 = DIRECTION('',(-1.,0.,0.));
#13350 = ADVANCED_FACE('',(#13351),#13368,.T.);
#13351 = FACE_BOUND('',#13352,.T.);
#13352 = EDGE_LOOP('',(#13353,#13361,#13362));
#13353 = ORIENTED_EDGE('',*,*,#13354,.T.);
#13354 = EDGE_CURVE('',#13355,#13332,#13357,.T.);
#13355 = VERTEX_POINT('',#13356);
#13356 = CARTESIAN_POINT('',(-3.648749244213,-6.617765420675,
    20.711155569553));
#13357 = LINE('',#13358,#13359);
#13358 = CARTESIAN_POINT('',(-3.648749244213,-6.617765420675,
    20.711155569553));
#13359 = VECTOR('',#13360,1.);
#13360 = DIRECTION('',(-0.173659758217,0.984805710979,0.));
#13361 = ORIENTED_EDGE('',*,*,#13340,.F.);
#13362 = ORIENTED_EDGE('',*,*,#13363,.T.);
#13363 = EDGE_CURVE('',#13309,#13355,#13364,.T.);
#13364 = LINE('',#13365,#13366);
#13365 = CARTESIAN_POINT('',(-2.256402590871,-7.108343821764,
    20.711155569553));
#13366 = VECTOR('',#13367,1.);
#13367 = DIRECTION('',(-0.943168369149,0.33231525309,0.));
#13368 = PLANE('',#13369);
#13369 = AXIS2_PLACEMENT_3D('',#13370,#13371,#13372);
#13370 = CARTESIAN_POINT('',(-4.844569138729,2.119673191914,
    20.711155569553));
#13371 = DIRECTION('',(-0.,-0.,-1.));
#13372 = DIRECTION('',(-1.,0.,0.));
#13373 = ADVANCED_FACE('',(#13374),#13391,.T.);
#13374 = FACE_BOUND('',#13375,.T.);
#13375 = EDGE_LOOP('',(#13376,#13384,#13385));
#13376 = ORIENTED_EDGE('',*,*,#13377,.T.);
#13377 = EDGE_CURVE('',#13378,#13332,#13380,.T.);
#13378 = VERTEX_POINT('',#13379);
#13379 = CARTESIAN_POINT('',(-7.903973400593,10.722671717405,
    20.711155569553));
#13380 = LINE('',#13381,#13382);
#13381 = CARTESIAN_POINT('',(-7.903973400593,10.722671717405,
    20.711155569553));
#13382 = VECTOR('',#13383,1.);
#13383 = DIRECTION('',(0.682196746538,0.73116865292,0.));
#13384 = ORIENTED_EDGE('',*,*,#13354,.F.);
#13385 = ORIENTED_EDGE('',*,*,#13386,.T.);
#13386 = EDGE_CURVE('',#13355,#13378,#13387,.T.);
#13387 = LINE('',#13388,#13389);
#13388 = CARTESIAN_POINT('',(-3.648749244213,-6.617765420675,
    20.711155569553));
#13389 = VECTOR('',#13390,1.);
#13390 = DIRECTION('',(-0.23832239682,0.971186097086,0.));
#13391 = PLANE('',#13392);
#13392 = AXIS2_PLACEMENT_3D('',#13393,#13394,#13395);
#13393 = CARTESIAN_POINT('',(-5.591774603198,2.675310650075,
    20.711155569553));
#13394 = DIRECTION('',(-0.,-0.,-1.));
#13395 = DIRECTION('',(-1.,0.,0.));
#13396 = ADVANCED_FACE('',(#13397),#13414,.T.);
#13397 = FACE_BOUND('',#13398,.T.);
#13398 = EDGE_LOOP('',(#13399,#13407,#13408));
#13399 = ORIENTED_EDGE('',*,*,#13400,.T.);
#13400 = EDGE_CURVE('',#13401,#13378,#13403,.T.);
#13401 = VERTEX_POINT('',#13402);
#13402 = CARTESIAN_POINT('',(-4.964290159941,-5.947951805592,
    20.711155569553));
#13403 = LINE('',#13404,#13405);
#13404 = CARTESIAN_POINT('',(-4.964290159941,-5.947951805592,
    20.711155569553));
#13405 = VECTOR('',#13406,1.);
#13406 = DIRECTION('',(-0.173659781111,0.984805706941,0.));
#13407 = ORIENTED_EDGE('',*,*,#13386,.F.);
#13408 = ORIENTED_EDGE('',*,*,#13409,.T.);
#13409 = EDGE_CURVE('',#13355,#13401,#13410,.T.);
#13410 = LINE('',#13411,#13412);
#13411 = CARTESIAN_POINT('',(-3.648749244213,-6.617765420675,
    20.711155569553));
#13412 = VECTOR('',#13413,1.);
#13413 = DIRECTION('',(-0.891140192725,0.453728064935,0.));
#13414 = PLANE('',#13415);
#13415 = AXIS2_PLACEMENT_3D('',#13416,#13417,#13418);
#13416 = CARTESIAN_POINT('',(-6.02360435995,1.869444320169,
    20.711155569553));
#13417 = DIRECTION('',(-0.,-0.,-1.));
#13418 = DIRECTION('',(-1.,0.,0.));
#13419 = ADVANCED_FACE('',(#13420),#13437,.T.);
#13420 = FACE_BOUND('',#13421,.T.);
#13421 = EDGE_LOOP('',(#13422,#13430,#13431));
#13422 = ORIENTED_EDGE('',*,*,#13423,.T.);
#13423 = EDGE_CURVE('',#13424,#13378,#13426,.T.);
#13424 = VERTEX_POINT('',#13425);
#13425 = CARTESIAN_POINT('',(-8.760010659695,9.519968360662,
    20.711155569553));
#13426 = LINE('',#13427,#13428);
#13427 = CARTESIAN_POINT('',(-8.760010659695,9.519968360662,
    20.711155569553));
#13428 = VECTOR('',#13429,1.);
#13429 = DIRECTION('',(0.579875341511,0.814705215588,0.));
#13430 = ORIENTED_EDGE('',*,*,#13400,.F.);
#13431 = ORIENTED_EDGE('',*,*,#13432,.T.);
#13432 = EDGE_CURVE('',#13401,#13424,#13433,.T.);
#13433 = LINE('',#13434,#13435);
#13434 = CARTESIAN_POINT('',(-4.964290159941,-5.947951805592,
    20.711155569553));
#13435 = VECTOR('',#13436,1.);
#13436 = DIRECTION('',(-0.238322346205,0.971186109507,0.));
#13437 = PLANE('',#13438);
#13438 = AXIS2_PLACEMENT_3D('',#13439,#13440,#13441);
#13439 = CARTESIAN_POINT('',(-6.714307471113,2.440943757494,
    20.711155569553));
#13440 = DIRECTION('',(-0.,-0.,-1.));
#13441 = DIRECTION('',(-1.,0.,0.));
#13442 = ADVANCED_FACE('',(#13443),#13460,.T.);
#13443 = FACE_BOUND('',#13444,.T.);
#13444 = EDGE_LOOP('',(#13445,#13453,#13454));
#13445 = ORIENTED_EDGE('',*,*,#13446,.T.);
#13446 = EDGE_CURVE('',#13447,#13424,#13449,.T.);
#13447 = VERTEX_POINT('',#13448);
#13448 = CARTESIAN_POINT('',(-6.180070707202,-5.110591489077,
    20.711155569553));
#13449 = LINE('',#13450,#13451);
#13450 = CARTESIAN_POINT('',(-6.180070707202,-5.110591489077,
    20.711155569553));
#13451 = VECTOR('',#13452,1.);
#13452 = DIRECTION('',(-0.173659765715,0.984805709656,0.));
#13453 = ORIENTED_EDGE('',*,*,#13432,.F.);
#13454 = ORIENTED_EDGE('',*,*,#13455,.T.);
#13455 = EDGE_CURVE('',#13401,#13447,#13456,.T.);
#13456 = LINE('',#13457,#13458);
#13457 = CARTESIAN_POINT('',(-4.964290159941,-5.947951805592,
    20.711155569553));
#13458 = VECTOR('',#13459,1.);
#13459 = DIRECTION('',(-0.82356373601,0.567223741331,0.));
#13460 = PLANE('',#13461);
#13461 = AXIS2_PLACEMENT_3D('',#13462,#13463,#13464);
#13462 = CARTESIAN_POINT('',(-7.083068712668,1.644061922443,
    20.711155569553));
#13463 = DIRECTION('',(-0.,-0.,-1.));
#13464 = DIRECTION('',(-1.,0.,0.));
#13465 = ADVANCED_FACE('',(#13466),#13483,.T.);
#13466 = FACE_BOUND('',#13467,.T.);
#13467 = EDGE_LOOP('',(#13468,#13476,#13477));
#13468 = ORIENTED_EDGE('',*,*,#13469,.T.);
#13469 = EDGE_CURVE('',#13470,#13424,#13472,.T.);
#13470 = VERTEX_POINT('',#13471);
#13471 = CARTESIAN_POINT('',(-9.45006210804,8.214929771423,
    20.711155569553));
#13472 = LINE('',#13473,#13474);
#13473 = CARTESIAN_POINT('',(-9.45006210804,8.214929771423,
    20.711155569553));
#13474 = VECTOR('',#13475,1.);
#13475 = DIRECTION('',(0.467437218546,0.884026270378,0.));
#13476 = ORIENTED_EDGE('',*,*,#13446,.F.);
#13477 = ORIENTED_EDGE('',*,*,#13478,.T.);
#13478 = EDGE_CURVE('',#13447,#13470,#13479,.T.);
#13479 = LINE('',#13480,#13481);
#13480 = CARTESIAN_POINT('',(-6.180070707202,-5.110591489077,
    20.711155569553));
#13481 = VECTOR('',#13482,1.);
#13482 = DIRECTION('',(-0.238322398264,0.971186096732,0.));
#13483 = PLANE('',#13484);
#13484 = AXIS2_PLACEMENT_3D('',#13485,#13486,#13487);
#13485 = CARTESIAN_POINT('',(-7.707874176937,2.234060371364,
    20.711155569553));
#13486 = DIRECTION('',(-0.,-0.,-1.));
#13487 = DIRECTION('',(-1.,0.,0.));
#13488 = ADVANCED_FACE('',(#13489),#13506,.T.);
#13489 = FACE_BOUND('',#13490,.T.);
#13490 = EDGE_LOOP('',(#13491,#13499,#13500));
#13491 = ORIENTED_EDGE('',*,*,#13492,.T.);
#13492 = EDGE_CURVE('',#13493,#13470,#13495,.T.);
#13493 = VERTEX_POINT('',#13494);
#13494 = CARTESIAN_POINT('',(-7.274879956245,-4.120293030143,
    20.711155569553));
#13495 = LINE('',#13496,#13497);
#13496 = CARTESIAN_POINT('',(-7.274879956245,-4.120293030143,
    20.711155569553));
#13497 = VECTOR('',#13498,1.);
#13498 = DIRECTION('',(-0.173659757921,0.984805711031,0.));
#13499 = ORIENTED_EDGE('',*,*,#13478,.F.);
#13500 = ORIENTED_EDGE('',*,*,#13501,.T.);
#13501 = EDGE_CURVE('',#13447,#13493,#13502,.T.);
#13502 = LINE('',#13503,#13504);
#13503 = CARTESIAN_POINT('',(-6.180070707202,-5.110591489077,
    20.711155569553));
#13504 = VECTOR('',#13505,1.);
#13505 = DIRECTION('',(-0.74161774828,0.670822715355,0.));
#13506 = PLANE('',#13507);
#13507 = AXIS2_PLACEMENT_3D('',#13508,#13509,#13510);
#13508 = CARTESIAN_POINT('',(-8.004477820814,1.447457236527,
    20.711155569553));
#13509 = DIRECTION('',(-0.,-0.,-1.));
#13510 = DIRECTION('',(-1.,0.,0.));
#13511 = ADVANCED_FACE('',(#13512),#13529,.T.);
#13512 = FACE_BOUND('',#13513,.T.);
#13513 = EDGE_LOOP('',(#13514,#13522,#13523));
#13514 = ORIENTED_EDGE('',*,*,#13515,.T.);
#13515 = EDGE_CURVE('',#13516,#13470,#13518,.T.);
#13516 = VERTEX_POINT('',#13517);
#13517 = CARTESIAN_POINT('',(-9.962086480856,6.830325120687,
    20.711155569553));
#13518 = LINE('',#13519,#13520);
#13519 = CARTESIAN_POINT('',(-9.962086480856,6.830325120687,
    20.711155569553));
#13520 = VECTOR('',#13521,1.);
#13521 = DIRECTION('',(0.346842433601,0.937923411721,0.));
#13522 = ORIENTED_EDGE('',*,*,#13492,.F.);
#13523 = ORIENTED_EDGE('',*,*,#13524,.T.);
#13524 = EDGE_CURVE('',#13493,#13516,#13525,.T.);
#13525 = LINE('',#13526,#13527);
#13526 = CARTESIAN_POINT('',(-7.274879956245,-4.120293030143,
    20.711155569553));
#13527 = VECTOR('',#13528,1.);
#13528 = DIRECTION('',(-0.238322401328,0.97118609598,0.));
#13529 = PLANE('',#13530);
#13530 = AXIS2_PLACEMENT_3D('',#13531,#13532,#13533);
#13531 = CARTESIAN_POINT('',(-8.555140205218,2.058270316977,
    20.711155569553));
#13532 = DIRECTION('',(-0.,-0.,-1.));
#13533 = DIRECTION('',(-1.,0.,0.));
#13534 = ADVANCED_FACE('',(#13535),#13552,.T.);
#13535 = FACE_BOUND('',#13536,.T.);
#13536 = EDGE_LOOP('',(#13537,#13545,#13546));
#13537 = ORIENTED_EDGE('',*,*,#13538,.T.);
#13538 = EDGE_CURVE('',#13539,#13516,#13541,.T.);
#13539 = VERTEX_POINT('',#13540);
#13540 = CARTESIAN_POINT('',(-8.229614406824,-2.994335988164,
    20.711155569553));
#13541 = LINE('',#13542,#13543);
#13542 = CARTESIAN_POINT('',(-8.229614406824,-2.994335988164,
    20.711155569553));
#13543 = VECTOR('',#13544,1.);
#13544 = DIRECTION('',(-0.173659770052,0.984805708892,0.));
#13545 = ORIENTED_EDGE('',*,*,#13524,.F.);
#13546 = ORIENTED_EDGE('',*,*,#13547,.T.);
#13547 = EDGE_CURVE('',#13493,#13539,#13548,.T.);
#13548 = LINE('',#13549,#13550);
#13549 = CARTESIAN_POINT('',(-7.274879956245,-4.120293030143,
    20.711155569553));
#13550 = VECTOR('',#13551,1.);
#13551 = DIRECTION('',(-0.646732029972,0.762717301108,0.));
#13552 = PLANE('',#13553);
#13553 = AXIS2_PLACEMENT_3D('',#13554,#13555,#13556);
#13554 = CARTESIAN_POINT('',(-8.771754775825,1.283061210889,
    20.711155569553));
#13555 = DIRECTION('',(-0.,-0.,-1.));
#13556 = DIRECTION('',(-1.,0.,0.));
#13557 = ADVANCED_FACE('',(#13558),#13575,.T.);
#13558 = FACE_BOUND('',#13559,.T.);
#13559 = EDGE_LOOP('',(#13560,#13568,#13569));
#13560 = ORIENTED_EDGE('',*,*,#13561,.T.);
#13561 = EDGE_CURVE('',#13562,#13516,#13564,.T.);
#13562 = VERTEX_POINT('',#13563);
#13563 = CARTESIAN_POINT('',(-10.28714991211,5.390314906836,
    20.711155569553));
#13564 = LINE('',#13565,#13566);
#13565 = CARTESIAN_POINT('',(-10.28714991211,5.390314906836,
    20.711155569553));
#13566 = VECTOR('',#13567,1.);
#13567 = DIRECTION('',(0.220196311219,0.975455577936,0.));
#13568 = ORIENTED_EDGE('',*,*,#13538,.F.);
#13569 = ORIENTED_EDGE('',*,*,#13570,.T.);
#13570 = EDGE_CURVE('',#13539,#13562,#13571,.T.);
#13571 = LINE('',#13572,#13573);
#13572 = CARTESIAN_POINT('',(-8.229614406824,-2.994335988164,
    20.711155569553));
#13573 = VECTOR('',#13574,1.);
#13574 = DIRECTION('',(-0.238322371983,0.971186103181,0.));
#13575 = PLANE('',#13576);
#13576 = AXIS2_PLACEMENT_3D('',#13577,#13578,#13579);
#13577 = CARTESIAN_POINT('',(-9.241321417805,1.916640020256,
    20.711155569553));
#13578 = DIRECTION('',(-0.,-0.,-1.));
#13579 = DIRECTION('',(-1.,0.,0.));
#13580 = ADVANCED_FACE('',(#13581),#13598,.T.);
#13581 = FACE_BOUND('',#13582,.T.);
#13582 = EDGE_LOOP('',(#13583,#13591,#13592));
#13583 = ORIENTED_EDGE('',*,*,#13584,.T.);
#13584 = EDGE_CURVE('',#13585,#13562,#13587,.T.);
#13585 = VERTEX_POINT('',#13586);
#13586 = CARTESIAN_POINT('',(-9.027615600824,-1.752365860343,
    20.711155569553));
#13587 = LINE('',#13588,#13589);
#13588 = CARTESIAN_POINT('',(-9.027615600824,-1.752365860343,
    20.711155569553));
#13589 = VECTOR('',#13590,1.);
#13590 = DIRECTION('',(-0.173659808169,0.98480570217,0.));
#13591 = ORIENTED_EDGE('',*,*,#13570,.F.);
#13592 = ORIENTED_EDGE('',*,*,#13593,.T.);
#13593 = EDGE_CURVE('',#13539,#13585,#13594,.T.);
#13594 = LINE('',#13595,#13596);
#13595 = CARTESIAN_POINT('',(-8.229614406824,-2.994335988164,
    20.711155569553));
#13596 = VECTOR('',#13597,1.);
#13597 = DIRECTION('',(-0.540561934083,0.841304222871,0.));
#13598 = PLANE('',#13599);
#13599 = AXIS2_PLACEMENT_3D('',#13600,#13601,#13602);
#13600 = CARTESIAN_POINT('',(-9.371511625081,1.153742657476,
    20.711155569553));
#13601 = DIRECTION('',(-0.,-0.,-1.));
#13602 = DIRECTION('',(-1.,0.,0.));
#13603 = ADVANCED_FACE('',(#13604),#13621,.T.);
#13604 = FACE_BOUND('',#13605,.T.);
#13605 = EDGE_LOOP('',(#13606,#13614,#13615));
#13606 = ORIENTED_EDGE('',*,*,#13607,.T.);
#13607 = EDGE_CURVE('',#13608,#13562,#13610,.T.);
#13608 = VERTEX_POINT('',#13609);
#13609 = CARTESIAN_POINT('',(-10.41958035826,3.920022884011,
    20.711155569553));
#13610 = LINE('',#13611,#13612);
#13611 = CARTESIAN_POINT('',(-10.41958035826,3.920022884011,
    20.711155569553));
#13612 = VECTOR('',#13613,1.);
#13613 = DIRECTION('',(8.970769254209E-02,0.99596813699,0.));
#13614 = ORIENTED_EDGE('',*,*,#13584,.F.);
#13615 = ORIENTED_EDGE('',*,*,#13616,.T.);
#13616 = EDGE_CURVE('',#13585,#13608,#13617,.T.);
#13617 = LINE('',#13618,#13619);
#13618 = CARTESIAN_POINT('',(-9.027615600824,-1.752365860343,
    20.711155569553));
#13619 = VECTOR('',#13620,1.);
#13620 = DIRECTION('',(-0.238322320134,0.971186115905,0.));
#13621 = PLANE('',#13622);
#13622 = AXIS2_PLACEMENT_3D('',#13623,#13624,#13625);
#13623 = CARTESIAN_POINT('',(-9.754445242868,1.811641643658,
    20.711155569553));
#13624 = DIRECTION('',(-0.,-0.,-1.));
#13625 = DIRECTION('',(-1.,0.,0.));
#13626 = ADVANCED_FACE('',(#13627),#13644,.T.);
#13627 = FACE_BOUND('',#13628,.T.);
#13628 = EDGE_LOOP('',(#13629,#13637,#13638));
#13629 = ORIENTED_EDGE('',*,*,#13630,.T.);
#13630 = EDGE_CURVE('',#13631,#13608,#13633,.T.);
#13631 = VERTEX_POINT('',#13632);
#13632 = CARTESIAN_POINT('',(-9.654961180687,-0.416051927209,
    20.711155569553));
#13633 = LINE('',#13634,#13635);
#13634 = CARTESIAN_POINT('',(-9.654961180687,-0.416051927209,
    20.711155569553));
#13635 = VECTOR('',#13636,1.);
#13636 = DIRECTION('',(-0.173659675343,0.984805725593,0.));
#13637 = ORIENTED_EDGE('',*,*,#13616,.F.);
#13638 = ORIENTED_EDGE('',*,*,#13639,.T.);
#13639 = EDGE_CURVE('',#13585,#13631,#13640,.T.);
#13640 = LINE('',#13641,#13642);
#13641 = CARTESIAN_POINT('',(-9.027615600824,-1.752365860343,
    20.711155569553));
#13642 = VECTOR('',#13643,1.);
#13643 = DIRECTION('',(-0.424960526672,0.9052118817,0.));
#13644 = PLANE('',#13645);
#13645 = AXIS2_PLACEMENT_3D('',#13646,#13647,#13648);
#13646 = CARTESIAN_POINT('',(-9.793283811112,1.06175710551,
    20.711155569553));
#13647 = DIRECTION('',(-0.,-0.,-1.));
#13648 = DIRECTION('',(-1.,0.,0.));
#13649 = ADVANCED_FACE('',(#13650),#13667,.T.);
#13650 = FACE_BOUND('',#13651,.T.);
#13651 = EDGE_LOOP('',(#13652,#13660,#13661));
#13652 = ORIENTED_EDGE('',*,*,#13653,.T.);
#13653 = EDGE_CURVE('',#13654,#13608,#13656,.T.);
#13654 = VERTEX_POINT('',#13655);
#13655 = CARTESIAN_POINT('',(-10.35706903338,2.445102880895,
    20.711155569553));
#13656 = LINE('',#13657,#13658);
#13657 = CARTESIAN_POINT('',(-10.35706903338,2.445102880895,
    20.711155569553));
#13658 = VECTOR('',#13659,1.);
#13659 = DIRECTION('',(-4.234484278698E-02,0.999103054889,0.));
#13660 = ORIENTED_EDGE('',*,*,#13630,.F.);
#13661 = ORIENTED_EDGE('',*,*,#13662,.T.);
#13662 = EDGE_CURVE('',#13631,#13654,#13663,.T.);
#13663 = LINE('',#13664,#13665);
#13664 = CARTESIAN_POINT('',(-9.654961180687,-0.416051927209,
    20.711155569553));
#13665 = VECTOR('',#13666,1.);
#13666 = DIRECTION('',(-0.238322434287,0.971186087892,0.));
#13667 = PLANE('',#13668);
#13668 = AXIS2_PLACEMENT_3D('',#13669,#13670,#13671);
#13669 = CARTESIAN_POINT('',(-10.08555951892,1.745106756123,
    20.711155569553));
#13670 = DIRECTION('',(-0.,-0.,-1.));
#13671 = DIRECTION('',(-1.,0.,0.));
#13672 = ADVANCED_FACE('',(#13673),#13690,.T.);
#13673 = FACE_BOUND('',#13674,.T.);
#13674 = EDGE_LOOP('',(#13675,#13683,#13684));
#13675 = ORIENTED_EDGE('',*,*,#13676,.T.);
#13676 = EDGE_CURVE('',#13677,#13654,#13679,.T.);
#13677 = VERTEX_POINT('',#13678);
#13678 = CARTESIAN_POINT('',(-10.10070447325,0.991289249808,
    20.711155569553));
#13679 = LINE('',#13680,#13681);
#13680 = CARTESIAN_POINT('',(-10.10070447325,0.991289249808,
    20.711155569553));
#13681 = VECTOR('',#13682,1.);
#13682 = DIRECTION('',(-0.173659997866,0.984805668719,0.));
#13683 = ORIENTED_EDGE('',*,*,#13662,.F.);
#13684 = ORIENTED_EDGE('',*,*,#13685,.T.);
#13685 = EDGE_CURVE('',#13631,#13677,#13686,.T.);
#13686 = LINE('',#13687,#13688);
#13687 = CARTESIAN_POINT('',(-9.654961180687,-0.416051927209,
    20.711155569553));
#13688 = VECTOR('',#13689,1.);
#13689 = DIRECTION('',(-0.301944191039,0.953325603085,0.));
#13690 = PLANE('',#13691);
#13691 = AXIS2_PLACEMENT_3D('',#13692,#13693,#13694);
#13692 = CARTESIAN_POINT('',(-10.02971332543,1.008710095758,
    20.711155569553));
#13693 = DIRECTION('',(-0.,-0.,-1.));
#13694 = DIRECTION('',(-1.,0.,0.));
#13695 = ADVANCED_FACE('',(#13696),#13722,.T.);
#13696 = FACE_BOUND('',#13697,.T.);
#13697 = EDGE_LOOP('',(#13698,#13708,#13716));
#13698 = ORIENTED_EDGE('',*,*,#13699,.T.);
#13699 = EDGE_CURVE('',#13700,#13702,#13704,.T.);
#13700 = VERTEX_POINT('',#13701);
#13701 = CARTESIAN_POINT('',(6.008712238073,-6.208449849486,
    20.711155569553));
#13702 = VERTEX_POINT('',#13703);
#13703 = CARTESIAN_POINT('',(4.662869074941,-6.815082591772,
    20.711155569553));
#13704 = LINE('',#13705,#13706);
#13705 = CARTESIAN_POINT('',(6.008712238073,-6.208449849486,
    20.711155569553));
#13706 = VECTOR('',#13707,1.);
#13707 = DIRECTION('',(-0.91166699382,-0.410929790084,0.));
#13708 = ORIENTED_EDGE('',*,*,#13709,.T.);
#13709 = EDGE_CURVE('',#13702,#13710,#13712,.T.);
#13710 = VERTEX_POINT('',#13711);
#13711 = CARTESIAN_POINT('',(0.845924209058,14.83039624691,
    20.711155569553));
#13712 = LINE('',#13713,#13714);
#13713 = CARTESIAN_POINT('',(4.662869074941,-6.815082591772,
    20.711155569553));
#13714 = VECTOR('',#13715,1.);
#13715 = DIRECTION('',(-0.173659779759,0.98480570718,0.));
#13716 = ORIENTED_EDGE('',*,*,#13717,.T.);
#13717 = EDGE_CURVE('',#13710,#13700,#13718,.T.);
#13718 = LINE('',#13719,#13720);
#13719 = CARTESIAN_POINT('',(0.845924209058,14.83039624691,
    20.711155569553));
#13720 = VECTOR('',#13721,1.);
#13721 = DIRECTION('',(0.238322384624,-0.971186100079,0.));
#13722 = PLANE('',#13723);
#13723 = AXIS2_PLACEMENT_3D('',#13724,#13725,#13726);
#13724 = CARTESIAN_POINT('',(3.161950178064,3.809103306536,
    20.711155569553));
#13725 = DIRECTION('',(-0.,-0.,-1.));
#13726 = DIRECTION('',(-1.,0.,0.));
#13727 = ADVANCED_FACE('',(#13728),#13745,.T.);
#13728 = FACE_BOUND('',#13729,.T.);
#13729 = EDGE_LOOP('',(#13730,#13738,#13739));
#13730 = ORIENTED_EDGE('',*,*,#13731,.T.);
#13731 = EDGE_CURVE('',#13732,#13700,#13734,.T.);
#13732 = VERTEX_POINT('',#13733);
#13733 = CARTESIAN_POINT('',(2.318086348474,14.720688796043,
    20.711155569553));
#13734 = LINE('',#13735,#13736);
#13735 = CARTESIAN_POINT('',(2.318086348474,14.720688796043,
    20.711155569553));
#13736 = VECTOR('',#13737,1.);
#13737 = DIRECTION('',(0.173659771947,-0.984805708557,0.));
#13738 = ORIENTED_EDGE('',*,*,#13717,.F.);
#13739 = ORIENTED_EDGE('',*,*,#13740,.T.);
#13740 = EDGE_CURVE('',#13710,#13732,#13741,.T.);
#13741 = LINE('',#13742,#13743);
#13742 = CARTESIAN_POINT('',(0.845924209058,14.83039624691,
    20.711155569553));
#13743 = VECTOR('',#13744,1.);
#13744 = DIRECTION('',(0.997234799131,-7.431524340896E-02,0.));
#13745 = PLANE('',#13746);
#13746 = AXIS2_PLACEMENT_3D('',#13747,#13748,#13749);
#13747 = CARTESIAN_POINT('',(3.718345690459,4.632714054076,
    20.711155569553));
#13748 = DIRECTION('',(-0.,-0.,-1.));
#13749 = DIRECTION('',(-1.,0.,0.));
#13750 = ADVANCED_FACE('',(#13751),#13768,.T.);
#13751 = FACE_BOUND('',#13752,.T.);
#13752 = EDGE_LOOP('',(#13753,#13761,#13762));
#13753 = ORIENTED_EDGE('',*,*,#13754,.T.);
#13754 = EDGE_CURVE('',#13755,#13700,#13757,.T.);
#13755 = VERTEX_POINT('',#13756);
#13756 = CARTESIAN_POINT('',(7.262859129906,-5.429725882411,
    20.711155569553));
#13757 = LINE('',#13758,#13759);
#13758 = CARTESIAN_POINT('',(7.262859129906,-5.429725882411,
    20.711155569553));
#13759 = VECTOR('',#13760,1.);
#13760 = DIRECTION('',(-0.849552751476,-0.527503670565,0.));
#13761 = ORIENTED_EDGE('',*,*,#13731,.F.);
#13762 = ORIENTED_EDGE('',*,*,#13763,.T.);
#13763 = EDGE_CURVE('',#13732,#13755,#13764,.T.);
#13764 = LINE('',#13765,#13766);
#13765 = CARTESIAN_POINT('',(2.318086348474,14.720688796043,
    20.711155569553));
#13766 = VECTOR('',#13767,1.);
#13767 = DIRECTION('',(0.238322371333,-0.971186103341,0.));
#13768 = PLANE('',#13769);
#13769 = AXIS2_PLACEMENT_3D('',#13770,#13771,#13772);
#13770 = CARTESIAN_POINT('',(4.546606449835,4.099831053849,
    20.711155569553));
#13771 = DIRECTION('',(-0.,-0.,-1.));
#13772 = DIRECTION('',(-1.,0.,0.));
#13773 = ADVANCED_FACE('',(#13774),#13791,.T.);
#13774 = FACE_BOUND('',#13775,.T.);
#13775 = EDGE_LOOP('',(#13776,#13784,#13785));
#13776 = ORIENTED_EDGE('',*,*,#13777,.T.);
#13777 = EDGE_CURVE('',#13778,#13755,#13780,.T.);
#13778 = VERTEX_POINT('',#13779);
#13779 = CARTESIAN_POINT('',(3.762945580482,14.417904770374,
    20.711155569553));
#13780 = LINE('',#13781,#13782);
#13781 = CARTESIAN_POINT('',(3.762945580482,14.417904770374,
    20.711155569553));
#13782 = VECTOR('',#13783,1.);
#13783 = DIRECTION('',(0.173659763644,-0.984805710022,0.));
#13784 = ORIENTED_EDGE('',*,*,#13763,.F.);
#13785 = ORIENTED_EDGE('',*,*,#13786,.T.);
#13786 = EDGE_CURVE('',#13732,#13778,#13787,.T.);
#13787 = LINE('',#13788,#13789);
#13788 = CARTESIAN_POINT('',(2.318086348474,14.720688796043,
    20.711155569553));
#13789 = VECTOR('',#13790,1.);
#13790 = DIRECTION('',(0.978740117294,-0.205104321745,0.));
#13791 = PLANE('',#13792);
#13792 = AXIS2_PLACEMENT_3D('',#13793,#13794,#13795);
#13793 = CARTESIAN_POINT('',(5.07307877928,4.919178760191,
    20.711155569553));
#13794 = DIRECTION('',(-0.,-0.,-1.));
#13795 = DIRECTION('',(-1.,0.,0.));
#13796 = ADVANCED_FACE('',(#13797),#13814,.T.);
#13797 = FACE_BOUND('',#13798,.T.);
#13798 = EDGE_LOOP('',(#13799,#13807,#13808));
#13799 = ORIENTED_EDGE('',*,*,#13800,.T.);
#13800 = EDGE_CURVE('',#13801,#13755,#13803,.T.);
#13801 = VERTEX_POINT('',#13802);
#13802 = CARTESIAN_POINT('',(8.403427380323,-4.492495056987,
    20.711155569553));
#13803 = LINE('',#13804,#13805);
#13804 = CARTESIAN_POINT('',(8.403427380323,-4.492495056987,
    20.711155569553));
#13805 = VECTOR('',#13806,1.);
#13806 = DIRECTION('',(-0.772614780965,-0.634875106013,0.));
#13807 = ORIENTED_EDGE('',*,*,#13777,.F.);
#13808 = ORIENTED_EDGE('',*,*,#13809,.T.);
#13809 = EDGE_CURVE('',#13778,#13801,#13810,.T.);
#13810 = LINE('',#13811,#13812);
#13811 = CARTESIAN_POINT('',(3.762945580482,14.417904770374,
    20.711155569553));
#13812 = VECTOR('',#13813,1.);
#13813 = DIRECTION('',(0.238322376675,-0.97118610203,0.));
#13814 = PLANE('',#13815);
#13815 = AXIS2_PLACEMENT_3D('',#13816,#13817,#13818);
#13816 = CARTESIAN_POINT('',(5.866404877373,4.376488874619,
    20.711155569553));
#13817 = DIRECTION('',(-0.,-0.,-1.));
#13818 = DIRECTION('',(-1.,0.,0.));
#13819 = ADVANCED_FACE('',(#13820),#13837,.T.);
#13820 = FACE_BOUND('',#13821,.T.);
#13821 = EDGE_LOOP('',(#13822,#13830,#13831));
#13822 = ORIENTED_EDGE('',*,*,#13823,.T.);
#13823 = EDGE_CURVE('',#13824,#13801,#13826,.T.);
#13824 = VERTEX_POINT('',#13825);
#13825 = CARTESIAN_POINT('',(5.155291855335,13.927326369286,
    20.711155569553));
#13826 = LINE('',#13827,#13828);
#13827 = CARTESIAN_POINT('',(5.155291855335,13.927326369286,
    20.711155569553));
#13828 = VECTOR('',#13829,1.);
#13829 = DIRECTION('',(0.173659794007,-0.984805704667,0.));
#13830 = ORIENTED_EDGE('',*,*,#13809,.F.);
#13831 = ORIENTED_EDGE('',*,*,#13832,.T.);
#13832 = EDGE_CURVE('',#13778,#13824,#13833,.T.);
#13833 = LINE('',#13834,#13835);
#13834 = CARTESIAN_POINT('',(3.762945580482,14.417904770374,
    20.711155569553));
#13835 = VECTOR('',#13836,1.);
#13836 = DIRECTION('',(0.943168340836,-0.332315333449,0.));
#13837 = PLANE('',#13838);
#13838 = AXIS2_PLACEMENT_3D('',#13839,#13840,#13841);
#13839 = CARTESIAN_POINT('',(6.351112233612,5.189887484997,
    20.711155569553));
#13840 = DIRECTION('',(-0.,-0.,-1.));
#13841 = DIRECTION('',(-1.,0.,0.));
#13842 = ADVANCED_FACE('',(#13843),#13860,.T.);
#13843 = FACE_BOUND('',#13844,.T.);
#13844 = EDGE_LOOP('',(#13845,#13853,#13854));
#13845 = ORIENTED_EDGE('',*,*,#13846,.T.);
#13846 = EDGE_CURVE('',#13847,#13801,#13849,.T.);
#13847 = VERTEX_POINT('',#13848);
#13848 = CARTESIAN_POINT('',(9.410516011715,-3.413111147285,
    20.711155569553));
#13849 = LINE('',#13850,#13851);
#13850 = CARTESIAN_POINT('',(9.410516011715,-3.413111147285,
    20.711155569553));
#13851 = VECTOR('',#13852,1.);
#13852 = DIRECTION('',(-0.682196472406,-0.731168908692,0.));
#13853 = ORIENTED_EDGE('',*,*,#13823,.F.);
#13854 = ORIENTED_EDGE('',*,*,#13855,.T.);
#13855 = EDGE_CURVE('',#13824,#13847,#13856,.T.);
#13856 = LINE('',#13857,#13858);
#13857 = CARTESIAN_POINT('',(5.155291855335,13.927326369286,
    20.711155569553));
#13858 = VECTOR('',#13859,1.);
#13859 = DIRECTION('',(0.238322391914,-0.97118609829,0.));
#13860 = PLANE('',#13861);
#13861 = AXIS2_PLACEMENT_3D('',#13862,#13863,#13864);
#13862 = CARTESIAN_POINT('',(7.098317388134,4.634250225655,
    20.711155569553));
#13863 = DIRECTION('',(-0.,-0.,-1.));
#13864 = DIRECTION('',(-1.,0.,0.));
#13865 = ADVANCED_FACE('',(#13866),#13883,.T.);
#13866 = FACE_BOUND('',#13867,.T.);
#13867 = EDGE_LOOP('',(#13868,#13876,#13877));
#13868 = ORIENTED_EDGE('',*,*,#13869,.T.);
#13869 = EDGE_CURVE('',#13870,#13847,#13872,.T.);
#13870 = VERTEX_POINT('',#13871);
#13871 = CARTESIAN_POINT('',(6.470832771063,13.257511997223,
    20.711155569553));
#13872 = LINE('',#13873,#13874);
#13873 = CARTESIAN_POINT('',(6.470832771063,13.257511997223,
    20.711155569553));
#13874 = VECTOR('',#13875,1.);
#13875 = DIRECTION('',(0.173659784935,-0.984805706267,0.));
#13876 = ORIENTED_EDGE('',*,*,#13855,.F.);
#13877 = ORIENTED_EDGE('',*,*,#13878,.T.);
#13878 = EDGE_CURVE('',#13824,#13870,#13879,.T.);
#13879 = LINE('',#13880,#13881);
#13880 = CARTESIAN_POINT('',(5.155291855335,13.927326369286,
    20.711155569553));
#13881 = VECTOR('',#13882,1.);
#13882 = DIRECTION('',(0.891139985393,-0.453728472144,0.));
#13883 = PLANE('',#13884);
#13884 = AXIS2_PLACEMENT_3D('',#13885,#13886,#13887);
#13885 = CARTESIAN_POINT('',(7.530146948081,5.440116335482,
    20.711155569553));
#13886 = DIRECTION('',(-0.,-0.,-1.));
#13887 = DIRECTION('',(-1.,0.,0.));
#13888 = ADVANCED_FACE('',(#13889),#13906,.T.);
#13889 = FACE_BOUND('',#13890,.T.);
#13890 = EDGE_LOOP('',(#13891,#13899,#13900));
#13891 = ORIENTED_EDGE('',*,*,#13892,.T.);
#13892 = EDGE_CURVE('',#13893,#13847,#13895,.T.);
#13893 = VERTEX_POINT('',#13894);
#13894 = CARTESIAN_POINT('',(10.266554027796,-2.210408169031,
    20.711155569553));
#13895 = LINE('',#13896,#13897);
#13896 = CARTESIAN_POINT('',(10.266554027796,-2.210408169031,
    20.711155569553));
#13897 = VECTOR('',#13898,1.);
#13898 = DIRECTION('',(-0.579875802986,-0.814704887128,0.));
#13899 = ORIENTED_EDGE('',*,*,#13869,.F.);
#13900 = ORIENTED_EDGE('',*,*,#13901,.T.);
#13901 = EDGE_CURVE('',#13870,#13893,#13902,.T.);
#13902 = LINE('',#13903,#13904);
#13903 = CARTESIAN_POINT('',(6.470832771063,13.257511997223,
    20.711155569553));
#13904 = VECTOR('',#13905,1.);
#13905 = DIRECTION('',(0.238322391034,-0.971186098506,0.));
#13906 = PLANE('',#13907);
#13907 = AXIS2_PLACEMENT_3D('',#13908,#13909,#13910);
#13908 = CARTESIAN_POINT('',(8.220850284073,4.86861650923,
    20.711155569553));
#13909 = DIRECTION('',(-0.,-0.,-1.));
#13910 = DIRECTION('',(-1.,0.,0.));
#13911 = ADVANCED_FACE('',(#13912),#13929,.T.);
#13912 = FACE_BOUND('',#13913,.T.);
#13913 = EDGE_LOOP('',(#13914,#13922,#13923));
#13914 = ORIENTED_EDGE('',*,*,#13915,.T.);
#13915 = EDGE_CURVE('',#13916,#13893,#13918,.T.);
#13916 = VERTEX_POINT('',#13917);
#13917 = CARTESIAN_POINT('',(7.686613696814,12.420151680708,
    20.711155569553));
#13918 = LINE('',#13919,#13920);
#13919 = CARTESIAN_POINT('',(7.686613696814,12.420151680708,
    20.711155569553));
#13920 = VECTOR('',#13921,1.);
#13921 = DIRECTION('',(0.173659790423,-0.984805705299,0.));
#13922 = ORIENTED_EDGE('',*,*,#13901,.F.);
#13923 = ORIENTED_EDGE('',*,*,#13924,.T.);
#13924 = EDGE_CURVE('',#13870,#13916,#13925,.T.);
#13925 = LINE('',#13926,#13927);
#13926 = CARTESIAN_POINT('',(6.470832771063,13.257511997223,
    20.711155569553));
#13927 = VECTOR('',#13928,1.);
#13928 = DIRECTION('',(0.8235638185,-0.567223621561,0.));
#13929 = PLANE('',#13930);
#13930 = AXIS2_PLACEMENT_3D('',#13931,#13932,#13933);
#13931 = CARTESIAN_POINT('',(8.589611765726,5.665498336565,
    20.711155569553));
#13932 = DIRECTION('',(-0.,-0.,-1.));
#13933 = DIRECTION('',(-1.,0.,0.));
#13934 = ADVANCED_FACE('',(#13935),#13952,.T.);
#13935 = FACE_BOUND('',#13936,.T.);
#13936 = EDGE_LOOP('',(#13937,#13945,#13946));
#13937 = ORIENTED_EDGE('',*,*,#13938,.T.);
#13938 = EDGE_CURVE('',#13939,#13893,#13941,.T.);
#13939 = VERTEX_POINT('',#13940);
#13940 = CARTESIAN_POINT('',(10.956605476141,-0.90536910668,
    20.711155569553));
#13941 = LINE('',#13942,#13943);
#13942 = CARTESIAN_POINT('',(10.956605476141,-0.90536910668,
    20.711155569553));
#13943 = VECTOR('',#13944,1.);
#13944 = DIRECTION('',(-0.467437086114,-0.884026340402,0.));
#13945 = ORIENTED_EDGE('',*,*,#13915,.F.);
#13946 = ORIENTED_EDGE('',*,*,#13947,.T.);
#13947 = EDGE_CURVE('',#13916,#13939,#13948,.T.);
#13948 = LINE('',#13949,#13950);
#13949 = CARTESIAN_POINT('',(7.686613696814,12.420151680708,
    20.711155569553));
#13950 = VECTOR('',#13951,1.);
#13951 = DIRECTION('',(0.238322432264,-0.971186088389,0.));
#13952 = PLANE('',#13953);
#13953 = AXIS2_PLACEMENT_3D('',#13954,#13955,#13956);
#13954 = CARTESIAN_POINT('',(9.214417382696,5.075499839257,
    20.711155569553));
#13955 = DIRECTION('',(-0.,-0.,-1.));
#13956 = DIRECTION('',(-1.,0.,0.));
#13957 = ADVANCED_FACE('',(#13958),#13975,.T.);
#13958 = FACE_BOUND('',#13959,.T.);
#13959 = EDGE_LOOP('',(#13960,#13968,#13969));
#13960 = ORIENTED_EDGE('',*,*,#13961,.T.);
#13961 = EDGE_CURVE('',#13962,#13939,#13964,.T.);
#13962 = VERTEX_POINT('',#13963);
#13963 = CARTESIAN_POINT('',(8.781422567368,11.429853600264,
    20.711155569553));
#13964 = LINE('',#13965,#13966);
#13965 = CARTESIAN_POINT('',(8.781422567368,11.429853600264,
    20.711155569553));
#13966 = VECTOR('',#13967,1.);
#13967 = DIRECTION('',(0.173659817825,-0.984805700467,0.));
#13968 = ORIENTED_EDGE('',*,*,#13947,.F.);
#13969 = ORIENTED_EDGE('',*,*,#13970,.T.);
#13970 = EDGE_CURVE('',#13916,#13962,#13971,.T.);
#13971 = LINE('',#13972,#13973);
#13972 = CARTESIAN_POINT('',(7.686613696814,12.420151680708,
    20.711155569553));
#13973 = VECTOR('',#13974,1.);
#13974 = DIRECTION('',(0.741617760456,-0.670822701894,0.));
#13975 = PLANE('',#13976);
#13976 = AXIS2_PLACEMENT_3D('',#13977,#13978,#13979);
#13977 = CARTESIAN_POINT('',(9.511020921654,5.862103158296,
    20.711155569553));
#13978 = DIRECTION('',(-0.,-0.,-1.));
#13979 = DIRECTION('',(-1.,0.,0.));
#13980 = ADVANCED_FACE('',(#13981),#13998,.T.);
#13981 = FACE_BOUND('',#13982,.T.);
#13982 = EDGE_LOOP('',(#13983,#13991,#13992));
#13983 = ORIENTED_EDGE('',*,*,#13984,.T.);
#13984 = EDGE_CURVE('',#13985,#13939,#13987,.T.);
#13985 = VERTEX_POINT('',#13986);
#13986 = CARTESIAN_POINT('',(11.468629091978,0.479235023633,
    20.711155569553));
#13987 = LINE('',#13988,#13989);
#13988 = CARTESIAN_POINT('',(11.468629091978,0.479235023633,
    20.711155569553));
#13989 = VECTOR('',#13990,1.);
#13990 = DIRECTION('',(-0.346842097196,-0.937923536123,0.));
#13991 = ORIENTED_EDGE('',*,*,#13961,.F.);
#13992 = ORIENTED_EDGE('',*,*,#13993,.T.);
#13993 = EDGE_CURVE('',#13962,#13985,#13994,.T.);
#13994 = LINE('',#13995,#13996);
#13995 = CARTESIAN_POINT('',(8.781422567368,11.429853600264,
    20.711155569553));
#13996 = VECTOR('',#13997,1.);
#13997 = DIRECTION('',(0.238322392587,-0.971186098125,0.));
#13998 = PLANE('',#13999);
#13999 = AXIS2_PLACEMENT_3D('',#14000,#14001,#14002);
#14000 = CARTESIAN_POINT('',(10.061682992561,5.251290345746,
    20.711155569553));
#14001 = DIRECTION('',(-0.,-0.,-1.));
#14002 = DIRECTION('',(-1.,0.,0.));
#14003 = ADVANCED_FACE('',(#14004),#14021,.T.);
#14004 = FACE_BOUND('',#14005,.T.);
#14005 = EDGE_LOOP('',(#14006,#14014,#14015));
#14006 = ORIENTED_EDGE('',*,*,#14007,.T.);
#14007 = EDGE_CURVE('',#14008,#13985,#14010,.T.);
#14008 = VERTEX_POINT('',#14009);
#14009 = CARTESIAN_POINT('',(9.736157017946,10.303896558285,
    20.711155569553));
#14010 = LINE('',#14011,#14012);
#14011 = CARTESIAN_POINT('',(9.736157017946,10.303896558285,
    20.711155569553));
#14012 = VECTOR('',#14013,1.);
#14013 = DIRECTION('',(0.173659762753,-0.984805710179,0.));
#14014 = ORIENTED_EDGE('',*,*,#13993,.F.);
#14015 = ORIENTED_EDGE('',*,*,#14016,.T.);
#14016 = EDGE_CURVE('',#13962,#14008,#14017,.T.);
#14017 = LINE('',#14018,#14019);
#14018 = CARTESIAN_POINT('',(8.781422567368,11.429853600264,
    20.711155569553));
#14019 = VECTOR('',#14020,1.);
#14020 = DIRECTION('',(0.646732029972,-0.762717301108,0.));
#14021 = PLANE('',#14022);
#14022 = AXIS2_PLACEMENT_3D('',#14023,#14024,#14025);
#14023 = CARTESIAN_POINT('',(10.278297390138,6.026499147136,
    20.711155569553));
#14024 = DIRECTION('',(-0.,-0.,-1.));
#14025 = DIRECTION('',(-1.,0.,0.));
#14026 = ADVANCED_FACE('',(#14027),#14044,.T.);
#14027 = FACE_BOUND('',#14028,.T.);
#14028 = EDGE_LOOP('',(#14029,#14037,#14038));
#14029 = ORIENTED_EDGE('',*,*,#14030,.T.);
#14030 = EDGE_CURVE('',#14031,#13985,#14033,.T.);
#14031 = VERTEX_POINT('',#14032);
#14032 = CARTESIAN_POINT('',(11.793692523241,1.919245474041,
    20.711155569553));
#14033 = LINE('',#14034,#14035);
#14034 = CARTESIAN_POINT('',(11.793692523241,1.919245474041,
    20.711155569553));
#14035 = VECTOR('',#14036,1.);
#14036 = DIRECTION('',(-0.220196276801,-0.975455585705,0.));
#14037 = ORIENTED_EDGE('',*,*,#14007,.F.);
#14038 = ORIENTED_EDGE('',*,*,#14039,.T.);
#14039 = EDGE_CURVE('',#14008,#14031,#14040,.T.);
#14040 = LINE('',#14041,#14042);
#14041 = CARTESIAN_POINT('',(9.736157017946,10.303896558285,
    20.711155569553));
#14042 = VECTOR('',#14043,1.);
#14043 = DIRECTION('',(0.238322366909,-0.971186104426,0.));
#14044 = PLANE('',#14045);
#14045 = AXIS2_PLACEMENT_3D('',#14046,#14047,#14048);
#14046 = CARTESIAN_POINT('',(10.747864036194,5.392920339219,
    20.711155569553));
#14047 = DIRECTION('',(-0.,-0.,-1.));
#14048 = DIRECTION('',(-1.,0.,0.));
#14049 = ADVANCED_FACE('',(#14050),#14067,.T.);
#14050 = FACE_BOUND('',#14051,.T.);
#14051 = EDGE_LOOP('',(#14052,#14060,#14061));
#14052 = ORIENTED_EDGE('',*,*,#14053,.T.);
#14053 = EDGE_CURVE('',#14054,#14031,#14056,.T.);
#14054 = VERTEX_POINT('',#14055);
#14055 = CARTESIAN_POINT('',(10.534158211946,9.061926430464,
    20.711155569553));
#14056 = LINE('',#14057,#14058);
#14057 = CARTESIAN_POINT('',(10.534158211946,9.061926430464,
    20.711155569553));
#14058 = VECTOR('',#14059,1.);
#14059 = DIRECTION('',(0.173659803707,-0.984805702957,0.));
#14060 = ORIENTED_EDGE('',*,*,#14039,.F.);
#14061 = ORIENTED_EDGE('',*,*,#14062,.T.);
#14062 = EDGE_CURVE('',#14008,#14054,#14063,.T.);
#14063 = LINE('',#14064,#14065);
#14064 = CARTESIAN_POINT('',(9.736157017946,10.303896558285,
    20.711155569553));
#14065 = VECTOR('',#14066,1.);
#14066 = DIRECTION('',(0.540561934083,-0.841304222871,0.));
#14067 = PLANE('',#14068);
#14068 = AXIS2_PLACEMENT_3D('',#14069,#14070,#14071);
#14069 = CARTESIAN_POINT('',(10.878054238074,6.155817818459,
    20.711155569553));
#14070 = DIRECTION('',(-0.,-0.,-1.));
#14071 = DIRECTION('',(-1.,0.,0.));
#14072 = ADVANCED_FACE('',(#14073),#14090,.T.);
#14073 = FACE_BOUND('',#14074,.T.);
#14074 = EDGE_LOOP('',(#14075,#14083,#14084));
#14075 = ORIENTED_EDGE('',*,*,#14076,.T.);
#14076 = EDGE_CURVE('',#14077,#14031,#14079,.T.);
#14077 = VERTEX_POINT('',#14078);
#14078 = CARTESIAN_POINT('',(11.926123726368,3.38953768611,
    20.711155569553));
#14079 = LINE('',#14080,#14081);
#14080 = CARTESIAN_POINT('',(11.926123726368,3.38953768611,
    20.711155569553));
#14081 = VECTOR('',#14082,1.);
#14082 = DIRECTION('',(-8.970818973554E-02,-0.995968092207,0.));
#14083 = ORIENTED_EDGE('',*,*,#14053,.F.);
#14084 = ORIENTED_EDGE('',*,*,#14085,.T.);
#14085 = EDGE_CURVE('',#14054,#14077,#14086,.T.);
#14086 = LINE('',#14087,#14088);
#14087 = CARTESIAN_POINT('',(10.534158211946,9.061926430464,
    20.711155569553));
#14088 = VECTOR('',#14089,1.);
#14089 = DIRECTION('',(0.238322442377,-0.971186085907,0.));
#14090 = PLANE('',#14091);
#14091 = AXIS2_PLACEMENT_3D('',#14092,#14093,#14094);
#14092 = CARTESIAN_POINT('',(11.260988052982,5.497918828652,
    20.711155569553));
#14093 = DIRECTION('',(-0.,-0.,-1.));
#14094 = DIRECTION('',(-1.,0.,0.));
#14095 = ADVANCED_FACE('',(#14096),#14113,.T.);
#14096 = FACE_BOUND('',#14097,.T.);
#14097 = EDGE_LOOP('',(#14098,#14106,#14107));
#14098 = ORIENTED_EDGE('',*,*,#14099,.T.);
#14099 = EDGE_CURVE('',#14100,#14077,#14102,.T.);
#14100 = VERTEX_POINT('',#14101);
#14101 = CARTESIAN_POINT('',(11.161503791809,7.72561249733,
    20.711155569553));
#14102 = LINE('',#14103,#14104);
#14103 = CARTESIAN_POINT('',(11.161503791809,7.72561249733,
    20.711155569553));
#14104 = VECTOR('',#14105,1.);
#14105 = DIRECTION('',(0.173659842082,-0.98480569619,0.));
#14106 = ORIENTED_EDGE('',*,*,#14085,.F.);
#14107 = ORIENTED_EDGE('',*,*,#14108,.T.);
#14108 = EDGE_CURVE('',#14054,#14100,#14109,.T.);
#14109 = LINE('',#14110,#14111);
#14110 = CARTESIAN_POINT('',(10.534158211946,9.061926430464,
    20.711155569553));
#14111 = VECTOR('',#14112,1.);
#14112 = DIRECTION('',(0.424960526672,-0.9052118817,0.));
#14113 = PLANE('',#14114);
#14114 = AXIS2_PLACEMENT_3D('',#14115,#14116,#14117);
#14115 = CARTESIAN_POINT('',(11.299826754713,6.247803456529,
    20.711155569553));
#14116 = DIRECTION('',(-0.,-0.,-1.));
#14117 = DIRECTION('',(-1.,0.,0.));
#14118 = ADVANCED_FACE('',(#14119),#14136,.T.);
#14119 = FACE_BOUND('',#14120,.T.);
#14120 = EDGE_LOOP('',(#14121,#14129,#14130));
#14121 = ORIENTED_EDGE('',*,*,#14122,.T.);
#14122 = EDGE_CURVE('',#14123,#14077,#14125,.T.);
#14123 = VERTEX_POINT('',#14124);
#14124 = CARTESIAN_POINT('',(11.863611644506,4.864457499981,
    20.711155569553));
#14125 = LINE('',#14126,#14127);
#14126 = CARTESIAN_POINT('',(11.863611644506,4.864457499981,
    20.711155569553));
#14127 = VECTOR('',#14128,1.);
#14128 = DIRECTION('',(4.234536006459E-02,-0.999103032966,0.));
#14129 = ORIENTED_EDGE('',*,*,#14099,.F.);
#14130 = ORIENTED_EDGE('',*,*,#14131,.T.);
#14131 = EDGE_CURVE('',#14100,#14123,#14132,.T.);
#14132 = LINE('',#14133,#14134);
#14133 = CARTESIAN_POINT('',(11.161503791809,7.72561249733,
    20.711155569553));
#14134 = VECTOR('',#14135,1.);
#14135 = DIRECTION('',(0.238322419419,-0.971186091541,0.));
#14136 = PLANE('',#14137);
#14137 = AXIS2_PLACEMENT_3D('',#14138,#14139,#14140);
#14138 = CARTESIAN_POINT('',(11.592102374427,5.564453807271,
    20.711155569553));
#14139 = DIRECTION('',(-0.,-0.,-1.));
#14140 = DIRECTION('',(-1.,0.,0.));
#14141 = ADVANCED_FACE('',(#14142),#14159,.T.);
#14142 = FACE_BOUND('',#14143,.T.);
#14143 = EDGE_LOOP('',(#14144,#14152,#14153));
#14144 = ORIENTED_EDGE('',*,*,#14145,.T.);
#14145 = EDGE_CURVE('',#14146,#14123,#14148,.T.);
#14146 = VERTEX_POINT('',#14147);
#14147 = CARTESIAN_POINT('',(11.607247084379,6.318271225691,
    20.711155569553));
#14148 = LINE('',#14149,#14150);
#14149 = CARTESIAN_POINT('',(11.607247084379,6.318271225691,
    20.711155569553));
#14150 = VECTOR('',#14151,1.);
#14151 = DIRECTION('',(0.173659986904,-0.984805670652,0.));
#14152 = ORIENTED_EDGE('',*,*,#14131,.F.);
#14153 = ORIENTED_EDGE('',*,*,#14154,.T.);
#14154 = EDGE_CURVE('',#14100,#14146,#14155,.T.);
#14155 = LINE('',#14156,#14157);
#14156 = CARTESIAN_POINT('',(11.161503791809,7.72561249733,
    20.711155569553));
#14157 = VECTOR('',#14158,1.);
#14158 = DIRECTION('',(0.301944172589,-0.953325608929,0.));
#14159 = PLANE('',#14160);
#14160 = AXIS2_PLACEMENT_3D('',#14161,#14162,#14163);
#14161 = CARTESIAN_POINT('',(11.536255936637,6.300850379378,
    20.711155569553));
#14162 = DIRECTION('',(-0.,-0.,-1.));
#14163 = DIRECTION('',(-1.,0.,0.));
#14164 = ADVANCED_FACE('',(#14165),#14187,.T.);
#14165 = FACE_BOUND('',#14166,.T.);
#14166 = EDGE_LOOP('',(#14167,#14173,#14181));
#14167 = ORIENTED_EDGE('',*,*,#14168,.T.);
#14168 = EDGE_CURVE('',#13241,#3840,#14169,.T.);
#14169 = LINE('',#14170,#14171);
#14170 = CARTESIAN_POINT('',(0.660618733242,-7.520836055279,
    20.711155569553));
#14171 = VECTOR('',#14172,1.);
#14172 = DIRECTION('',(0.,0.,1.));
#14173 = ORIENTED_EDGE('',*,*,#14174,.T.);
#14174 = EDGE_CURVE('',#3840,#14175,#14177,.T.);
#14175 = VERTEX_POINT('',#14176);
#14176 = CARTESIAN_POINT('',(1.200814599544,-7.512255698442,
    11.694155842066));
#14177 = LINE('',#14178,#14179);
#14178 = CARTESIAN_POINT('',(0.660618733242,-7.520836055279,
    28.839155387878));
#14179 = VECTOR('',#14180,1.);
#14180 = DIRECTION('',(3.149185654257E-02,5.002099857285E-04,
    -0.999503883315));
#14181 = ORIENTED_EDGE('',*,*,#14182,.T.);
#14182 = EDGE_CURVE('',#14175,#13241,#14183,.T.);
#14183 = LINE('',#14184,#14185);
#14184 = CARTESIAN_POINT('',(1.200814599544,-7.512255698442,
    11.694155842066));
#14185 = VECTOR('',#14186,1.);
#14186 = DIRECTION('',(-5.980135837156E-02,-9.498721225645E-04,
    0.998209845313));
#14187 = PLANE('',#14188);
#14188 = AXIS2_PLACEMENT_3D('',#14189,#14190,#14191);
#14189 = CARTESIAN_POINT('',(0.866739501192,-7.517562076615,
    20.264740457436));
#14190 = DIRECTION('',(-1.588178508362E-02,0.999873876498,0.));
#14191 = DIRECTION('',(0.999873876498,1.588178508362E-02,0.));
#14192 = ADVANCED_FACE('',(#14193),#14210,.T.);
#14193 = FACE_BOUND('',#14194,.T.);
#14194 = EDGE_LOOP('',(#14195,#14203,#14204));
#14195 = ORIENTED_EDGE('',*,*,#14196,.T.);
#14196 = EDGE_CURVE('',#14197,#13241,#14199,.T.);
#14197 = VERTEX_POINT('',#14198);
#14198 = CARTESIAN_POINT('',(-0.300546703301,-7.471425765753,
    11.694155842066));
#14199 = LINE('',#14200,#14201);
#14200 = CARTESIAN_POINT('',(-0.300546703301,-7.471425765753,
    11.694155842066));
#14201 = VECTOR('',#14202,1.);
#14202 = DIRECTION('',(0.105992766595,-5.448732430421E-03,0.994351972264
    ));
#14203 = ORIENTED_EDGE('',*,*,#14182,.F.);
#14204 = ORIENTED_EDGE('',*,*,#14205,.T.);
#14205 = EDGE_CURVE('',#14175,#14197,#14206,.T.);
#14206 = LINE('',#14207,#14208);
#14207 = CARTESIAN_POINT('',(1.200814599544,-7.512255698442,
    11.694155842066));
#14208 = VECTOR('',#14209,1.);
#14209 = DIRECTION('',(-0.999630413516,2.718522345091E-02,0.));
#14210 = PLANE('',#14211);
#14211 = AXIS2_PLACEMENT_3D('',#14212,#14213,#14214);
#14212 = CARTESIAN_POINT('',(0.546642112048,-7.505209399581,
    15.857234863085));
#14213 = DIRECTION('',(2.718513298384E-02,0.999627086942,
    2.579844102805E-03));
#14214 = DIRECTION('',(0.999630413516,-2.718522345092E-02,
    -3.003240017785E-17));
#14215 = ADVANCED_FACE('',(#14216),#14226,.T.);
#14216 = FACE_BOUND('',#14217,.T.);
#14217 = EDGE_LOOP('',(#14218,#14219,#14220));
#14218 = ORIENTED_EDGE('',*,*,#13271,.F.);
#14219 = ORIENTED_EDGE('',*,*,#14196,.F.);
#14220 = ORIENTED_EDGE('',*,*,#14221,.T.);
#14221 = EDGE_CURVE('',#14197,#13263,#14222,.T.);
#14222 = LINE('',#14223,#14224);
#14223 = CARTESIAN_POINT('',(-0.300546703301,-7.471425765753,
    11.694155842066));
#14224 = VECTOR('',#14225,1.);
#14225 = DIRECTION('',(-5.657832221258E-02,6.676276672876E-03,
    0.998375841447));
#14226 = PLANE('',#14227);
#14227 = AXIS2_PLACEMENT_3D('',#14228,#14229,#14230);
#14228 = CARTESIAN_POINT('',(-0.178830520944,-7.468549804751,
    16.542643589321));
#14229 = DIRECTION('',(7.43155313837E-02,0.997231750532,
    -2.457137774835E-03));
#14230 = DIRECTION('',(0.997234760952,-7.431575572569E-02,
    2.000353008236E-17));
#14231 = ADVANCED_FACE('',(#14232),#14249,.T.);
#14232 = FACE_BOUND('',#14233,.T.);
#14233 = EDGE_LOOP('',(#14234,#14242,#14243));
#14234 = ORIENTED_EDGE('',*,*,#14235,.T.);
#14235 = EDGE_CURVE('',#14236,#13263,#14238,.T.);
#14236 = VERTEX_POINT('',#14237);
#14237 = CARTESIAN_POINT('',(-1.782876087725,-7.229654246569,
    11.694155842066));
#14238 = LINE('',#14239,#14240);
#14239 = CARTESIAN_POINT('',(-1.782876087725,-7.229654246569,
    11.694155842066));
#14240 = VECTOR('',#14241,1.);
#14241 = DIRECTION('',(0.107081327068,-2.000595000143E-02,0.99404896829)
  );
#14242 = ORIENTED_EDGE('',*,*,#14221,.F.);
#14243 = ORIENTED_EDGE('',*,*,#14244,.T.);
#14244 = EDGE_CURVE('',#14197,#14236,#14245,.T.);
#14245 = LINE('',#14246,#14247);
#14246 = CARTESIAN_POINT('',(-0.300546703301,-7.471425765753,
    11.694155842066));
#14247 = VECTOR('',#14248,1.);
#14248 = DIRECTION('',(-0.986958432735,0.160975315042,0.));
#14249 = PLANE('',#14250);
#14250 = AXIS2_PLACEMENT_3D('',#14251,#14252,#14253);
#14251 = CARTESIAN_POINT('',(-0.936187152637,-7.378391887248,
    15.857257030534));
#14252 = DIRECTION('',(0.160974802859,0.986955292483,2.52259476177E-03)
  );
#14253 = DIRECTION('',(0.986958432735,-0.160975315042,6.999609225566E-16
    ));
#14254 = ADVANCED_FACE('',(#14255),#14265,.T.);
#14255 = FACE_BOUND('',#14256,.T.);
#14256 = EDGE_LOOP('',(#14257,#14258,#14259));
#14257 = ORIENTED_EDGE('',*,*,#13317,.F.);
#14258 = ORIENTED_EDGE('',*,*,#14235,.F.);
#14259 = ORIENTED_EDGE('',*,*,#14260,.T.);
#14260 = EDGE_CURVE('',#14236,#13309,#14261,.T.);
#14261 = LINE('',#14262,#14263);
#14262 = CARTESIAN_POINT('',(-1.782876087725,-7.229654246569,
    11.694155842066));
#14263 = VECTOR('',#14264,1.);
#14264 = DIRECTION('',(-5.243786686734E-02,1.343379908679E-02,
    0.998533826748));
#14265 = PLANE('',#14266);
#14266 = AXIS2_PLACEMENT_3D('',#14267,#14268,#14269);
#14267 = CARTESIAN_POINT('',(-1.648288520019,-7.245986723326,
    16.542620347965));
#14268 = DIRECTION('',(0.205103732779,0.978737306801,-2.3964717476E-03)
  );
#14269 = DIRECTION('',(0.978740117294,-0.205104321745,
    -9.400032835449E-16));
#14270 = ADVANCED_FACE('',(#14271),#14288,.T.);
#14271 = FACE_BOUND('',#14272,.T.);
#14272 = EDGE_LOOP('',(#14273,#14281,#14282));
#14273 = ORIENTED_EDGE('',*,*,#14274,.T.);
#14274 = EDGE_CURVE('',#14275,#13309,#14277,.T.);
#14275 = VERTEX_POINT('',#14276);
#14276 = CARTESIAN_POINT('',(-3.219402495027,-6.791311937571,
    11.694155842066));
#14277 = LINE('',#14278,#14279);
#14278 = CARTESIAN_POINT('',(-3.219402495027,-6.791311937571,
    11.694155842066));
#14279 = VECTOR('',#14280,1.);
#14280 = DIRECTION('',(0.106129522145,-3.493919597399E-02,0.993738284013
    ));
#14281 = ORIENTED_EDGE('',*,*,#14260,.F.);
#14282 = ORIENTED_EDGE('',*,*,#14283,.T.);
#14283 = EDGE_CURVE('',#14236,#14275,#14284,.T.);
#14284 = LINE('',#14285,#14286);
#14285 = CARTESIAN_POINT('',(-1.782876087725,-7.229654246569,
    11.694155842066));
#14286 = VECTOR('',#14287,1.);
#14287 = DIRECTION('',(-0.956462459367,0.291855381689,0.));
#14288 = PLANE('',#14289);
#14289 = AXIS2_PLACEMENT_3D('',#14290,#14291,#14292);
#14290 = CARTESIAN_POINT('',(-2.38894320617,-7.055421571411,
    15.857281943038));
#14291 = DIRECTION('',(0.291854499347,0.956459567776,2.458946955528E-03)
  );
#14292 = DIRECTION('',(0.956462459368,-0.291855381689,1.490019045647E-15
    ));
#14293 = ADVANCED_FACE('',(#14294),#14304,.T.);
#14294 = FACE_BOUND('',#14295,.T.);
#14295 = EDGE_LOOP('',(#14296,#14297,#14298));
#14296 = ORIENTED_EDGE('',*,*,#13363,.F.);
#14297 = ORIENTED_EDGE('',*,*,#14274,.F.);
#14298 = ORIENTED_EDGE('',*,*,#14299,.T.);
#14299 = EDGE_CURVE('',#14275,#13355,#14300,.T.);
#14300 = LINE('',#14301,#14302);
#14301 = CARTESIAN_POINT('',(-3.219402495027,-6.791311937571,
    11.694155842066));
#14302 = VECTOR('',#14303,1.);
#14303 = DIRECTION('',(-4.755258377614E-02,1.922125950495E-02,
    0.998683781264));
#14304 = PLANE('',#14305);
#14305 = AXIS2_PLACEMENT_3D('',#14306,#14307,#14308);
#14306 = CARTESIAN_POINT('',(-3.075131042983,-6.830169432453,
    16.542594648828));
#14307 = DIRECTION('',(0.332314351427,0.943165810072,-2.329494880165E-03
    ));
#14308 = DIRECTION('',(0.943168369149,-0.33231525309,6.997440821221E-16)
  );
#14309 = ADVANCED_FACE('',(#14310),#14327,.T.);
#14310 = FACE_BOUND('',#14311,.T.);
#14311 = EDGE_LOOP('',(#14312,#14320,#14321));
#14312 = ORIENTED_EDGE('',*,*,#14313,.T.);
#14313 = EDGE_CURVE('',#14314,#13355,#14316,.T.);
#14314 = VERTEX_POINT('',#14315);
#14315 = CARTESIAN_POINT('',(-4.58418186605,-6.164311918616,
    11.694155842066));
#14316 = LINE('',#14317,#14318);
#14317 = CARTESIAN_POINT('',(-4.58418186605,-6.164311918616,
    11.694155842066));
#14318 = VECTOR('',#14319,1.);
#14319 = DIRECTION('',(0.103058384229,-4.995783144006E-02,0.993419943688
    ));
#14320 = ORIENTED_EDGE('',*,*,#14299,.F.);
#14321 = ORIENTED_EDGE('',*,*,#14322,.T.);
#14322 = EDGE_CURVE('',#14275,#14314,#14323,.T.);
#14323 = LINE('',#14324,#14325);
#14324 = CARTESIAN_POINT('',(-3.219402495027,-6.791311937571,
    11.694155842066));
#14325 = VECTOR('',#14326,1.);
#14326 = DIRECTION('',(-0.908692194188,0.417466760618,0.));
#14327 = PLANE('',#14328);
#14328 = AXIS2_PLACEMENT_3D('',#14329,#14330,#14331);
#14329 = CARTESIAN_POINT('',(-3.785794623658,-6.542046066188,
    15.85730930099));
#14330 = DIRECTION('',(0.417465569755,0.908689602059,2.3885516853E-03));
#14331 = DIRECTION('',(0.908692194189,-0.417466760618,5.198749417068E-16
    ));
#14332 = ADVANCED_FACE('',(#14333),#14343,.T.);
#14333 = FACE_BOUND('',#14334,.T.);
#14334 = EDGE_LOOP('',(#14335,#14336,#14337));
#14335 = ORIENTED_EDGE('',*,*,#13409,.F.);
#14336 = ORIENTED_EDGE('',*,*,#14313,.F.);
#14337 = ORIENTED_EDGE('',*,*,#14338,.T.);
#14338 = EDGE_CURVE('',#14314,#13401,#14339,.T.);
#14339 = LINE('',#14340,#14341);
#14340 = CARTESIAN_POINT('',(-4.58418186605,-6.164311918616,
    11.694155842066));
#14341 = VECTOR('',#14342,1.);
#14342 = DIRECTION('',(-4.210512824978E-02,2.396651284241E-02,
    0.99882569272));
#14343 = PLANE('',#14344);
#14344 = AXIS2_PLACEMENT_3D('',#14345,#14346,#14347);
#14345 = CARTESIAN_POINT('',(-4.434058730269,-6.228474192447,
    16.542566569578));
#14346 = DIRECTION('',(0.453726910415,0.891137925203,-2.255887880869E-03
    ));
#14347 = DIRECTION('',(0.891140192726,-0.453728064934,
    -1.820050186951E-15));
#14348 = ADVANCED_FACE('',(#14349),#14366,.T.);
#14349 = FACE_BOUND('',#14350,.T.);
#14350 = EDGE_LOOP('',(#14351,#14359,#14360));
#14351 = ORIENTED_EDGE('',*,*,#14352,.T.);
#14352 = EDGE_CURVE('',#14353,#13401,#14355,.T.);
#14353 = VERTEX_POINT('',#14354);
#14354 = CARTESIAN_POINT('',(-5.852567154169,-5.359978595376,
    11.694155842066));
#14355 = LINE('',#14356,#14357);
#14356 = CARTESIAN_POINT('',(-5.852567154169,-5.359978595376,
    11.694155842066));
#14357 = VECTOR('',#14358,1.);
#14358 = DIRECTION('',(9.783104733564E-02,-6.475686675941E-02,
    0.993093970571));
#14359 = ORIENTED_EDGE('',*,*,#14338,.F.);
#14360 = ORIENTED_EDGE('',*,*,#14361,.T.);
#14361 = EDGE_CURVE('',#14314,#14353,#14362,.T.);
#14362 = LINE('',#14363,#14364);
#14363 = CARTESIAN_POINT('',(-4.58418186605,-6.164311918616,
    11.694155842066));
#14364 = VECTOR('',#14365,1.);
#14365 = DIRECTION('',(-0.844511158143,0.535537957358,0.));
#14366 = PLANE('',#14367);
#14367 = AXIS2_PLACEMENT_3D('',#14368,#14369,#14370);
#14368 = CARTESIAN_POINT('',(-5.101905349303,-5.847398553266,
    15.857339067824));
#14369 = DIRECTION('',(0.535536526516,0.84450890179,2.311615237703E-03)
  );
#14370 = DIRECTION('',(0.844511158143,-0.535537957359,
    -1.479719125008E-15));
#14371 = ADVANCED_FACE('',(#14372),#14382,.T.);
#14372 = FACE_BOUND('',#14373,.T.);
#14373 = EDGE_LOOP('',(#14374,#14375,#14376));
#14374 = ORIENTED_EDGE('',*,*,#13455,.F.);
#14375 = ORIENTED_EDGE('',*,*,#14352,.F.);
#14376 = ORIENTED_EDGE('',*,*,#14377,.T.);
#14377 = EDGE_CURVE('',#14353,#13447,#14378,.T.);
#14378 = LINE('',#14379,#14380);
#14379 = CARTESIAN_POINT('',(-5.852567154169,-5.359978595376,
    11.694155842066));
#14380 = VECTOR('',#14381,1.);
#14381 = DIRECTION('',(-3.628288967306E-02,2.76286616739E-02,
    0.998959563231));
#14382 = PLANE('',#14383);
#14383 = AXIS2_PLACEMENT_3D('',#14384,#14385,#14386);
#14384 = CARTESIAN_POINT('',(-5.700977614408,-5.451576256828,
    16.54253559826));
#14385 = DIRECTION('',(0.567222398797,0.823561786757,-2.175705942674E-03
    ));
#14386 = DIRECTION('',(0.82356373601,-0.567223741331,5.698566618584E-16)
  );
#14387 = ADVANCED_FACE('',(#14388),#14405,.T.);
#14388 = FACE_BOUND('',#14389,.T.);
#14389 = EDGE_LOOP('',(#14390,#14398,#14399));
#14390 = ORIENTED_EDGE('',*,*,#14391,.T.);
#14391 = EDGE_CURVE('',#14392,#13447,#14394,.T.);
#14392 = VERTEX_POINT('',#14393);
#14393 = CARTESIAN_POINT('',(-7.00165066123,-4.392838016152,
    11.694155842066));
#14394 = LINE('',#14395,#14396);
#14395 = CARTESIAN_POINT('',(-7.00165066123,-4.392838016152,
    11.694155842066));
#14396 = VECTOR('',#14397,1.);
#14397 = DIRECTION('',(9.045492335737E-02,-7.902375790028E-02,
    0.992760370144));
#14398 = ORIENTED_EDGE('',*,*,#14377,.F.);
#14399 = ORIENTED_EDGE('',*,*,#14400,.T.);
#14400 = EDGE_CURVE('',#14353,#14392,#14401,.T.);
#14401 = LINE('',#14402,#14403);
#14402 = CARTESIAN_POINT('',(-5.852567154169,-5.359978595376,
    11.694155842066));
#14403 = VECTOR('',#14404,1.);
#14404 = DIRECTION('',(-0.765078049134,0.643937558101,0.));
#14405 = PLANE('',#14406);
#14406 = AXIS2_PLACEMENT_3D('',#14407,#14408,#14409);
#14407 = CARTESIAN_POINT('',(-6.31387518808,-4.983837499762,
    15.857371456426));
#14408 = DIRECTION('',(0.643935959642,0.765076149966,2.228145522562E-03)
  );
#14409 = DIRECTION('',(0.765078049134,-0.643937558101,6.403298030699E-16
    ));
#14410 = ADVANCED_FACE('',(#14411),#14421,.T.);
#14411 = FACE_BOUND('',#14412,.T.);
#14412 = EDGE_LOOP('',(#14413,#14414,#14415));
#14413 = ORIENTED_EDGE('',*,*,#13501,.F.);
#14414 = ORIENTED_EDGE('',*,*,#14391,.F.);
#14415 = ORIENTED_EDGE('',*,*,#14416,.T.);
#14416 = EDGE_CURVE('',#14392,#13493,#14417,.T.);
#14417 = LINE('',#14418,#14419);
#14418 = CARTESIAN_POINT('',(-7.00165066123,-4.392838016152,
    11.694155842066));
#14419 = VECTOR('',#14420,1.);
#14420 = DIRECTION('',(-3.027386036489E-02,3.019803879062E-02,
    0.99908536764));
#14421 = PLANE('',#14422);
#14422 = AXIS2_PLACEMENT_3D('',#14423,#14424,#14425);
#14423 = CARTESIAN_POINT('',(-6.853425830726,-4.513256897966,
    16.54250263897));
#14424 = DIRECTION('',(0.670821251765,0.74161613023,-2.088914351361E-03)
  );
#14425 = DIRECTION('',(0.74161774828,-0.670822715355,7.799750428861E-16)
  );
#14426 = ADVANCED_FACE('',(#14427),#14444,.T.);
#14427 = FACE_BOUND('',#14428,.T.);
#14428 = EDGE_LOOP('',(#14429,#14437,#14438));
#14429 = ORIENTED_EDGE('',*,*,#14430,.T.);
#14430 = EDGE_CURVE('',#14431,#13493,#14433,.T.);
#14431 = VERTEX_POINT('',#14432);
#14432 = CARTESIAN_POINT('',(-8.01067942977,-3.280358228087,
    11.694155842066));
#14433 = LINE('',#14434,#14435);
#14434 = CARTESIAN_POINT('',(-8.01067942977,-3.280358228087,
    11.694155842066));
#14435 = VECTOR('',#14436,1.);
#14436 = DIRECTION('',(8.098276133633E-02,-9.244399059862E-02,
    0.992419216344));
#14437 = ORIENTED_EDGE('',*,*,#14416,.F.);
#14438 = ORIENTED_EDGE('',*,*,#14439,.T.);
#14439 = EDGE_CURVE('',#14392,#14431,#14440,.T.);
#14440 = LINE('',#14441,#14442);
#14441 = CARTESIAN_POINT('',(-7.00165066123,-4.392838016152,
    11.694155842066));
#14442 = VECTOR('',#14443,1.);
#14443 = DIRECTION('',(-0.671827896799,0.740707281646,0.));
#14444 = PLANE('',#14445);
#14445 = AXIS2_PLACEMENT_3D('',#14446,#14447,#14448);
#14446 = CARTESIAN_POINT('',(-7.400157821056,-3.966723612076,
    15.85740665941));
#14447 = DIRECTION('',(0.740705588528,0.671826361126,2.138134651872E-03)
  );
#14448 = DIRECTION('',(-0.671827896799,0.740707281646,5.700735022929E-16
    ));
#14449 = ADVANCED_FACE('',(#14450),#14460,.T.);
#14450 = FACE_BOUND('',#14451,.T.);
#14451 = EDGE_LOOP('',(#14452,#14453,#14454));
#14452 = ORIENTED_EDGE('',*,*,#13547,.F.);
#14453 = ORIENTED_EDGE('',*,*,#14430,.F.);
#14454 = ORIENTED_EDGE('',*,*,#14455,.T.);
#14455 = EDGE_CURVE('',#14431,#13539,#14456,.T.);
#14456 = LINE('',#14457,#14458);
#14457 = CARTESIAN_POINT('',(-8.01067942977,-3.280358228087,
    11.694155842066));
#14458 = VECTOR('',#14459,1.);
#14459 = DIRECTION('',(-2.426089764672E-02,3.169505567737E-02,
    0.99920309862));
#14460 = PLANE('',#14461);
#14461 = AXIS2_PLACEMENT_3D('',#14462,#14463,#14464);
#14462 = CARTESIAN_POINT('',(-7.870972400049,-3.430160179167,
    16.542466828362));
#14463 = DIRECTION('',(0.762715782395,0.646730742207,-1.99558763885E-03)
  );
#14464 = DIRECTION('',(-0.646732029971,0.762717301108,
    -6.101889826748E-16));
#14465 = ADVANCED_FACE('',(#14466),#14483,.T.);
#14466 = FACE_BOUND('',#14467,.T.);
#14467 = EDGE_LOOP('',(#14468,#14476,#14477));
#14468 = ORIENTED_EDGE('',*,*,#14469,.T.);
#14469 = EDGE_CURVE('',#14470,#13539,#14472,.T.);
#14470 = VERTEX_POINT('',#14471);
#14471 = CARTESIAN_POINT('',(-8.861431461573,-2.042628507316,
    11.694155842066));
#14472 = LINE('',#14473,#14474);
#14473 = CARTESIAN_POINT('',(-8.861431461573,-2.042628507316,
    11.694155842066));
#14474 = VECTOR('',#14475,1.);
#14475 = DIRECTION('',(6.95139258429E-02,-0.10470898617,0.992070482541)
  );
#14476 = ORIENTED_EDGE('',*,*,#14455,.F.);
#14477 = ORIENTED_EDGE('',*,*,#14478,.T.);
#14478 = EDGE_CURVE('',#14431,#14470,#14479,.T.);
#14479 = LINE('',#14480,#14481);
#14480 = CARTESIAN_POINT('',(-8.01067942977,-3.280358228087,
    11.694155842066));
#14481 = VECTOR('',#14482,1.);
#14482 = DIRECTION('',(-0.566444205275,0.82410009241,0.));
#14483 = PLANE('',#14484);
#14484 = AXIS2_PLACEMENT_3D('',#14485,#14486,#14487);
#14485 = CARTESIAN_POINT('',(-8.341441930983,-2.814148446499,
    15.857443907615));
#14486 = DIRECTION('',(0.824098375014,0.566443024825,2.041550031214E-03)
  );
#14487 = DIRECTION('',(-0.566444205275,0.82410009241,-1.196959198424E-16
    ));
#14488 = ADVANCED_FACE('',(#14489),#14499,.T.);
#14489 = FACE_BOUND('',#14490,.T.);
#14490 = EDGE_LOOP('',(#14491,#14492,#14493));
#14491 = ORIENTED_EDGE('',*,*,#13593,.F.);
#14492 = ORIENTED_EDGE('',*,*,#14469,.F.);
#14493 = ORIENTED_EDGE('',*,*,#14494,.T.);
#14494 = EDGE_CURVE('',#14470,#13585,#14495,.T.);
#14495 = LINE('',#14496,#14497);
#14496 = CARTESIAN_POINT('',(-8.861431461573,-2.042628507316,
    11.694155842066));
#14497 = VECTOR('',#14498,1.);
#14498 = DIRECTION('',(-1.841742658002E-02,3.216847897533E-02,
    0.999312757528));
#14499 = PLANE('',#14500);
#14500 = AXIS2_PLACEMENT_3D('',#14501,#14502,#14503);
#14501 = CARTESIAN_POINT('',(-8.735579527496,-2.221495887001,
    16.542428498331));
#14502 = DIRECTION('',(0.841302711188,0.540560962784,-1.895695854016E-03
    ));
#14503 = DIRECTION('',(-0.540561934083,0.841304222871,6.397877019837E-16
    ));
#14504 = ADVANCED_FACE('',(#14505),#14522,.T.);
#14505 = FACE_BOUND('',#14506,.T.);
#14506 = EDGE_LOOP('',(#14507,#14515,#14516));
#14507 = ORIENTED_EDGE('',*,*,#14508,.T.);
#14508 = EDGE_CURVE('',#14509,#13585,#14511,.T.);
#14509 = VERTEX_POINT('',#14510);
#14510 = CARTESIAN_POINT('',(-9.538540840149,-0.702003768086,
    11.694155842066));
#14511 = LINE('',#14512,#14513);
#14512 = CARTESIAN_POINT('',(-9.538540840149,-0.702003768086,
    11.694155842066));
#14513 = VECTOR('',#14514,1.);
#14514 = DIRECTION('',(5.619295108839E-02,-0.115521687191,0.991714218934
    ));
#14515 = ORIENTED_EDGE('',*,*,#14494,.F.);
#14516 = ORIENTED_EDGE('',*,*,#14517,.T.);
#14517 = EDGE_CURVE('',#14470,#14509,#14518,.T.);
#14518 = LINE('',#14519,#14520);
#14519 = CARTESIAN_POINT('',(-8.861431461573,-2.042628507316,
    11.694155842066));
#14520 = VECTOR('',#14521,1.);
#14521 = DIRECTION('',(-0.450830378613,0.892609640167,0.));
#14522 = PLANE('',#14523);
#14523 = AXIS2_PLACEMENT_3D('',#14524,#14525,#14526);
#14524 = CARTESIAN_POINT('',(-9.120995805685,-1.546611498895,
    15.857484086273));
#14525 = DIRECTION('',(0.892607963268,0.450829531662,1.938373450089E-03)
  );
#14526 = DIRECTION('',(-0.450830378613,0.892609640167,
    -7.398595625041E-16));
#14527 = ADVANCED_FACE('',(#14528),#14538,.T.);
#14528 = FACE_BOUND('',#14529,.T.);
#14529 = EDGE_LOOP('',(#14530,#14531,#14532));
#14530 = ORIENTED_EDGE('',*,*,#13639,.F.);
#14531 = ORIENTED_EDGE('',*,*,#14508,.F.);
#14532 = ORIENTED_EDGE('',*,*,#14533,.T.);
#14533 = EDGE_CURVE('',#14509,#13631,#14534,.T.);
#14534 = LINE('',#14535,#14536);
#14535 = CARTESIAN_POINT('',(-9.538540840149,-0.702003768086,
    11.694155842066));
#14536 = VECTOR('',#14537,1.);
#14537 = DIRECTION('',(-1.290364415612E-02,3.169395299326E-02,
    0.999414323147));
#14538 = PLANE('',#14539);
#14539 = AXIS2_PLACEMENT_3D('',#14540,#14541,#14542);
#14540 = CARTESIAN_POINT('',(-9.431921948338,-0.908701215025,
    16.542387895461));
#14541 = DIRECTION('',(0.905210432813,0.424959846478,-1.789191975187E-03
    ));
#14542 = DIRECTION('',(-0.424960526672,0.9052118817,1.601366608761E-16)
  );
#14543 = ADVANCED_FACE('',(#14544),#14561,.T.);
#14544 = FACE_BOUND('',#14545,.T.);
#14545 = EDGE_LOOP('',(#14546,#14554,#14555));
#14546 = ORIENTED_EDGE('',*,*,#14547,.T.);
#14547 = EDGE_CURVE('',#14548,#13631,#14550,.T.);
#14548 = VERTEX_POINT('',#14549);
#14549 = CARTESIAN_POINT('',(-10.02978084087,0.717304631695,
    11.694155842066));
#14550 = LINE('',#14551,#14552);
#14551 = CARTESIAN_POINT('',(-10.02978084087,0.717304631695,
    11.694155842066));
#14552 = VECTOR('',#14553,1.);
#14553 = DIRECTION('',(4.120856719057E-02,-0.124603922551,0.991350450888
    ));
#14554 = ORIENTED_EDGE('',*,*,#14533,.F.);
#14555 = ORIENTED_EDGE('',*,*,#14556,.T.);
#14556 = EDGE_CURVE('',#14509,#14548,#14557,.T.);
#14557 = LINE('',#14558,#14559);
#14558 = CARTESIAN_POINT('',(-9.538540840149,-0.702003768086,
    11.694155842066));
#14559 = VECTOR('',#14560,1.);
#14560 = DIRECTION('',(-0.327075447749,0.944998228295,0.));
#14561 = PLANE('',#14562);
#14562 = AXIS2_PLACEMENT_3D('',#14563,#14564,#14565);
#14563 = CARTESIAN_POINT('',(-9.724965555721,-0.186656124025,
    15.85752656053));
#14564 = DIRECTION('',(0.944996648232,0.32707490087,1.828674956659E-03)
  );
#14565 = DIRECTION('',(-0.327075447749,0.944998228295,
    -2.298508605669E-16));
#14566 = ADVANCED_FACE('',(#14567),#14577,.T.);
#14567 = FACE_BOUND('',#14568,.T.);
#14568 = EDGE_LOOP('',(#14569,#14570,#14571));
#14569 = ORIENTED_EDGE('',*,*,#13685,.F.);
#14570 = ORIENTED_EDGE('',*,*,#14547,.F.);
#14571 = ORIENTED_EDGE('',*,*,#14572,.T.);
#14572 = EDGE_CURVE('',#14548,#13677,#14573,.T.);
#14573 = LINE('',#14574,#14575);
#14574 = CARTESIAN_POINT('',(-10.02978084087,0.717304631695,
    11.694155842066));
#14575 = VECTOR('',#14576,1.);
#14576 = DIRECTION('',(-7.861675236871E-03,3.037038593646E-02,
    0.999507795728));
#14577 = PLANE('',#14578);
#14578 = AXIS2_PLACEMENT_3D('',#14579,#14580,#14581);
#14579 = CARTESIAN_POINT('',(-9.947660444991,0.484941500513,
    16.542344594099));
#14580 = DIRECTION('',(0.953324263754,0.301943766836,-1.676248029318E-03
    ));
#14581 = DIRECTION('',(-0.301944191039,0.953325603085,-1.0993810029E-16)
  );
#14582 = ADVANCED_FACE('',(#14583),#14600,.T.);
#14583 = FACE_BOUND('',#14584,.T.);
#14584 = EDGE_LOOP('',(#14585,#14593,#14594));
#14585 = ORIENTED_EDGE('',*,*,#14586,.T.);
#14586 = EDGE_CURVE('',#14587,#13677,#14589,.T.);
#14587 = VERTEX_POINT('',#14588);
#14588 = CARTESIAN_POINT('',(-10.32627815604,2.189663916826,
    11.694155842066));
#14589 = LINE('',#14590,#14591);
#14590 = CARTESIAN_POINT('',(-10.32627815604,2.189663916826,
    11.694155842066));
#14591 = VECTOR('',#14592,1.);
#14592 = DIRECTION('',(2.479082123292E-02,-0.131702828864,0.990979202633
    ));
#14593 = ORIENTED_EDGE('',*,*,#14572,.F.);
#14594 = ORIENTED_EDGE('',*,*,#14595,.T.);
#14595 = EDGE_CURVE('',#14548,#14587,#14596,.T.);
#14596 = LINE('',#14597,#14598);
#14597 = CARTESIAN_POINT('',(-10.02978084087,0.717304631695,
    11.694155842066));
#14598 = VECTOR('',#14599,1.);
#14599 = DIRECTION('',(-0.197412677684,0.980320475503,0.));
#14600 = PLANE('',#14601);
#14601 = AXIS2_PLACEMENT_3D('',#14602,#14603,#14604);
#14602 = CARTESIAN_POINT('',(-10.14261953355,1.241531571574,
    15.857571691672));
#14603 = DIRECTION('',(0.980319038362,0.197412388279,1.712302289948E-03)
  );
#14604 = DIRECTION('',(-0.197412677684,0.980320475503,
    -3.500346713869E-16));
#14605 = ADVANCED_FACE('',(#14606),#14616,.T.);
#14606 = FACE_BOUND('',#14607,.T.);
#14607 = EDGE_LOOP('',(#14608,#14609,#14610));
#14608 = ORIENTED_EDGE('',*,*,#13676,.F.);
#14609 = ORIENTED_EDGE('',*,*,#14586,.F.);
#14610 = ORIENTED_EDGE('',*,*,#14611,.T.);
#14611 = EDGE_CURVE('',#14587,#13654,#14612,.T.);
#14612 = LINE('',#14613,#14614);
#14613 = CARTESIAN_POINT('',(-10.32627815604,2.189663916826,
    11.694155842066));
#14614 = VECTOR('',#14615,1.);
#14615 = DIRECTION('',(-3.413369348547E-03,2.831707329046E-02,
    0.999593163377));
#14616 = PLANE('',#14617);
#14617 = AXIS2_PLACEMENT_3D('',#14618,#14619,#14620);
#14618 = CARTESIAN_POINT('',(-10.27365756088,1.93471690201,
    16.542298924598));
#14619 = DIRECTION('',(0.984804475519,0.173659787458,-1.556668827887E-03
    ));
#14620 = DIRECTION('',(-0.173659997866,0.984805668719,1.799775606326E-16
    ));
#14621 = ADVANCED_FACE('',(#14622),#14639,.T.);
#14622 = FACE_BOUND('',#14623,.T.);
#14623 = EDGE_LOOP('',(#14624,#14632,#14633));
#14624 = ORIENTED_EDGE('',*,*,#14625,.T.);
#14625 = EDGE_CURVE('',#14626,#13654,#14628,.T.);
#14626 = VERTEX_POINT('',#14627);
#14627 = CARTESIAN_POINT('',(-10.4226771593,3.688483449817,
    11.694155842066));
#14628 = LINE('',#14629,#14630);
#14629 = CARTESIAN_POINT('',(-10.4226771593,3.688483449817,
    11.694155842066));
#14630 = VECTOR('',#14631,1.);
#14631 = DIRECTION('',(7.207657163E-03,-0.136596812324,0.990600505018));
#14632 = ORIENTED_EDGE('',*,*,#14611,.F.);
#14633 = ORIENTED_EDGE('',*,*,#14634,.T.);
#14634 = EDGE_CURVE('',#14587,#14626,#14635,.T.);
#14635 = LINE('',#14636,#14637);
#14636 = CARTESIAN_POINT('',(-10.32627815604,2.189663916826,
    11.694155842066));
#14637 = VECTOR('',#14638,1.);
#14638 = DIRECTION('',(-6.418400229634E-02,0.99793808117,0.));
#14639 = PLANE('',#14640);
#14640 = AXIS2_PLACEMENT_3D('',#14641,#14642,#14643);
#14641 = CARTESIAN_POINT('',(-10.36654004894,2.712553650097,
    15.857619292485));
#14642 = DIRECTION('',(0.997936820562,6.418392121828E-02,
    1.589472809635E-03));
#14643 = DIRECTION('',(-6.418400229633E-02,0.99793808117,
    1.000176504118E-17));
#14644 = ADVANCED_FACE('',(#14645),#14655,.T.);
#14645 = FACE_BOUND('',#14646,.T.);
#14646 = EDGE_LOOP('',(#14647,#14648,#14649));
#14647 = ORIENTED_EDGE('',*,*,#13653,.F.);
#14648 = ORIENTED_EDGE('',*,*,#14625,.F.);
#14649 = ORIENTED_EDGE('',*,*,#14650,.T.);
#14650 = EDGE_CURVE('',#14626,#13608,#14651,.T.);
#14651 = LINE('',#14652,#14653);
#14652 = CARTESIAN_POINT('',(-10.4226771593,3.688483449817,
    11.694155842066));
#14653 = VECTOR('',#14654,1.);
#14654 = DIRECTION('',(3.433271040617E-04,2.566963854819E-02,
    0.999670421581));
#14655 = PLANE('',#14656);
#14656 = AXIS2_PLACEMENT_3D('',#14657,#14658,#14659);
#14657 = CARTESIAN_POINT('',(-10.40414130379,3.414915587543,
    16.542250711393));
#14658 = DIRECTION('',(0.99910203269,4.234479946325E-02,
    -1.430465954871E-03));
#14659 = DIRECTION('',(-4.234484278697E-02,0.999103054889,
    -9.981436250445E-18));
#14660 = ADVANCED_FACE('',(#14661),#14678,.T.);
#14661 = FACE_BOUND('',#14662,.T.);
#14662 = EDGE_LOOP('',(#14663,#14671,#14672));
#14663 = ORIENTED_EDGE('',*,*,#14664,.T.);
#14664 = EDGE_CURVE('',#14665,#13608,#14667,.T.);
#14665 = VERTEX_POINT('',#14666);
#14666 = CARTESIAN_POINT('',(-10.31724058389,5.186693993211,
    11.694155842066));
#14667 = LINE('',#14668,#14669);
#14668 = CARTESIAN_POINT('',(-10.31724058389,5.186693993211,
    11.694155842066));
#14669 = VECTOR('',#14670,1.);
#14670 = DIRECTION('',(-1.123858491579E-02,-0.139101252751,
    0.990214388752));
#14671 = ORIENTED_EDGE('',*,*,#14650,.F.);
#14672 = ORIENTED_EDGE('',*,*,#14673,.T.);
#14673 = EDGE_CURVE('',#14626,#14665,#14674,.T.);
#14674 = LINE('',#14675,#14676);
#14675 = CARTESIAN_POINT('',(-10.4226771593,3.688483449817,
    11.694155842066));
#14676 = VECTOR('',#14677,1.);
#14677 = DIRECTION('',(7.020137920374E-02,0.997532839739,0.));
#14678 = PLANE('',#14679);
#14679 = AXIS2_PLACEMENT_3D('',#14680,#14681,#14682);
#14680 = CARTESIAN_POINT('',(-10.39275544481,4.200251327318,
    15.857669505815));
#14681 = DIRECTION('',(0.997531776504,-7.020130437863E-02,
    1.460043611841E-03));
#14682 = DIRECTION('',(7.020137920377E-02,0.997532839739,
    3.996640258325E-17));
#14683 = ADVANCED_FACE('',(#14684),#14694,.T.);
#14684 = FACE_BOUND('',#14685,.T.);
#14685 = EDGE_LOOP('',(#14686,#14687,#14688));
#14686 = ORIENTED_EDGE('',*,*,#13607,.F.);
#14687 = ORIENTED_EDGE('',*,*,#14664,.F.);
#14688 = ORIENTED_EDGE('',*,*,#14689,.T.);
#14689 = EDGE_CURVE('',#14665,#13562,#14690,.T.);
#14690 = LINE('',#14691,#14692);
#14691 = CARTESIAN_POINT('',(-10.31724058389,5.186693993211,
    11.694155842066));
#14692 = VECTOR('',#14693,1.);
#14693 = DIRECTION('',(3.336235549983E-03,2.257601079075E-02,
    0.999739562721));
#14694 = PLANE('',#14695);
#14695 = AXIS2_PLACEMENT_3D('',#14696,#14697,#14698);
#14696 = CARTESIAN_POINT('',(-10.3368097052,4.899289396249,
    16.542200010369));
#14697 = DIRECTION('',(0.99596729814,-8.970761698618E-02,
    -1.297879393759E-03));
#14698 = DIRECTION('',(8.97076925421E-02,0.99596813699,
    -1.000176504118E-17));
#14699 = ADVANCED_FACE('',(#14700),#14717,.T.);
#14700 = FACE_BOUND('',#14701,.T.);
#14701 = EDGE_LOOP('',(#14702,#14710,#14711));
#14702 = ORIENTED_EDGE('',*,*,#14703,.T.);
#14703 = EDGE_CURVE('',#14704,#13562,#14706,.T.);
#14704 = VERTEX_POINT('',#14705);
#14705 = CARTESIAN_POINT('',(-10.01186844706,6.657238090038,
    11.694155842066));
#14706 = LINE('',#14707,#14708);
#14707 = CARTESIAN_POINT('',(-10.01186844706,6.657238090038,
    11.694155842066));
#14708 = VECTOR('',#14709,1.);
#14709 = DIRECTION('',(-3.021840407161E-02,-0.139073644752,
    0.989820877427));
#14710 = ORIENTED_EDGE('',*,*,#14689,.F.);
#14711 = ORIENTED_EDGE('',*,*,#14712,.T.);
#14712 = EDGE_CURVE('',#14665,#14704,#14713,.T.);
#14713 = LINE('',#14714,#14715);
#14714 = CARTESIAN_POINT('',(-10.31724058389,5.186693993211,
    11.694155842066));
#14715 = VECTOR('',#14716,1.);
#14716 = DIRECTION('',(0.2033216964,0.979111989393,0.));
#14717 = PLANE('',#14718);
#14718 = AXIS2_PLACEMENT_3D('',#14719,#14720,#14721);
#14719 = CARTESIAN_POINT('',(-10.22081100737,5.678170672389,
    15.857722136331));
#14720 = DIRECTION('',(0.979111131228,-0.203321518194,1.323988241252E-03
    ));
#14721 = DIRECTION('',(0.2033216964,0.979111989393,-8.99887803163E-17));
#14722 = ADVANCED_FACE('',(#14723),#14733,.T.);
#14723 = FACE_BOUND('',#14724,.T.);
#14724 = EDGE_LOOP('',(#14725,#14726,#14727));
#14725 = ORIENTED_EDGE('',*,*,#13561,.F.);
#14726 = ORIENTED_EDGE('',*,*,#14703,.F.);
#14727 = ORIENTED_EDGE('',*,*,#14728,.T.);
#14728 = EDGE_CURVE('',#14704,#13516,#14729,.T.);
#14729 = LINE('',#14730,#14731);
#14730 = CARTESIAN_POINT('',(-10.01186844706,6.657238090038,
    11.694155842066));
#14731 = VECTOR('',#14732,1.);
#14732 = DIRECTION('',(5.519800416789E-03,1.919180652486E-02,
    0.999800583299));
#14733 = PLANE('',#14734);
#14734 = AXIS2_PLACEMENT_3D('',#14735,#14736,#14737);
#14735 = CARTESIAN_POINT('',(-10.0728652889,6.361517764889,
    16.542146786245));
#14736 = DIRECTION('',(0.975454923248,-0.220196163432,
    -1.158585367069E-03));
#14737 = DIRECTION('',(0.220196311219,0.975455577936,-1.002887009549E-17
    ));
#14738 = ADVANCED_FACE('',(#14739),#14756,.T.);
#14739 = FACE_BOUND('',#14740,.T.);
#14740 = EDGE_LOOP('',(#14741,#14749,#14750));
#14741 = ORIENTED_EDGE('',*,*,#14742,.T.);
#14742 = EDGE_CURVE('',#14743,#13516,#14745,.T.);
#14743 = VERTEX_POINT('',#14744);
#14744 = CARTESIAN_POINT('',(-9.512076854706,8.073557889462,
    11.694155842066));
#14745 = LINE('',#14746,#14747);
#14746 = CARTESIAN_POINT('',(-9.512076854706,8.073557889462,
    11.694155842066));
#14747 = VECTOR('',#14748,1.);
#14748 = DIRECTION('',(-4.937878820287E-02,-0.136417809773,0.98941998992
    ));
#14749 = ORIENTED_EDGE('',*,*,#14728,.F.);
#14750 = ORIENTED_EDGE('',*,*,#14751,.T.);
#14751 = EDGE_CURVE('',#14704,#14743,#14752,.T.);
#14752 = LINE('',#14753,#14754);
#14753 = CARTESIAN_POINT('',(-10.01186844706,6.657238090038,
    11.694155842066));
#14754 = VECTOR('',#14755,1.);
#14755 = DIRECTION('',(0.332769209272,0.94300829973,0.));
#14756 = PLANE('',#14757);
#14757 = AXIS2_PLACEMENT_3D('',#14758,#14759,#14760);
#14758 = CARTESIAN_POINT('',(-9.853773540865,7.12003319749,
    15.857777216016));
#14759 = DIRECTION('',(0.943007641583,-0.332768977025,1.181459454235E-03
    ));
#14760 = DIRECTION('',(0.332769209272,0.94300829973,2.500712310838E-16)
  );
#14761 = ADVANCED_FACE('',(#14762),#14772,.T.);
#14762 = FACE_BOUND('',#14763,.T.);
#14763 = EDGE_LOOP('',(#14764,#14765,#14766));
#14764 = ORIENTED_EDGE('',*,*,#13515,.F.);
#14765 = ORIENTED_EDGE('',*,*,#14742,.F.);
#14766 = ORIENTED_EDGE('',*,*,#14767,.T.);
#14767 = EDGE_CURVE('',#14743,#13470,#14768,.T.);
#14768 = LINE('',#14769,#14770);
#14769 = CARTESIAN_POINT('',(-9.512076854706,8.073557889462,
    11.694155842066));
#14770 = VECTOR('',#14771,1.);
#14771 = DIRECTION('',(6.87652899056E-03,1.567607540183E-02,
    0.99985347627));
#14772 = PLANE('',#14773);
#14773 = AXIS2_PLACEMENT_3D('',#14774,#14775,#14776);
#14774 = CARTESIAN_POINT('',(-9.61699923775,7.775674626001,
    16.542091381597));
#14775 = DIRECTION('',(0.937922930793,-0.346842255754,
    -1.012677252015E-03));
#14776 = DIRECTION('',(0.3468424336,0.937923411721,6.400045424182E-16));
#14777 = ADVANCED_FACE('',(#14778),#14795,.T.);
#14778 = FACE_BOUND('',#14779,.T.);
#14779 = EDGE_LOOP('',(#14780,#14788,#14789));
#14780 = ORIENTED_EDGE('',*,*,#14781,.T.);
#14781 = EDGE_CURVE('',#14782,#13470,#14784,.T.);
#14782 = VERTEX_POINT('',#14783);
#14783 = CARTESIAN_POINT('',(-8.826893538237,9.410074692965,
    11.694155842066));
#14784 = LINE('',#14785,#14786);
#14785 = CARTESIAN_POINT('',(-8.826893538237,9.410074692965,
    11.694155842066));
#14786 = VECTOR('',#14787,1.);
#14787 = DIRECTION('',(-6.835101228151E-02,-0.131087107356,0.98901178426
    ));
#14788 = ORIENTED_EDGE('',*,*,#14767,.F.);
#14789 = ORIENTED_EDGE('',*,*,#14790,.T.);
#14790 = EDGE_CURVE('',#14743,#14782,#14791,.T.);
#14791 = LINE('',#14792,#14793);
#14792 = CARTESIAN_POINT('',(-9.512076854706,8.073557889462,
    11.694155842066));
#14793 = VECTOR('',#14794,1.);
#14794 = DIRECTION('',(0.456205981234,0.889874206102,0.));
#14795 = PLANE('',#14796);
#14796 = AXIS2_PLACEMENT_3D('',#14797,#14798,#14799);
#14797 = CARTESIAN_POINT('',(-9.298181706929,8.500203897164,
    15.85783490205));
#14798 = DIRECTION('',(0.889873731844,-0.456205738099,1.032424308881E-03
    ));
#14799 = DIRECTION('',(0.456205981234,0.889874206102,-2.399881508797E-16
    ));
#14800 = ADVANCED_FACE('',(#14801),#14811,.T.);
#14801 = FACE_BOUND('',#14802,.T.);
#14802 = EDGE_LOOP('',(#14803,#14804,#14805));
#14803 = ORIENTED_EDGE('',*,*,#13469,.F.);
#14804 = ORIENTED_EDGE('',*,*,#14781,.F.);
#14805 = ORIENTED_EDGE('',*,*,#14806,.T.);
#14806 = EDGE_CURVE('',#14782,#13424,#14807,.T.);
#14807 = LINE('',#14808,#14809);
#14808 = CARTESIAN_POINT('',(-8.826893538237,9.410074692965,
    11.694155842066));
#14809 = VECTOR('',#14810,1.);
#14810 = DIRECTION('',(7.416665695821E-03,1.218614708534E-02,
    0.999898240267));
#14811 = PLANE('',#14812);
#14812 = AXIS2_PLACEMENT_3D('',#14813,#14814,#14815);
#14813 = CARTESIAN_POINT('',(-8.977306747886,9.116687422144,
    16.542033101413));
#14814 = DIRECTION('',(0.884025943194,-0.467437045545,
    -8.603558465403E-04));
#14815 = DIRECTION('',(0.467437218546,0.884026270378,-4.698932215552E-16
    ));
#14816 = ADVANCED_FACE('',(#14817),#14834,.T.);
#14817 = FACE_BOUND('',#14818,.T.);
#14818 = EDGE_LOOP('',(#14819,#14827,#14828));
#14819 = ORIENTED_EDGE('',*,*,#14820,.T.);
#14820 = EDGE_CURVE('',#14821,#13424,#14823,.T.);
#14821 = VERTEX_POINT('',#14822);
#14822 = CARTESIAN_POINT('',(-7.968692076206,10.642650711536,
    11.694155842066));
#14823 = LINE('',#14824,#14825);
#14824 = CARTESIAN_POINT('',(-7.968692076206,10.642650711536,
    11.694155842066));
#14825 = VECTOR('',#14826,1.);
#14826 = DIRECTION('',(-8.675774846711E-02,-0.123087458121,
    0.988596262756));
#14827 = ORIENTED_EDGE('',*,*,#14806,.F.);
#14828 = ORIENTED_EDGE('',*,*,#14829,.T.);
#14829 = EDGE_CURVE('',#14782,#14821,#14830,.T.);
#14830 = LINE('',#14831,#14832);
#14831 = CARTESIAN_POINT('',(-8.826893538237,9.410074692965,
    11.694155842066));
#14832 = VECTOR('',#14833,1.);
#14833 = DIRECTION('',(0.571404216252,0.82066876488,0.));
#14834 = PLANE('',#14835);
#14835 = AXIS2_PLACEMENT_3D('',#14836,#14837,#14838);
#14836 = CARTESIAN_POINT('',(-8.563926321613,9.794144740137,
    15.857895087815));
#14837 = DIRECTION('',(0.820668449511,-0.571403996671,8.766788220531E-04
    ));
#14838 = DIRECTION('',(0.571404216252,0.82066876488,-7.995991022081E-17)
  );
#14839 = ADVANCED_FACE('',(#14840),#14850,.T.);
#14840 = FACE_BOUND('',#14841,.T.);
#14841 = EDGE_LOOP('',(#14842,#14843,#14844));
#14842 = ORIENTED_EDGE('',*,*,#13423,.F.);
#14843 = ORIENTED_EDGE('',*,*,#14820,.F.);
#14844 = ORIENTED_EDGE('',*,*,#14845,.T.);
#14845 = EDGE_CURVE('',#14821,#13378,#14846,.T.);
#14846 = LINE('',#14847,#14848);
#14847 = CARTESIAN_POINT('',(-7.968692076206,10.642650711536,
    11.694155842066));
#14848 = VECTOR('',#14849,1.);
#14849 = DIRECTION('',(7.17693939124E-03,8.873882286743E-03,
    0.999934870756));
#14850 = PLANE('',#14851);
#14851 = AXIS2_PLACEMENT_3D('',#14852,#14853,#14854);
#14852 = CARTESIAN_POINT('',(-8.165141753515,10.360781875927,
    16.541972401348));
#14853 = DIRECTION('',(0.814705015192,-0.579875198877,
    -7.013899409313E-04));
#14854 = DIRECTION('',(0.579875341511,0.814705215588,-2.005774019098E-17
    ));
#14855 = ADVANCED_FACE('',(#14856),#14873,.T.);
#14856 = FACE_BOUND('',#14857,.T.);
#14857 = EDGE_LOOP('',(#14858,#14866,#14867));
#14858 = ORIENTED_EDGE('',*,*,#14859,.T.);
#14859 = EDGE_CURVE('',#14860,#13378,#14862,.T.);
#14860 = VERTEX_POINT('',#14861);
#14861 = CARTESIAN_POINT('',(-6.952971613407,11.749024707079,
    11.694155842066));
#14862 = LINE('',#14863,#14864);
#14863 = CARTESIAN_POINT('',(-6.952971613407,11.749024707079,
    11.694155842066));
#14864 = VECTOR('',#14865,1.);
#14865 = DIRECTION('',(-0.104220335253,-0.112478077448,0.988173468483));
#14866 = ORIENTED_EDGE('',*,*,#14845,.F.);
#14867 = ORIENTED_EDGE('',*,*,#14868,.T.);
#14868 = EDGE_CURVE('',#14821,#14860,#14869,.T.);
#14869 = LINE('',#14870,#14871);
#14870 = CARTESIAN_POINT('',(-7.968692076206,10.642650711536,
    11.694155842066));
#14871 = VECTOR('',#14872,1.);
#14872 = DIRECTION('',(0.676283165362,0.73664175842,0.));
#14873 = PLANE('',#14874);
#14874 = AXIS2_PLACEMENT_3D('',#14875,#14876,#14877);
#14875 = CARTESIAN_POINT('',(-7.664075040738,10.978853879039,
    15.85795791367));
#14876 = DIRECTION('',(0.736641570404,-0.676282992751,7.14470299255E-04)
  );
#14877 = DIRECTION('',(0.676283165362,0.73664175842,-3.000529512354E-16)
  );
#14878 = ADVANCED_FACE('',(#14879),#14889,.T.);
#14879 = FACE_BOUND('',#14880,.T.);
#14880 = EDGE_LOOP('',(#14881,#14882,#14883));
#14881 = ORIENTED_EDGE('',*,*,#13377,.F.);
#14882 = ORIENTED_EDGE('',*,*,#14859,.F.);
#14883 = ORIENTED_EDGE('',*,*,#14884,.T.);
#14884 = EDGE_CURVE('',#14860,#13332,#14885,.T.);
#14885 = LINE('',#14886,#14887);
#14886 = CARTESIAN_POINT('',(-6.952971613407,11.749024707079,
    11.694155842066));
#14887 = VECTOR('',#14888,1.);
#14888 = DIRECTION('',(6.219978701608E-03,5.881000187867E-03,
    0.99996336218));
#14889 = PLANE('',#14890);
#14890 = AXIS2_PLACEMENT_3D('',#14891,#14892,#14893);
#14891 = CARTESIAN_POINT('',(-7.194915894054,11.485904339936,
    16.541909601566));
#14892 = DIRECTION('',(0.731168547938,-0.682196648588,
    -5.358738102008E-04));
#14893 = DIRECTION('',(0.682196746538,0.73116865292,-2.200388309059E-16)
  );
#14894 = ADVANCED_FACE('',(#14895),#14912,.T.);
#14895 = FACE_BOUND('',#14896,.T.);
#14896 = EDGE_LOOP('',(#14897,#14905,#14906));
#14897 = ORIENTED_EDGE('',*,*,#14898,.T.);
#14898 = EDGE_CURVE('',#14899,#13332,#14901,.T.);
#14899 = VERTEX_POINT('',#14900);
#14900 = CARTESIAN_POINT('',(-5.798075643182,12.709216976166,
    11.694155842066));
#14901 = LINE('',#14902,#14903);
#14902 = CARTESIAN_POINT('',(-5.798075643182,12.709216976166,
    11.694155842066));
#14903 = VECTOR('',#14904,1.);
#14904 = DIRECTION('',(-0.120366062802,-9.93725957943E-02,0.987743437402
    ));
#14905 = ORIENTED_EDGE('',*,*,#14884,.F.);
#14906 = ORIENTED_EDGE('',*,*,#14907,.T.);
#14907 = EDGE_CURVE('',#14860,#14899,#14908,.T.);
#14908 = LINE('',#14909,#14910);
#14909 = CARTESIAN_POINT('',(-6.952971613407,11.749024707079,
    11.694155842066));
#14910 = VECTOR('',#14911,1.);
#14911 = DIRECTION('',(0.768948064174,0.639311250177,0.));
#14912 = PLANE('',#14913);
#14913 = AXIS2_PLACEMENT_3D('',#14914,#14915,#14916);
#14914 = CARTESIAN_POINT('',(-6.614637929739,12.033273758907,
    15.858022930502));
#14915 = DIRECTION('',(0.639311154987,-0.768947949682,5.457012621237E-04
    ));
#14916 = DIRECTION('',(-0.768948064174,-0.639311250177,
    -8.006833043805E-17));
#14917 = ADVANCED_FACE('',(#14918),#14928,.T.);
#14918 = FACE_BOUND('',#14919,.T.);
#14919 = EDGE_LOOP('',(#14920,#14921,#14922));
#14920 = ORIENTED_EDGE('',*,*,#13331,.F.);
#14921 = ORIENTED_EDGE('',*,*,#14898,.F.);
#14922 = ORIENTED_EDGE('',*,*,#14923,.T.);
#14923 = EDGE_CURVE('',#14899,#13286,#14924,.T.);
#14924 = LINE('',#14925,#14926);
#14925 = CARTESIAN_POINT('',(-5.798075643182,12.709216976166,
    11.694155842066));
#14926 = VECTOR('',#14927,1.);
#14927 = DIRECTION('',(4.631121676212E-03,3.334615799995E-03,
    0.999983716392));
#14928 = PLANE('',#14929);
#14929 = AXIS2_PLACEMENT_3D('',#14930,#14931,#14932);
#14930 = CARTESIAN_POINT('',(-6.083842892053,12.472112934281,
    16.541843846309));
#14931 = DIRECTION('',(0.634874883666,-0.772614878014,
    -3.638149801094E-04));
#14932 = DIRECTION('',(-0.772614929146,-0.634874925682,
    -3.199751661548E-16));
#14933 = ADVANCED_FACE('',(#14934),#14951,.T.);
#14934 = FACE_BOUND('',#14935,.T.);
#14935 = EDGE_LOOP('',(#14936,#14944,#14945));
#14936 = ORIENTED_EDGE('',*,*,#14937,.T.);
#14937 = EDGE_CURVE('',#14938,#13286,#14940,.T.);
#14938 = VERTEX_POINT('',#14939);
#14939 = CARTESIAN_POINT('',(-4.524862343073,13.505884373188,
    11.694155842066));
#14940 = LINE('',#14941,#14942);
#14941 = CARTESIAN_POINT('',(-4.524862343073,13.505884373188,
    11.694155842066));
#14942 = VECTOR('',#14943,1.);
#14943 = DIRECTION('',(-0.134836641428,-8.393785560503E-02,0.98730619188
    ));
#14944 = ORIENTED_EDGE('',*,*,#14923,.F.);
#14945 = ORIENTED_EDGE('',*,*,#14946,.T.);
#14946 = EDGE_CURVE('',#14899,#14938,#14947,.T.);
#14947 = LINE('',#14948,#14949);
#14948 = CARTESIAN_POINT('',(-5.798075643182,12.709216976166,
    11.694155842066));
#14949 = VECTOR('',#14950,1.);
#14950 = DIRECTION('',(0.84772615489,0.530434130044,0.));
#14951 = PLANE('',#14952);
#14952 = AXIS2_PLACEMENT_3D('',#14953,#14954,#14955);
#14953 = CARTESIAN_POINT('',(-5.434286418849,12.9386640681,
    15.858090811732));
#14954 = DIRECTION('',(0.530434093669,-0.847726096756,3.703420378225E-04
    ));
#14955 = DIRECTION('',(-0.84772615489,-0.530434130044,7.998701527512E-17
    ));
#14956 = ADVANCED_FACE('',(#14957),#14967,.T.);
#14957 = FACE_BOUND('',#14958,.T.);
#14958 = EDGE_LOOP('',(#14959,#14960,#14961));
#14959 = ORIENTED_EDGE('',*,*,#13285,.F.);
#14960 = ORIENTED_EDGE('',*,*,#14937,.F.);
#14961 = ORIENTED_EDGE('',*,*,#14962,.T.);
#14962 = EDGE_CURVE('',#14938,#13231,#14963,.T.);
#14963 = LINE('',#14964,#14965);
#14964 = CARTESIAN_POINT('',(-4.524862343073,13.505884373188,
    11.694155842066));
#14965 = VECTOR('',#14966,1.);
#14966 = DIRECTION('',(2.516691018465E-03,1.344708932527E-03,
    0.999995929004));
#14967 = PLANE('',#14968);
#14968 = AXIS2_PLACEMENT_3D('',#14969,#14970,#14971);
#14969 = CARTESIAN_POINT('',(-4.851634118159,13.301928924906,
    16.541775891065));
#14970 = DIRECTION('',(0.527503661522,-0.849552736912,
    -1.851633269802E-04));
#14971 = DIRECTION('',(-0.849552751476,-0.527503670565,
    -1.001531756833E-17));
#14972 = ADVANCED_FACE('',(#14973),#14990,.T.);
#14973 = FACE_BOUND('',#14974,.T.);
#14974 = EDGE_LOOP('',(#14975,#14983,#14984));
#14975 = ORIENTED_EDGE('',*,*,#14976,.T.);
#14976 = EDGE_CURVE('',#14977,#13231,#14979,.T.);
#14977 = VERTEX_POINT('',#14978);
#14978 = CARTESIAN_POINT('',(-3.156326274574,14.124643540382,
    11.694155842066));
#14979 = LINE('',#14980,#14981);
#14980 = CARTESIAN_POINT('',(-3.156326274574,14.124643540382,
    11.694155842066));
#14981 = VECTOR('',#14982,1.);
#14982 = DIRECTION('',(-0.147295219477,-6.639279016904E-02,
    0.986861751074));
#14983 = ORIENTED_EDGE('',*,*,#14962,.F.);
#14984 = ORIENTED_EDGE('',*,*,#14985,.T.);
#14985 = EDGE_CURVE('',#14938,#14977,#14986,.T.);
#14986 = LINE('',#14987,#14988);
#14987 = CARTESIAN_POINT('',(-4.524862343073,13.505884373188,
    11.694155842066));
#14988 = VECTOR('',#14989,1.);
#14989 = DIRECTION('',(0.911193035501,0.411979674323,0.));
#14990 = PLANE('',#14991);
#14991 = AXIS2_PLACEMENT_3D('',#14992,#14993,#14994);
#14992 = CARTESIAN_POINT('',(-4.144017404457,13.678937870424,
    15.858160783213));
#14993 = DIRECTION('',(0.411979667007,-0.911193019318,1.884646318271E-04
    ));
#14994 = DIRECTION('',(-0.9111930355,-0.411979674324,1.500129230905E-16)
  );
#14995 = ADVANCED_FACE('',(#14996),#15006,.T.);
#14996 = FACE_BOUND('',#14997,.T.);
#14997 = EDGE_LOOP('',(#14998,#14999,#15000));
#14998 = ORIENTED_EDGE('',*,*,#13230,.F.);
#14999 = ORIENTED_EDGE('',*,*,#14976,.F.);
#15000 = ORIENTED_EDGE('',*,*,#15001,.T.);
#15001 = EDGE_CURVE('',#14977,#13233,#15002,.T.);
#15002 = LINE('',#15003,#15004);
#15003 = CARTESIAN_POINT('',(-3.156326274574,14.124643540382,
    11.694155842066));
#15004 = VECTOR('',#15005,1.);
#15005 = DIRECTION('',(0.,0.,1.));
#15006 = PLANE('',#15007);
#15007 = AXIS2_PLACEMENT_3D('',#15008,#15009,#15010);
#15008 = CARTESIAN_POINT('',(-3.520147221254,13.960652557798,
    16.541705652113));
#15009 = DIRECTION('',(0.410930477387,-0.911666684021,0.));
#15010 = DIRECTION('',(-0.911666684021,-0.410930477387,0.));
#15011 = ADVANCED_FACE('',(#15012),#15022,.T.);
#15012 = FACE_BOUND('',#15013,.T.);
#15013 = EDGE_LOOP('',(#15014,#15015,#15016));
#15014 = ORIENTED_EDGE('',*,*,#14174,.F.);
#15015 = ORIENTED_EDGE('',*,*,#3839,.F.);
#15016 = ORIENTED_EDGE('',*,*,#15017,.T.);
#15017 = EDGE_CURVE('',#3725,#14175,#15018,.T.);
#15018 = LINE('',#15019,#15020);
#15019 = CARTESIAN_POINT('',(2.020132416487,-7.449184966087,
    28.839155387878));
#15020 = VECTOR('',#15021,1.);
#15021 = DIRECTION('',(-4.773277310671E-02,-3.674448297016E-03,
    -0.998853383035));
#15022 = PLANE('',#15023);
#15023 = AXIS2_PLACEMENT_3D('',#15024,#15025,#15026);
#15024 = CARTESIAN_POINT('',(1.273364066008,-7.498107708607,
    20.593750325726));
#15025 = DIRECTION('',(-5.263039118623E-02,0.99861338857,
    -1.158487084943E-03));
#15026 = DIRECTION('',(0.998614058686,5.263042650369E-02,
    1.99899775552E-17));
#15027 = ADVANCED_FACE('',(#15028),#15045,.T.);
#15028 = FACE_BOUND('',#15029,.T.);
#15029 = EDGE_LOOP('',(#15030,#15038,#15039));
#15030 = ORIENTED_EDGE('',*,*,#15031,.T.);
#15031 = EDGE_CURVE('',#15032,#14175,#15034,.T.);
#15032 = VERTEX_POINT('',#15033);
#15033 = CARTESIAN_POINT('',(2.694092951715,-7.351408261061,
    11.694155842066));
#15034 = LINE('',#15035,#15036);
#15035 = CARTESIAN_POINT('',(2.694092951715,-7.351408261061,
    11.694155842066));
#15036 = VECTOR('',#15037,1.);
#15037 = DIRECTION('',(-0.994248811885,-0.107094818109,0.));
#15038 = ORIENTED_EDGE('',*,*,#15017,.F.);
#15039 = ORIENTED_EDGE('',*,*,#15040,.T.);
#15040 = EDGE_CURVE('',#3725,#15032,#15041,.T.);
#15041 = LINE('',#15042,#15043);
#15042 = CARTESIAN_POINT('',(2.020132416487,-7.449184966087,
    28.839155387878));
#15043 = VECTOR('',#15044,1.);
#15044 = DIRECTION('',(3.92784781922E-02,5.698434812347E-03,
    -0.999212054066));
#15045 = PLANE('',#15046);
#15046 = AXIS2_PLACEMENT_3D('',#15047,#15048,#15049);
#15047 = CARTESIAN_POINT('',(1.982205417844,-7.440151639278,
    19.907265970646));
#15048 = DIRECTION('',(-0.107094703922,0.994247751793,1.460289637709E-03
    ));
#15049 = DIRECTION('',(0.994248811885,0.107094818109,9.999054535748E-17)
  );
#15050 = ADVANCED_FACE('',(#15051),#15061,.T.);
#15051 = FACE_BOUND('',#15052,.T.);
#15052 = EDGE_LOOP('',(#15053,#15059,#15060));
#15053 = ORIENTED_EDGE('',*,*,#15054,.T.);
#15054 = EDGE_CURVE('',#3656,#15032,#15055,.T.);
#15055 = LINE('',#15056,#15057);
#15056 = CARTESIAN_POINT('',(3.360847425461,-7.212764531374,
    28.839155387878));
#15057 = VECTOR('',#15058,1.);
#15058 = DIRECTION('',(-3.885850827205E-02,-8.080168531354E-03,
    -0.999212053176));
#15059 = ORIENTED_EDGE('',*,*,#15040,.F.);
#15060 = ORIENTED_EDGE('',*,*,#3724,.F.);
#15061 = PLANE('',#15062);
#15062 = AXIS2_PLACEMENT_3D('',#15063,#15064,#15065);
#15063 = CARTESIAN_POINT('',(2.692222695142,-7.340801658867,
    20.593760884248));
#15064 = DIRECTION('',(-0.173659594881,0.984804996201,
    -1.210191101843E-03));
#15065 = DIRECTION('',(0.984805717356,0.173659722049,2.40015255934E-16)
  );
#15066 = ADVANCED_FACE('',(#15067),#15084,.T.);
#15067 = FACE_BOUND('',#15068,.T.);
#15068 = EDGE_LOOP('',(#15069,#15077,#15078));
#15069 = ORIENTED_EDGE('',*,*,#15070,.T.);
#15070 = EDGE_CURVE('',#15071,#15032,#15073,.T.);
#15071 = VERTEX_POINT('',#15072);
#15072 = CARTESIAN_POINT('',(4.152320432663,-6.991789495945,
    11.694155842066));
#15073 = LINE('',#15074,#15075);
#15074 = CARTESIAN_POINT('',(4.152320432663,-6.991789495945,
    11.694155842066));
#15075 = VECTOR('',#15076,1.);
#15076 = DIRECTION('',(-0.970911181246,-0.239439925936,0.));
#15077 = ORIENTED_EDGE('',*,*,#15054,.F.);
#15078 = ORIENTED_EDGE('',*,*,#15079,.T.);
#15079 = EDGE_CURVE('',#3656,#15071,#15080,.T.);
#15080 = LINE('',#15081,#15082);
#15081 = CARTESIAN_POINT('',(3.360847425461,-7.212764531374,
    28.839155387878));
#15082 = VECTOR('',#15083,1.);
#15083 = DIRECTION('',(4.61105577091E-02,1.287382138203E-02,
    -0.99885338323));
#15084 = PLANE('',#15085);
#15085 = AXIS2_PLACEMENT_3D('',#15086,#15087,#15088);
#15086 = CARTESIAN_POINT('',(3.393396917645,-7.191303337492,
    19.907265901524));
#15087 = DIRECTION('',(-0.239439670636,0.97091014602,1.460301453306E-03)
  );
#15088 = DIRECTION('',(0.970911181245,0.239439925937,1.189966094411E-15)
  );
#15089 = ADVANCED_FACE('',(#15090),#15100,.T.);
#15090 = FACE_BOUND('',#15091,.T.);
#15091 = EDGE_LOOP('',(#15092,#15098,#15099));
#15092 = ORIENTED_EDGE('',*,*,#15093,.T.);
#15093 = EDGE_CURVE('',#3648,#15071,#15094,.T.);
#15094 = LINE('',#15095,#15096);
#15095 = CARTESIAN_POINT('',(4.662869074941,-6.815082591772,
    28.839155387878));
#15096 = VECTOR('',#15097,1.);
#15097 = DIRECTION('',(-2.97635091311E-02,-1.030150140527E-02,
    -0.999503883231));
#15098 = ORIENTED_EDGE('',*,*,#15079,.F.);
#15099 = ORIENTED_EDGE('',*,*,#3655,.F.);
#15100 = PLANE('',#15101);
#15101 = AXIS2_PLACEMENT_3D('',#15102,#15103,#15104);
#15102 = CARTESIAN_POINT('',(4.079307669483,-7.003309933809,
    20.593750322967));
#15103 = DIRECTION('',(-0.292112185176,0.956383358913,
    -1.158475564187E-03));
#15104 = DIRECTION('',(0.956384000678,0.292112381193,-3.099734011136E-16
    ));
#15105 = ADVANCED_FACE('',(#15106),#15121,.T.);
#15106 = FACE_BOUND('',#15107,.T.);
#15107 = EDGE_LOOP('',(#15108,#15114,#15115));
#15108 = ORIENTED_EDGE('',*,*,#15109,.T.);
#15109 = EDGE_CURVE('',#13702,#15071,#15110,.T.);
#15110 = LINE('',#15111,#15112);
#15111 = CARTESIAN_POINT('',(4.662869074941,-6.815082591772,
    20.711155569553));
#15112 = VECTOR('',#15113,1.);
#15113 = DIRECTION('',(-5.65193186736E-02,-1.956200252383E-02,
    -0.99820984501));
#15114 = ORIENTED_EDGE('',*,*,#15093,.F.);
#15115 = ORIENTED_EDGE('',*,*,#15116,.T.);
#15116 = EDGE_CURVE('',#3648,#13702,#15117,.T.);
#15117 = LINE('',#15118,#15119);
#15118 = CARTESIAN_POINT('',(4.662869074941,-6.815082591772,
    28.839155387878));
#15119 = VECTOR('',#15120,1.);
#15120 = DIRECTION('',(0.,0.,-1.));
#15121 = PLANE('',#15122);
#15122 = AXIS2_PLACEMENT_3D('',#15123,#15124,#15125);
#15123 = CARTESIAN_POINT('',(4.46806070118,-6.882508066611,
    20.264740457111));
#15124 = DIRECTION('',(-0.327075072733,0.944998358092,0.));
#15125 = DIRECTION('',(0.944998358092,0.327075072733,0.));
#15126 = ADVANCED_FACE('',(#15127),#15144,.T.);
#15127 = FACE_BOUND('',#15128,.T.);
#15128 = EDGE_LOOP('',(#15129,#15137,#15138));
#15129 = ORIENTED_EDGE('',*,*,#15130,.T.);
#15130 = EDGE_CURVE('',#15131,#15071,#15133,.T.);
#15131 = VERTEX_POINT('',#15132);
#15132 = CARTESIAN_POINT('',(5.549160891771,-6.439893525839,
    11.694155842066));
#15133 = LINE('',#15134,#15135);
#15134 = CARTESIAN_POINT('',(5.549160891771,-6.439893525839,
    11.694155842066));
#15135 = VECTOR('',#15136,1.);
#15136 = DIRECTION('',(-0.93003884646,-0.367461214383,0.));
#15137 = ORIENTED_EDGE('',*,*,#15109,.F.);
#15138 = ORIENTED_EDGE('',*,*,#15139,.T.);
#15139 = EDGE_CURVE('',#13702,#15131,#15140,.T.);
#15140 = LINE('',#15141,#15142);
#15141 = CARTESIAN_POINT('',(4.662869074941,-6.815082591772,
    20.711155569553));
#15142 = VECTOR('',#15143,1.);
#15143 = DIRECTION('',(9.773605906557E-02,4.137407117211E-02,
    -0.9943519744));
#15144 = PLANE('',#15145);
#15145 = AXIS2_PLACEMENT_3D('',#15146,#15147,#15148);
#15146 = CARTESIAN_POINT('',(4.764626120241,-6.761413680921,
    15.857234892135));
#15147 = DIRECTION('',(-0.367459991544,0.930035751471,2.57984496666E-03)
  );
#15148 = DIRECTION('',(0.93003884646,0.367461214384,1.66013036651E-15));
#15149 = ADVANCED_FACE('',(#15150),#15160,.T.);
#15150 = FACE_BOUND('',#15151,.T.);
#15151 = EDGE_LOOP('',(#15152,#15158,#15159));
#15152 = ORIENTED_EDGE('',*,*,#15153,.T.);
#15153 = EDGE_CURVE('',#13700,#15131,#15154,.T.);
#15154 = LINE('',#15155,#15156);
#15155 = CARTESIAN_POINT('',(6.008712238073,-6.208449849486,
    20.711155569553));
#15156 = VECTOR('',#15157,1.);
#15157 = DIRECTION('',(-5.088221973743E-02,-2.56257937046E-02,
    -0.998375840258));
#15158 = ORIENTED_EDGE('',*,*,#15139,.F.);
#15159 = ORIENTED_EDGE('',*,*,#13699,.F.);
#15160 = PLANE('',#15161);
#15161 = AXIS2_PLACEMENT_3D('',#15162,#15163,#15164);
#15162 = CARTESIAN_POINT('',(5.433802431702,-6.478822994354,
    16.542643588568));
#15163 = DIRECTION('',(-0.410928549567,0.911664241673,
    -2.457153839899E-03));
#15164 = DIRECTION('',(0.91166699382,0.410929790085,-1.929988287241E-15)
  );
#15165 = ADVANCED_FACE('',(#15166),#15183,.T.);
#15166 = FACE_BOUND('',#15167,.T.);
#15167 = EDGE_LOOP('',(#15168,#15176,#15177));
#15168 = ORIENTED_EDGE('',*,*,#15169,.T.);
#15169 = EDGE_CURVE('',#15170,#15131,#15172,.T.);
#15170 = VERTEX_POINT('',#15171);
#15171 = CARTESIAN_POINT('',(6.85938705802,-5.705685600638,
    11.694155842066));
#15172 = LINE('',#15173,#15174);
#15173 = CARTESIAN_POINT('',(6.85938705802,-5.705685600638,
    11.694155842066));
#15174 = VECTOR('',#15175,1.);
#15175 = DIRECTION('',(-0.872369375867,-0.488847289089,0.));
#15176 = ORIENTED_EDGE('',*,*,#15153,.F.);
#15177 = ORIENTED_EDGE('',*,*,#15178,.T.);
#15178 = EDGE_CURVE('',#13700,#15170,#15179,.T.);
#15179 = LINE('',#15180,#15181);
#15180 = CARTESIAN_POINT('',(6.008712238073,-6.208449849486,
    20.711155569553));
#15181 = VECTOR('',#15182,1.);
#15182 = DIRECTION('',(9.377979979186E-02,5.542556273435E-02,
    -0.994048970698));
#15183 = PLANE('',#15184);
#15184 = AXIS2_PLACEMENT_3D('',#15185,#15186,#15187);
#15185 = CARTESIAN_POINT('',(6.114640998294,-6.135055126862,
    15.857257029436));
#15186 = DIRECTION('',(-0.488845733735,0.87236660027,2.522566559358E-03)
  );
#15187 = DIRECTION('',(0.872369375867,0.488847289089,-3.300311413046E-16
    ));
#15188 = ADVANCED_FACE('',(#15189),#15199,.T.);
#15189 = FACE_BOUND('',#15190,.T.);
#15190 = EDGE_LOOP('',(#15191,#15197,#15198));
#15191 = ORIENTED_EDGE('',*,*,#15192,.T.);
#15192 = EDGE_CURVE('',#13755,#15170,#15193,.T.);
#15193 = LINE('',#15194,#15195);
#15194 = CARTESIAN_POINT('',(7.262859129906,-5.429725882411,
    20.711155569553));
#15195 = VECTOR('',#15196,1.);
#15196 = DIRECTION('',(-4.468010694503E-02,-3.055951224897E-02,
    -0.998533827296));
#15197 = ORIENTED_EDGE('',*,*,#15178,.F.);
#15198 = ORIENTED_EDGE('',*,*,#13754,.F.);
#15199 = PLANE('',#15200);
#15200 = AXIS2_PLACEMENT_3D('',#15201,#15202,#15203);
#15201 = CARTESIAN_POINT('',(6.7385035246,-5.767067438482,
    16.542620281845));
#15202 = DIRECTION('',(-0.527502155775,0.849550311883,
    -2.396504117284E-03));
#15203 = DIRECTION('',(0.849552751476,0.527503670565,-6.00214322688E-16)
  );
#15204 = ADVANCED_FACE('',(#15205),#15222,.T.);
#15205 = FACE_BOUND('',#15206,.T.);
#15206 = EDGE_LOOP('',(#15207,#15215,#15216));
#15207 = ORIENTED_EDGE('',*,*,#15208,.T.);
#15208 = EDGE_CURVE('',#15209,#15170,#15211,.T.);
#15209 = VERTEX_POINT('',#15210);
#15210 = CARTESIAN_POINT('',(8.059337282181,-4.802428749204,
    11.694155842066));
#15211 = LINE('',#15212,#15213);
#15212 = CARTESIAN_POINT('',(8.059337282181,-4.802428749204,
    11.694155842066));
#15213 = VECTOR('',#15214,1.);
#15214 = DIRECTION('',(-0.798945975003,-0.60140280098,0.));
#15215 = ORIENTED_EDGE('',*,*,#15192,.F.);
#15216 = ORIENTED_EDGE('',*,*,#15217,.T.);
#15217 = EDGE_CURVE('',#13755,#15209,#15218,.T.);
#15218 = LINE('',#15219,#15220);
#15219 = CARTESIAN_POINT('',(7.262859129906,-5.429725882411,
    20.711155569553));
#15220 = VECTOR('',#15221,1.);
#15221 = DIRECTION('',(8.777762569411E-02,6.913265957187E-02,
    -0.993738277319));
#15222 = PLANE('',#15223);
#15223 = AXIS2_PLACEMENT_3D('',#15224,#15225,#15226);
#15224 = CARTESIAN_POINT('',(7.369303989488,-5.334661060463,
    15.857281846378));
#15225 = DIRECTION('',(-0.601400982821,0.798943559631,2.458939963147E-03
    ));
#15226 = DIRECTION('',(0.798945975003,0.601402800981,1.649938866088E-15)
  );
#15227 = ADVANCED_FACE('',(#15228),#15238,.T.);
#15228 = FACE_BOUND('',#15229,.T.);
#15229 = EDGE_LOOP('',(#15230,#15236,#15237));
#15230 = ORIENTED_EDGE('',*,*,#15231,.T.);
#15231 = EDGE_CURVE('',#13801,#15209,#15232,.T.);
#15232 = LINE('',#15233,#15234);
#15233 = CARTESIAN_POINT('',(8.403427380323,-4.492495056987,
    20.711155569553));
#15234 = VECTOR('',#15235,1.);
#15235 = DIRECTION('',(-3.810992691351E-02,-3.432691153328E-02,
    -0.998683782093));
#15236 = ORIENTED_EDGE('',*,*,#15217,.F.);
#15237 = ORIENTED_EDGE('',*,*,#13800,.F.);
#15238 = PLANE('',#15239);
#15239 = AXIS2_PLACEMENT_3D('',#15240,#15241,#15242);
#15240 = CARTESIAN_POINT('',(7.93705839849,-4.888289614566,
    16.542594733227));
#15241 = DIRECTION('',(-0.63487338342,0.772612684647,-2.329495157111E-03
    ));
#15242 = DIRECTION('',(0.772614780965,0.634875106012,1.62977270568E-15)
  );
#15243 = ADVANCED_FACE('',(#15244),#15261,.T.);
#15244 = FACE_BOUND('',#15245,.T.);
#15245 = EDGE_LOOP('',(#15246,#15254,#15255));
#15246 = ORIENTED_EDGE('',*,*,#15247,.T.);
#15247 = EDGE_CURVE('',#15248,#15209,#15250,.T.);
#15248 = VERTEX_POINT('',#15249);
#15249 = CARTESIAN_POINT('',(9.127338498831,-3.746434354782,
    11.694155842066));
#15250 = LINE('',#15251,#15252);
#15251 = CARTESIAN_POINT('',(9.127338498831,-3.746434354782,
    11.694155842066));
#15252 = VECTOR('',#15253,1.);
#15253 = DIRECTION('',(-0.711092652563,-0.703098314229,0.));
#15254 = ORIENTED_EDGE('',*,*,#15231,.F.);
#15255 = ORIENTED_EDGE('',*,*,#15256,.T.);
#15256 = EDGE_CURVE('',#13801,#15248,#15257,.T.);
#15257 = LINE('',#15258,#15259);
#15258 = CARTESIAN_POINT('',(8.403427380323,-4.492495056987,
    20.711155569553));
#15259 = VECTOR('',#15260,1.);
#15260 = DIRECTION('',(7.975465964484E-02,8.21949212514E-02,
    -0.993419946038));
#15261 = PLANE('',#15262);
#15262 = AXIS2_PLACEMENT_3D('',#15263,#15264,#15265);
#15263 = CARTESIAN_POINT('',(8.506307574977,-4.37446744408,
    15.857309370848));
#15264 = DIRECTION('',(-0.703096308581,0.711090624111,2.388547836625E-03
    ));
#15265 = DIRECTION('',(0.711092652563,0.703098314228,-8.899131431761E-16
    ));
#15266 = ADVANCED_FACE('',(#15267),#15277,.T.);
#15267 = FACE_BOUND('',#15268,.T.);
#15268 = EDGE_LOOP('',(#15269,#15275,#15276));
#15269 = ORIENTED_EDGE('',*,*,#15270,.T.);
#15270 = EDGE_CURVE('',#13847,#15248,#15271,.T.);
#15271 = LINE('',#15272,#15273);
#15272 = CARTESIAN_POINT('',(9.410516011715,-3.413111147285,
    20.711155569553));
#15273 = VECTOR('',#15274,1.);
#15274 = DIRECTION('',(-3.136796986537E-02,-3.69226787174E-02,
    -0.998825693634));
#15275 = ORIENTED_EDGE('',*,*,#15256,.F.);
#15276 = ORIENTED_EDGE('',*,*,#13846,.F.);
#15277 = PLANE('',#15278);
#15278 = AXIS2_PLACEMENT_3D('',#15279,#15280,#15281);
#15279 = CARTESIAN_POINT('',(9.008216352984,-3.85807513694,
    16.542566494821));
#15280 = DIRECTION('',(-0.731167048232,0.682194736556,
    -2.255880239604E-03));
#15281 = DIRECTION('',(-0.682196472405,-0.731168908692,
    6.802284430174E-16));
#15282 = ADVANCED_FACE('',(#15283),#15300,.T.);
#15283 = FACE_BOUND('',#15284,.T.);
#15284 = EDGE_LOOP('',(#15285,#15293,#15294));
#15285 = ORIENTED_EDGE('',*,*,#15286,.T.);
#15286 = EDGE_CURVE('',#15287,#15248,#15289,.T.);
#15287 = VERTEX_POINT('',#15288);
#15288 = CARTESIAN_POINT('',(10.044104397297,-2.556773556769,
    11.694155842066));
#15289 = LINE('',#15290,#15291);
#15290 = CARTESIAN_POINT('',(10.044104397297,-2.556773556769,
    11.694155842066));
#15291 = VECTOR('',#15292,1.);
#15292 = DIRECTION('',(-0.610397468666,-0.792095278515,0.));
#15293 = ORIENTED_EDGE('',*,*,#15270,.F.);
#15294 = ORIENTED_EDGE('',*,*,#15295,.T.);
#15295 = EDGE_CURVE('',#13847,#15287,#15296,.T.);
#15296 = LINE('',#15297,#15298);
#15297 = CARTESIAN_POINT('',(9.410516011715,-3.413111147285,
    20.711155569553));
#15298 = VECTOR('',#15299,1.);
#15299 = DIRECTION('',(6.978072810651E-02,9.431337747182E-02,
    -0.993093971795));
#15300 = PLANE('',#15301);
#15301 = AXIS2_PLACEMENT_3D('',#15302,#15303,#15304);
#15302 = CARTESIAN_POINT('',(9.505437410651,-3.271552567042,
    15.857339124525));
#15303 = DIRECTION('',(-0.792093162198,0.610395837809,2.31161958214E-03)
  );
#15304 = DIRECTION('',(-0.610397468666,-0.792095278515,
    9.497611030973E-16));
#15305 = ADVANCED_FACE('',(#15306),#15316,.T.);
#15306 = FACE_BOUND('',#15307,.T.);
#15307 = EDGE_LOOP('',(#15308,#15314,#15315));
#15308 = ORIENTED_EDGE('',*,*,#15309,.T.);
#15309 = EDGE_CURVE('',#13893,#15287,#15310,.T.);
#15310 = LINE('',#15311,#15312);
#15311 = CARTESIAN_POINT('',(10.266554027796,-2.210408169031,
    20.711155569553));
#15312 = VECTOR('',#15313,1.);
#15313 = DIRECTION('',(-2.464435976621E-02,-3.837252148646E-02,
    -0.998959561307));
#15314 = ORIENTED_EDGE('',*,*,#15295,.F.);
#15315 = ORIENTED_EDGE('',*,*,#13892,.F.);
#15316 = PLANE('',#15317);
#15317 = AXIS2_PLACEMENT_3D('',#15318,#15319,#15320);
#15318 = CARTESIAN_POINT('',(9.932988487217,-2.694696455803,
    16.54253566305));
#15319 = DIRECTION('',(-0.814702958898,0.579874430546,
    -2.175674880211E-03));
#15320 = DIRECTION('',(-0.579875802987,-0.814704887128,
    -7.49834222491E-16));
#15321 = ADVANCED_FACE('',(#15322),#15339,.T.);
#15322 = FACE_BOUND('',#15323,.T.);
#15323 = EDGE_LOOP('',(#15324,#15332,#15333));
#15324 = ORIENTED_EDGE('',*,*,#15325,.T.);
#15325 = EDGE_CURVE('',#15326,#15287,#15328,.T.);
#15326 = VERTEX_POINT('',#15327);
#15327 = CARTESIAN_POINT('',(10.79307757616,-1.254931311309,
    11.694155842066));
#15328 = LINE('',#15329,#15330);
#15329 = CARTESIAN_POINT('',(10.79307757616,-1.254931311309,
    11.694155842066));
#15330 = VECTOR('',#15331,1.);
#15331 = DIRECTION('',(-0.49867821046,-0.866787195575,0.));
#15332 = ORIENTED_EDGE('',*,*,#15309,.F.);
#15333 = ORIENTED_EDGE('',*,*,#15334,.T.);
#15334 = EDGE_CURVE('',#13893,#15326,#15335,.T.);
#15335 = LINE('',#15336,#15337);
#15336 = CARTESIAN_POINT('',(10.266554027796,-2.210408169031,
    20.711155569553));
#15337 = VECTOR('',#15338,1.);
#15338 = DIRECTION('',(5.796958305974E-02,0.105196805038,-0.992760373731
    ));
#15339 = PLANE('',#15340);
#15340 = AXIS2_PLACEMENT_3D('',#15341,#15342,#15343);
#15341 = CARTESIAN_POINT('',(10.348932553867,-2.045532664485,
    15.857371438589));
#15342 = DIRECTION('',(-0.86678504385,0.498676972535,2.228187910136E-03)
  );
#15343 = DIRECTION('',(-0.498678210461,-0.866787195574,
    1.859948826899E-15));
#15344 = ADVANCED_FACE('',(#15345),#15355,.T.);
#15345 = FACE_BOUND('',#15346,.T.);
#15346 = EDGE_LOOP('',(#15347,#15353,#15354));
#15347 = ORIENTED_EDGE('',*,*,#15348,.T.);
#15348 = EDGE_CURVE('',#13939,#15326,#15349,.T.);
#15349 = LINE('',#15350,#15351);
#15350 = CARTESIAN_POINT('',(10.956605476141,-0.90536910668,
    20.711155569553));
#15351 = VECTOR('',#15352,1.);
#15352 = DIRECTION('',(-1.811892391226E-02,-3.873156194773E-02,
    -0.999085367076));
#15353 = ORIENTED_EDGE('',*,*,#15334,.F.);
#15354 = ORIENTED_EDGE('',*,*,#13938,.F.);
#15355 = PLANE('',#15356);
#15356 = AXIS2_PLACEMENT_3D('',#15357,#15358,#15359);
#15357 = CARTESIAN_POINT('',(10.694981576062,-1.418786233249,
    16.542502612493));
#15358 = DIRECTION('',(-0.884024411733,0.467436066312,
    -2.088868454055E-03));
#15359 = DIRECTION('',(-0.467437086114,-0.884026340403,
    8.599891632155E-16));
#15360 = ADVANCED_FACE('',(#15361),#15378,.T.);
#15361 = FACE_BOUND('',#15362,.T.);
#15362 = EDGE_LOOP('',(#15363,#15371,#15372));
#15363 = ORIENTED_EDGE('',*,*,#15364,.T.);
#15364 = EDGE_CURVE('',#15365,#15326,#15367,.T.);
#15365 = VERTEX_POINT('',#15366);
#15366 = CARTESIAN_POINT('',(11.360731577873,0.135579549707,
    11.694155842066));
#15367 = LINE('',#15368,#15369);
#15368 = CARTESIAN_POINT('',(11.360731577873,0.135579549707,
    11.694155842066));
#15369 = VECTOR('',#15370,1.);
#15370 = DIRECTION('',(-0.377953241517,-0.925824684931,0.));
#15371 = ORIENTED_EDGE('',*,*,#15348,.F.);
#15372 = ORIENTED_EDGE('',*,*,#15373,.T.);
#15373 = EDGE_CURVE('',#13939,#15365,#15374,.T.);
#15374 = LINE('',#15375,#15376);
#15375 = CARTESIAN_POINT('',(10.956605476141,-0.90536910668,
    20.711155569553));
#15376 = VECTOR('',#15377,1.);
#15377 = DIRECTION('',(4.447848726495E-02,0.114567758326,-0.99241921229)
  );
#15378 = PLANE('',#15379);
#15379 = AXIS2_PLACEMENT_3D('',#15380,#15381,#15382);
#15380 = CARTESIAN_POINT('',(11.021799772026,-0.718211845785,
    15.857406576366));
#15381 = DIRECTION('',(-0.925822568582,0.377952377551,2.138178400354E-03
    ));
#15382 = DIRECTION('',(-0.377953241517,-0.925824684931,
    -1.799775606326E-16));
#15383 = ADVANCED_FACE('',(#15384),#15394,.T.);
#15384 = FACE_BOUND('',#15385,.T.);
#15385 = EDGE_LOOP('',(#15386,#15392,#15393));
#15386 = ORIENTED_EDGE('',*,*,#15387,.T.);
#15387 = EDGE_CURVE('',#13985,#15365,#15388,.T.);
#15388 = LINE('',#15389,#15390);
#15389 = CARTESIAN_POINT('',(11.468629091978,0.479235023633,
    20.711155569553));
#15390 = VECTOR('',#15391,1.);
#15391 = DIRECTION('',(-1.195647486698E-02,-3.808158205475E-02,
    -0.999203100384));
#15392 = ORIENTED_EDGE('',*,*,#15373,.F.);
#15393 = ORIENTED_EDGE('',*,*,#13984,.F.);
#15394 = PLANE('',#15395);
#15395 = AXIS2_PLACEMENT_3D('',#15396,#15397,#15398);
#15396 = CARTESIAN_POINT('',(11.280689501817,-5.297290027405E-02,
    16.542466802717));
#15397 = DIRECTION('',(-0.937921668475,0.346841406544,
    -1.995622938131E-03));
#15398 = DIRECTION('',(-0.346842097196,-0.937923536123,
    -3.699297812521E-16));
#15399 = ADVANCED_FACE('',(#15400),#15417,.T.);
#15400 = FACE_BOUND('',#15401,.T.);
#15401 = EDGE_LOOP('',(#15402,#15410,#15411));
#15402 = ORIENTED_EDGE('',*,*,#15403,.T.);
#15403 = EDGE_CURVE('',#15404,#15365,#15406,.T.);
#15404 = VERTEX_POINT('',#15405);
#15405 = CARTESIAN_POINT('',(11.736813879013,1.58964792788,
    11.694155842066));
#15406 = LINE('',#15407,#15408);
#15407 = CARTESIAN_POINT('',(11.736813879013,1.58964792788,
    11.694155842066));
#15408 = VECTOR('',#15409,1.);
#15409 = DIRECTION('',(-0.250401628029,-0.96814204778,0.));
#15410 = ORIENTED_EDGE('',*,*,#15387,.F.);
#15411 = ORIENTED_EDGE('',*,*,#15412,.T.);
#15412 = EDGE_CURVE('',#13985,#15404,#15413,.T.);
#15413 = LINE('',#15414,#15415);
#15414 = CARTESIAN_POINT('',(11.468629091978,0.479235023633,
    20.711155569553));
#15415 = VECTOR('',#15416,1.);
#15416 = DIRECTION('',(2.950629024732E-02,0.122170111919,-0.992070482672
    ));
#15417 = PLANE('',#15418);
#15418 = AXIS2_PLACEMENT_3D('',#15419,#15420,#15421);
#15419 = CARTESIAN_POINT('',(11.512080161962,0.686804255589,
    15.857443987559));
#15420 = DIRECTION('',(-0.968140030308,0.250401106227,2.04149853612E-03)
  );
#15421 = DIRECTION('',(-0.250401628029,-0.96814204778,
    -3.700382014693E-16));
#15422 = ADVANCED_FACE('',(#15423),#15433,.T.);
#15423 = FACE_BOUND('',#15424,.T.);
#15424 = EDGE_LOOP('',(#15425,#15431,#15432));
#15425 = ORIENTED_EDGE('',*,*,#15426,.T.);
#15426 = EDGE_CURVE('',#14031,#15404,#15427,.T.);
#15427 = LINE('',#15428,#15429);
#15428 = CARTESIAN_POINT('',(11.793692523241,1.919245474041,
    20.711155569553));
#15429 = VECTOR('',#15430,1.);
#15430 = DIRECTION('',(-6.303599475802E-03,-3.652778555821E-02,
    -0.999312756606));
#15431 = ORIENTED_EDGE('',*,*,#15412,.F.);
#15432 = ORIENTED_EDGE('',*,*,#14030,.F.);
#15433 = PLANE('',#15434);
#15434 = AXIS2_PLACEMENT_3D('',#15435,#15436,#15437);
#15435 = CARTESIAN_POINT('',(11.67973291678,1.378522404796,
    16.542428543445));
#15436 = DIRECTION('',(-0.975453832966,0.220195881143,
    -1.895700464654E-03));
#15437 = DIRECTION('',(-0.220196276801,-0.975455585705,
    3.898791012258E-16));
#15438 = ADVANCED_FACE('',(#15439),#15456,.T.);
#15439 = FACE_BOUND('',#15440,.T.);
#15440 = EDGE_LOOP('',(#15441,#15449,#15450));
#15441 = ORIENTED_EDGE('',*,*,#15442,.T.);
#15442 = EDGE_CURVE('',#15443,#15404,#15445,.T.);
#15443 = VERTEX_POINT('',#15444);
#15444 = CARTESIAN_POINT('',(11.914532864094,3.081012542546,
    11.694155842066));
#15445 = LINE('',#15446,#15447);
#15446 = CARTESIAN_POINT('',(11.914532864094,3.081012542546,
    11.694155842066));
#15447 = VECTOR('',#15448,1.);
#15448 = DIRECTION('',(-0.11832815839,-0.992974544957,0.));
#15449 = ORIENTED_EDGE('',*,*,#15426,.F.);
#15450 = ORIENTED_EDGE('',*,*,#15451,.T.);
#15451 = EDGE_CURVE('',#14031,#15443,#15452,.T.);
#15452 = LINE('',#15453,#15454);
#15453 = CARTESIAN_POINT('',(11.793692523241,1.919245474041,
    20.711155569553));
#15454 = VECTOR('',#15455,1.);
#15455 = DIRECTION('',(1.329035021378E-02,0.127774310287,-0.991714219028
    ));
#15456 = PLANE('',#15457);
#15457 = AXIS2_PLACEMENT_3D('',#15458,#15459,#15460);
#15458 = CARTESIAN_POINT('',(11.811063757159,2.144529591092,
    15.857484040513));
#15459 = DIRECTION('',(-0.992972679501,0.118327936092,1.938376723478E-03
    ));
#15460 = DIRECTION('',(-0.11832815839,-0.992974544957,
    -5.500157621019E-16));
#15461 = ADVANCED_FACE('',(#15462),#15472,.T.);
#15462 = FACE_BOUND('',#15463,.T.);
#15463 = EDGE_LOOP('',(#15464,#15470,#15471));
#15464 = ORIENTED_EDGE('',*,*,#15465,.T.);
#15465 = EDGE_CURVE('',#14077,#15443,#15466,.T.);
#15466 = LINE('',#15467,#15468);
#15467 = CARTESIAN_POINT('',(11.926123726368,3.38953768611,
    20.711155569553));
#15468 = VECTOR('',#15469,1.);
#15469 = DIRECTION('',(-1.284692705699E-03,-3.419590295228E-02,
    -0.999414323384));
#15470 = ORIENTED_EDGE('',*,*,#15451,.F.);
#15471 = ORIENTED_EDGE('',*,*,#14076,.F.);
#15472 = PLANE('',#15473);
#15473 = AXIS2_PLACEMENT_3D('',#15474,#15475,#15476);
#15474 = CARTESIAN_POINT('',(11.885044019361,2.850313959002,
    16.542387881674));
#15475 = DIRECTION('',(-0.995966498068,8.970804614935E-02,
    -1.789184628572E-03));
#15476 = DIRECTION('',(-8.970818973557E-02,-0.995968092207,
    -5.000882520589E-17));
#15477 = ADVANCED_FACE('',(#15478),#15495,.T.);
#15478 = FACE_BOUND('',#15479,.T.);
#15479 = EDGE_LOOP('',(#15480,#15488,#15489));
#15480 = ORIENTED_EDGE('',*,*,#15481,.T.);
#15481 = EDGE_CURVE('',#15482,#15443,#15484,.T.);
#15482 = VERTEX_POINT('',#15483);
#15483 = CARTESIAN_POINT('',(11.890679699183,4.582739442587,
    11.694155842066));
#15484 = LINE('',#15485,#15486);
#15485 = CARTESIAN_POINT('',(11.890679699183,4.582739442587,
    11.694155842066));
#15486 = VECTOR('',#15487,1.);
#15487 = DIRECTION('',(1.588182009168E-02,-0.999873875942,0.));
#15488 = ORIENTED_EDGE('',*,*,#15465,.F.);
#15489 = ORIENTED_EDGE('',*,*,#15490,.T.);
#15490 = EDGE_CURVE('',#14077,#15482,#15491,.T.);
#15491 = LINE('',#15492,#15493);
#15492 = CARTESIAN_POINT('',(11.926123726368,3.38953768611,
    20.711155569553));
#15493 = VECTOR('',#15494,1.);
#15494 = DIRECTION('',(-3.896800867995E-03,0.131183446396,
    -0.991350451826));
#15495 = PLANE('',#15496);
#15496 = AXIS2_PLACEMENT_3D('',#15497,#15498,#15499);
#15497 = CARTESIAN_POINT('',(11.913442558753,3.629041832403,
    15.857526589744));
#15498 = DIRECTION('',(-0.999872204094,-1.588179353636E-02,
    1.828691819743E-03));
#15499 = DIRECTION('',(1.588182009169E-02,-0.999873875942,
    -2.000691821415E-17));
#15500 = ADVANCED_FACE('',(#15501),#15511,.T.);
#15501 = FACE_BOUND('',#15502,.T.);
#15502 = EDGE_LOOP('',(#15503,#15509,#15510));
#15503 = ORIENTED_EDGE('',*,*,#15504,.T.);
#15504 = EDGE_CURVE('',#14123,#15482,#15505,.T.);
#15505 = LINE('',#15506,#15507);
#15506 = CARTESIAN_POINT('',(11.863611644506,4.864457499981,
    20.711155569553));
#15507 = VECTOR('',#15508,1.);
#15508 = DIRECTION('',(3.000413938089E-03,-3.12276148446E-02,
    -0.999507795661));
#15509 = ORIENTED_EDGE('',*,*,#15490,.F.);
#15510 = ORIENTED_EDGE('',*,*,#14122,.F.);
#15511 = PLANE('',#15512);
#15512 = AXIS2_PLACEMENT_3D('',#15513,#15514,#15515);
#15513 = CARTESIAN_POINT('',(11.892990672004,4.336302785181,
    16.542344590371));
#15514 = DIRECTION('',(-0.9991016294,-4.234530057678E-02,
    -1.676200750812E-03));
#15515 = DIRECTION('',(4.234536006462E-02,-0.999103032966,
    4.000706016472E-17));
#15516 = ADVANCED_FACE('',(#15517),#15534,.T.);
#15517 = FACE_BOUND('',#15518,.T.);
#15518 = EDGE_LOOP('',(#15519,#15527,#15528));
#15519 = ORIENTED_EDGE('',*,*,#15520,.T.);
#15520 = EDGE_CURVE('',#15521,#15482,#15523,.T.);
#15521 = VERTEX_POINT('',#15522);
#15522 = CARTESIAN_POINT('',(11.665685105324,6.067707395554,
    11.694155842066));
#15523 = LINE('',#15524,#15525);
#15524 = CARTESIAN_POINT('',(11.665685105324,6.067707395554,
    11.694155842066));
#15525 = VECTOR('',#15526,1.);
#15526 = DIRECTION('',(0.149805021102,-0.988715558517,0.));
#15527 = ORIENTED_EDGE('',*,*,#15504,.F.);
#15528 = ORIENTED_EDGE('',*,*,#15529,.T.);
#15529 = EDGE_CURVE('',#14123,#15521,#15530,.T.);
#15530 = LINE('',#15531,#15532);
#15531 = CARTESIAN_POINT('',(11.863611644506,4.864457499981,
    20.711155569553));
#15532 = VECTOR('',#15533,1.);
#15533 = DIRECTION('',(-2.175236664397E-02,0.132238622475,
    -0.990979203249));
#15534 = PLANE('',#15535);
#15535 = AXIS2_PLACEMENT_3D('',#15536,#15537,#15538);
#15536 = CARTESIAN_POINT('',(11.817405053456,5.113943048321,
    15.857571701035));
#15537 = DIRECTION('',(-0.988714109009,-0.14980480148,1.712337869171E-03
    ));
#15538 = DIRECTION('',(0.149805021102,-0.988715558517,4.499981116901E-16
    ));
#15539 = ADVANCED_FACE('',(#15540),#15550,.T.);
#15540 = FACE_BOUND('',#15541,.T.);
#15541 = EDGE_LOOP('',(#15542,#15548,#15549));
#15542 = ORIENTED_EDGE('',*,*,#15543,.T.);
#15543 = EDGE_CURVE('',#14146,#15521,#15544,.T.);
#15544 = LINE('',#15545,#15546);
#15545 = CARTESIAN_POINT('',(11.607247084379,6.318271225691,
    20.711155569553));
#15546 = VECTOR('',#15547,1.);
#15547 = DIRECTION('',(6.478235327671E-03,-2.777663291798E-02,
    -0.999593162807));
#15548 = ORIENTED_EDGE('',*,*,#15529,.F.);
#15549 = ORIENTED_EDGE('',*,*,#14145,.F.);
#15550 = PLANE('',#15551);
#15551 = AXIS2_PLACEMENT_3D('',#15552,#15553,#15554);
#15552 = CARTESIAN_POINT('',(11.703440744176,5.810139155788,
    16.542298944431));
#15553 = DIRECTION('',(-0.984804477336,-0.173659776475,
    -1.556744633767E-03));
#15554 = DIRECTION('',(0.173659986904,-0.984805670652,
    -6.699827324874E-16));
#15555 = ADVANCED_FACE('',(#15556),#15573,.T.);
#15556 = FACE_BOUND('',#15557,.T.);
#15557 = EDGE_LOOP('',(#15558,#15566,#15567));
#15558 = ORIENTED_EDGE('',*,*,#15559,.T.);
#15559 = EDGE_CURVE('',#15560,#15521,#15562,.T.);
#15560 = VERTEX_POINT('',#15561);
#15561 = CARTESIAN_POINT('',(11.243610274792,7.509097582102,
    11.694155842066));
#15562 = LINE('',#15563,#15564);
#15563 = CARTESIAN_POINT('',(11.243610274792,7.509097582102,
    11.694155842066));
#15564 = VECTOR('',#15565,1.);
#15565 = DIRECTION('',(0.281024186358,-0.959700685986,0.));
#15566 = ORIENTED_EDGE('',*,*,#15543,.F.);
#15567 = ORIENTED_EDGE('',*,*,#15568,.T.);
#15568 = EDGE_CURVE('',#14146,#15560,#15569,.T.);
#15569 = LINE('',#15570,#15571);
#15570 = CARTESIAN_POINT('',(11.607247084379,6.318271225691,
    20.711155569553));
#15571 = VECTOR('',#15572,1.);
#15572 = DIRECTION('',(-3.994885430275E-02,0.130823248246,
    -0.990600508156));
#15573 = PLANE('',#15574);
#15574 = AXIS2_PLACEMENT_3D('',#15575,#15576,#15577);
#15575 = CARTESIAN_POINT('',(11.52466785976,6.572830093889,
    15.857619286974));
#15576 = DIRECTION('',(-0.959699473816,-0.281023831405,
    1.589383391184E-03));
#15577 = DIRECTION('',(0.281024186358,-0.959700685986,-7.19964452639E-16
    ));
#15578 = ADVANCED_FACE('',(#15579),#15589,.T.);
#15579 = FACE_BOUND('',#15580,.T.);
#15580 = EDGE_LOOP('',(#15581,#15587,#15588));
#15581 = ORIENTED_EDGE('',*,*,#15582,.T.);
#15582 = EDGE_CURVE('',#14100,#15560,#15583,.T.);
#15583 = LINE('',#15584,#15585);
#15584 = CARTESIAN_POINT('',(11.161503791809,7.72561249733,
    20.711155569553));
#15585 = VECTOR('',#15586,1.);
#15586 = DIRECTION('',(9.102742031312E-03,-2.400394399633E-02,
    -0.999670421069));
#15587 = ORIENTED_EDGE('',*,*,#15568,.F.);
#15588 = ORIENTED_EDGE('',*,*,#14154,.F.);
#15589 = PLANE('',#15590);
#15590 = AXIS2_PLACEMENT_3D('',#15591,#15592,#15593);
#15591 = CARTESIAN_POINT('',(11.319763879074,7.245690051244,
    16.542250701467));
#15592 = DIRECTION('',(-0.953324633524,-0.301943863652,
    -1.430496079301E-03));
#15593 = DIRECTION('',(0.301944172589,-0.953325608929,4.299403714991E-16
    ));
#15594 = ADVANCED_FACE('',(#15595),#15612,.T.);
#15595 = FACE_BOUND('',#15596,.T.);
#15596 = EDGE_LOOP('',(#15597,#15605,#15606));
#15597 = ORIENTED_EDGE('',*,*,#15598,.T.);
#15598 = EDGE_CURVE('',#15599,#15560,#15601,.T.);
#15599 = VERTEX_POINT('',#15600);
#15600 = CARTESIAN_POINT('',(10.632081013918,8.88087900877,
    11.694155842066));
#15601 = LINE('',#15602,#15603);
#15602 = CARTESIAN_POINT('',(10.632081013918,8.88087900877,
    11.694155842066));
#15603 = VECTOR('',#15604,1.);
#15604 = DIRECTION('',(0.407166028582,-0.913354161959,0.));
#15605 = ORIENTED_EDGE('',*,*,#15582,.F.);
#15606 = ORIENTED_EDGE('',*,*,#15607,.T.);
#15607 = EDGE_CURVE('',#14100,#15599,#15608,.T.);
#15608 = LINE('',#15609,#15610);
#15609 = CARTESIAN_POINT('',(11.161503791809,7.72561249733,
    20.711155569553));
#15610 = VECTOR('',#15611,1.);
#15611 = DIRECTION('',(-5.813929999433E-02,0.126867201577,
    -0.990214388383));
#15612 = PLANE('',#15613);
#15613 = AXIS2_PLACEMENT_3D('',#15614,#15615,#15616);
#15614 = CARTESIAN_POINT('',(11.040446747699,7.979763488481,
    15.857669462479));
#15615 = DIRECTION('',(-0.913353188449,-0.407165594599,
    1.460042871424E-03));
#15616 = DIRECTION('',(0.407166028582,-0.913354161959,
    -3.003240017785E-17));
#15617 = ADVANCED_FACE('',(#15618),#15628,.T.);
#15618 = FACE_BOUND('',#15619,.T.);
#15619 = EDGE_LOOP('',(#15620,#15626,#15627));
#15620 = ORIENTED_EDGE('',*,*,#15621,.T.);
#15621 = EDGE_CURVE('',#14054,#15599,#15622,.T.);
#15622 = LINE('',#15623,#15624);
#15623 = CARTESIAN_POINT('',(10.534158211946,9.061926430464,
    20.711155569553));
#15624 = VECTOR('',#15625,1.);
#15625 = DIRECTION('',(1.08569704015E-02,-2.00732256331E-02,
    -0.999739561989));
#15626 = ORIENTED_EDGE('',*,*,#15607,.F.);
#15627 = ORIENTED_EDGE('',*,*,#14108,.F.);
#15628 = PLANE('',#15629);
#15629 = AXIS2_PLACEMENT_3D('',#15630,#15631,#15632);
#15630 = CARTESIAN_POINT('',(10.748774474692,8.617502948952,
    16.542200078558));
#15631 = DIRECTION('',(-0.905211119304,-0.424960168757,
    -1.297866990739E-03));
#15632 = DIRECTION('',(0.424960526671,-0.9052118817,-9.19945543354E-16)
  );
#15633 = ADVANCED_FACE('',(#15634),#15651,.T.);
#15634 = FACE_BOUND('',#15635,.T.);
#15635 = EDGE_LOOP('',(#15636,#15644,#15645));
#15636 = ORIENTED_EDGE('',*,*,#15637,.T.);
#15637 = EDGE_CURVE('',#15638,#15599,#15640,.T.);
#15638 = VERTEX_POINT('',#15639);
#15639 = CARTESIAN_POINT('',(9.84213937521,10.158276510239,
    11.694155842066));
#15640 = LINE('',#15641,#15642);
#15641 = CARTESIAN_POINT('',(9.84213937521,10.158276510239,
    11.694155842066));
#15642 = VECTOR('',#15643,1.);
#15643 = DIRECTION('',(0.525955879999,-0.850511853118,0.));
#15644 = ORIENTED_EDGE('',*,*,#15621,.F.);
#15645 = ORIENTED_EDGE('',*,*,#15646,.T.);
#15646 = EDGE_CURVE('',#14054,#15638,#15647,.T.);
#15647 = LINE('',#15648,#15649);
#15648 = CARTESIAN_POINT('',(10.534158211946,9.061926430464,
    20.711155569553));
#15649 = VECTOR('',#15650,1.);
#15650 = DIRECTION('',(-7.596481264703E-02,0.120349366209,
    -0.989820881419));
#15651 = PLANE('',#15652);
#15652 = AXIS2_PLACEMENT_3D('',#15653,#15654,#15655);
#15653 = CARTESIAN_POINT('',(10.373361806286,9.309729217463,
    15.857722129683));
#15654 = DIRECTION('',(-0.850511107663,-0.52595541901,1.323992694707E-03
    ));
#15655 = DIRECTION('',(0.525955879999,-0.850511853118,2.202014612318E-16
    ));
#15656 = ADVANCED_FACE('',(#15657),#15667,.T.);
#15657 = FACE_BOUND('',#15658,.T.);
#15658 = EDGE_LOOP('',(#15659,#15665,#15666));
#15659 = ORIENTED_EDGE('',*,*,#15660,.T.);
#15660 = EDGE_CURVE('',#14008,#15638,#15661,.T.);
#15661 = LINE('',#15662,#15663);
#15662 = CARTESIAN_POINT('',(9.736157017946,10.303896558285,
    20.711155569553));
#15663 = VECTOR('',#15664,1.);
#15664 = DIRECTION('',(1.175127267967E-02,-1.614628072446E-02,
    -0.999800582721));
#15665 = ORIENTED_EDGE('',*,*,#15646,.F.);
#15666 = ORIENTED_EDGE('',*,*,#14062,.F.);
#15667 = PLANE('',#15668);
#15668 = AXIS2_PLACEMENT_3D('',#15669,#15670,#15671);
#15669 = CARTESIAN_POINT('',(10.000605984562,9.901256333331,
    16.542146790657));
#15670 = DIRECTION('',(-0.841303658245,-0.540561571295,
    -1.158560852516E-03));
#15671 = DIRECTION('',(0.540561934083,-0.841304222871,2.900240811399E-16
    ));
#15672 = ADVANCED_FACE('',(#15673),#15690,.T.);
#15673 = FACE_BOUND('',#15674,.T.);
#15674 = EDGE_LOOP('',(#15675,#15683,#15684));
#15675 = ORIENTED_EDGE('',*,*,#15676,.T.);
#15676 = EDGE_CURVE('',#15677,#15638,#15679,.T.);
#15677 = VERTEX_POINT('',#15678);
#15678 = CARTESIAN_POINT('',(8.888051384687,11.31822039485,
    11.694155842066));
#15679 = LINE('',#15680,#15681);
#15680 = CARTESIAN_POINT('',(8.888051384687,11.31822039485,
    11.694155842066));
#15681 = VECTOR('',#15682,1.);
#15682 = DIRECTION('',(0.635246950907,-0.772309077613,0.));
#15683 = ORIENTED_EDGE('',*,*,#15660,.F.);
#15684 = ORIENTED_EDGE('',*,*,#15685,.T.);
#15685 = EDGE_CURVE('',#14008,#15677,#15686,.T.);
#15686 = LINE('',#15687,#15688);
#15687 = CARTESIAN_POINT('',(9.736157017946,10.303896558285,
    20.711155569553));
#15688 = VECTOR('',#15689,1.);
#15689 = DIRECTION('',(-9.30611838018E-02,0.111300023591,-0.989419992126
    ));
#15690 = PLANE('',#15691);
#15691 = AXIS2_PLACEMENT_3D('',#15692,#15693,#15694);
#15692 = CARTESIAN_POINT('',(9.535284491405,10.539082929834,
    15.857777194637));
#15693 = DIRECTION('',(-0.772308538567,-0.635246507526,
    1.181495820876E-03));
#15694 = DIRECTION('',(0.635246950907,-0.772309077613,
    -1.798691404153E-16));
#15695 = ADVANCED_FACE('',(#15696),#15706,.T.);
#15696 = FACE_BOUND('',#15697,.T.);
#15697 = EDGE_LOOP('',(#15698,#15704,#15705));
#15698 = ORIENTED_EDGE('',*,*,#15699,.T.);
#15699 = EDGE_CURVE('',#13962,#15677,#15700,.T.);
#15700 = LINE('',#15701,#15702);
#15701 = CARTESIAN_POINT('',(8.781422567368,11.429853600264,
    20.711155569553));
#15702 = VECTOR('',#15703,1.);
#15703 = DIRECTION('',(1.182357735335E-02,-1.23784908488E-02,
    -0.999853477257));
#15704 = ORIENTED_EDGE('',*,*,#15685,.F.);
#15705 = ORIENTED_EDGE('',*,*,#14016,.F.);
#15706 = PLANE('',#15707);
#15707 = AXIS2_PLACEMENT_3D('',#15708,#15709,#15710);
#15708 = CARTESIAN_POINT('',(9.088534263769,11.074192091822,
    16.542091247746));
#15709 = DIRECTION('',(-0.762716910056,-0.646731698387,
    -1.012628347728E-03));
#15710 = DIRECTION('',(0.646732029972,-0.762717301107,2.400423609883E-16
    ));
#15711 = ADVANCED_FACE('',(#15712),#15729,.T.);
#15712 = FACE_BOUND('',#15713,.T.);
#15713 = EDGE_LOOP('',(#15714,#15722,#15723));
#15714 = ORIENTED_EDGE('',*,*,#15715,.T.);
#15715 = EDGE_CURVE('',#15716,#15677,#15718,.T.);
#15716 = VERTEX_POINT('',#15717);
#15717 = CARTESIAN_POINT('',(7.787050426006,12.33976354003,
    11.694155842066));
#15718 = LINE('',#15719,#15720);
#15719 = CARTESIAN_POINT('',(7.787050426006,12.33976354003,
    11.694155842066));
#15720 = VECTOR('',#15721,1.);
#15721 = DIRECTION('',(0.733063973132,-0.680159695436,0.));
#15722 = ORIENTED_EDGE('',*,*,#15699,.F.);
#15723 = ORIENTED_EDGE('',*,*,#15724,.T.);
#15724 = EDGE_CURVE('',#13962,#15716,#15725,.T.);
#15725 = LINE('',#15726,#15727);
#15726 = CARTESIAN_POINT('',(8.781422567368,11.429853600264,
    20.711155569553));
#15727 = VECTOR('',#15728,1.);
#15728 = DIRECTION('',(-0.109065740931,9.980167146032E-02,
    -0.989011774717));
#15729 = PLANE('',#15730);
#15730 = AXIS2_PLACEMENT_3D('',#15731,#15732,#15733);
#15731 = CARTESIAN_POINT('',(8.541126868493,11.64597199401,
    15.857834891773));
#15732 = DIRECTION('',(-0.680159332923,-0.733063582422,
    1.032455639416E-03));
#15733 = DIRECTION('',(-0.733063973132,0.680159695436,3.003240017785E-17
    ));
#15734 = ADVANCED_FACE('',(#15735),#15745,.T.);
#15735 = FACE_BOUND('',#15736,.T.);
#15736 = EDGE_LOOP('',(#15737,#15743,#15744));
#15737 = ORIENTED_EDGE('',*,*,#15738,.T.);
#15738 = EDGE_CURVE('',#13916,#15716,#15739,.T.);
#15739 = LINE('',#15740,#15741);
#15740 = CARTESIAN_POINT('',(7.686613696814,12.420151680708,
    20.711155569553));
#15741 = VECTOR('',#15742,1.);
#15742 = DIRECTION('',(1.113746389092E-02,-8.914268925924E-03,
    -0.999898241176));
#15743 = ORIENTED_EDGE('',*,*,#15724,.F.);
#15744 = ORIENTED_EDGE('',*,*,#13970,.F.);
#15745 = PLANE('',#15746);
#15746 = AXIS2_PLACEMENT_3D('',#15747,#15748,#15749);
#15747 = CARTESIAN_POINT('',(8.028742389732,12.115519410413,
    16.542033102223));
#15748 = DIRECTION('',(-0.67082245361,-0.741617485969,
    -8.603706945167E-04));
#15749 = DIRECTION('',(-0.741617760456,0.670822701894,2.500712310838E-16
    ));
#15750 = ADVANCED_FACE('',(#15751),#15768,.T.);
#15751 = FACE_BOUND('',#15752,.T.);
#15752 = EDGE_LOOP('',(#15753,#15761,#15762));
#15753 = ORIENTED_EDGE('',*,*,#15754,.T.);
#15754 = EDGE_CURVE('',#15755,#15716,#15757,.T.);
#15755 = VERTEX_POINT('',#15756);
#15756 = CARTESIAN_POINT('',(6.559019309282,13.204453825951,
    11.694155842066));
#15757 = LINE('',#15758,#15759);
#15758 = CARTESIAN_POINT('',(6.559019309282,13.204453825951,
    11.694155842066));
#15759 = VECTOR('',#15760,1.);
#15760 = DIRECTION('',(0.81764336313,-0.575725047857,0.));
#15761 = ORIENTED_EDGE('',*,*,#15738,.F.);
#15762 = ORIENTED_EDGE('',*,*,#15763,.T.);
#15763 = EDGE_CURVE('',#13916,#15755,#15764,.T.);
#15764 = LINE('',#15765,#15766);
#15765 = CARTESIAN_POINT('',(7.686613696814,12.420151680708,
    20.711155569553));
#15766 = VECTOR('',#15767,1.);
#15767 = DIRECTION('',(-0.123626000132,8.598848857676E-02,
    -0.988596273472));
#15768 = PLANE('',#15769);
#15769 = AXIS2_PLACEMENT_3D('',#15770,#15771,#15772);
#15770 = CARTESIAN_POINT('',(7.40857635824,12.610721779136,
    15.857895345422));
#15771 = DIRECTION('',(-0.575724826623,-0.817643048933,
    8.766647643574E-04));
#15772 = DIRECTION('',(-0.817643363129,0.575725047857,
    -4.999798318417E-16));
#15773 = ADVANCED_FACE('',(#15774),#15784,.T.);
#15774 = FACE_BOUND('',#15775,.T.);
#15775 = EDGE_LOOP('',(#15776,#15782,#15783));
#15776 = ORIENTED_EDGE('',*,*,#15777,.T.);
#15777 = EDGE_CURVE('',#13870,#15755,#15778,.T.);
#15778 = LINE('',#15779,#15780);
#15779 = CARTESIAN_POINT('',(6.470832771063,13.257511997223,
    20.711155569553));
#15780 = VECTOR('',#15781,1.);
#15781 = DIRECTION('',(9.779394174508E-03,-5.88385462823E-03,
    -0.999934869731));
#15782 = ORIENTED_EDGE('',*,*,#15763,.F.);
#15783 = ORIENTED_EDGE('',*,*,#13924,.F.);
#15784 = PLANE('',#15785);
#15785 = AXIS2_PLACEMENT_3D('',#15786,#15787,#15788);
#15786 = CARTESIAN_POINT('',(6.840030794327,13.006780372349,
    16.541972432112));
#15787 = DIRECTION('',(-0.567223482028,-0.823563615908,
    -7.014191062959E-04));
#15788 = DIRECTION('',(-0.8235638185,0.567223621562,4.498354813642E-16)
  );
#15789 = ADVANCED_FACE('',(#15790),#15807,.T.);
#15790 = FACE_BOUND('',#15791,.T.);
#15791 = EDGE_LOOP('',(#15792,#15800,#15801));
#15792 = ORIENTED_EDGE('',*,*,#15793,.T.);
#15793 = EDGE_CURVE('',#15794,#15755,#15796,.T.);
#15794 = VERTEX_POINT('',#15795);
#15795 = CARTESIAN_POINT('',(5.226135247946,13.896677803993,
    11.694155842066));
#15796 = LINE('',#15797,#15798);
#15797 = CARTESIAN_POINT('',(5.226135247946,13.896677803993,
    11.694155842066));
#15798 = VECTOR('',#15799,1.);
#15799 = DIRECTION('',(0.887455347737,-0.460893703335,0.));
#15800 = ORIENTED_EDGE('',*,*,#15777,.F.);
#15801 = ORIENTED_EDGE('',*,*,#15802,.T.);
#15802 = EDGE_CURVE('',#13870,#15794,#15803,.T.);
#15803 = LINE('',#15804,#15805);
#15804 = CARTESIAN_POINT('',(6.470832771063,13.257511997223,
    20.711155569553));
#15805 = VECTOR('',#15806,1.);
#15806 = DIRECTION('',(-0.136406466214,7.004621396507E-02,
    -0.988173468519));
#15807 = PLANE('',#15808);
#15808 = AXIS2_PLACEMENT_3D('',#15809,#15810,#15811);
#15809 = CARTESIAN_POINT('',(6.15777914543,13.416187145376,
    15.857957738819));
#15810 = DIRECTION('',(-0.460893585708,-0.887455121245,
    7.144434072338E-04));
#15811 = DIRECTION('',(-0.887455347737,0.460893703335,
    -1.994931997373E-17));
#15812 = ADVANCED_FACE('',(#15813),#15823,.T.);
#15813 = FACE_BOUND('',#15814,.T.);
#15814 = EDGE_LOOP('',(#15815,#15821,#15822));
#15815 = ORIENTED_EDGE('',*,*,#15816,.T.);
#15816 = EDGE_CURVE('',#13824,#15794,#15817,.T.);
#15817 = LINE('',#15818,#15819);
#15818 = CARTESIAN_POINT('',(5.155291855335,13.927326369286,
    20.711155569553));
#15819 = VECTOR('',#15820,1.);
#15820 = DIRECTION('',(7.856360119093E-03,-3.398851427034E-03,
    -0.999963362036));
#15821 = ORIENTED_EDGE('',*,*,#15802,.F.);
#15822 = ORIENTED_EDGE('',*,*,#13878,.F.);
#15823 = PLANE('',#15824);
#15824 = AXIS2_PLACEMENT_3D('',#15825,#15826,#15827);
#15825 = CARTESIAN_POINT('',(5.543484787976,13.732182825631,
    16.541909639934));
#15826 = DIRECTION('',(-0.45372840701,-0.891139857468,
    -5.358214168985E-04));
#15827 = DIRECTION('',(-0.891139985393,0.453728472144,
    -1.599469254959E-16));
#15828 = ADVANCED_FACE('',(#15829),#15846,.T.);
#15829 = FACE_BOUND('',#15830,.T.);
#15830 = EDGE_LOOP('',(#15831,#15839,#15840));
#15831 = ORIENTED_EDGE('',*,*,#15832,.T.);
#15832 = EDGE_CURVE('',#15833,#15794,#15835,.T.);
#15833 = VERTEX_POINT('',#15834);
#15834 = CARTESIAN_POINT('',(3.812470930815,14.403932452202,
    11.694155842066));
#15835 = LINE('',#15836,#15837);
#15836 = CARTESIAN_POINT('',(3.812470930815,14.403932452202,
    11.694155842066));
#15837 = VECTOR('',#15838,1.);
#15838 = DIRECTION('',(0.941240097585,-0.337738180694,0.));
#15839 = ORIENTED_EDGE('',*,*,#15816,.F.);
#15840 = ORIENTED_EDGE('',*,*,#15841,.T.);
#15841 = EDGE_CURVE('',#13824,#15833,#15842,.T.);
#15842 = LINE('',#15843,#15844);
#15843 = CARTESIAN_POINT('',(5.155291855335,13.927326369286,
    20.711155569553));
#15844 = VECTOR('',#15845,1.);
#15845 = DIRECTION('',(-0.147095774325,5.220855553751E-02,-0.9877434383)
  );
#15846 = PLANE('',#15847);
#15847 = AXIS2_PLACEMENT_3D('',#15848,#15849,#15850);
#15848 = CARTESIAN_POINT('',(4.810983136108,14.048058096559,
    15.858022917397));
#15849 = DIRECTION('',(-0.337738130395,-0.941239957408,
    5.457623897028E-04));
#15850 = DIRECTION('',(-0.941240097585,0.337738180694,
    -1.000176504118E-17));
#15851 = ADVANCED_FACE('',(#15852),#15862,.T.);
#15852 = FACE_BOUND('',#15853,.T.);
#15853 = EDGE_LOOP('',(#15854,#15860,#15861));
#15854 = ORIENTED_EDGE('',*,*,#15855,.T.);
#15855 = EDGE_CURVE('',#13778,#15833,#15856,.T.);
#15856 = LINE('',#15857,#15858);
#15857 = CARTESIAN_POINT('',(3.762945580482,14.417904770374,
    20.711155569553));
#15858 = VECTOR('',#15859,1.);
#15859 = DIRECTION('',(5.492352819893E-03,-1.549527678251E-03,
    -0.99998371638));
#15860 = ORIENTED_EDGE('',*,*,#15841,.F.);
#15861 = ORIENTED_EDGE('',*,*,#13832,.F.);
#15862 = PLANE('',#15863);
#15863 = AXIS2_PLACEMENT_3D('',#15864,#15865,#15866);
#15864 = CARTESIAN_POINT('',(4.162101693482,14.278874257333,
    16.541843849691));
#15865 = DIRECTION('',(-0.332315311466,-0.943168278444,
    -3.637335082266E-04));
#15866 = DIRECTION('',(-0.943168340836,0.332315333449,5.002237773305E-17
    ));
#15867 = ADVANCED_FACE('',(#15868),#15885,.T.);
#15868 = FACE_BOUND('',#15869,.T.);
#15869 = EDGE_LOOP('',(#15870,#15878,#15879));
#15870 = ORIENTED_EDGE('',*,*,#15871,.T.);
#15871 = EDGE_CURVE('',#15872,#15833,#15874,.T.);
#15872 = VERTEX_POINT('',#15873);
#15873 = CARTESIAN_POINT('',(2.343557934463,14.717056810856,
    11.694155842066));
#15874 = LINE('',#15875,#15876);
#15875 = CARTESIAN_POINT('',(2.343557934463,14.717056810856,
    11.694155842066));
#15876 = VECTOR('',#15877,1.);
#15877 = DIRECTION('',(0.978025939053,-0.208483242829,0.));
#15878 = ORIENTED_EDGE('',*,*,#15855,.F.);
#15879 = ORIENTED_EDGE('',*,*,#15880,.T.);
#15880 = EDGE_CURVE('',#13778,#15872,#15881,.T.);
#15881 = LINE('',#15882,#15883);
#15882 = CARTESIAN_POINT('',(3.762945580482,14.417904770374,
    20.711155569553));
#15883 = VECTOR('',#15884,1.);
#15884 = DIRECTION('',(-0.155414244591,3.275531425105E-02,
    -0.987306184507));
#15885 = PLANE('',#15886);
#15886 = AXIS2_PLACEMENT_3D('',#15887,#15888,#15889);
#15887 = CARTESIAN_POINT('',(3.392143234388,14.495109675216,
    15.858090727877));
#15888 = DIRECTION('',(-0.208483228526,-0.978025871954,
    3.704207423365E-04));
#15889 = DIRECTION('',(-0.978025939052,0.208483242829,-1.20007627967E-16
    ));
#15890 = ADVANCED_FACE('',(#15891),#15901,.T.);
#15891 = FACE_BOUND('',#15892,.T.);
#15892 = EDGE_LOOP('',(#15893,#15899,#15900));
#15893 = ORIENTED_EDGE('',*,*,#15894,.T.);
#15894 = EDGE_CURVE('',#13732,#15872,#15895,.T.);
#15895 = LINE('',#15896,#15897);
#15896 = CARTESIAN_POINT('',(2.318086348474,14.720688796043,
    20.711155569553));
#15897 = VECTOR('',#15898,1.);
#15898 = DIRECTION('',(2.824828996898E-03,-4.027914507747E-04,
    -0.999995929042));
#15899 = ORIENTED_EDGE('',*,*,#15880,.F.);
#15900 = ORIENTED_EDGE('',*,*,#13786,.F.);
#15901 = PLANE('',#15902);
#15902 = AXIS2_PLACEMENT_3D('',#15903,#15904,#15905);
#15903 = CARTESIAN_POINT('',(2.720381851886,14.637172698038,
    16.541775956329));
#15904 = DIRECTION('',(-0.205104318229,-0.978740100517,
    -1.851572342718E-04));
#15905 = DIRECTION('',(-0.978740117294,0.205104321745,
    -4.000028390114E-17));
#15906 = ADVANCED_FACE('',(#15907),#15924,.T.);
#15907 = FACE_BOUND('',#15908,.T.);
#15908 = EDGE_LOOP('',(#15909,#15917,#15918));
#15909 = ORIENTED_EDGE('',*,*,#15910,.T.);
#15910 = EDGE_CURVE('',#15911,#15872,#15913,.T.);
#15911 = VERTEX_POINT('',#15912);
#15912 = CARTESIAN_POINT('',(0.845924209058,14.83039624691,
    11.694155842066));
#15913 = LINE('',#15914,#15915);
#15914 = CARTESIAN_POINT('',(0.845924209058,14.83039624691,
    11.694155842066));
#15915 = VECTOR('',#15916,1.);
#15916 = DIRECTION('',(0.997148586179,-7.546321674165E-02,0.));
#15917 = ORIENTED_EDGE('',*,*,#15894,.F.);
#15918 = ORIENTED_EDGE('',*,*,#15919,.T.);
#15919 = EDGE_CURVE('',#13732,#15911,#15920,.T.);
#15920 = LINE('',#15921,#15922);
#15921 = CARTESIAN_POINT('',(2.318086348474,14.720688796043,
    20.711155569553));
#15922 = VECTOR('',#15923,1.);
#15923 = DIRECTION('',(-0.161120168388,1.200688598341E-02,-0.98686175629
    ));
#15924 = PLANE('',#15925);
#15925 = AXIS2_PLACEMENT_3D('',#15926,#15927,#15928);
#15926 = CARTESIAN_POINT('',(1.926492356387,14.749406967215,
    15.858160872247));
#15927 = DIRECTION('',(-7.546321540132E-02,-0.997148568469,
    1.884730067322E-04));
#15928 = DIRECTION('',(-0.997148586179,7.546321674162E-02,0.));
#15929 = ADVANCED_FACE('',(#15930),#15940,.T.);
#15930 = FACE_BOUND('',#15931,.T.);
#15931 = EDGE_LOOP('',(#15932,#15938,#15939));
#15932 = ORIENTED_EDGE('',*,*,#15933,.T.);
#15933 = EDGE_CURVE('',#13710,#15911,#15934,.T.);
#15934 = LINE('',#15935,#15936);
#15935 = CARTESIAN_POINT('',(0.845924209058,14.83039624691,
    20.711155569553));
#15936 = VECTOR('',#15937,1.);
#15937 = DIRECTION('',(0.,0.,-1.));
#15938 = ORIENTED_EDGE('',*,*,#15919,.F.);
#15939 = ORIENTED_EDGE('',*,*,#13740,.F.);
#15940 = PLANE('',#15941);
#15941 = AXIS2_PLACEMENT_3D('',#15942,#15943,#15944);
#15942 = CARTESIAN_POINT('',(1.243892936148,14.800739096108,
    16.541705589461));
#15943 = DIRECTION('',(-7.431524340896E-02,-0.997234799131,-0.));
#15944 = DIRECTION('',(-0.997234799131,7.431524340896E-02,0.));
#15945 = ADVANCED_FACE('',(#15946),#15956,.T.);
#15946 = FACE_BOUND('',#15947,.T.);
#15947 = EDGE_LOOP('',(#15948,#15949,#15950));
#15948 = ORIENTED_EDGE('',*,*,#3847,.F.);
#15949 = ORIENTED_EDGE('',*,*,#14168,.F.);
#15950 = ORIENTED_EDGE('',*,*,#15951,.T.);
#15951 = EDGE_CURVE('',#13241,#3770,#15952,.T.);
#15952 = LINE('',#15953,#15954);
#15953 = CARTESIAN_POINT('',(0.660618733242,-7.520836055279,
    20.711155569553));
#15954 = VECTOR('',#15955,1.);
#15955 = DIRECTION('',(-5.283909416821E-02,0.299644710229,0.952586519829
    ));
#15956 = PLANE('',#15957);
#15957 = AXIS2_PLACEMENT_3D('',#15958,#15959,#15960);
#15958 = CARTESIAN_POINT('',(0.530341695593,-6.782049257163,
    25.323061678596));
#15959 = DIRECTION('',(0.984805703119,0.173659802787,0.));
#15960 = DIRECTION('',(-0.173659802787,0.984805703119,0.));
#15961 = ADVANCED_FACE('',(#15962),#15972,.T.);
#15962 = FACE_BOUND('',#15963,.T.);
#15963 = EDGE_LOOP('',(#15964,#15965,#15966));
#15964 = ORIENTED_EDGE('',*,*,#3824,.F.);
#15965 = ORIENTED_EDGE('',*,*,#15951,.F.);
#15966 = ORIENTED_EDGE('',*,*,#15967,.T.);
#15967 = EDGE_CURVE('',#13241,#3816,#15968,.T.);
#15968 = LINE('',#15969,#15970);
#15969 = CARTESIAN_POINT('',(0.660618733242,-7.520836055279,
    20.711155569553));
#15970 = VECTOR('',#15971,1.);
#15971 = DIRECTION('',(-0.106743235407,0.60532927961,0.788785360502));
#15972 = PLANE('',#15973);
#15973 = AXIS2_PLACEMENT_3D('',#15974,#15975,#15976);
#15974 = CARTESIAN_POINT('',(0.195996355025,-4.886013184211,
    25.448024003363));
#15975 = DIRECTION('',(0.984805710933,0.173659758477,1.437139684E-08));
#15976 = DIRECTION('',(-0.173659758477,0.984805710933,
    -4.135903062765E-25));
#15977 = ADVANCED_FACE('',(#15978),#15988,.T.);
#15978 = FACE_BOUND('',#15979,.T.);
#15979 = EDGE_LOOP('',(#15980,#15986,#15987));
#15980 = ORIENTED_EDGE('',*,*,#15981,.T.);
#15981 = EDGE_CURVE('',#13233,#3816,#15982,.T.);
#15982 = LINE('',#15983,#15984);
#15983 = CARTESIAN_POINT('',(-3.156326274574,14.124643540382,
    20.711155569553));
#15984 = VECTOR('',#15985,1.);
#15985 = DIRECTION('',(0.15410499513,-0.87391264292,0.461007964161));
#15986 = ORIENTED_EDGE('',*,*,#15967,.F.);
#15987 = ORIENTED_EDGE('',*,*,#13240,.F.);
#15988 = PLANE('',#15989);
#15989 = AXIS2_PLACEMENT_3D('',#15990,#15991,#15992);
#15990 = CARTESIAN_POINT('',(-1.161661485911,2.813116715497,
    22.985617978786));
#15991 = DIRECTION('',(0.984805707114,0.173659780132,-2.76377672E-09));
#15992 = DIRECTION('',(-0.173659780132,0.984805707114,0.));
#15993 = ADVANCED_FACE('',(#15994),#16004,.T.);
#15994 = FACE_BOUND('',#15995,.T.);
#15995 = EDGE_LOOP('',(#15996,#15997,#15998));
#15996 = ORIENTED_EDGE('',*,*,#12200,.F.);
#15997 = ORIENTED_EDGE('',*,*,#15981,.F.);
#15998 = ORIENTED_EDGE('',*,*,#15999,.T.);
#15999 = EDGE_CURVE('',#13233,#3538,#16000,.T.);
#16000 = LINE('',#16001,#16002);
#16001 = CARTESIAN_POINT('',(-3.156326274574,14.124643540382,
    20.711155569553));
#16002 = VECTOR('',#16003,1.);
#16003 = DIRECTION('',(-2.720616952521E-02,0.1542831415,0.987652032139)
  );
#16004 = PLANE('',#16005);
#16005 = AXIS2_PLACEMENT_3D('',#16006,#16007,#16008);
#16006 = CARTESIAN_POINT('',(-2.124889257824,8.275476358028,
    26.383350498442));
#16007 = DIRECTION('',(0.984805705653,0.173659788419,1.343379493E-08));
#16008 = DIRECTION('',(-0.173659788419,0.984805705653,0.));
#16009 = ADVANCED_FACE('',(#16010),#16020,.T.);
#16010 = FACE_BOUND('',#16011,.T.);
#16011 = EDGE_LOOP('',(#16012,#16013,#16014));
#16012 = ORIENTED_EDGE('',*,*,#3545,.F.);
#16013 = ORIENTED_EDGE('',*,*,#15999,.F.);
#16014 = ORIENTED_EDGE('',*,*,#16015,.T.);
#16015 = EDGE_CURVE('',#13233,#3546,#16016,.T.);
#16016 = LINE('',#16017,#16018);
#16017 = CARTESIAN_POINT('',(-3.156326274574,14.124643540382,
    20.711155569553));
#16018 = VECTOR('',#16019,1.);
#16019 = DIRECTION('',(-2.458048374065E-02,0.139393171375,
    -0.989931989378));
#16020 = PLANE('',#16021);
#16021 = AXIS2_PLACEMENT_3D('',#16022,#16023,#16024);
#16022 = CARTESIAN_POINT('',(-3.323934769058,15.075132547924,
    20.269133744462));
#16023 = DIRECTION('',(0.984805690945,0.173659871823,0.));
#16024 = DIRECTION('',(-0.173659871823,0.984805690945,0.));
#16025 = ADVANCED_FACE('',(#16026),#16036,.T.);
#16026 = FACE_BOUND('',#16027,.T.);
#16027 = EDGE_LOOP('',(#16028,#16034,#16035));
#16028 = ORIENTED_EDGE('',*,*,#16029,.T.);
#16029 = EDGE_CURVE('',#14977,#3546,#16030,.T.);
#16030 = LINE('',#16031,#16032);
#16031 = CARTESIAN_POINT('',(-3.156326274574,14.124643540382,
    11.694155842066));
#16032 = VECTOR('',#16033,1.);
#16033 = DIRECTION('',(-0.173659871823,0.984805690945,0.));
#16034 = ORIENTED_EDGE('',*,*,#16015,.F.);
#16035 = ORIENTED_EDGE('',*,*,#15001,.F.);
#16036 = PLANE('',#16037);
#16037 = AXIS2_PLACEMENT_3D('',#16038,#16039,#16040);
#16038 = CARTESIAN_POINT('',(-3.216281813219,14.464644687695,
    15.903262045639));
#16039 = DIRECTION('',(0.984805690945,0.173659871823,0.));
#16040 = DIRECTION('',(-0.173659871823,0.984805690945,0.));
#16041 = ADVANCED_FACE('',(#16042),#16057,.T.);
#16042 = FACE_BOUND('',#16043,.T.);
#16043 = EDGE_LOOP('',(#16044,#16045,#16051));
#16044 = ORIENTED_EDGE('',*,*,#11896,.F.);
#16045 = ORIENTED_EDGE('',*,*,#16046,.T.);
#16046 = EDGE_CURVE('',#1305,#13710,#16047,.T.);
#16047 = LINE('',#16048,#16049);
#16048 = CARTESIAN_POINT('',(0.622027755156,16.100089216232,
    28.839155387878));
#16049 = VECTOR('',#16050,1.);
#16050 = DIRECTION('',(2.720617449765E-02,-0.154283321061,
    -0.987652003953));
#16051 = ORIENTED_EDGE('',*,*,#16052,.T.);
#16052 = EDGE_CURVE('',#13710,#3863,#16053,.T.);
#16053 = LINE('',#16054,#16055);
#16054 = CARTESIAN_POINT('',(0.845924209058,14.83039624691,
    20.711155569553));
#16055 = VECTOR('',#16056,1.);
#16056 = DIRECTION('',(0.154104981128,-0.873912637842,0.461007978469));
#16057 = PLANE('',#16058);
#16058 = AXIS2_PLACEMENT_3D('',#16059,#16060,#16061);
#16059 = CARTESIAN_POINT('',(1.877361072131,8.981229773095,
    26.383350560824));
#16060 = DIRECTION('',(-0.984805710204,-0.173659762607,9.02294043E-09));
#16061 = DIRECTION('',(0.173659762607,-0.984805710204,0.));
#16062 = ADVANCED_FACE('',(#16063),#16073,.T.);
#16063 = FACE_BOUND('',#16064,.T.);
#16064 = EDGE_LOOP('',(#16065,#16071,#16072));
#16065 = ORIENTED_EDGE('',*,*,#16066,.T.);
#16066 = EDGE_CURVE('',#13702,#3863,#16067,.T.);
#16067 = LINE('',#16068,#16069);
#16068 = CARTESIAN_POINT('',(4.662869074941,-6.815082591772,
    20.711155569553));
#16069 = VECTOR('',#16070,1.);
#16070 = DIRECTION('',(-0.10674325475,0.605329266787,0.788785367724));
#16071 = ORIENTED_EDGE('',*,*,#16052,.F.);
#16072 = ORIENTED_EDGE('',*,*,#13709,.F.);
#16073 = PLANE('',#16074);
#16074 = AXIS2_PLACEMENT_3D('',#16075,#16076,#16077);
#16075 = CARTESIAN_POINT('',(2.840588865046,3.518869792243,
    22.985617990878));
#16076 = DIRECTION('',(-0.98480570718,-0.173659779759,-2.45038341E-08));
#16077 = DIRECTION('',(0.173659779759,-0.98480570718,0.));
#16078 = ADVANCED_FACE('',(#16079),#16089,.T.);
#16079 = FACE_BOUND('',#16080,.T.);
#16080 = EDGE_LOOP('',(#16081,#16082,#16083));
#16081 = ORIENTED_EDGE('',*,*,#3870,.F.);
#16082 = ORIENTED_EDGE('',*,*,#16066,.F.);
#16083 = ORIENTED_EDGE('',*,*,#16084,.T.);
#16084 = EDGE_CURVE('',#13702,#3646,#16085,.T.);
#16085 = LINE('',#16086,#16087);
#16086 = CARTESIAN_POINT('',(4.662869074941,-6.815082591772,
    20.711155569553));
#16087 = VECTOR('',#16088,1.);
#16088 = DIRECTION('',(-5.283908034499E-02,0.299644710449,0.952586520526
    ));
#16089 = PLANE('',#16090);
#16090 = AXIS2_PLACEMENT_3D('',#16091,#16092,#16093);
#16091 = CARTESIAN_POINT('',(4.198246672131,-4.18025979159,
    25.448023986388));
#16092 = DIRECTION('',(-0.984805695335,-0.173659846932,2.864897834E-08)
  );
#16093 = DIRECTION('',(0.173659846932,-0.984805695335,0.));
#16094 = ADVANCED_FACE('',(#16095),#16100,.T.);
#16095 = FACE_BOUND('',#16096,.T.);
#16096 = EDGE_LOOP('',(#16097,#16098,#16099));
#16097 = ORIENTED_EDGE('',*,*,#3645,.F.);
#16098 = ORIENTED_EDGE('',*,*,#16084,.F.);
#16099 = ORIENTED_EDGE('',*,*,#15116,.F.);
#16100 = PLANE('',#16101);
#16101 = AXIS2_PLACEMENT_3D('',#16102,#16103,#16104);
#16102 = CARTESIAN_POINT('',(4.532592071601,-6.076295794407,
    25.323061675024));
#16103 = DIRECTION('',(-0.984805710911,-0.173659758602,-0.));
#16104 = DIRECTION('',(0.173659758602,-0.984805710911,0.));
#16105 = ADVANCED_FACE('',(#16106),#16116,.T.);
#16106 = FACE_BOUND('',#16107,.T.);
#16107 = EDGE_LOOP('',(#16108,#16109,#16110));
#16108 = ORIENTED_EDGE('',*,*,#16046,.F.);
#16109 = ORIENTED_EDGE('',*,*,#1313,.F.);
#16110 = ORIENTED_EDGE('',*,*,#16111,.T.);
#16111 = EDGE_CURVE('',#1282,#13710,#16112,.T.);
#16112 = LINE('',#16113,#16114);
#16113 = CARTESIAN_POINT('',(0.622027755156,16.100089216232,
    11.694155842066));
#16114 = VECTOR('',#16115,1.);
#16115 = DIRECTION('',(2.458048836209E-02,-0.139393334338,0.989931966316
    ));
#16116 = PLANE('',#16117);
#16117 = AXIS2_PLACEMENT_3D('',#16118,#16119,#16120);
#16118 = CARTESIAN_POINT('',(0.678315679879,15.780886383706,
    20.269133750129));
#16119 = DIRECTION('',(-0.984805720083,-0.173659706588,-0.));
#16120 = DIRECTION('',(0.173659706588,-0.984805720083,0.));
#16121 = ADVANCED_FACE('',(#16122),#16132,.T.);
#16122 = FACE_BOUND('',#16123,.T.);
#16123 = EDGE_LOOP('',(#16124,#16125,#16126));
#16124 = ORIENTED_EDGE('',*,*,#15933,.F.);
#16125 = ORIENTED_EDGE('',*,*,#16111,.F.);
#16126 = ORIENTED_EDGE('',*,*,#16127,.T.);
#16127 = EDGE_CURVE('',#1282,#15911,#16128,.T.);
#16128 = LINE('',#16129,#16130);
#16129 = CARTESIAN_POINT('',(0.622027755156,16.100089216232,
    11.694155842066));
#16130 = VECTOR('',#16131,1.);
#16131 = DIRECTION('',(0.173659706588,-0.984805720083,0.));
#16132 = PLANE('',#16133);
#16133 = AXIS2_PLACEMENT_3D('',#16134,#16135,#16136);
#16134 = CARTESIAN_POINT('',(0.785968653161,15.170397825624,
    15.903261723896));
#16135 = DIRECTION('',(-0.984805720083,-0.173659706588,-0.));
#16136 = DIRECTION('',(0.173659706588,-0.984805720083,0.));
#16137 = ADVANCED_FACE('',(#16138),#16148,.T.);
#16138 = FACE_BOUND('',#16139,.T.);
#16139 = EDGE_LOOP('',(#16140,#16141,#16142));
#16140 = ORIENTED_EDGE('',*,*,#16127,.F.);
#16141 = ORIENTED_EDGE('',*,*,#1290,.F.);
#16142 = ORIENTED_EDGE('',*,*,#16143,.T.);
#16143 = EDGE_CURVE('',#1236,#15911,#16144,.T.);
#16144 = LINE('',#16145,#16146);
#16145 = CARTESIAN_POINT('',(2.195760436356,16.01690479517,
    11.694155842066));
#16146 = VECTOR('',#16147,1.);
#16147 = DIRECTION('',(-0.751085201823,-0.660205285954,0.));
#16148 = PLANE('',#16149);
#16149 = AXIS2_PLACEMENT_3D('',#16150,#16151,#16152);
#16150 = CARTESIAN_POINT('',(1.265412216273,15.649735576107,
    11.694155842066));
#16151 = DIRECTION('',(-0.,-0.,-1.));
#16152 = DIRECTION('',(-1.,0.,0.));
#16153 = ADVANCED_FACE('',(#16154),#16164,.T.);
#16154 = FACE_BOUND('',#16155,.T.);
#16155 = EDGE_LOOP('',(#16156,#16157,#16158));
#16156 = ORIENTED_EDGE('',*,*,#15910,.F.);
#16157 = ORIENTED_EDGE('',*,*,#16143,.F.);
#16158 = ORIENTED_EDGE('',*,*,#16159,.T.);
#16159 = EDGE_CURVE('',#1236,#15872,#16160,.T.);
#16160 = LINE('',#16161,#16162);
#16161 = CARTESIAN_POINT('',(2.195760436356,16.01690479517,
    11.694155842066));
#16162 = VECTOR('',#16163,1.);
#16163 = DIRECTION('',(0.112975719619,-0.993597748979,0.));
#16164 = PLANE('',#16165);
#16165 = AXIS2_PLACEMENT_3D('',#16166,#16167,#16168);
#16166 = CARTESIAN_POINT('',(1.757554627863,15.195694170362,
    11.694155842066));
#16167 = DIRECTION('',(-0.,-0.,-1.));
#16168 = DIRECTION('',(-1.,0.,0.));
#16169 = ADVANCED_FACE('',(#16170),#16180,.T.);
#16170 = FACE_BOUND('',#16171,.T.);
#16171 = EDGE_LOOP('',(#16172,#16178,#16179));
#16172 = ORIENTED_EDGE('',*,*,#16173,.T.);
#16173 = EDGE_CURVE('',#1328,#15872,#16174,.T.);
#16174 = LINE('',#16175,#16176);
#16175 = CARTESIAN_POINT('',(3.746365091205,15.73552056551,
    11.694155842066));
#16176 = VECTOR('',#16177,1.);
#16177 = DIRECTION('',(-0.809218649,-0.587507598343,0.));
#16178 = ORIENTED_EDGE('',*,*,#16159,.F.);
#16179 = ORIENTED_EDGE('',*,*,#1327,.F.);
#16180 = PLANE('',#16181);
#16181 = AXIS2_PLACEMENT_3D('',#16182,#16183,#16184);
#16182 = CARTESIAN_POINT('',(2.800092524089,15.487954575586,
    11.694155842066));
#16183 = DIRECTION('',(-0.,-0.,-1.));
#16184 = DIRECTION('',(-1.,0.,0.));
#16185 = ADVANCED_FACE('',(#16186),#16196,.T.);
#16186 = FACE_BOUND('',#16187,.T.);
#16187 = EDGE_LOOP('',(#16188,#16189,#16190));
#16188 = ORIENTED_EDGE('',*,*,#15871,.F.);
#16189 = ORIENTED_EDGE('',*,*,#16173,.F.);
#16190 = ORIENTED_EDGE('',*,*,#16191,.T.);
#16191 = EDGE_CURVE('',#1328,#15833,#16192,.T.);
#16192 = LINE('',#16193,#16194);
#16193 = CARTESIAN_POINT('',(3.746365091205,15.73552056551,
    11.694155842066));
#16194 = VECTOR('',#16195,1.);
#16195 = DIRECTION('',(4.958329698956E-02,-0.99876999187,0.));
#16196 = PLANE('',#16197);
#16197 = AXIS2_PLACEMENT_3D('',#16198,#16199,#16200);
#16198 = CARTESIAN_POINT('',(3.270155952748,14.961726336573,
    11.694155842066));
#16199 = DIRECTION('',(-0.,-0.,-1.));
#16200 = DIRECTION('',(-1.,0.,0.));
#16201 = ADVANCED_FACE('',(#16202),#16212,.T.);
#16202 = FACE_BOUND('',#16203,.T.);
#16203 = EDGE_LOOP('',(#16204,#16210,#16211));
#16204 = ORIENTED_EDGE('',*,*,#16205,.T.);
#16205 = EDGE_CURVE('',#1399,#15833,#16206,.T.);
#16206 = LINE('',#16207,#16208);
#16207 = CARTESIAN_POINT('',(5.248982766271,15.260446608067,
    11.694155842066));
#16208 = VECTOR('',#16209,1.);
#16209 = DIRECTION('',(-0.858912231911,-0.512122815225,0.));
#16210 = ORIENTED_EDGE('',*,*,#16191,.F.);
#16211 = ORIENTED_EDGE('',*,*,#1398,.F.);
#16212 = PLANE('',#16213);
#16213 = AXIS2_PLACEMENT_3D('',#16214,#16215,#16216);
#16214 = CARTESIAN_POINT('',(4.300731477567,15.130322281173,
    11.694155842066));
#16215 = DIRECTION('',(-0.,-0.,-1.));
#16216 = DIRECTION('',(-1.,0.,0.));
#16217 = ADVANCED_FACE('',(#16218),#16228,.T.);
#16218 = FACE_BOUND('',#16219,.T.);
#16219 = EDGE_LOOP('',(#16220,#16221,#16222));
#16220 = ORIENTED_EDGE('',*,*,#15832,.F.);
#16221 = ORIENTED_EDGE('',*,*,#16205,.F.);
#16222 = ORIENTED_EDGE('',*,*,#16223,.T.);
#16223 = EDGE_CURVE('',#1399,#15794,#16224,.T.);
#16224 = LINE('',#16225,#16226);
#16225 = CARTESIAN_POINT('',(5.248982766271,15.260446608067,
    11.694155842066));
#16226 = VECTOR('',#16227,1.);
#16227 = DIRECTION('',(-1.675086907745E-02,-0.99985969435,0.));
#16228 = PLANE('',#16229);
#16229 = AXIS2_PLACEMENT_3D('',#16230,#16231,#16232);
#16230 = CARTESIAN_POINT('',(4.7393780841,14.530302346703,
    11.694155842066));
#16231 = DIRECTION('',(-0.,-0.,-1.));
#16232 = DIRECTION('',(-1.,0.,0.));
#16233 = ADVANCED_FACE('',(#16234),#16244,.T.);
#16234 = FACE_BOUND('',#16235,.T.);
#16235 = EDGE_LOOP('',(#16236,#16242,#16243));
#16236 = ORIENTED_EDGE('',*,*,#16237,.T.);
#16237 = EDGE_CURVE('',#1468,#15794,#16238,.T.);
#16238 = LINE('',#16239,#16240);
#16239 = CARTESIAN_POINT('',(6.679519766569,14.599299645424,
    11.694155842066));
#16240 = VECTOR('',#16241,1.);
#16241 = DIRECTION('',(-0.900311898669,-0.435245316018,0.));
#16242 = ORIENTED_EDGE('',*,*,#16223,.F.);
#16243 = ORIENTED_EDGE('',*,*,#1467,.F.);
#16244 = PLANE('',#16245);
#16245 = AXIS2_PLACEMENT_3D('',#16246,#16247,#16248);
#16246 = CARTESIAN_POINT('',(5.742561275236,14.582952034443,
    11.694155842066));
#16247 = DIRECTION('',(-0.,-0.,-1.));
#16248 = DIRECTION('',(-1.,0.,0.));
#16249 = ADVANCED_FACE('',(#16250),#16260,.T.);
#16250 = FACE_BOUND('',#16251,.T.);
#16251 = EDGE_LOOP('',(#16252,#16253,#16254));
#16252 = ORIENTED_EDGE('',*,*,#15793,.F.);
#16253 = ORIENTED_EDGE('',*,*,#16237,.F.);
#16254 = ORIENTED_EDGE('',*,*,#16255,.T.);
#16255 = EDGE_CURVE('',#1468,#15755,#16256,.T.);
#16256 = LINE('',#16257,#16258);
#16257 = CARTESIAN_POINT('',(6.679519766569,14.599299645424,
    11.694155842066));
#16258 = VECTOR('',#16259,1.);
#16259 = DIRECTION('',(-8.606922541484E-02,-0.996289159048,0.));
#16260 = PLANE('',#16261);
#16261 = AXIS2_PLACEMENT_3D('',#16262,#16263,#16264);
#16262 = CARTESIAN_POINT('',(6.139387524754,13.908761412518,
    11.694155842066));
#16263 = DIRECTION('',(-0.,-0.,-1.));
#16264 = DIRECTION('',(-1.,0.,0.));
#16265 = ADVANCED_FACE('',(#16266),#16276,.T.);
#16266 = FACE_BOUND('',#16267,.T.);
#16267 = EDGE_LOOP('',(#16268,#16274,#16275));
#16268 = ORIENTED_EDGE('',*,*,#16269,.T.);
#16269 = EDGE_CURVE('',#1514,#15755,#16270,.T.);
#16270 = LINE('',#16271,#16272);
#16271 = CARTESIAN_POINT('',(8.015041899681,13.762678897381,
    11.694155842066));
#16272 = VECTOR('',#16273,1.);
#16273 = DIRECTION('',(-0.933728309794,-0.357982462544,0.));
#16274 = ORIENTED_EDGE('',*,*,#16255,.F.);
#16275 = ORIENTED_EDGE('',*,*,#1513,.F.);
#16276 = PLANE('',#16277);
#16277 = AXIS2_PLACEMENT_3D('',#16278,#16279,#16280);
#16278 = CARTESIAN_POINT('',(7.101830860801,13.855036402757,
    11.694155842066));
#16279 = DIRECTION('',(-0.,-0.,-1.));
#16280 = DIRECTION('',(-1.,0.,0.));
#16281 = ADVANCED_FACE('',(#16282),#16292,.T.);
#16282 = FACE_BOUND('',#16283,.T.);
#16283 = EDGE_LOOP('',(#16284,#16285,#16286));
#16284 = ORIENTED_EDGE('',*,*,#15754,.F.);
#16285 = ORIENTED_EDGE('',*,*,#16269,.F.);
#16286 = ORIENTED_EDGE('',*,*,#16287,.T.);
#16287 = EDGE_CURVE('',#1514,#15716,#16288,.T.);
#16288 = LINE('',#16289,#16290);
#16289 = CARTESIAN_POINT('',(8.015041899681,13.762678897381,
    11.694155842066));
#16290 = VECTOR('',#16291,1.);
#16291 = DIRECTION('',(-0.15821040661,-0.987405421922,0.));
#16292 = PLANE('',#16293);
#16293 = AXIS2_PLACEMENT_3D('',#16294,#16295,#16296);
#16294 = CARTESIAN_POINT('',(7.445531213105,13.10785397367,
    11.694155842066));
#16295 = DIRECTION('',(-0.,-0.,-1.));
#16296 = DIRECTION('',(-1.,0.,0.));
#16297 = ADVANCED_FACE('',(#16298),#16308,.T.);
#16298 = FACE_BOUND('',#16299,.T.);
#16299 = EDGE_LOOP('',(#16300,#16306,#16307));
#16300 = ORIENTED_EDGE('',*,*,#16301,.T.);
#16301 = EDGE_CURVE('',#1560,#15716,#16302,.T.);
#16302 = LINE('',#16303,#16304);
#16303 = CARTESIAN_POINT('',(9.234136122465,12.763998031616,
    11.694155842066));
#16304 = VECTOR('',#16305,1.);
#16305 = DIRECTION('',(-0.9596126688,-0.281324591671,0.));
#16306 = ORIENTED_EDGE('',*,*,#16287,.F.);
#16307 = ORIENTED_EDGE('',*,*,#1559,.F.);
#16308 = PLANE('',#16309);
#16309 = AXIS2_PLACEMENT_3D('',#16310,#16311,#16312);
#16310 = CARTESIAN_POINT('',(8.356173339689,12.958686479856,
    11.694155842066));
#16311 = DIRECTION('',(-0.,-0.,-1.));
#16312 = DIRECTION('',(-1.,0.,0.));
#16313 = ADVANCED_FACE('',(#16314),#16324,.T.);
#16314 = FACE_BOUND('',#16315,.T.);
#16315 = EDGE_LOOP('',(#16316,#16317,#16318));
#16316 = ORIENTED_EDGE('',*,*,#15715,.F.);
#16317 = ORIENTED_EDGE('',*,*,#16301,.F.);
#16318 = ORIENTED_EDGE('',*,*,#16319,.T.);
#16319 = EDGE_CURVE('',#1560,#15677,#16320,.T.);
#16320 = LINE('',#16321,#16322);
#16321 = CARTESIAN_POINT('',(9.234136122465,12.763998031616,
    11.694155842066));
#16322 = VECTOR('',#16323,1.);
#16323 = DIRECTION('',(-0.232799279375,-0.97252480458,0.));
#16324 = PLANE('',#16325);
#16325 = AXIS2_PLACEMENT_3D('',#16326,#16327,#16328);
#16326 = CARTESIAN_POINT('',(8.634798282721,12.141554622676,
    11.694155842066));
#16327 = DIRECTION('',(-0.,-0.,-1.));
#16328 = DIRECTION('',(-1.,0.,0.));
#16329 = ADVANCED_FACE('',(#16330),#16340,.T.);
#16330 = FACE_BOUND('',#16331,.T.);
#16331 = EDGE_LOOP('',(#16332,#16338,#16339));
#16332 = ORIENTED_EDGE('',*,*,#16333,.T.);
#16333 = EDGE_CURVE('',#1606,#15677,#16334,.T.);
#16334 = LINE('',#16335,#16336);
#16335 = CARTESIAN_POINT('',(10.317257237434,11.619270181656,
    11.694155842066));
#16336 = VECTOR('',#16337,1.);
#16337 = DIRECTION('',(-0.978527095846,-0.206118225042,0.));
#16338 = ORIENTED_EDGE('',*,*,#16319,.F.);
#16339 = ORIENTED_EDGE('',*,*,#1605,.F.);
#16340 = PLANE('',#16341);
#16341 = AXIS2_PLACEMENT_3D('',#16342,#16343,#16344);
#16342 = CARTESIAN_POINT('',(9.484949342532,11.908731554823,
    11.694155842066));
#16343 = DIRECTION('',(-0.,-0.,-1.));
#16344 = DIRECTION('',(-1.,0.,0.));
#16345 = ADVANCED_FACE('',(#16346),#16356,.T.);
#16346 = FACE_BOUND('',#16347,.T.);
#16347 = EDGE_LOOP('',(#16348,#16349,#16350));
#16348 = ORIENTED_EDGE('',*,*,#15676,.F.);
#16349 = ORIENTED_EDGE('',*,*,#16333,.F.);
#16350 = ORIENTED_EDGE('',*,*,#16351,.T.);
#16351 = EDGE_CURVE('',#1606,#15638,#16352,.T.);
#16352 = LINE('',#16353,#16354);
#16353 = CARTESIAN_POINT('',(10.317257237434,11.619270181656,
    11.694155842066));
#16354 = VECTOR('',#16355,1.);
#16355 = DIRECTION('',(-0.309259694037,-0.950977624155,0.));
#16356 = PLANE('',#16357);
#16357 = AXIS2_PLACEMENT_3D('',#16358,#16359,#16360);
#16358 = CARTESIAN_POINT('',(9.686252826176,11.0268132607,
    11.694155842066));
#16359 = DIRECTION('',(-0.,-0.,-1.));
#16360 = DIRECTION('',(-1.,0.,0.));
#16361 = ADVANCED_FACE('',(#16362),#16372,.T.);
#16362 = FACE_BOUND('',#16363,.T.);
#16363 = EDGE_LOOP('',(#16364,#16370,#16371));
#16364 = ORIENTED_EDGE('',*,*,#16365,.T.);
#16365 = EDGE_CURVE('',#1652,#15638,#16366,.T.);
#16366 = LINE('',#16367,#16368);
#16367 = CARTESIAN_POINT('',(11.24703938961,10.346847546101,
    11.694155842066));
#16368 = VECTOR('',#16369,1.);
#16369 = DIRECTION('',(-0.991111901602,-0.133030817869,0.));
#16370 = ORIENTED_EDGE('',*,*,#16351,.F.);
#16371 = ORIENTED_EDGE('',*,*,#1651,.F.);
#16372 = PLANE('',#16373);
#16373 = AXIS2_PLACEMENT_3D('',#16374,#16375,#16376);
#16374 = CARTESIAN_POINT('',(10.469565290916,10.722485165964,
    11.694155842066));
#16375 = DIRECTION('',(-0.,-0.,-1.));
#16376 = DIRECTION('',(-1.,0.,0.));
#16377 = ADVANCED_FACE('',(#16378),#16388,.T.);
#16378 = FACE_BOUND('',#16379,.T.);
#16379 = EDGE_LOOP('',(#16380,#16381,#16382));
#16380 = ORIENTED_EDGE('',*,*,#15637,.F.);
#16381 = ORIENTED_EDGE('',*,*,#16365,.F.);
#16382 = ORIENTED_EDGE('',*,*,#16383,.T.);
#16383 = EDGE_CURVE('',#1652,#15599,#16384,.T.);
#16384 = LINE('',#16385,#16386);
#16385 = CARTESIAN_POINT('',(11.24703938961,10.346847546101,
    11.694155842066));
#16386 = VECTOR('',#16387,1.);
#16387 = DIRECTION('',(-0.386832262216,-0.922150096735,0.));
#16388 = PLANE('',#16389);
#16389 = AXIS2_PLACEMENT_3D('',#16390,#16391,#16392);
#16390 = CARTESIAN_POINT('',(10.581423095841,9.783240403913,
    11.694155842066));
#16391 = DIRECTION('',(-0.,-0.,-1.));
#16392 = DIRECTION('',(-1.,0.,0.));
#16393 = ADVANCED_FACE('',(#16394),#16404,.T.);
#16394 = FACE_BOUND('',#16395,.T.);
#16395 = EDGE_LOOP('',(#16396,#16402,#16403));
#16396 = ORIENTED_EDGE('',*,*,#16397,.T.);
#16397 = EDGE_CURVE('',#1698,#15599,#16398,.T.);
#16398 = LINE('',#16399,#16400);
#16399 = CARTESIAN_POINT('',(12.008573877811,8.967130708694,
    11.694155842066));
#16400 = VECTOR('',#16401,1.);
#16401 = DIRECTION('',(-0.99804259448,-6.253782538863E-02,0.));
#16402 = ORIENTED_EDGE('',*,*,#16383,.F.);
#16403 = ORIENTED_EDGE('',*,*,#1697,.F.);
#16404 = PLANE('',#16405);
#16405 = AXIS2_PLACEMENT_3D('',#16406,#16407,#16408);
#16406 = CARTESIAN_POINT('',(11.293758659765,9.419470911391,
    11.694155842066));
#16407 = DIRECTION('',(-0.,-0.,-1.));
#16408 = DIRECTION('',(-1.,0.,0.));
#16409 = ADVANCED_FACE('',(#16410),#16420,.T.);
#16410 = FACE_BOUND('',#16411,.T.);
#16411 = EDGE_LOOP('',(#16412,#16413,#16414));
#16412 = ORIENTED_EDGE('',*,*,#15598,.F.);
#16413 = ORIENTED_EDGE('',*,*,#16397,.F.);
#16414 = ORIENTED_EDGE('',*,*,#16415,.T.);
#16415 = EDGE_CURVE('',#1698,#15560,#16416,.T.);
#16416 = LINE('',#16417,#16418);
#16417 = CARTESIAN_POINT('',(12.008573877811,8.967130708694,
    11.694155842066));
#16418 = VECTOR('',#16419,1.);
#16419 = DIRECTION('',(-0.464594021826,-0.885523796904,0.));
#16420 = PLANE('',#16421);
#16421 = AXIS2_PLACEMENT_3D('',#16422,#16423,#16424);
#16422 = CARTESIAN_POINT('',(11.304644210957,8.43274225307,
    11.694155842066));
#16423 = DIRECTION('',(-0.,-0.,-1.));
#16424 = DIRECTION('',(-1.,0.,0.));
#16425 = ADVANCED_FACE('',(#16426),#16436,.T.);
#16426 = FACE_BOUND('',#16427,.T.);
#16427 = EDGE_LOOP('',(#16428,#16434,#16435));
#16428 = ORIENTED_EDGE('',*,*,#16429,.T.);
#16429 = EDGE_CURVE('',#1744,#15560,#16430,.T.);
#16430 = LINE('',#16431,#16432);
#16431 = CARTESIAN_POINT('',(12.589653658867,7.502242380381,
    11.694155842066));
#16432 = VECTOR('',#16433,1.);
#16433 = DIRECTION('',(-0.999987031674,5.092787425578E-03,0.));
#16434 = ORIENTED_EDGE('',*,*,#16415,.F.);
#16435 = ORIENTED_EDGE('',*,*,#1743,.F.);
#16436 = PLANE('',#16437);
#16437 = AXIS2_PLACEMENT_3D('',#16438,#16439,#16440);
#16438 = CARTESIAN_POINT('',(11.94385838759,8.021125231049,
    11.694155842066));
#16439 = DIRECTION('',(-0.,-0.,-1.));
#16440 = DIRECTION('',(-1.,0.,0.));
#16441 = ADVANCED_FACE('',(#16442),#16452,.T.);
#16442 = FACE_BOUND('',#16443,.T.);
#16443 = EDGE_LOOP('',(#16444,#16445,#16446));
#16444 = ORIENTED_EDGE('',*,*,#15559,.F.);
#16445 = ORIENTED_EDGE('',*,*,#16429,.F.);
#16446 = ORIENTED_EDGE('',*,*,#16447,.T.);
#16447 = EDGE_CURVE('',#1744,#15521,#16448,.T.);
#16448 = LINE('',#16449,#16450);
#16449 = CARTESIAN_POINT('',(12.589653658867,7.502242380381,
    11.694155842066));
#16450 = VECTOR('',#16451,1.);
#16451 = DIRECTION('',(-0.541490324037,-0.840706981637,0.));
#16452 = PLANE('',#16453);
#16453 = AXIS2_PLACEMENT_3D('',#16454,#16455,#16456);
#16454 = CARTESIAN_POINT('',(11.843347843248,6.999111627106,
    11.694155842066));
#16455 = DIRECTION('',(-0.,-0.,-1.));
#16456 = DIRECTION('',(-1.,0.,0.));
#16457 = ADVANCED_FACE('',(#16458),#16468,.T.);
#16458 = FACE_BOUND('',#16459,.T.);
#16459 = EDGE_LOOP('',(#16460,#16466,#16467));
#16460 = ORIENTED_EDGE('',*,*,#16461,.T.);
#16461 = EDGE_CURVE('',#1790,#15521,#16462,.T.);
#16462 = LINE('',#16463,#16464);
#16463 = CARTESIAN_POINT('',(12.980960321426,5.975667077303,
    11.694155842066));
#16464 = VECTOR('',#16465,1.);
#16465 = DIRECTION('',(-0.997560496226,6.980728019727E-02,0.));
#16466 = ORIENTED_EDGE('',*,*,#16447,.F.);
#16467 = ORIENTED_EDGE('',*,*,#1789,.F.);
#16468 = PLANE('',#16469);
#16469 = AXIS2_PLACEMENT_3D('',#16470,#16471,#16472);
#16470 = CARTESIAN_POINT('',(12.409004718418,6.550467574872,
    11.694155842066));
#16471 = DIRECTION('',(-0.,-0.,-1.));
#16472 = DIRECTION('',(-1.,0.,0.));
#16473 = ADVANCED_FACE('',(#16474),#16484,.T.);
#16474 = FACE_BOUND('',#16475,.T.);
#16475 = EDGE_LOOP('',(#16476,#16477,#16478));
#16476 = ORIENTED_EDGE('',*,*,#15520,.F.);
#16477 = ORIENTED_EDGE('',*,*,#16461,.F.);
#16478 = ORIENTED_EDGE('',*,*,#16479,.T.);
#16479 = EDGE_CURVE('',#1790,#15482,#16480,.T.);
#16480 = LINE('',#16481,#16482);
#16481 = CARTESIAN_POINT('',(12.980960321426,5.975667077303,
    11.694155842066));
#16482 = VECTOR('',#16483,1.);
#16483 = DIRECTION('',(-0.616365527361,-0.787460181013,0.));
#16484 = PLANE('',#16485);
#16485 = AXIS2_PLACEMENT_3D('',#16486,#16487,#16488);
#16486 = CARTESIAN_POINT('',(12.188277956061,5.507577665486,
    11.694155842066));
#16487 = DIRECTION('',(-0.,-0.,-1.));
#16488 = DIRECTION('',(-1.,0.,0.));
#16489 = ADVANCED_FACE('',(#16490),#16500,.T.);
#16490 = FACE_BOUND('',#16491,.T.);
#16491 = EDGE_LOOP('',(#16492,#16498,#16499));
#16492 = ORIENTED_EDGE('',*,*,#16493,.T.);
#16493 = EDGE_CURVE('',#1836,#15482,#16494,.T.);
#16494 = LINE('',#16495,#16496);
#16495 = CARTESIAN_POINT('',(13.176223051548,4.41188133657,
    11.694155842066));
#16496 = VECTOR('',#16497,1.);
#16497 = DIRECTION('',(-0.991283138542,0.131748773207,0.));
#16498 = ORIENTED_EDGE('',*,*,#16479,.F.);
#16499 = ORIENTED_EDGE('',*,*,#1835,.F.);
#16500 = PLANE('',#16501);
#16501 = AXIS2_PLACEMENT_3D('',#16502,#16503,#16504);
#16502 = CARTESIAN_POINT('',(12.68133021534,5.031743233355,
    11.694155842066));
#16503 = DIRECTION('',(-0.,-0.,-1.));
#16504 = DIRECTION('',(-1.,0.,0.));
#16505 = ADVANCED_FACE('',(#16506),#16516,.T.);
#16506 = FACE_BOUND('',#16507,.T.);
#16507 = EDGE_LOOP('',(#16508,#16509,#16510));
#16508 = ORIENTED_EDGE('',*,*,#15481,.F.);
#16509 = ORIENTED_EDGE('',*,*,#16493,.F.);
#16510 = ORIENTED_EDGE('',*,*,#16511,.T.);
#16511 = EDGE_CURVE('',#1836,#15443,#16512,.T.);
#16512 = LINE('',#16513,#16514);
#16513 = CARTESIAN_POINT('',(13.176223051548,4.41188133657,
    11.694155842066));
#16514 = VECTOR('',#16515,1.);
#16515 = DIRECTION('',(-0.687993795521,-0.725716568176,0.));
#16516 = PLANE('',#16517);
#16517 = AXIS2_PLACEMENT_3D('',#16518,#16519,#16520);
#16518 = CARTESIAN_POINT('',(12.33365034936,3.98433821559,
    11.694155842066));
#16519 = DIRECTION('',(-0.,-0.,-1.));
#16520 = DIRECTION('',(-1.,0.,0.));
#16521 = ADVANCED_FACE('',(#16522),#16532,.T.);
#16522 = FACE_BOUND('',#16523,.T.);
#16523 = EDGE_LOOP('',(#16524,#16530,#16531));
#16524 = ORIENTED_EDGE('',*,*,#16525,.T.);
#16525 = EDGE_CURVE('',#1882,#15443,#16526,.T.);
#16526 = LINE('',#16527,#16528);
#16527 = CARTESIAN_POINT('',(13.172306442261,2.835956680775,
    11.694155842066));
#16528 = VECTOR('',#16529,1.);
#16529 = DIRECTION('',(-0.981543855372,0.191237182526,0.));
#16530 = ORIENTED_EDGE('',*,*,#16511,.F.);
#16531 = ORIENTED_EDGE('',*,*,#1881,.F.);
#16532 = PLANE('',#16533);
#16533 = AXIS2_PLACEMENT_3D('',#16534,#16535,#16536);
#16534 = CARTESIAN_POINT('',(12.756105969008,3.490051259961,
    11.694155842066));
#16535 = DIRECTION('',(-0.,-0.,-1.));
#16536 = DIRECTION('',(-1.,0.,0.));
#16537 = ADVANCED_FACE('',(#16538),#16548,.T.);
#16538 = FACE_BOUND('',#16539,.T.);
#16539 = EDGE_LOOP('',(#16540,#16541,#16542));
#16540 = ORIENTED_EDGE('',*,*,#15442,.F.);
#16541 = ORIENTED_EDGE('',*,*,#16525,.F.);
#16542 = ORIENTED_EDGE('',*,*,#16543,.T.);
#16543 = EDGE_CURVE('',#1882,#15404,#16544,.T.);
#16544 = LINE('',#16545,#16546);
#16545 = CARTESIAN_POINT('',(13.172306442261,2.835956680775,
    11.694155842066));
#16546 = VECTOR('',#16547,1.);
#16547 = DIRECTION('',(-0.75511207457,-0.655595725152,0.));
#16548 = PLANE('',#16549);
#16549 = AXIS2_PLACEMENT_3D('',#16550,#16551,#16552);
#16550 = CARTESIAN_POINT('',(12.277232536985,2.456071109876,
    11.694155842066));
#16551 = DIRECTION('',(-0.,-0.,-1.));
#16552 = DIRECTION('',(-1.,0.,0.));
#16553 = ADVANCED_FACE('',(#16554),#16564,.T.);
#16554 = FACE_BOUND('',#16555,.T.);
#16555 = EDGE_LOOP('',(#16556,#16562,#16563));
#16556 = ORIENTED_EDGE('',*,*,#16557,.T.);
#16557 = EDGE_CURVE('',#1928,#15404,#16558,.T.);
#16558 = LINE('',#16559,#16560);
#16559 = CARTESIAN_POINT('',(12.969277107716,1.27316031158,
    11.694155842066));
#16560 = VECTOR('',#16561,1.);
#16561 = DIRECTION('',(-0.968574671637,0.24872294921,0.));
#16562 = ORIENTED_EDGE('',*,*,#16543,.F.);
#16563 = ORIENTED_EDGE('',*,*,#1927,.F.);
#16564 = PLANE('',#16565);
#16565 = AXIS2_PLACEMENT_3D('',#16566,#16567,#16568);
#16566 = CARTESIAN_POINT('',(12.631837912804,1.950944323352,
    11.694155842066));
#16567 = DIRECTION('',(-0.,-0.,-1.));
#16568 = DIRECTION('',(-1.,0.,0.));
#16569 = ADVANCED_FACE('',(#16570),#16580,.T.);
#16570 = FACE_BOUND('',#16571,.T.);
#16571 = EDGE_LOOP('',(#16572,#16573,#16574));
#16572 = ORIENTED_EDGE('',*,*,#15403,.F.);
#16573 = ORIENTED_EDGE('',*,*,#16557,.F.);
#16574 = ORIENTED_EDGE('',*,*,#16575,.T.);
#16575 = EDGE_CURVE('',#1928,#15365,#16576,.T.);
#16576 = LINE('',#16577,#16578);
#16577 = CARTESIAN_POINT('',(12.969277107716,1.27316031158,
    11.694155842066));
#16578 = VECTOR('',#16579,1.);
#16579 = DIRECTION('',(-0.816456546251,-0.577406882608,0.));
#16580 = PLANE('',#16581);
#16581 = AXIS2_PLACEMENT_3D('',#16582,#16583,#16584);
#16582 = CARTESIAN_POINT('',(12.020362709076,0.949449222808,
    11.694155842066));
#16583 = DIRECTION('',(-0.,-0.,-1.));
#16584 = DIRECTION('',(-1.,0.,0.));
#16585 = ADVANCED_FACE('',(#16586),#16596,.T.);
#16586 = FACE_BOUND('',#16587,.T.);
#16587 = EDGE_LOOP('',(#16588,#16594,#16595));
#16588 = ORIENTED_EDGE('',*,*,#16589,.T.);
#16589 = EDGE_CURVE('',#1974,#15365,#16590,.T.);
#16590 = LINE('',#16591,#16592);
#16591 = CARTESIAN_POINT('',(12.570388543606,-0.251451388001,
    11.694155842066));
#16592 = VECTOR('',#16593,1.);
#16593 = DIRECTION('',(-0.952437697412,0.304733379446,0.));
#16594 = ORIENTED_EDGE('',*,*,#16575,.F.);
#16595 = ORIENTED_EDGE('',*,*,#1973,.F.);
#16596 = PLANE('',#16597);
#16597 = AXIS2_PLACEMENT_3D('',#16598,#16599,#16600);
#16598 = CARTESIAN_POINT('',(12.310319618088,0.440020902063,
    11.694155842066));
#16599 = DIRECTION('',(-0.,-0.,-1.));
#16600 = DIRECTION('',(-1.,0.,0.));
#16601 = ADVANCED_FACE('',(#16602),#16612,.T.);
#16602 = FACE_BOUND('',#16603,.T.);
#16603 = EDGE_LOOP('',(#16604,#16610,#16611));
#16604 = ORIENTED_EDGE('',*,*,#16605,.T.);
#16605 = EDGE_CURVE('',#2020,#15365,#16606,.T.);
#16606 = LINE('',#16607,#16608);
#16607 = CARTESIAN_POINT('',(11.982037979364,-1.713434809446,
    11.694155842066));
#16608 = VECTOR('',#16609,1.);
#16609 = DIRECTION('',(-0.318519179969,0.947916416142,0.));
#16610 = ORIENTED_EDGE('',*,*,#16589,.F.);
#16611 = ORIENTED_EDGE('',*,*,#2019,.F.);
#16612 = PLANE('',#16613);
#16613 = AXIS2_PLACEMENT_3D('',#16614,#16615,#16616);
#16614 = CARTESIAN_POINT('',(11.947994789889,-0.65895234253,
    11.694155842066));
#16615 = DIRECTION('',(-0.,-0.,-1.));
#16616 = DIRECTION('',(-1.,0.,0.));
#16617 = ADVANCED_FACE('',(#16618),#16628,.T.);
#16618 = FACE_BOUND('',#16619,.T.);
#16619 = EDGE_LOOP('',(#16620,#16621,#16622));
#16620 = ORIENTED_EDGE('',*,*,#15364,.F.);
#16621 = ORIENTED_EDGE('',*,*,#16605,.F.);
#16622 = ORIENTED_EDGE('',*,*,#16623,.T.);
#16623 = EDGE_CURVE('',#2020,#15326,#16624,.T.);
#16624 = LINE('',#16625,#16626);
#16625 = CARTESIAN_POINT('',(11.982037979364,-1.713434809446,
    11.694155842066));
#16626 = VECTOR('',#16627,1.);
#16627 = DIRECTION('',(-0.933026822809,0.359806820278,0.));
#16628 = PLANE('',#16629);
#16629 = AXIS2_PLACEMENT_3D('',#16630,#16631,#16632);
#16630 = CARTESIAN_POINT('',(11.405976153625,-0.903518253531,
    11.694155842066));
#16631 = DIRECTION('',(-0.,-0.,-1.));
#16632 = DIRECTION('',(-1.,0.,0.));
#16633 = ADVANCED_FACE('',(#16634),#16644,.T.);
#16634 = FACE_BOUND('',#16635,.T.);
#16635 = EDGE_LOOP('',(#16636,#16642,#16643));
#16636 = ORIENTED_EDGE('',*,*,#16637,.T.);
#16637 = EDGE_CURVE('',#2066,#15326,#16638,.T.);
#16638 = LINE('',#16639,#16640);
#16639 = CARTESIAN_POINT('',(11.213655102253,-3.089349530637,
    11.694155842066));
#16640 = VECTOR('',#16641,1.);
#16641 = DIRECTION('',(-0.223472082397,0.974710330503,0.));
#16642 = ORIENTED_EDGE('',*,*,#16623,.F.);
#16643 = ORIENTED_EDGE('',*,*,#2065,.F.);
#16644 = PLANE('',#16645);
#16645 = AXIS2_PLACEMENT_3D('',#16646,#16647,#16648);
#16646 = CARTESIAN_POINT('',(11.304795139902,-2.063231780256,
    11.694155842066));
#16647 = DIRECTION('',(-0.,-0.,-1.));
#16648 = DIRECTION('',(-1.,0.,0.));
#16649 = ADVANCED_FACE('',(#16650),#16660,.T.);
#16650 = FACE_BOUND('',#16651,.T.);
#16651 = EDGE_LOOP('',(#16652,#16653,#16654));
#16652 = ORIENTED_EDGE('',*,*,#15325,.F.);
#16653 = ORIENTED_EDGE('',*,*,#16637,.F.);
#16654 = ORIENTED_EDGE('',*,*,#16655,.T.);
#16655 = EDGE_CURVE('',#2066,#15287,#16656,.T.);
#16656 = LINE('',#16657,#16658);
#16657 = CARTESIAN_POINT('',(11.213655102253,-3.089349530637,
    11.694155842066));
#16658 = VECTOR('',#16659,1.);
#16659 = DIRECTION('',(-0.91008426213,0.414423256856,0.));
#16660 = PLANE('',#16661);
#16661 = AXIS2_PLACEMENT_3D('',#16662,#16663,#16664);
#16662 = CARTESIAN_POINT('',(10.712184526807,-2.265641031689,
    11.694155842066));
#16663 = DIRECTION('',(-0.,-0.,-1.));
#16664 = DIRECTION('',(-1.,0.,0.));
#16665 = ADVANCED_FACE('',(#16666),#16676,.T.);
#16666 = FACE_BOUND('',#16667,.T.);
#16667 = EDGE_LOOP('',(#16668,#16674,#16675));
#16668 = ORIENTED_EDGE('',*,*,#16669,.T.);
#16669 = EDGE_CURVE('',#2112,#15287,#16670,.T.);
#16670 = LINE('',#16671,#16672);
#16671 = CARTESIAN_POINT('',(10.27756125927,-4.357136616111,
    11.694155842066));
#16672 = VECTOR('',#16673,1.);
#16673 = DIRECTION('',(-0.128595452021,0.991697136085,0.));
#16674 = ORIENTED_EDGE('',*,*,#16655,.F.);
#16675 = ORIENTED_EDGE('',*,*,#2111,.F.);
#16676 = PLANE('',#16677);
#16677 = AXIS2_PLACEMENT_3D('',#16678,#16679,#16680);
#16678 = CARTESIAN_POINT('',(10.486517277192,-3.372496834499,
    11.694155842066));
#16679 = DIRECTION('',(-0.,-0.,-1.));
#16680 = DIRECTION('',(-1.,0.,0.));
#16681 = ADVANCED_FACE('',(#16682),#16692,.T.);
#16682 = FACE_BOUND('',#16683,.T.);
#16683 = EDGE_LOOP('',(#16684,#16685,#16686));
#16684 = ORIENTED_EDGE('',*,*,#15286,.F.);
#16685 = ORIENTED_EDGE('',*,*,#16669,.F.);
#16686 = ORIENTED_EDGE('',*,*,#16687,.T.);
#16687 = EDGE_CURVE('',#2112,#15248,#16688,.T.);
#16688 = LINE('',#16689,#16690);
#16689 = CARTESIAN_POINT('',(10.27756125927,-4.357136616111,
    11.694155842066));
#16690 = VECTOR('',#16691,1.);
#16691 = DIRECTION('',(-0.883228183839,0.468943467032,0.));
#16692 = PLANE('',#16693);
#16693 = AXIS2_PLACEMENT_3D('',#16694,#16695,#16696);
#16694 = CARTESIAN_POINT('',(9.844635807772,-3.525365561174,
    11.694155842066));
#16695 = DIRECTION('',(-0.,-0.,-1.));
#16696 = DIRECTION('',(-1.,0.,0.));
#16697 = ADVANCED_FACE('',(#16698),#16708,.T.);
#16698 = FACE_BOUND('',#16699,.T.);
#16699 = EDGE_LOOP('',(#16700,#16706,#16707));
#16700 = ORIENTED_EDGE('',*,*,#16701,.T.);
#16701 = EDGE_CURVE('',#2158,#15248,#16702,.T.);
#16702 = LINE('',#16703,#16704);
#16703 = CARTESIAN_POINT('',(9.188765829802,-5.496468341351,
    11.694155842066));
#16704 = VECTOR('',#16705,1.);
#16705 = DIRECTION('',(-3.507904727997E-02,0.999384540826,0.));
#16706 = ORIENTED_EDGE('',*,*,#16687,.F.);
#16707 = ORIENTED_EDGE('',*,*,#2157,.F.);
#16708 = PLANE('',#16709);
#16709 = AXIS2_PLACEMENT_3D('',#16710,#16711,#16712);
#16710 = CARTESIAN_POINT('',(9.50697931671,-4.565145044924,
    11.694155842066));
#16711 = DIRECTION('',(-0.,-0.,-1.));
#16712 = DIRECTION('',(-1.,0.,0.));
#16713 = ADVANCED_FACE('',(#16714),#16724,.T.);
#16714 = FACE_BOUND('',#16715,.T.);
#16715 = EDGE_LOOP('',(#16716,#16717,#16718));
#16716 = ORIENTED_EDGE('',*,*,#15247,.F.);
#16717 = ORIENTED_EDGE('',*,*,#16701,.F.);
#16718 = ORIENTED_EDGE('',*,*,#16719,.T.);
#16719 = EDGE_CURVE('',#2158,#15209,#16720,.T.);
#16720 = LINE('',#16721,#16722);
#16721 = CARTESIAN_POINT('',(9.188765829802,-5.496468341351,
    11.694155842066));
#16722 = VECTOR('',#16723,1.);
#16723 = DIRECTION('',(-0.85199261642,0.523553800068,0.));
#16724 = PLANE('',#16725);
#16725 = AXIS2_PLACEMENT_3D('',#16726,#16727,#16728);
#16726 = CARTESIAN_POINT('',(8.818205638505,-4.660487976827,
    11.694155842066));
#16727 = DIRECTION('',(-0.,-0.,-1.));
#16728 = DIRECTION('',(-1.,0.,0.));
#16729 = ADVANCED_FACE('',(#16730),#16740,.T.);
#16730 = FACE_BOUND('',#16731,.T.);
#16731 = EDGE_LOOP('',(#16732,#16738,#16739));
#16732 = ORIENTED_EDGE('',*,*,#16733,.T.);
#16733 = EDGE_CURVE('',#2204,#15209,#16734,.T.);
#16734 = LINE('',#16735,#16736);
#16735 = CARTESIAN_POINT('',(7.964723992348,-6.489078235626,
    11.694155842066));
#16736 = VECTOR('',#16737,1.);
#16737 = DIRECTION('',(5.600735743676E-02,0.998430356065,0.));
#16738 = ORIENTED_EDGE('',*,*,#16719,.F.);
#16739 = ORIENTED_EDGE('',*,*,#2203,.F.);
#16740 = PLANE('',#16741);
#16741 = AXIS2_PLACEMENT_3D('',#16742,#16743,#16744);
#16742 = CARTESIAN_POINT('',(8.38260681315,-5.621566528302,
    11.694155842066));
#16743 = DIRECTION('',(-0.,-0.,-1.));
#16744 = DIRECTION('',(-1.,0.,0.));
#16745 = ADVANCED_FACE('',(#16746),#16756,.T.);
#16746 = FACE_BOUND('',#16747,.T.);
#16747 = EDGE_LOOP('',(#16748,#16749,#16750));
#16748 = ORIENTED_EDGE('',*,*,#15208,.F.);
#16749 = ORIENTED_EDGE('',*,*,#16733,.F.);
#16750 = ORIENTED_EDGE('',*,*,#16751,.T.);
#16751 = EDGE_CURVE('',#2204,#15170,#16752,.T.);
#16752 = LINE('',#16753,#16754);
#16753 = CARTESIAN_POINT('',(7.964723992348,-6.489078235626,
    11.694155842066));
#16754 = VECTOR('',#16755,1.);
#16755 = DIRECTION('',(-0.815869300921,0.578236356358,0.));
#16756 = PLANE('',#16757);
#16757 = AXIS2_PLACEMENT_3D('',#16758,#16759,#16760);
#16758 = CARTESIAN_POINT('',(7.650635780689,-5.650938131213,
    11.694155842066));
#16759 = DIRECTION('',(-0.,-0.,-1.));
#16760 = DIRECTION('',(-1.,0.,0.));
#16761 = ADVANCED_FACE('',(#16762),#16772,.T.);
#16762 = FACE_BOUND('',#16763,.T.);
#16763 = EDGE_LOOP('',(#16764,#16770,#16771));
#16764 = ORIENTED_EDGE('',*,*,#16765,.T.);
#16765 = EDGE_CURVE('',#2250,#15170,#16766,.T.);
#16766 = LINE('',#16767,#16768);
#16767 = CARTESIAN_POINT('',(6.625061184168,-7.319052708149,
    11.694155842066));
#16768 = VECTOR('',#16769,1.);
#16769 = DIRECTION('',(0.143732185129,0.989616622212,0.));
#16770 = ORIENTED_EDGE('',*,*,#16751,.F.);
#16771 = ORIENTED_EDGE('',*,*,#2249,.F.);
#16772 = PLANE('',#16773);
#16773 = AXIS2_PLACEMENT_3D('',#16774,#16775,#16776);
#16774 = CARTESIAN_POINT('',(7.132148172754,-6.524441566887,
    11.694155842066));
#16775 = DIRECTION('',(-0.,-0.,-1.));
#16776 = DIRECTION('',(-1.,0.,0.));
#16777 = ADVANCED_FACE('',(#16778),#16788,.T.);
#16778 = FACE_BOUND('',#16779,.T.);
#16779 = EDGE_LOOP('',(#16780,#16781,#16782));
#16780 = ORIENTED_EDGE('',*,*,#15169,.F.);
#16781 = ORIENTED_EDGE('',*,*,#16765,.F.);
#16782 = ORIENTED_EDGE('',*,*,#16783,.T.);
#16783 = EDGE_CURVE('',#2250,#15131,#16784,.T.);
#16784 = LINE('',#16785,#16786);
#16785 = CARTESIAN_POINT('',(6.625061184168,-7.319052708149,
    11.694155842066));
#16786 = VECTOR('',#16787,1.);
#16787 = DIRECTION('',(-0.774353227307,0.632753569219,0.));
#16788 = PLANE('',#16789);
#16789 = AXIS2_PLACEMENT_3D('',#16790,#16791,#16792);
#16790 = CARTESIAN_POINT('',(6.362232325781,-6.47916185789,
    11.694155842066));
#16791 = DIRECTION('',(-0.,-0.,-1.));
#16792 = DIRECTION('',(-1.,0.,0.));
#16793 = ADVANCED_FACE('',(#16794),#16804,.T.);
#16794 = FACE_BOUND('',#16795,.T.);
#16795 = EDGE_LOOP('',(#16796,#16802,#16803));
#16796 = ORIENTED_EDGE('',*,*,#16797,.T.);
#16797 = EDGE_CURVE('',#2296,#15131,#16798,.T.);
#16798 = LINE('',#16799,#16800);
#16799 = CARTESIAN_POINT('',(5.191256305575,-7.973083311319,
    11.694155842066));
#16800 = VECTOR('',#16801,1.);
#16801 = DIRECTION('',(0.227326175078,0.973818674151,0.));
#16802 = ORIENTED_EDGE('',*,*,#16783,.F.);
#16803 = ORIENTED_EDGE('',*,*,#2295,.F.);
#16804 = PLANE('',#16805);
#16805 = AXIS2_PLACEMENT_3D('',#16806,#16807,#16808);
#16806 = CARTESIAN_POINT('',(5.776364351551,-7.258999009621,
    11.694155842066));
#16807 = DIRECTION('',(-0.,-0.,-1.));
#16808 = DIRECTION('',(-1.,0.,0.));
#16809 = ADVANCED_FACE('',(#16810),#16820,.T.);
#16810 = FACE_BOUND('',#16811,.T.);
#16811 = EDGE_LOOP('',(#16812,#16813,#16814));
#16812 = ORIENTED_EDGE('',*,*,#15130,.F.);
#16813 = ORIENTED_EDGE('',*,*,#16797,.F.);
#16814 = ORIENTED_EDGE('',*,*,#16815,.T.);
#16815 = EDGE_CURVE('',#2296,#15071,#16816,.T.);
#16816 = LINE('',#16817,#16818);
#16817 = CARTESIAN_POINT('',(5.191256305575,-7.973083311319,
    11.694155842066));
#16818 = VECTOR('',#16819,1.);
#16819 = DIRECTION('',(-0.726986394901,0.686651863486,0.));
#16820 = PLANE('',#16821);
#16821 = AXIS2_PLACEMENT_3D('',#16822,#16823,#16824);
#16822 = CARTESIAN_POINT('',(4.975504644798,-7.130457101677,
    11.694155842066));
#16823 = DIRECTION('',(-0.,-0.,-1.));
#16824 = DIRECTION('',(-1.,0.,0.));
#16825 = ADVANCED_FACE('',(#16826),#16836,.T.);
#16826 = FACE_BOUND('',#16827,.T.);
#16827 = EDGE_LOOP('',(#16828,#16834,#16835));
#16828 = ORIENTED_EDGE('',*,*,#16829,.T.);
#16829 = EDGE_CURVE('',#2342,#15071,#16830,.T.);
#16830 = LINE('',#16831,#16832);
#16831 = CARTESIAN_POINT('',(3.686297294497,-8.440685129166,
    11.694155842066));
#16832 = VECTOR('',#16833,1.);
#16833 = DIRECTION('',(0.306191807278,0.951969840466,0.));
#16834 = ORIENTED_EDGE('',*,*,#16815,.F.);
#16835 = ORIENTED_EDGE('',*,*,#2341,.F.);
#16836 = PLANE('',#16837);
#16837 = AXIS2_PLACEMENT_3D('',#16838,#16839,#16840);
#16838 = CARTESIAN_POINT('',(4.337687889064,-7.813232570672,
    11.694155842066));
#16839 = DIRECTION('',(-0.,-0.,-1.));
#16840 = DIRECTION('',(-1.,0.,0.));
#16841 = ADVANCED_FACE('',(#16842),#16852,.T.);
#16842 = FACE_BOUND('',#16843,.T.);
#16843 = EDGE_LOOP('',(#16844,#16845,#16846));
#16844 = ORIENTED_EDGE('',*,*,#15070,.F.);
#16845 = ORIENTED_EDGE('',*,*,#16829,.F.);
#16846 = ORIENTED_EDGE('',*,*,#16847,.T.);
#16847 = EDGE_CURVE('',#2342,#15032,#16848,.T.);
#16848 = LINE('',#16849,#16850);
#16849 = CARTESIAN_POINT('',(3.686297294497,-8.440685129166,
    11.694155842066));
#16850 = VECTOR('',#16851,1.);
#16851 = DIRECTION('',(-0.673398053442,0.739280096865,0.));
#16852 = PLANE('',#16853);
#16853 = AXIS2_PLACEMENT_3D('',#16854,#16855,#16856);
#16854 = CARTESIAN_POINT('',(3.514758564194,-7.593261362212,
    11.694155842066));
#16855 = DIRECTION('',(-0.,-0.,-1.));
#16856 = DIRECTION('',(-1.,0.,0.));
#16857 = ADVANCED_FACE('',(#16858),#16868,.T.);
#16858 = FACE_BOUND('',#16859,.T.);
#16859 = EDGE_LOOP('',(#16860,#16866,#16867));
#16860 = ORIENTED_EDGE('',*,*,#16861,.T.);
#16861 = EDGE_CURVE('',#2388,#15032,#16862,.T.);
#16862 = LINE('',#16863,#16864);
#16863 = CARTESIAN_POINT('',(2.134313045442,-8.714361041784,
    11.694155842066));
#16864 = VECTOR('',#16865,1.);
#16865 = DIRECTION('',(0.379916373382,0.92502083719,0.));
#16866 = ORIENTED_EDGE('',*,*,#16847,.F.);
#16867 = ORIENTED_EDGE('',*,*,#2387,.F.);
#16868 = PLANE('',#16869);
#16869 = AXIS2_PLACEMENT_3D('',#16870,#16871,#16872);
#16870 = CARTESIAN_POINT('',(2.839867766155,-8.178080650303,
    11.694155842066));
#16871 = DIRECTION('',(-0.,-0.,-1.));
#16872 = DIRECTION('',(-1.,0.,0.));
#16873 = ADVANCED_FACE('',(#16874),#16884,.T.);
#16874 = FACE_BOUND('',#16875,.T.);
#16875 = EDGE_LOOP('',(#16876,#16877,#16878));
#16876 = ORIENTED_EDGE('',*,*,#15031,.F.);
#16877 = ORIENTED_EDGE('',*,*,#16861,.F.);
#16878 = ORIENTED_EDGE('',*,*,#16879,.T.);
#16879 = EDGE_CURVE('',#2388,#14175,#16880,.T.);
#16880 = LINE('',#16881,#16882);
#16881 = CARTESIAN_POINT('',(2.134313045442,-8.714361041784,
    11.694155842066));
#16882 = VECTOR('',#16883,1.);
#16883 = DIRECTION('',(-0.613337671436,0.789820802966,0.));
#16884 = PLANE('',#16885);
#16885 = AXIS2_PLACEMENT_3D('',#16886,#16887,#16888);
#16886 = CARTESIAN_POINT('',(2.005650390855,-7.859376423798,
    11.694155842066));
#16887 = DIRECTION('',(-0.,-0.,-1.));
#16888 = DIRECTION('',(-1.,0.,0.));
#16889 = ADVANCED_FACE('',(#16890),#16900,.T.);
#16890 = FACE_BOUND('',#16891,.T.);
#16891 = EDGE_LOOP('',(#16892,#16898,#16899));
#16892 = ORIENTED_EDGE('',*,*,#16893,.T.);
#16893 = EDGE_CURVE('',#2434,#14175,#16894,.T.);
#16894 = LINE('',#16895,#16896);
#16895 = CARTESIAN_POINT('',(0.560186545923,-8.789722084999,
    11.694155842066));
#16896 = VECTOR('',#16897,1.);
#16897 = DIRECTION('',(0.448274010888,0.893896197085,0.));
#16898 = ORIENTED_EDGE('',*,*,#16879,.F.);
#16899 = ORIENTED_EDGE('',*,*,#2433,.F.);
#16900 = PLANE('',#16901);
#16901 = AXIS2_PLACEMENT_3D('',#16902,#16903,#16904);
#16902 = CARTESIAN_POINT('',(1.307595995315,-8.347556544855,
    11.694155842066));
#16903 = DIRECTION('',(-0.,-0.,-1.));
#16904 = DIRECTION('',(-1.,0.,0.));
#16905 = ADVANCED_FACE('',(#16906),#16916,.T.);
#16906 = FACE_BOUND('',#16907,.T.);
#16907 = EDGE_LOOP('',(#16908,#16909,#16910));
#16908 = ORIENTED_EDGE('',*,*,#14205,.F.);
#16909 = ORIENTED_EDGE('',*,*,#16893,.F.);
#16910 = ORIENTED_EDGE('',*,*,#16911,.T.);
#16911 = EDGE_CURVE('',#2434,#14197,#16912,.T.);
#16912 = LINE('',#16913,#16914);
#16913 = CARTESIAN_POINT('',(0.560186545923,-8.789722084999,
    11.694155842066));
#16914 = VECTOR('',#16915,1.);
#16915 = DIRECTION('',(-0.546702090427,0.837327190722,0.));
#16916 = PLANE('',#16917);
#16917 = AXIS2_PLACEMENT_3D('',#16918,#16919,#16920);
#16918 = CARTESIAN_POINT('',(0.474711205889,-7.924123101678,
    11.694155842066));
#16919 = DIRECTION('',(-0.,-0.,-1.));
#16920 = DIRECTION('',(-1.,0.,0.));
#16921 = ADVANCED_FACE('',(#16922),#16932,.T.);
#16922 = FACE_BOUND('',#16923,.T.);
#16923 = EDGE_LOOP('',(#16924,#16930,#16931));
#16924 = ORIENTED_EDGE('',*,*,#16925,.T.);
#16925 = EDGE_CURVE('',#2480,#14197,#16926,.T.);
#16926 = LINE('',#16927,#16928);
#16927 = CARTESIAN_POINT('',(-1.010844193399,-8.665561634302,
    11.694155842066));
#16928 = VECTOR('',#16929,1.);
#16929 = DIRECTION('',(0.511219356849,0.859450271501,0.));
#16930 = ORIENTED_EDGE('',*,*,#16911,.F.);
#16931 = ORIENTED_EDGE('',*,*,#2479,.F.);
#16932 = PLANE('',#16933);
#16933 = AXIS2_PLACEMENT_3D('',#16934,#16935,#16936);
#16934 = CARTESIAN_POINT('',(-0.233877625453,-8.318839813767,
    11.694155842066));
#16935 = DIRECTION('',(-0.,-0.,-1.));
#16936 = DIRECTION('',(-1.,0.,0.));
#16937 = ADVANCED_FACE('',(#16938),#16948,.T.);
#16938 = FACE_BOUND('',#16939,.T.);
#16939 = EDGE_LOOP('',(#16940,#16941,#16942));
#16940 = ORIENTED_EDGE('',*,*,#14244,.F.);
#16941 = ORIENTED_EDGE('',*,*,#16925,.F.);
#16942 = ORIENTED_EDGE('',*,*,#16943,.T.);
#16943 = EDGE_CURVE('',#2480,#14236,#16944,.T.);
#16944 = LINE('',#16945,#16946);
#16945 = CARTESIAN_POINT('',(-1.010844193399,-8.665561634302,
    11.694155842066));
#16946 = VECTOR('',#16947,1.);
#16947 = DIRECTION('',(-0.473553362216,0.880765129381,0.));
#16948 = PLANE('',#16949);
#16949 = AXIS2_PLACEMENT_3D('',#16950,#16951,#16952);
#16950 = CARTESIAN_POINT('',(-1.051145999853,-7.786430361207,
    11.694155842066));
#16951 = DIRECTION('',(-0.,-0.,-1.));
#16952 = DIRECTION('',(-1.,0.,0.));
#16953 = ADVANCED_FACE('',(#16954),#16964,.T.);
#16954 = FACE_BOUND('',#16955,.T.);
#16955 = EDGE_LOOP('',(#16956,#16962,#16963));
#16956 = ORIENTED_EDGE('',*,*,#16957,.T.);
#16957 = EDGE_CURVE('',#2526,#14236,#16958,.T.);
#16958 = LINE('',#16959,#16960);
#16959 = CARTESIAN_POINT('',(-2.553590838611,-8.343869030476,
    11.694155842066));
#16960 = VECTOR('',#16961,1.);
#16961 = DIRECTION('',(0.568878261307,0.822421743275,0.));
#16962 = ORIENTED_EDGE('',*,*,#16943,.F.);
#16963 = ORIENTED_EDGE('',*,*,#2525,.F.);
#16964 = PLANE('',#16965);
#16965 = AXIS2_PLACEMENT_3D('',#16966,#16967,#16968);
#16966 = CARTESIAN_POINT('',(-1.759136504986,-8.092322816364,
    11.694155842066));
#16967 = DIRECTION('',(-0.,-0.,-1.));
#16968 = DIRECTION('',(-1.,0.,0.));
#16969 = ADVANCED_FACE('',(#16970),#16980,.T.);
#16970 = FACE_BOUND('',#16971,.T.);
#16971 = EDGE_LOOP('',(#16972,#16973,#16974));
#16972 = ORIENTED_EDGE('',*,*,#14283,.F.);
#16973 = ORIENTED_EDGE('',*,*,#16957,.F.);
#16974 = ORIENTED_EDGE('',*,*,#16975,.T.);
#16975 = EDGE_CURVE('',#2526,#14275,#16976,.T.);
#16976 = LINE('',#16977,#16978);
#16977 = CARTESIAN_POINT('',(-2.553590838611,-8.343869030476,
    11.694155842066));
#16978 = VECTOR('',#16979,1.);
#16979 = DIRECTION('',(-0.394134355431,0.919052833013,0.));
#16980 = PLANE('',#16981);
#16981 = AXIS2_PLACEMENT_3D('',#16982,#16983,#16984);
#16982 = CARTESIAN_POINT('',(-2.545126118881,-7.448849977645,
    11.694155842066));
#16983 = DIRECTION('',(-0.,-0.,-1.));
#16984 = DIRECTION('',(-1.,0.,0.));
#16985 = ADVANCED_FACE('',(#16986),#16996,.T.);
#16986 = FACE_BOUND('',#16987,.T.);
#16987 = EDGE_LOOP('',(#16988,#16994,#16995));
#16988 = ORIENTED_EDGE('',*,*,#16989,.T.);
#16989 = EDGE_CURVE('',#2572,#14275,#16990,.T.);
#16990 = LINE('',#16991,#16992);
#16991 = CARTESIAN_POINT('',(-4.043318486214,-7.829802328348,
    11.694155842066));
#16992 = VECTOR('',#16993,1.);
#16993 = DIRECTION('',(0.621526994346,0.783392746519,0.));
#16994 = ORIENTED_EDGE('',*,*,#16975,.F.);
#16995 = ORIENTED_EDGE('',*,*,#2571,.F.);
#16996 = PLANE('',#16997);
#16997 = AXIS2_PLACEMENT_3D('',#16998,#16999,#17000);
#16998 = CARTESIAN_POINT('',(-3.242994368048,-7.67161496941,
    11.694155842066));
#16999 = DIRECTION('',(-0.,-0.,-1.));
#17000 = DIRECTION('',(-1.,0.,0.));
#17001 = ADVANCED_FACE('',(#17002),#17012,.T.);
#17002 = FACE_BOUND('',#17003,.T.);
#17003 = EDGE_LOOP('',(#17004,#17005,#17006));
#17004 = ORIENTED_EDGE('',*,*,#14322,.F.);
#17005 = ORIENTED_EDGE('',*,*,#16989,.F.);
#17006 = ORIENTED_EDGE('',*,*,#17007,.T.);
#17007 = EDGE_CURVE('',#2572,#14314,#17008,.T.);
#17008 = LINE('',#17009,#17010);
#17009 = CARTESIAN_POINT('',(-4.043318486214,-7.829802328348,
    11.694155842066));
#17010 = VECTOR('',#17011,1.);
#17011 = DIRECTION('',(-0.308868612023,0.951104715847,0.));
#17012 = PLANE('',#17013);
#17013 = AXIS2_PLACEMENT_3D('',#17014,#17015,#17016);
#17014 = CARTESIAN_POINT('',(-3.981049335745,-6.917497355875,
    11.694155842066));
#17015 = DIRECTION('',(-0.,-0.,-1.));
#17016 = DIRECTION('',(-1.,0.,0.));
#17017 = ADVANCED_FACE('',(#17018),#17028,.T.);
#17018 = FACE_BOUND('',#17019,.T.);
#17019 = EDGE_LOOP('',(#17020,#17026,#17027));
#17020 = ORIENTED_EDGE('',*,*,#17021,.T.);
#17021 = EDGE_CURVE('',#2618,#14314,#17022,.T.);
#17022 = LINE('',#17023,#17024);
#17023 = CARTESIAN_POINT('',(-5.456142556667,-7.131604272127,
    11.694155842066));
#17024 = VECTOR('',#17025,1.);
#17025 = DIRECTION('',(0.66955742594,0.742760293344,0.));
#17026 = ORIENTED_EDGE('',*,*,#17007,.F.);
#17027 = ORIENTED_EDGE('',*,*,#2617,.F.);
#17028 = PLANE('',#17029);
#17029 = AXIS2_PLACEMENT_3D('',#17030,#17031,#17032);
#17030 = CARTESIAN_POINT('',(-4.660890843225,-7.063494846436,
    11.694155842066));
#17031 = DIRECTION('',(-0.,-0.,-1.));
#17032 = DIRECTION('',(-1.,0.,0.));
#17033 = ADVANCED_FACE('',(#17034),#17044,.T.);
#17034 = FACE_BOUND('',#17035,.T.);
#17035 = EDGE_LOOP('',(#17036,#17037,#17038));
#17036 = ORIENTED_EDGE('',*,*,#14361,.F.);
#17037 = ORIENTED_EDGE('',*,*,#17021,.F.);
#17038 = ORIENTED_EDGE('',*,*,#17039,.T.);
#17039 = EDGE_CURVE('',#2618,#14353,#17040,.T.);
#17040 = LINE('',#17041,#17042);
#17041 = CARTESIAN_POINT('',(-5.456142556667,-7.131604272127,
    11.694155842066));
#17042 = VECTOR('',#17043,1.);
#17043 = DIRECTION('',(-0.218363230324,0.975867562553,0.));
#17044 = PLANE('',#17045);
#17045 = AXIS2_PLACEMENT_3D('',#17046,#17047,#17048);
#17046 = CARTESIAN_POINT('',(-5.333830070358,-6.201922948929,
    11.694155842066));
#17047 = DIRECTION('',(-0.,-0.,-1.));
#17048 = DIRECTION('',(-1.,0.,0.));
#17049 = ADVANCED_FACE('',(#17050),#17060,.T.);
#17050 = FACE_BOUND('',#17051,.T.);
#17051 = EDGE_LOOP('',(#17052,#17058,#17059));
#17052 = ORIENTED_EDGE('',*,*,#17053,.T.);
#17053 = EDGE_CURVE('',#2664,#14353,#17054,.T.);
#17054 = LINE('',#17055,#17056);
#17055 = CARTESIAN_POINT('',(-6.769412535429,-6.260467931628,
    11.694155842066));
#17056 = VECTOR('',#17057,1.);
#17057 = DIRECTION('',(0.713441860957,0.700714429018,0.));
#17058 = ORIENTED_EDGE('',*,*,#17039,.F.);
#17059 = ORIENTED_EDGE('',*,*,#2663,.F.);
#17060 = PLANE('',#17061);
#17061 = AXIS2_PLACEMENT_3D('',#17062,#17063,#17064);
#17062 = CARTESIAN_POINT('',(-5.98928386117,-6.277825184808,
    11.694155842066));
#17063 = DIRECTION('',(-0.,-0.,-1.));
#17064 = DIRECTION('',(-1.,0.,0.));
#17065 = ADVANCED_FACE('',(#17066),#17076,.T.);
#17066 = FACE_BOUND('',#17067,.T.);
#17067 = EDGE_LOOP('',(#17068,#17069,#17070));
#17068 = ORIENTED_EDGE('',*,*,#14400,.F.);
#17069 = ORIENTED_EDGE('',*,*,#17053,.F.);
#17070 = ORIENTED_EDGE('',*,*,#17071,.T.);
#17071 = EDGE_CURVE('',#2664,#14392,#17072,.T.);
#17072 = LINE('',#17073,#17074);
#17073 = CARTESIAN_POINT('',(-6.769412535429,-6.260467931628,
    11.694155842066));
#17074 = VECTOR('',#17075,1.);
#17075 = DIRECTION('',(-0.123398735101,0.99235716966,0.));
#17076 = PLANE('',#17077);
#17077 = AXIS2_PLACEMENT_3D('',#17078,#17079,#17080);
#17078 = CARTESIAN_POINT('',(-6.579931374704,-5.314917572608,
    11.694155842066));
#17079 = DIRECTION('',(-0.,-0.,-1.));
#17080 = DIRECTION('',(-1.,0.,0.));
#17081 = ADVANCED_FACE('',(#17082),#17092,.T.);
#17082 = FACE_BOUND('',#17083,.T.);
#17083 = EDGE_LOOP('',(#17084,#17090,#17091));
#17084 = ORIENTED_EDGE('',*,*,#17085,.T.);
#17085 = EDGE_CURVE('',#2710,#14392,#17086,.T.);
#17086 = LINE('',#17087,#17088);
#17087 = CARTESIAN_POINT('',(-7.962070024014,-5.230361461639,
    11.694155842066));
#17088 = VECTOR('',#17089,1.);
#17089 = DIRECTION('',(0.753681465863,0.657239870987,0.));
#17090 = ORIENTED_EDGE('',*,*,#17071,.F.);
#17091 = ORIENTED_EDGE('',*,*,#2709,.F.);
#17092 = PLANE('',#17093);
#17093 = AXIS2_PLACEMENT_3D('',#17094,#17095,#17096);
#17094 = CARTESIAN_POINT('',(-7.206030611329,-5.327414594329,
    11.694155842066));
#17095 = DIRECTION('',(-0.,-0.,-1.));
#17096 = DIRECTION('',(-1.,0.,0.));
#17097 = ADVANCED_FACE('',(#17098),#17108,.T.);
#17098 = FACE_BOUND('',#17099,.T.);
#17099 = EDGE_LOOP('',(#17100,#17101,#17102));
#17100 = ORIENTED_EDGE('',*,*,#14439,.F.);
#17101 = ORIENTED_EDGE('',*,*,#17085,.F.);
#17102 = ORIENTED_EDGE('',*,*,#17103,.T.);
#17103 = EDGE_CURVE('',#2710,#14431,#17104,.T.);
#17104 = LINE('',#17105,#17106);
#17105 = CARTESIAN_POINT('',(-7.962070024014,-5.230361461639,
    11.694155842066));
#17106 = VECTOR('',#17107,1.);
#17107 = DIRECTION('',(-2.492011759641E-02,0.999689445647,0.));
#17108 = PLANE('',#17109);
#17109 = AXIS2_PLACEMENT_3D('',#17110,#17111,#17112);
#17110 = CARTESIAN_POINT('',(-7.697779723448,-4.272257859214,
    11.694155842066));
#17111 = DIRECTION('',(-0.,-0.,-1.));
#17112 = DIRECTION('',(-1.,0.,0.));
#17113 = ADVANCED_FACE('',(#17114),#17124,.T.);
#17114 = FACE_BOUND('',#17115,.T.);
#17115 = EDGE_LOOP('',(#17116,#17122,#17123));
#17116 = ORIENTED_EDGE('',*,*,#17117,.T.);
#17117 = EDGE_CURVE('',#2756,#14431,#17118,.T.);
#17118 = LINE('',#17119,#17120);
#17119 = CARTESIAN_POINT('',(-9.014994490147,-4.057799115777,
    11.694155842066));
#17120 = VECTOR('',#17121,1.);
#17121 = DIRECTION('',(0.790759285777,0.612127235105,0.));
#17122 = ORIENTED_EDGE('',*,*,#17103,.F.);
#17123 = ORIENTED_EDGE('',*,*,#2755,.F.);
#17124 = PLANE('',#17125);
#17125 = AXIS2_PLACEMENT_3D('',#17126,#17127,#17128);
#17126 = CARTESIAN_POINT('',(-8.290757996201,-4.227836427134,
    11.694155842066));
#17127 = DIRECTION('',(-0.,-0.,-1.));
#17128 = DIRECTION('',(-1.,0.,0.));
#17129 = ADVANCED_FACE('',(#17130),#17140,.T.);
#17130 = FACE_BOUND('',#17131,.T.);
#17131 = EDGE_LOOP('',(#17132,#17138,#17139));
#17132 = ORIENTED_EDGE('',*,*,#17133,.T.);
#17133 = EDGE_CURVE('',#2802,#14431,#17134,.T.);
#17134 = LINE('',#17135,#17136);
#17135 = CARTESIAN_POINT('',(-9.911306059361,-2.761581791937,
    11.694155842066));
#17136 = VECTOR('',#17137,1.);
#17137 = DIRECTION('',(0.964709206066,-0.263317579609,0.));
#17138 = ORIENTED_EDGE('',*,*,#17117,.F.);
#17139 = ORIENTED_EDGE('',*,*,#2801,.F.);
#17140 = PLANE('',#17141);
#17141 = AXIS2_PLACEMENT_3D('',#17142,#17143,#17144);
#17142 = CARTESIAN_POINT('',(-9.007124677199,-3.319078669983,
    11.694155842066));
#17143 = DIRECTION('',(-0.,-0.,-1.));
#17144 = DIRECTION('',(-1.,0.,0.));
#17145 = ADVANCED_FACE('',(#17146),#17156,.T.);
#17146 = FACE_BOUND('',#17147,.T.);
#17147 = EDGE_LOOP('',(#17148,#17149,#17150));
#17148 = ORIENTED_EDGE('',*,*,#14478,.F.);
#17149 = ORIENTED_EDGE('',*,*,#17133,.F.);
#17150 = ORIENTED_EDGE('',*,*,#17151,.T.);
#17151 = EDGE_CURVE('',#2802,#14470,#17152,.T.);
#17152 = LINE('',#17153,#17154);
#17153 = CARTESIAN_POINT('',(-9.911306059361,-2.761581791937,
    11.694155842066));
#17154 = VECTOR('',#17155,1.);
#17155 = DIRECTION('',(0.825080838857,0.56501469835,0.));
#17156 = PLANE('',#17157);
#17157 = AXIS2_PLACEMENT_3D('',#17158,#17159,#17160);
#17158 = CARTESIAN_POINT('',(-8.908902747209,-2.7411991795,
    11.694155842066));
#17159 = DIRECTION('',(-0.,-0.,-1.));
#17160 = DIRECTION('',(-1.,0.,0.));
#17161 = ADVANCED_FACE('',(#17162),#17172,.T.);
#17162 = FACE_BOUND('',#17163,.T.);
#17163 = EDGE_LOOP('',(#17164,#17170,#17171));
#17164 = ORIENTED_EDGE('',*,*,#17165,.T.);
#17165 = EDGE_CURVE('',#2848,#14470,#17166,.T.);
#17166 = LINE('',#17167,#17168);
#17167 = CARTESIAN_POINT('',(-10.63663197159,-1.362490834296,
    11.694155842066));
#17168 = VECTOR('',#17169,1.);
#17169 = DIRECTION('',(0.933808666211,-0.357772797888,0.));
#17170 = ORIENTED_EDGE('',*,*,#17151,.F.);
#17171 = ORIENTED_EDGE('',*,*,#2847,.F.);
#17172 = PLANE('',#17173);
#17173 = AXIS2_PLACEMENT_3D('',#17174,#17175,#17176);
#17174 = CARTESIAN_POINT('',(-9.826050379546,-2.009260110236,
    11.694155842066));
#17175 = DIRECTION('',(-0.,-0.,-1.));
#17176 = DIRECTION('',(-1.,0.,0.));
#17177 = ADVANCED_FACE('',(#17178),#17188,.T.);
#17178 = FACE_BOUND('',#17179,.T.);
#17179 = EDGE_LOOP('',(#17180,#17181,#17182));
#17180 = ORIENTED_EDGE('',*,*,#14517,.F.);
#17181 = ORIENTED_EDGE('',*,*,#17165,.F.);
#17182 = ORIENTED_EDGE('',*,*,#17183,.T.);
#17183 = EDGE_CURVE('',#2848,#14509,#17184,.T.);
#17184 = LINE('',#17185,#17186);
#17185 = CARTESIAN_POINT('',(-10.63663197159,-1.362490834296,
    11.694155842066));
#17186 = VECTOR('',#17187,1.);
#17187 = DIRECTION('',(0.856930405823,0.515432128972,0.));
#17188 = PLANE('',#17189);
#17189 = AXIS2_PLACEMENT_3D('',#17190,#17191,#17192);
#17190 = CARTESIAN_POINT('',(-9.665607891056,-1.413310168179,
    11.694155842066));
#17191 = DIRECTION('',(-0.,-0.,-1.));
#17192 = DIRECTION('',(-1.,0.,0.));
#17193 = ADVANCED_FACE('',(#17194),#17204,.T.);
#17194 = FACE_BOUND('',#17195,.T.);
#17195 = EDGE_LOOP('',(#17196,#17202,#17203));
#17196 = ORIENTED_EDGE('',*,*,#17197,.T.);
#17197 = EDGE_CURVE('',#2894,#14509,#17198,.T.);
#17198 = LINE('',#17199,#17200);
#17199 = CARTESIAN_POINT('',(-11.17934502959,0.117041796632,
    11.694155842066));
#17200 = VECTOR('',#17201,1.);
#17201 = DIRECTION('',(0.894722879034,-0.446621730027,0.));
#17202 = ORIENTED_EDGE('',*,*,#17183,.F.);
#17203 = ORIENTED_EDGE('',*,*,#2893,.F.);
#17204 = PLANE('',#17205);
#17205 = AXIS2_PLACEMENT_3D('',#17206,#17207,#17208);
#17206 = CARTESIAN_POINT('',(-10.46926268028,-0.6054900016,
    11.694155842066));
#17207 = DIRECTION('',(-0.,-0.,-1.));
#17208 = DIRECTION('',(-1.,0.,0.));
#17209 = ADVANCED_FACE('',(#17210),#17220,.T.);
#17210 = FACE_BOUND('',#17211,.T.);
#17211 = EDGE_LOOP('',(#17212,#17213,#17214));
#17212 = ORIENTED_EDGE('',*,*,#14556,.F.);
#17213 = ORIENTED_EDGE('',*,*,#17197,.F.);
#17214 = ORIENTED_EDGE('',*,*,#17215,.T.);
#17215 = EDGE_CURVE('',#2894,#14548,#17216,.T.);
#17216 = LINE('',#17217,#17218);
#17217 = CARTESIAN_POINT('',(-11.17934502959,0.117041796632,
    11.694155842066));
#17218 = VECTOR('',#17219,1.);
#17219 = DIRECTION('',(0.886429774997,0.462863105032,0.));
#17220 = PLANE('',#17221);
#17221 = AXIS2_PLACEMENT_3D('',#17222,#17223,#17224);
#17222 = CARTESIAN_POINT('',(-10.2413547123,3.481526289823E-03,
    11.694155842066));
#17223 = DIRECTION('',(-0.,-0.,-1.));
#17224 = DIRECTION('',(-1.,0.,0.));
#17225 = ADVANCED_FACE('',(#17226),#17236,.T.);
#17226 = FACE_BOUND('',#17227,.T.);
#17227 = EDGE_LOOP('',(#17228,#17234,#17235));
#17228 = ORIENTED_EDGE('',*,*,#17229,.T.);
#17229 = EDGE_CURVE('',#2940,#14548,#17230,.T.);
#17230 = LINE('',#17231,#17232);
#17231 = CARTESIAN_POINT('',(-11.53074148893,1.653294910491,
    11.694155842066));
#17232 = VECTOR('',#17233,1.);
#17233 = DIRECTION('',(0.848534010322,-0.529140844509,0.));
#17234 = ORIENTED_EDGE('',*,*,#17215,.F.);
#17235 = ORIENTED_EDGE('',*,*,#2939,.F.);
#17236 = PLANE('',#17237);
#17237 = AXIS2_PLACEMENT_3D('',#17238,#17239,#17240);
#17238 = CARTESIAN_POINT('',(-10.92632132686,0.868790651165,
    11.694155842066));
#17239 = DIRECTION('',(-0.,-0.,-1.));
#17240 = DIRECTION('',(-1.,0.,0.));
#17241 = ADVANCED_FACE('',(#17242),#17252,.T.);
#17242 = FACE_BOUND('',#17243,.T.);
#17243 = EDGE_LOOP('',(#17244,#17245,#17246));
#17244 = ORIENTED_EDGE('',*,*,#14595,.F.);
#17245 = ORIENTED_EDGE('',*,*,#17229,.F.);
#17246 = ORIENTED_EDGE('',*,*,#17247,.T.);
#17247 = EDGE_CURVE('',#2940,#14587,#17248,.T.);
#17248 = LINE('',#17249,#17250);
#17249 = CARTESIAN_POINT('',(-11.53074148893,1.653294910491,
    11.694155842066));
#17250 = VECTOR('',#17251,1.);
#17251 = DIRECTION('',(0.913515193675,0.406804610256,0.));
#17252 = PLANE('',#17253);
#17253 = AXIS2_PLACEMENT_3D('',#17254,#17255,#17256);
#17254 = CARTESIAN_POINT('',(-10.62576323591,1.48456970551,
    11.694155842066));
#17255 = DIRECTION('',(-0.,-0.,-1.));
#17256 = DIRECTION('',(-1.,0.,0.));
#17257 = ADVANCED_FACE('',(#17258),#17268,.T.);
#17258 = FACE_BOUND('',#17259,.T.);
#17259 = EDGE_LOOP('',(#17260,#17266,#17267));
#17260 = ORIENTED_EDGE('',*,*,#17261,.T.);
#17261 = EDGE_CURVE('',#2986,#14587,#17262,.T.);
#17262 = LINE('',#17263,#17264);
#17263 = CARTESIAN_POINT('',(-11.68518866896,3.22163785398,
    11.694155842066));
#17264 = VECTOR('',#17265,1.);
#17265 = DIRECTION('',(0.796387449617,-0.604786764151,0.));
#17266 = ORIENTED_EDGE('',*,*,#17247,.F.);
#17267 = ORIENTED_EDGE('',*,*,#2985,.F.);
#17268 = PLANE('',#17269);
#17269 = AXIS2_PLACEMENT_3D('',#17270,#17271,#17272);
#17270 = CARTESIAN_POINT('',(-11.18988880627,2.389059157835,
    11.694155842066));
#17271 = DIRECTION('',(-0.,-0.,-1.));
#17272 = DIRECTION('',(-1.,0.,0.));
#17273 = ADVANCED_FACE('',(#17274),#17284,.T.);
#17274 = FACE_BOUND('',#17275,.T.);
#17275 = EDGE_LOOP('',(#17276,#17277,#17278));
#17276 = ORIENTED_EDGE('',*,*,#14634,.F.);
#17277 = ORIENTED_EDGE('',*,*,#17261,.F.);
#17278 = ORIENTED_EDGE('',*,*,#17279,.T.);
#17279 = EDGE_CURVE('',#2986,#14626,#17280,.T.);
#17280 = LINE('',#17281,#17282);
#17281 = CARTESIAN_POINT('',(-11.68518866896,3.22163785398,
    11.694155842066));
#17282 = VECTOR('',#17283,1.);
#17283 = DIRECTION('',(0.937930407449,0.346823515326,0.));
#17284 = PLANE('',#17285);
#17285 = AXIS2_PLACEMENT_3D('',#17286,#17287,#17288);
#17286 = CARTESIAN_POINT('',(-10.81180463115,3.004121901799,
    11.694155842066));
#17287 = DIRECTION('',(-0.,-0.,-1.));
#17288 = DIRECTION('',(-1.,0.,0.));
#17289 = ADVANCED_FACE('',(#17290),#17300,.T.);
#17290 = FACE_BOUND('',#17291,.T.);
#17291 = EDGE_LOOP('',(#17292,#17298,#17299));
#17292 = ORIENTED_EDGE('',*,*,#17293,.T.);
#17293 = EDGE_CURVE('',#3032,#14626,#17294,.T.);
#17294 = LINE('',#17295,#17296);
#17295 = CARTESIAN_POINT('',(-11.64021124839,4.796925133467,
    11.694155842066));
#17296 = VECTOR('',#17297,1.);
#17297 = DIRECTION('',(0.739458473228,-0.673202173475,0.));
#17298 = ORIENTED_EDGE('',*,*,#17279,.F.);
#17299 = ORIENTED_EDGE('',*,*,#3031,.F.);
#17300 = PLANE('',#17301);
#17301 = AXIS2_PLACEMENT_3D('',#17302,#17303,#17304);
#17302 = CARTESIAN_POINT('',(-11.25582485579,3.930113596734,
    11.694155842066));
#17303 = DIRECTION('',(-0.,-0.,-1.));
#17304 = DIRECTION('',(-1.,0.,0.));
#17305 = ADVANCED_FACE('',(#17306),#17316,.T.);
#17306 = FACE_BOUND('',#17307,.T.);
#17307 = EDGE_LOOP('',(#17308,#17309,#17310));
#17308 = ORIENTED_EDGE('',*,*,#14673,.F.);
#17309 = ORIENTED_EDGE('',*,*,#17293,.F.);
#17310 = ORIENTED_EDGE('',*,*,#17311,.T.);
#17311 = EDGE_CURVE('',#3032,#14665,#17312,.T.);
#17312 = LINE('',#17313,#17314);
#17313 = CARTESIAN_POINT('',(-11.64021124839,4.796925133467,
    11.694155842066));
#17314 = VECTOR('',#17315,1.);
#17315 = DIRECTION('',(0.95923589042,0.282606628602,0.));
#17316 = PLANE('',#17317);
#17317 = AXIS2_PLACEMENT_3D('',#17318,#17319,#17320);
#17318 = CARTESIAN_POINT('',(-10.79595583828,4.535541903014,
    11.694155842066));
#17319 = DIRECTION('',(-0.,-0.,-1.));
#17320 = DIRECTION('',(-1.,0.,0.));
#17321 = ADVANCED_FACE('',(#17322),#17332,.T.);
#17322 = FACE_BOUND('',#17323,.T.);
#17323 = EDGE_LOOP('',(#17324,#17330,#17331));
#17324 = ORIENTED_EDGE('',*,*,#17325,.T.);
#17325 = EDGE_CURVE('',#3078,#14665,#17326,.T.);
#17326 = LINE('',#17327,#17328);
#17327 = CARTESIAN_POINT('',(-11.39652987122,6.353900712728,
    11.694155842066));
#17328 = VECTOR('',#17329,1.);
#17329 = DIRECTION('',(0.678914196455,-0.734217620227,0.));
#17330 = ORIENTED_EDGE('',*,*,#17311,.F.);
#17331 = ORIENTED_EDGE('',*,*,#3077,.F.);
#17332 = PLANE('',#17333);
#17333 = AXIS2_PLACEMENT_3D('',#17334,#17335,#17336);
#17334 = CARTESIAN_POINT('',(-11.12322974466,5.466479110017,
    11.694155842066));
#17335 = DIRECTION('',(-0.,-0.,-1.));
#17336 = DIRECTION('',(-1.,0.,0.));
#17337 = ADVANCED_FACE('',(#17338),#17348,.T.);
#17338 = FACE_BOUND('',#17339,.T.);
#17339 = EDGE_LOOP('',(#17340,#17341,#17342));
#17340 = ORIENTED_EDGE('',*,*,#14712,.F.);
#17341 = ORIENTED_EDGE('',*,*,#17325,.F.);
#17342 = ORIENTED_EDGE('',*,*,#17343,.T.);
#17343 = EDGE_CURVE('',#3078,#14704,#17344,.T.);
#17344 = LINE('',#17345,#17346);
#17345 = CARTESIAN_POINT('',(-11.39652987122,6.353900712728,
    11.694155842066));
#17346 = VECTOR('',#17347,1.);
#17347 = DIRECTION('',(0.97683477513,0.213994911379,0.));
#17348 = PLANE('',#17349);
#17349 = AXIS2_PLACEMENT_3D('',#17350,#17351,#17352);
#17350 = CARTESIAN_POINT('',(-10.57828352008,6.051956292078,
    11.694155842066));
#17351 = DIRECTION('',(-0.,-0.,-1.));
#17352 = DIRECTION('',(-1.,0.,0.));
#17353 = ADVANCED_FACE('',(#17354),#17364,.T.);
#17354 = FACE_BOUND('',#17355,.T.);
#17355 = EDGE_LOOP('',(#17356,#17362,#17363));
#17356 = ORIENTED_EDGE('',*,*,#17357,.T.);
#17357 = EDGE_CURVE('',#3124,#14704,#17358,.T.);
#17358 = LINE('',#17359,#17360);
#17359 = CARTESIAN_POINT('',(-10.95805054903,7.867601317167,
    11.694155842066));
#17360 = VECTOR('',#17361,1.);
#17361 = DIRECTION('',(0.615880809666,-0.787839341672,0.));
#17362 = ORIENTED_EDGE('',*,*,#17343,.F.);
#17363 = ORIENTED_EDGE('',*,*,#3123,.F.);
#17364 = PLANE('',#17365);
#17365 = AXIS2_PLACEMENT_3D('',#17366,#17367,#17368);
#17366 = CARTESIAN_POINT('',(-10.79443372793,6.972810467366,
    11.694155842066));
#17367 = DIRECTION('',(-0.,-0.,-1.));
#17368 = DIRECTION('',(-1.,0.,0.));
#17369 = ADVANCED_FACE('',(#17370),#17380,.T.);
#17370 = FACE_BOUND('',#17371,.T.);
#17371 = EDGE_LOOP('',(#17372,#17373,#17374));
#17372 = ORIENTED_EDGE('',*,*,#14751,.F.);
#17373 = ORIENTED_EDGE('',*,*,#17357,.F.);
#17374 = ORIENTED_EDGE('',*,*,#17375,.T.);
#17375 = EDGE_CURVE('',#3124,#14743,#17376,.T.);
#17376 = LINE('',#17377,#17378);
#17377 = CARTESIAN_POINT('',(-10.95805054903,7.867601317167,
    11.694155842066));
#17378 = VECTOR('',#17379,1.);
#17379 = DIRECTION('',(0.990007984438,0.141011314258,0.));
#17380 = PLANE('',#17381);
#17381 = AXIS2_PLACEMENT_3D('',#17382,#17383,#17384);
#17382 = CARTESIAN_POINT('',(-10.16246051647,7.526708521993,
    11.694155842066));
#17383 = DIRECTION('',(-0.,-0.,-1.));
#17384 = DIRECTION('',(-1.,0.,0.));
#17385 = ADVANCED_FACE('',(#17386),#17396,.T.);
#17386 = FACE_BOUND('',#17387,.T.);
#17387 = EDGE_LOOP('',(#17388,#17394,#17395));
#17388 = ORIENTED_EDGE('',*,*,#17389,.T.);
#17389 = EDGE_CURVE('',#3170,#14743,#17390,.T.);
#17390 = LINE('',#17391,#17392);
#17391 = CARTESIAN_POINT('',(-10.33180334568,9.313757443428,
    11.694155842066));
#17392 = VECTOR('',#17393,1.);
#17393 = DIRECTION('',(0.55140191386,-0.834239731367,0.));
#17394 = ORIENTED_EDGE('',*,*,#17375,.F.);
#17395 = ORIENTED_EDGE('',*,*,#3169,.F.);
#17396 = PLANE('',#17397);
#17397 = AXIS2_PLACEMENT_3D('',#17398,#17399,#17400);
#17398 = CARTESIAN_POINT('',(-10.27495185856,8.424288048922,
    11.694155842066));
#17399 = DIRECTION('',(-0.,-0.,-1.));
#17400 = DIRECTION('',(-1.,0.,0.));
#17401 = ADVANCED_FACE('',(#17402),#17412,.T.);
#17402 = FACE_BOUND('',#17403,.T.);
#17403 = EDGE_LOOP('',(#17404,#17405,#17406));
#17404 = ORIENTED_EDGE('',*,*,#14790,.F.);
#17405 = ORIENTED_EDGE('',*,*,#17389,.F.);
#17406 = ORIENTED_EDGE('',*,*,#17407,.T.);
#17407 = EDGE_CURVE('',#3170,#14782,#17408,.T.);
#17408 = LINE('',#17409,#17410);
#17409 = CARTESIAN_POINT('',(-10.33180334568,9.313757443428,
    11.694155842066));
#17410 = VECTOR('',#17411,1.);
#17411 = DIRECTION('',(0.997958142329,6.387132500986E-02,0.));
#17412 = PLANE('',#17413);
#17413 = AXIS2_PLACEMENT_3D('',#17414,#17415,#17416);
#17414 = CARTESIAN_POINT('',(-9.555713333208,8.933855548324,
    11.694155842066));
#17415 = DIRECTION('',(-0.,-0.,-1.));
#17416 = DIRECTION('',(-1.,0.,0.));
#17417 = ADVANCED_FACE('',(#17418),#17428,.T.);
#17418 = FACE_BOUND('',#17419,.T.);
#17419 = EDGE_LOOP('',(#17420,#17426,#17427));
#17420 = ORIENTED_EDGE('',*,*,#17421,.T.);
#17421 = EDGE_CURVE('',#3216,#14782,#17422,.T.);
#17422 = LINE('',#17423,#17424);
#17423 = CARTESIAN_POINT('',(-9.527830344439,10.669183582067,
    11.694155842066));
#17424 = VECTOR('',#17425,1.);
#17425 = DIRECTION('',(0.486402022088,-0.873735127432,0.));
#17426 = ORIENTED_EDGE('',*,*,#17407,.F.);
#17427 = ORIENTED_EDGE('',*,*,#3215,.F.);
#17428 = PLANE('',#17429);
#17429 = AXIS2_PLACEMENT_3D('',#17430,#17431,#17432);
#17430 = CARTESIAN_POINT('',(-9.573387046729,9.79700315995,
    11.694155842066));
#17431 = DIRECTION('',(-0.,-0.,-1.));
#17432 = DIRECTION('',(-1.,0.,0.));
#17433 = ADVANCED_FACE('',(#17434),#17444,.T.);
#17434 = FACE_BOUND('',#17435,.T.);
#17435 = EDGE_LOOP('',(#17436,#17437,#17438));
#17436 = ORIENTED_EDGE('',*,*,#14829,.F.);
#17437 = ORIENTED_EDGE('',*,*,#17421,.F.);
#17438 = ORIENTED_EDGE('',*,*,#17439,.T.);
#17439 = EDGE_CURVE('',#3216,#14821,#17440,.T.);
#17440 = LINE('',#17441,#17442);
#17441 = CARTESIAN_POINT('',(-9.527830344439,10.669183582067,
    11.694155842066));
#17442 = VECTOR('',#17443,1.);
#17443 = DIRECTION('',(0.999855231224,-1.701518713282E-02,0.));
#17444 = PLANE('',#17445);
#17445 = AXIS2_PLACEMENT_3D('',#17446,#17447,#17448);
#17446 = CARTESIAN_POINT('',(-8.768692258179,10.248651812616,
    11.694155842066));
#17447 = DIRECTION('',(-0.,-0.,-1.));
#17448 = DIRECTION('',(-1.,0.,0.));
#17449 = ADVANCED_FACE('',(#17450),#17460,.T.);
#17450 = FACE_BOUND('',#17451,.T.);
#17451 = EDGE_LOOP('',(#17452,#17458,#17459));
#17452 = ORIENTED_EDGE('',*,*,#17453,.T.);
#17453 = EDGE_CURVE('',#3262,#14821,#17454,.T.);
#17454 = LINE('',#17455,#17456);
#17455 = CARTESIAN_POINT('',(-8.559020626545,11.91214838028,
    11.694155842066));
#17456 = VECTOR('',#17457,1.);
#17457 = DIRECTION('',(0.421651189438,-0.906758112423,0.));
#17458 = ORIENTED_EDGE('',*,*,#17439,.F.);
#17459 = ORIENTED_EDGE('',*,*,#3261,.F.);
#17460 = PLANE('',#17461);
#17461 = AXIS2_PLACEMENT_3D('',#17462,#17463,#17464);
#17462 = CARTESIAN_POINT('',(-8.701290439056,11.068327751711,
    11.694155842066));
#17463 = DIRECTION('',(-0.,-0.,-1.));
#17464 = DIRECTION('',(-1.,0.,0.));
#17465 = ADVANCED_FACE('',(#17466),#17476,.T.);
#17466 = FACE_BOUND('',#17467,.T.);
#17467 = EDGE_LOOP('',(#17468,#17469,#17470));
#17468 = ORIENTED_EDGE('',*,*,#14868,.F.);
#17469 = ORIENTED_EDGE('',*,*,#17453,.F.);
#17470 = ORIENTED_EDGE('',*,*,#17471,.T.);
#17471 = EDGE_CURVE('',#3262,#14860,#17472,.T.);
#17472 = LINE('',#17473,#17474);
#17473 = CARTESIAN_POINT('',(-8.559020626545,11.91214838028,
    11.694155842066));
#17474 = VECTOR('',#17475,1.);
#17475 = DIRECTION('',(0.994881508249,-0.101048426728,0.));
#17476 = PLANE('',#17477);
#17477 = AXIS2_PLACEMENT_3D('',#17478,#17479,#17480);
#17478 = CARTESIAN_POINT('',(-7.815273546095,11.44800884866,
    11.694155842066));
#17479 = DIRECTION('',(-0.,-0.,-1.));
#17480 = DIRECTION('',(-1.,0.,0.));
#17481 = ADVANCED_FACE('',(#17482),#17492,.T.);
#17482 = FACE_BOUND('',#17483,.T.);
#17483 = EDGE_LOOP('',(#17484,#17490,#17491));
#17484 = ORIENTED_EDGE('',*,*,#17485,.T.);
#17485 = EDGE_CURVE('',#3308,#14860,#17486,.T.);
#17486 = LINE('',#17487,#17488);
#17487 = CARTESIAN_POINT('',(-7.440907400846,13.02272285223,
    11.694155842066));
#17488 = VECTOR('',#17489,1.);
#17489 = DIRECTION('',(0.357734538949,-0.93382332357,0.));
#17490 = ORIENTED_EDGE('',*,*,#17471,.F.);
#17491 = ORIENTED_EDGE('',*,*,#3307,.F.);
#17492 = PLANE('',#17493);
#17493 = AXIS2_PLACEMENT_3D('',#17494,#17495,#17496);
#17494 = CARTESIAN_POINT('',(-7.672983760038,12.217266598878,
    11.694155842066));
#17495 = DIRECTION('',(-0.,-0.,-1.));
#17496 = DIRECTION('',(-1.,0.,0.));
#17497 = ADVANCED_FACE('',(#17498),#17508,.T.);
#17498 = FACE_BOUND('',#17499,.T.);
#17499 = EDGE_LOOP('',(#17500,#17501,#17502));
#17500 = ORIENTED_EDGE('',*,*,#14907,.F.);
#17501 = ORIENTED_EDGE('',*,*,#17485,.F.);
#17502 = ORIENTED_EDGE('',*,*,#17503,.T.);
#17503 = EDGE_CURVE('',#3308,#14899,#17504,.T.);
#17504 = LINE('',#17505,#17506);
#17505 = CARTESIAN_POINT('',(-7.440907400846,13.02272285223,
    11.694155842066));
#17506 = VECTOR('',#17507,1.);
#17507 = DIRECTION('',(0.982274156596,-0.187449943406,0.));
#17508 = PLANE('',#17509);
#17509 = AXIS2_PLACEMENT_3D('',#17510,#17511,#17512);
#17510 = CARTESIAN_POINT('',(-6.712299770976,12.510923554545,
    11.694155842066));
#17511 = DIRECTION('',(-0.,-0.,-1.));
#17512 = DIRECTION('',(-1.,0.,0.));
#17513 = ADVANCED_FACE('',(#17514),#17524,.T.);
#17514 = FACE_BOUND('',#17515,.T.);
#17515 = EDGE_LOOP('',(#17516,#17522,#17523));
#17516 = ORIENTED_EDGE('',*,*,#17517,.T.);
#17517 = EDGE_CURVE('',#3375,#14899,#17518,.T.);
#17518 = LINE('',#17519,#17520);
#17519 = CARTESIAN_POINT('',(-6.191416686773,13.983100581169,
    11.694155842066));
#17520 = VECTOR('',#17521,1.);
#17521 = DIRECTION('',(0.295029113587,-0.955488263735,0.));
#17522 = ORIENTED_EDGE('',*,*,#17503,.F.);
#17523 = ORIENTED_EDGE('',*,*,#3374,.F.);
#17524 = PLANE('',#17525);
#17525 = AXIS2_PLACEMENT_3D('',#17526,#17527,#17528);
#17526 = CARTESIAN_POINT('',(-6.505342497243,13.224788624408,
    11.694155842066));
#17527 = DIRECTION('',(-0.,-0.,-1.));
#17528 = DIRECTION('',(-1.,0.,0.));
#17529 = ADVANCED_FACE('',(#17530),#17540,.T.);
#17530 = FACE_BOUND('',#17531,.T.);
#17531 = EDGE_LOOP('',(#17532,#17533,#17534));
#17532 = ORIENTED_EDGE('',*,*,#14946,.F.);
#17533 = ORIENTED_EDGE('',*,*,#17517,.F.);
#17534 = ORIENTED_EDGE('',*,*,#17535,.T.);
#17535 = EDGE_CURVE('',#3375,#14938,#17536,.T.);
#17536 = LINE('',#17537,#17538);
#17537 = CARTESIAN_POINT('',(-6.191416686773,13.983100581169,
    11.694155842066));
#17538 = VECTOR('',#17539,1.);
#17539 = DIRECTION('',(0.961362593897,-0.275285239445,0.));
#17540 = PLANE('',#17541);
#17541 = AXIS2_PLACEMENT_3D('',#17542,#17543,#17544);
#17542 = CARTESIAN_POINT('',(-5.47925973144,13.418861564379,
    11.694155842066));
#17543 = DIRECTION('',(-0.,-0.,-1.));
#17544 = DIRECTION('',(-1.,0.,0.));
#17545 = ADVANCED_FACE('',(#17546),#17556,.T.);
#17546 = FACE_BOUND('',#17547,.T.);
#17547 = EDGE_LOOP('',(#17548,#17554,#17555));
#17548 = ORIENTED_EDGE('',*,*,#17549,.T.);
#17549 = EDGE_CURVE('',#3446,#14938,#17550,.T.);
#17550 = LINE('',#17551,#17552);
#17551 = CARTESIAN_POINT('',(-4.830582690239,14.777886128426,
    11.694155842066));
#17552 = VECTOR('',#17553,1.);
#17553 = DIRECTION('',(0.233690902247,-0.972310939055,0.));
#17554 = ORIENTED_EDGE('',*,*,#17535,.F.);
#17555 = ORIENTED_EDGE('',*,*,#3445,.F.);
#17556 = PLANE('',#17557);
#17557 = AXIS2_PLACEMENT_3D('',#17558,#17559,#17560);
#17558 = CARTESIAN_POINT('',(-5.217540612545,14.074131821278,
    11.694155842066));
#17559 = DIRECTION('',(-0.,-0.,-1.));
#17560 = DIRECTION('',(-1.,0.,0.));
#17561 = ADVANCED_FACE('',(#17562),#17572,.T.);
#17562 = FACE_BOUND('',#17563,.T.);
#17563 = EDGE_LOOP('',(#17564,#17565,#17566));
#17564 = ORIENTED_EDGE('',*,*,#14985,.F.);
#17565 = ORIENTED_EDGE('',*,*,#17549,.F.);
#17566 = ORIENTED_EDGE('',*,*,#17567,.T.);
#17567 = EDGE_CURVE('',#3446,#14977,#17568,.T.);
#17568 = LINE('',#17569,#17570);
#17569 = CARTESIAN_POINT('',(-4.830582690239,14.777886128426,
    11.694155842066));
#17570 = VECTOR('',#17571,1.);
#17571 = DIRECTION('',(0.931601317975,-0.363481752427,0.));
#17572 = PLANE('',#17573);
#17573 = AXIS2_PLACEMENT_3D('',#17574,#17575,#17576);
#17574 = CARTESIAN_POINT('',(-4.137918730559,14.156091590113,
    11.694155842066));
#17575 = DIRECTION('',(-0.,-0.,-1.));
#17576 = DIRECTION('',(-1.,0.,0.));
#17577 = ADVANCED_FACE('',(#17578),#17583,.T.);
#17578 = FACE_BOUND('',#17579,.T.);
#17579 = EDGE_LOOP('',(#17580,#17581,#17582));
#17580 = ORIENTED_EDGE('',*,*,#16029,.F.);
#17581 = ORIENTED_EDGE('',*,*,#17567,.F.);
#17582 = ORIENTED_EDGE('',*,*,#3569,.F.);
#17583 = PLANE('',#17584);
#17584 = AXIS2_PLACEMENT_3D('',#17585,#17586,#17587);
#17585 = CARTESIAN_POINT('',(-3.830761488689,14.751080905039,
    11.694155842066));
#17586 = DIRECTION('',(-0.,-0.,-1.));
#17587 = DIRECTION('',(-1.,0.,0.));
#17588 = ( GEOMETRIC_REPRESENTATION_CONTEXT(3) 
GLOBAL_UNCERTAINTY_ASSIGNED_CONTEXT((#17592)) 
GLOBAL_UNIT_ASSIGNED_CONTEXT((#17589,#17590,#17591)) 
REPRESENTATION_CONTEXT('Context #1',
  '3D Context with UNIT and UNCERTAINTY') );
#17589 = ( LENGTH_UNIT() NAMED_UNIT(*) SI_UNIT(.MILLI.,.METRE.) );
#17590 = ( NAMED_UNIT(*) PLANE_ANGLE_UNIT() SI_UNIT($,.RADIAN.) );
#17591 = ( NAMED_UNIT(*) SI_UNIT($,.STERADIAN.) SOLID_ANGLE_UNIT() );
#17592 = UNCERTAINTY_MEASURE_WITH_UNIT(LENGTH_MEASURE(1.E-07),#17589,
  'distance_accuracy_value','confusion accuracy');
#17593 = PRODUCT_RELATED_PRODUCT_CATEGORY('part',$,(#7));
#17594 = MECHANICAL_DESIGN_GEOMETRIC_PRESENTATION_REPRESENTATION('',(
    #17595),#17588);
#17595 = STYLED_ITEM('color',(#17596),#15);
#17596 = PRESENTATION_STYLE_ASSIGNMENT((#17597,#17603));
#17597 = SURFACE_STYLE_USAGE(.BOTH.,#17598);
#17598 = SURFACE_SIDE_STYLE('',(#17599));
#17599 = SURFACE_STYLE_FILL_AREA(#17600);
#17600 = FILL_AREA_STYLE('',(#17601));
#17601 = FILL_AREA_STYLE_COLOUR('',#17602);
#17602 = COLOUR_RGB('',0.101960784187,0.105882356759,0.113725493293);
#17603 = CURVE_STYLE('',#17604,POSITIVE_LENGTH_MEASURE(0.1),#17605);
#17604 = DRAUGHTING_PRE_DEFINED_CURVE_FONT('continuous');
#17605 = COLOUR_RGB('',0.121568629232,0.129411774038,0.133333336917);
ENDSEC;
END-ISO-10303-21;
